moi,CMR2,CMC,light,chi_Si_icb,composition,mode,stage,n_radii_attempted,last_r_m,csv_rows,rows_match_log,csv,stratum,N_h,n_h,weight
genova,0.32261995537629246,0.4572531783656689,S,0.00,S,crash_at_1.95Mm,>=1.5Mm,40,1950010.0,39,1,work.genova/results/CMR2_0.32261995537629246_CMC_0.45725317836566892_S_Edmund/pMetaData_0.00.csv,genova|S|crash_at_1.95Mm,3,3,1.0
genova,0.32267038796555886,0.4571817108167542,S,0.00,S,crash_at_1.95Mm,>=1.5Mm,40,1950010.0,39,1,work.genova/results/CMR2_0.32267038796555886_CMC_0.45718171081675418_S_Edmund/pMetaData_0.00.csv,genova|S|crash_at_1.95Mm,3,3,1.0
genova,0.3226247963912011,0.4572463172394373,S,0.00,S,crash_at_1.95Mm,>=1.5Mm,40,1950010.0,39,1,work.genova/results/CMR2_0.32262479639120112_CMC_0.45724631723943732_S_Edmund/pMetaData_0.00.csv,genova|S|crash_at_1.95Mm,3,3,1.0
genova,0.3321565538679093,0.44412491122684505,S,0.00,S,crash_lt_1.95Mm,50km-1.45Mm,29,1400010.0,28,1,work.genova/results/CMR2_0.33215655386790932_CMC_0.44412491122684505_S_Edmund/pMetaData_0.00.csv,genova|S|crash_lt_1.95Mm,180,12,15.0
genova,0.3304428851610063,0.4464281321358221,S,0.00,S,crash_lt_1.95Mm,50km-1.45Mm,30,1450010.0,29,1,work.genova/results/CMR2_0.33044288516100628_CMC_0.44642813213582211_S_Edmund/pMetaData_0.00.csv,genova|S|crash_lt_1.95Mm,180,12,15.0
genova,0.33373949960058585,0.44201840110789525,S,0.00,S,crash_lt_1.95Mm,50km-1.45Mm,28,1350010.0,27,1,work.genova/results/CMR2_0.33373949960058585_CMC_0.44201840110789525_S_Edmund/pMetaData_0.00.csv,genova|S|crash_lt_1.95Mm,180,12,15.0
genova,0.32881658685486637,0.4486361269393998,S,0.00,S,crash_lt_1.95Mm,>=1.5Mm,31,1500010.0,30,1,work.genova/results/CMR2_0.32881658685486637_CMC_0.44863612693939980_S_Edmund/pMetaData_0.00.csv,genova|S|crash_lt_1.95Mm,180,12,15.0
genova,0.337414342868421,0.4372042953062221,S,0.00,S,crash_lt_1.95Mm,50km-1.45Mm,25,1200010.0,24,1,work.genova/results/CMR2_0.33741434286842098_CMC_0.43720429530622212_S_Edmund/pMetaData_0.00.csv,genova|S|crash_lt_1.95Mm,180,12,15.0
genova,0.32551095379721556,0.45319212235143497,S,0.00,S,crash_lt_1.95Mm,>=1.5Mm,33,1600010.0,32,1,work.genova/results/CMR2_0.32551095379721556_CMC_0.45319212235143497_S_Edmund/pMetaData_0.00.csv,genova|S|crash_lt_1.95Mm,180,12,15.0
genova,0.33363454203808246,0.4421574549770736,S,0.00,S,crash_lt_1.95Mm,50km-1.45Mm,28,1350010.0,27,1,work.genova/results/CMR2_0.33363454203808246_CMC_0.44215745497707359_S_Edmund/pMetaData_0.00.csv,genova|S|crash_lt_1.95Mm,180,12,15.0
genova,0.32674672136611727,0.45147813383781765,S,0.00,S,crash_lt_1.95Mm,>=1.5Mm,33,1600010.0,32,1,work.genova/results/CMR2_0.32674672136611727_CMC_0.45147813383781765_S_Edmund/pMetaData_0.00.csv,genova|S|crash_lt_1.95Mm,180,12,15.0
genova,0.3352483078405686,0.4400290666646839,S,0.00,S,crash_lt_1.95Mm,50km-1.45Mm,27,1300010.0,26,1,work.genova/results/CMR2_0.33524830784056858_CMC_0.44002906666468389_S_Edmund/pMetaData_0.00.csv,genova|S|crash_lt_1.95Mm,180,12,15.0
genova,0.33201279101902126,0.4443172190662634,S,0.00,S,crash_lt_1.95Mm,50km-1.45Mm,29,1400010.0,28,1,work.genova/results/CMR2_0.33201279101902126_CMC_0.44431721906626342_S_Edmund/pMetaData_0.00.csv,genova|S|crash_lt_1.95Mm,180,12,15.0
genova,0.3288851294024876,0.44854262723282684,S,0.00,S,crash_lt_1.95Mm,>=1.5Mm,31,1500010.0,30,1,work.genova/results/CMR2_0.32888512940248760_CMC_0.44854262723282684_S_Edmund/pMetaData_0.00.csv,genova|S|crash_lt_1.95Mm,180,12,15.0
genova,0.3290470678711227,0.44832187976760374,S,0.00,S,crash_lt_1.95Mm,>=1.5Mm,31,1500010.0,30,1,work.genova/results/CMR2_0.32904706787112270_CMC_0.44832187976760374_S_Edmund/pMetaData_0.00.csv,genova|S|crash_lt_1.95Mm,180,12,15.0
genova,0.32813302061089583,0.4495707250838673,S,0.00,S,detJ0,>=1.5Mm,32,1550010.0,31,1,work.genova/results/CMR2_0.32813302061089583_CMC_0.44957072508386731_S_Edmund/pMetaData_0.00.csv,genova|S|detJ0,779,26,29.96153846153846
genova,0.3309480744381953,0.44574666358286746,S,0.00,S,detJ0,50km-1.45Mm,30,1450010.0,29,1,work.genova/results/CMR2_0.33094807443819529_CMC_0.44574666358286746_S_Edmund/pMetaData_0.00.csv,genova|S|detJ0,779,26,29.96153846153846
genova,0.33002702193338856,0.4469906710541257,S,0.00,S,detJ0,>=1.5Mm,31,1500010.0,30,1,work.genova/results/CMR2_0.33002702193338856_CMC_0.44699067105412571_S_Edmund/pMetaData_0.00.csv,genova|S|detJ0,779,26,29.96153846153846
genova,0.3313293806332911,0.44523368171587285,S,0.00,S,detJ0,50km-1.45Mm,30,1450010.0,29,1,work.genova/results/CMR2_0.33132938063329109_CMC_0.44523368171587285_S_Edmund/pMetaData_0.00.csv,genova|S|detJ0,779,26,29.96153846153846
genova,0.33346423367007544,0.4423832756407487,S,0.00,S,detJ0,50km-1.45Mm,28,1350010.0,27,1,work.genova/results/CMR2_0.33346423367007544_CMC_0.44238327564074870_S_Edmund/pMetaData_0.00.csv,genova|S|detJ0,779,26,29.96153846153846
genova,0.3312345701594864,0.445361122569335,S,0.00,S,detJ0,50km-1.45Mm,30,1450010.0,29,1,work.genova/results/CMR2_0.33123457015948637_CMC_0.44536112256933502_S_Edmund/pMetaData_0.00.csv,genova|S|detJ0,779,26,29.96153846153846
genova,0.3301363002984678,0.4468427127420761,S,0.00,S,detJ0,>=1.5Mm,31,1500010.0,30,1,work.genova/results/CMR2_0.33013630029846780_CMC_0.44684271274207610_S_Edmund/pMetaData_0.00.csv,genova|S|detJ0,779,26,29.96153846153846
genova,0.32957932153001485,0.4475978629823274,S,0.00,S,detJ0,>=1.5Mm,31,1500010.0,30,1,work.genova/results/CMR2_0.32957932153001485_CMC_0.44759786298232740_S_Edmund/pMetaData_0.00.csv,genova|S|detJ0,779,26,29.96153846153846
genova,0.3386991388992541,0.4355458371681289,S,0.00,S,detJ0,50km-1.45Mm,24,1150010.0,23,1,work.genova/results/CMR2_0.33869913889925413_CMC_0.43554583716812889_S_Edmund/pMetaData_0.00.csv,genova|S|detJ0,779,26,29.96153846153846
genova,0.33094407359856476,0.4457520522906858,S,0.00,S,detJ0,50km-1.45Mm,30,1450010.0,29,1,work.genova/results/CMR2_0.33094407359856476_CMC_0.44575205229068582_S_Edmund/pMetaData_0.00.csv,genova|S|detJ0,779,26,29.96153846153846
genova,0.32761512180824204,0.4502814130977295,S,0.00,S,detJ0,>=1.5Mm,32,1550010.0,31,1,work.genova/results/CMR2_0.32761512180824204_CMC_0.45028141309772951_S_Edmund/pMetaData_0.00.csv,genova|S|detJ0,779,26,29.96153846153846
genova,0.32953295140991656,0.447660846567348,S,0.00,S,detJ0,>=1.5Mm,31,1500010.0,30,1,work.genova/results/CMR2_0.32953295140991656_CMC_0.44766084656734800_S_Edmund/pMetaData_0.00.csv,genova|S|detJ0,779,26,29.96153846153846
genova,0.33413972394974795,0.44148896233057805,S,0.00,S,detJ0,50km-1.45Mm,28,1350010.0,27,1,work.genova/results/CMR2_0.33413972394974795_CMC_0.44148896233057805_S_Edmund/pMetaData_0.00.csv,genova|S|detJ0,779,26,29.96153846153846
genova,0.3342135444895526,0.44139144697234556,S,0.00,S,detJ0,50km-1.45Mm,28,1350010.0,27,1,work.genova/results/CMR2_0.33421354448955259_CMC_0.44139144697234556_S_Edmund/pMetaData_0.00.csv,genova|S|detJ0,779,26,29.96153846153846
genova,0.33068520727865747,0.4461009950036581,S,0.00,S,detJ0,50km-1.45Mm,30,1450010.0,29,1,work.genova/results/CMR2_0.33068520727865747_CMC_0.44610099500365807_S_Edmund/pMetaData_0.00.csv,genova|S|detJ0,779,26,29.96153846153846
genova,0.3331565783946571,0.4427917969107279,S,0.00,S,detJ0,50km-1.45Mm,29,1400010.0,28,1,work.genova/results/CMR2_0.33315657839465712_CMC_0.44279179691072790_S_Edmund/pMetaData_0.00.csv,genova|S|detJ0,779,26,29.96153846153846
genova,0.32728338927564954,0.4507378157091692,S,0.00,S,detJ0,>=1.5Mm,32,1550010.0,31,1,work.genova/results/CMR2_0.32728338927564954_CMC_0.45073781570916921_S_Edmund/pMetaData_0.00.csv,genova|S|detJ0,779,26,29.96153846153846
genova,0.3307560628827372,0.4460054298454383,S,0.00,S,detJ0,50km-1.45Mm,30,1450010.0,29,1,work.genova/results/CMR2_0.33075606288273718_CMC_0.44600542984543828_S_Edmund/pMetaData_0.00.csv,genova|S|detJ0,779,26,29.96153846153846
genova,0.331532380346474,0.44496106186017964,S,0.00,S,detJ0,50km-1.45Mm,29,1400010.0,28,1,work.genova/results/CMR2_0.33153238034647398_CMC_0.44496106186017964_S_Edmund/pMetaData_0.00.csv,genova|S|detJ0,779,26,29.96153846153846
genova,0.3421666989095269,0.43113196132217957,S,0.00,S,detJ0,50km-1.45Mm,22,1050010.0,21,1,work.genova/results/CMR2_0.34216669890952689_CMC_0.43113196132217957_S_Edmund/pMetaData_0.00.csv,genova|S|detJ0,779,26,29.96153846153846
genova,0.3333397640053372,0.4425484623479785,S,0.00,S,detJ0,50km-1.45Mm,28,1350010.0,27,1,work.genova/results/CMR2_0.33333976400533721_CMC_0.44254846234797851_S_Edmund/pMetaData_0.00.csv,genova|S|detJ0,779,26,29.96153846153846
genova,0.34030675611437455,0.4334883082674385,S,0.00,S,detJ0,50km-1.45Mm,24,1150010.0,23,1,work.genova/results/CMR2_0.34030675611437455_CMC_0.43348830826743850_S_Edmund/pMetaData_0.00.csv,genova|S|detJ0,779,26,29.96153846153846
genova,0.3331305315893986,0.4428264179094373,S,0.00,S,detJ0,50km-1.45Mm,29,1400010.0,28,1,work.genova/results/CMR2_0.33313053158939859_CMC_0.44282641790943728_S_Edmund/pMetaData_0.00.csv,genova|S|detJ0,779,26,29.96153846153846
genova,0.3310737404086484,0.4455774711033122,S,0.00,S,detJ0,50km-1.45Mm,30,1450010.0,29,1,work.genova/results/CMR2_0.33107374040864840_CMC_0.44557747110331219_S_Edmund/pMetaData_0.00.csv,genova|S|detJ0,779,26,29.96153846153846
genova,0.33156860048082426,0.44491245487683484,S,0.00,S,detJ0,50km-1.45Mm,30,1450010.0,29,1,work.genova/results/CMR2_0.33156860048082426_CMC_0.44491245487683484_S_Edmund/pMetaData_0.00.csv,genova|S|detJ0,779,26,29.96153846153846
genova,0.33745504228904294,0.4371515654332539,S,0.00,S,detJ0,50km-1.45Mm,26,1250010.0,25,1,work.genova/results/CMR2_0.33745504228904294_CMC_0.43715156543325390_S_Edmund/pMetaData_0.00.csv,genova|S|detJ0,779,26,29.96153846153846
genova,0.3258452743971182,0.4527271425769208,S,0.00,S,newton_maxit,>=1.5Mm,33,1600010.0,32,1,work.genova/results/CMR2_0.32584527439711819_CMC_0.45272714257692082_S_Edmund/pMetaData_0.00.csv,genova|S|newton_maxit,62,9,6.888888888888889
genova,0.32995696832053195,0.44708557225163614,S,0.00,S,newton_maxit,50km-1.45Mm,30,1450010.0,29,1,work.genova/results/CMR2_0.32995696832053195_CMC_0.44708557225163614_S_Edmund/pMetaData_0.00.csv,genova|S|newton_maxit,62,9,6.888888888888889
genova,0.33818232076462157,0.43621144850642496,S,0.00,S,newton_maxit,50km-1.45Mm,24,1150010.0,23,1,work.genova/results/CMR2_0.33818232076462157_CMC_0.43621144850642496_S_Edmund/pMetaData_0.00.csv,genova|S|newton_maxit,62,9,6.888888888888889
genova,0.3227902546762755,0.4570119384426459,S,0.00,S,newton_maxit,>=1.5Mm,37,1800010.0,36,1,work.genova/results/CMR2_0.32279025467627548_CMC_0.45701193844264593_S_Edmund/pMetaData_0.00.csv,genova|S|newton_maxit,62,9,6.888888888888889
genova,0.339454470486654,0.43457668944088884,S,0.00,S,newton_maxit,50km-1.45Mm,23,1100010.0,22,1,work.genova/results/CMR2_0.33945447048665400_CMC_0.43457668944088884_S_Edmund/pMetaData_0.00.csv,genova|S|newton_maxit,62,9,6.888888888888889
genova,0.3394518971049882,0.43457998396271813,S,0.00,S,newton_maxit,50km-1.45Mm,23,1100010.0,22,1,work.genova/results/CMR2_0.33945189710498819_CMC_0.43457998396271813_S_Edmund/pMetaData_0.00.csv,genova|S|newton_maxit,62,9,6.888888888888889
genova,0.3297294955538181,0.4473940062663339,S,0.00,S,newton_maxit,50km-1.45Mm,30,1450010.0,29,1,work.genova/results/CMR2_0.32972949555381809_CMC_0.44739400626633391_S_Edmund/pMetaData_0.00.csv,genova|S|newton_maxit,62,9,6.888888888888889
genova,0.32680775985373645,0.45139381043468024,S,0.00,S,newton_maxit,>=1.5Mm,32,1550010.0,31,1,work.genova/results/CMR2_0.32680775985373645_CMC_0.45139381043468024_S_Edmund/pMetaData_0.00.csv,genova|S|newton_maxit,62,9,6.888888888888889
genova,0.3289426017941594,0.4484642584918574,S,0.00,S,newton_maxit,>=1.5Mm,31,1500010.0,30,1,work.genova/results/CMR2_0.32894260179415941_CMC_0.44846425849185739_S_Edmund/pMetaData_0.00.csv,genova|S|newton_maxit,62,9,6.888888888888889
genova,0.32261995537629246,0.4572531783656689,S+Si,0.00,S+Si_0.00,crash_at_1.95Mm,>=1.5Mm,40,1950010.0,39,1,work.genova/results/CMR2_0.32261995537629246_CMC_0.45725317836566892_S+Si_Edmund/pMetaData_0.00.csv,genova|S+Si_0.00|crash_at_1.95Mm,3,3,1.0
genova,0.32267038796555886,0.4571817108167542,S+Si,0.00,S+Si_0.00,crash_at_1.95Mm,>=1.5Mm,40,1950010.0,39,1,work.genova/results/CMR2_0.32267038796555886_CMC_0.45718171081675418_S+Si_Edmund/pMetaData_0.00.csv,genova|S+Si_0.00|crash_at_1.95Mm,3,3,1.0
genova,0.3226247963912011,0.4572463172394373,S+Si,0.00,S+Si_0.00,crash_at_1.95Mm,>=1.5Mm,40,1950010.0,39,1,work.genova/results/CMR2_0.32262479639120112_CMC_0.45724631723943732_S+Si_Edmund/pMetaData_0.00.csv,genova|S+Si_0.00|crash_at_1.95Mm,3,3,1.0
genova,0.33429268963990394,0.441286945756743,S+Si,0.00,S+Si_0.00,crash_lt_1.95Mm,50km-1.45Mm,27,1300010.0,26,1,work.genova/results/CMR2_0.33429268963990394_CMC_0.44128694575674299_S+Si_Edmund/pMetaData_0.00.csv,genova|S+Si_0.00|crash_lt_1.95Mm,181,12,15.083333333333334
genova,0.3356283900954471,0.4395307558995473,S+Si,0.00,S+Si_0.00,crash_lt_1.95Mm,50km-1.45Mm,26,1250010.0,25,1,work.genova/results/CMR2_0.33562839009544709_CMC_0.43953075589954732_S+Si_Edmund/pMetaData_0.00.csv,genova|S+Si_0.00|crash_lt_1.95Mm,181,12,15.083333333333334
genova,0.33295683082204836,0.4430574367126975,S+Si,0.00,S+Si_0.00,crash_lt_1.95Mm,50km-1.45Mm,28,1350010.0,27,1,work.genova/results/CMR2_0.33295683082204836_CMC_0.44305743671269748_S+Si_Edmund/pMetaData_0.00.csv,genova|S+Si_0.00|crash_lt_1.95Mm,181,12,15.083333333333334
genova,0.3254237881593544,0.4533135110816254,S+Si,0.00,S+Si_0.00,crash_lt_1.95Mm,>=1.5Mm,34,1650010.0,33,1,work.genova/results/CMR2_0.32542378815935441_CMC_0.45331351108162538_S+Si_Edmund/pMetaData_0.00.csv,genova|S+Si_0.00|crash_lt_1.95Mm,181,12,15.083333333333334
genova,0.3297594031089759,0.4473534298315347,S+Si,0.00,S+Si_0.00,crash_lt_1.95Mm,50km-1.45Mm,30,1450010.0,29,1,work.genova/results/CMR2_0.32975940310897589_CMC_0.44735342983153470_S+Si_Edmund/pMetaData_0.00.csv,genova|S+Si_0.00|crash_lt_1.95Mm,181,12,15.083333333333334
genova,0.3257071972145329,0.4529190673758246,S+Si,0.00,S+Si_0.00,crash_lt_1.95Mm,>=1.5Mm,33,1600010.0,32,1,work.genova/results/CMR2_0.32570719721453290_CMC_0.45291906737582460_S+Si_Edmund/pMetaData_0.00.csv,genova|S+Si_0.00|crash_lt_1.95Mm,181,12,15.083333333333334
genova,0.3319742625300484,0.44436878592853996,S+Si,0.00,S+Si_0.00,crash_lt_1.95Mm,50km-1.45Mm,29,1400010.0,28,1,work.genova/results/CMR2_0.33197426253004841_CMC_0.44436878592853996_S+Si_Edmund/pMetaData_0.00.csv,genova|S+Si_0.00|crash_lt_1.95Mm,181,12,15.083333333333334
genova,0.33663044893685384,0.43822239035682736,S+Si,0.00,S+Si_0.00,crash_lt_1.95Mm,50km-1.45Mm,26,1250010.0,25,1,work.genova/results/CMR2_0.33663044893685384_CMC_0.43822239035682736_S+Si_Edmund/pMetaData_0.00.csv,genova|S+Si_0.00|crash_lt_1.95Mm,181,12,15.083333333333334
genova,0.3304910158205271,0.4463631171145363,S+Si,0.00,S+Si_0.00,crash_lt_1.95Mm,50km-1.45Mm,30,1450010.0,29,1,work.genova/results/CMR2_0.33049101582052709_CMC_0.44636311711453630_S+Si_Edmund/pMetaData_0.00.csv,genova|S+Si_0.00|crash_lt_1.95Mm,181,12,15.083333333333334
genova,0.3334765050923324,0.4423669966169137,S+Si,0.00,S+Si_0.00,crash_lt_1.95Mm,50km-1.45Mm,28,1350010.0,27,1,work.genova/results/CMR2_0.33347650509233240_CMC_0.44236699661691370_S+Si_Edmund/pMetaData_0.00.csv,genova|S+Si_0.00|crash_lt_1.95Mm,181,12,15.083333333333334
genova,0.3380355601616159,0.4364008328871397,S+Si,0.00,S+Si_0.00,crash_lt_1.95Mm,50km-1.45Mm,25,1200010.0,24,1,work.genova/results/CMR2_0.33803556016161590_CMC_0.43640083288713971_S+Si_Edmund/pMetaData_0.00.csv,genova|S+Si_0.00|crash_lt_1.95Mm,181,12,15.083333333333334
genova,0.33447021645124503,0.4410527238125656,S+Si,0.00,S+Si_0.00,crash_lt_1.95Mm,50km-1.45Mm,27,1300010.0,26,1,work.genova/results/CMR2_0.33447021645124503_CMC_0.44105272381256561_S+Si_Edmund/pMetaData_0.00.csv,genova|S+Si_0.00|crash_lt_1.95Mm,181,12,15.083333333333334
genova,0.341213585044286,0.43233624470389587,S+Si,0.00,S+Si_0.00,detJ0,50km-1.45Mm,23,1100010.0,22,1,work.genova/results/CMR2_0.34121358504428601_CMC_0.43233624470389587_S+Si_Edmund/pMetaData_0.00.csv,genova|S+Si_0.00|detJ0,778,26,29.923076923076923
genova,0.33319992196586606,0.4427341973240686,S+Si,0.00,S+Si_0.00,detJ0,50km-1.45Mm,29,1400010.0,28,1,work.genova/results/CMR2_0.33319992196586606_CMC_0.44273419732406860_S+Si_Edmund/pMetaData_0.00.csv,genova|S+Si_0.00|detJ0,778,26,29.923076923076923
genova,0.3410590474141841,0.4325321410425805,S+Si,0.00,S+Si_0.00,detJ0,50km-1.45Mm,22,1050010.0,21,1,work.genova/results/CMR2_0.34105904741418408_CMC_0.43253214104258048_S+Si_Edmund/pMetaData_0.00.csv,genova|S+Si_0.00|detJ0,778,26,29.923076923076923
genova,0.3263114898248659,0.45208031160402806,S+Si,0.00,S+Si_0.00,detJ0,>=1.5Mm,33,1600010.0,32,1,work.genova/results/CMR2_0.32631148982486591_CMC_0.45208031160402806_S+Si_Edmund/pMetaData_0.00.csv,genova|S+Si_0.00|detJ0,778,26,29.923076923076923
genova,0.33061237726312964,0.4461992658024166,S+Si,0.00,S+Si_0.00,detJ0,>=1.5Mm,31,1500010.0,30,1,work.genova/results/CMR2_0.33061237726312964_CMC_0.44619926580241659_S+Si_Edmund/pMetaData_0.00.csv,genova|S+Si_0.00|detJ0,778,26,29.923076923076923
genova,0.32719453980061314,0.45086021328441367,S+Si,0.00,S+Si_0.00,detJ0,>=1.5Mm,33,1600010.0,32,1,work.genova/results/CMR2_0.32719453980061314_CMC_0.45086021328441367_S+Si_Edmund/pMetaData_0.00.csv,genova|S+Si_0.00|detJ0,778,26,29.923076923076923
genova,0.3378288575553929,0.4366678473457873,S+Si,0.00,S+Si_0.00,detJ0,50km-1.45Mm,25,1200010.0,24,1,work.genova/results/CMR2_0.33782885755539288_CMC_0.43666784734578729_S+Si_Edmund/pMetaData_0.00.csv,genova|S+Si_0.00|detJ0,778,26,29.923076923076923
genova,0.3404531537461801,0.4333019047606786,S+Si,0.00,S+Si_0.00,detJ0,50km-1.45Mm,23,1100010.0,22,1,work.genova/results/CMR2_0.34045315374618013_CMC_0.43330190476067859_S+Si_Edmund/pMetaData_0.00.csv,genova|S+Si_0.00|detJ0,778,26,29.923076923076923
genova,0.33739673965756806,0.4372271058390207,S+Si,0.00,S+Si_0.00,detJ0,50km-1.45Mm,25,1200010.0,24,1,work.genova/results/CMR2_0.33739673965756806_CMC_0.43722710583902069_S+Si_Edmund/pMetaData_0.00.csv,genova|S+Si_0.00|detJ0,778,26,29.923076923076923
genova,0.3372030922529055,0.43747819456340975,S+Si,0.00,S+Si_0.00,detJ0,50km-1.45Mm,26,1250010.0,25,1,work.genova/results/CMR2_0.33720309225290551_CMC_0.43747819456340975_S+Si_Edmund/pMetaData_0.00.csv,genova|S+Si_0.00|detJ0,778,26,29.923076923076923
genova,0.3324167045554904,0.4437773372347918,S+Si,0.00,S+Si_0.00,detJ0,50km-1.45Mm,29,1400010.0,28,1,work.genova/results/CMR2_0.33241670455549038_CMC_0.44377733723479179_S+Si_Edmund/pMetaData_0.00.csv,genova|S+Si_0.00|detJ0,778,26,29.923076923076923
genova,0.3361805022997571,0.43880891066211786,S+Si,0.00,S+Si_0.00,detJ0,50km-1.45Mm,27,1300010.0,26,1,work.genova/results/CMR2_0.33618050229975710_CMC_0.43880891066211786_S+Si_Edmund/pMetaData_0.00.csv,genova|S+Si_0.00|detJ0,778,26,29.923076923076923
genova,0.3403953651121127,0.43337546605963073,S+Si,0.00,S+Si_0.00,detJ0,50km-1.45Mm,24,1150010.0,23,1,work.genova/results/CMR2_0.34039536511211271_CMC_0.43337546605963073_S+Si_Edmund/pMetaData_0.00.csv,genova|S+Si_0.00|detJ0,778,26,29.923076923076923
genova,0.3322348987324976,0.44402018139213145,S+Si,0.00,S+Si_0.00,detJ0,50km-1.45Mm,29,1400010.0,28,1,work.genova/results/CMR2_0.33223489873249762_CMC_0.44402018139213145_S+Si_Edmund/pMetaData_0.00.csv,genova|S+Si_0.00|detJ0,778,26,29.923076923076923
genova,0.33550585373132064,0.43969128514263117,S+Si,0.00,S+Si_0.00,detJ0,50km-1.45Mm,27,1300010.0,26,1,work.genova/results/CMR2_0.33550585373132064_CMC_0.43969128514263117_S+Si_Edmund/pMetaData_0.00.csv,genova|S+Si_0.00|detJ0,778,26,29.923076923076923
genova,0.3325637195760541,0.4435811584861224,S+Si,0.00,S+Si_0.00,detJ0,50km-1.45Mm,29,1400010.0,28,1,work.genova/results/CMR2_0.33256371957605407_CMC_0.44358115848612240_S+Si_Edmund/pMetaData_0.00.csv,genova|S+Si_0.00|detJ0,778,26,29.923076923076923
genova,0.33688373177130587,0.4378929170142996,S+Si,0.00,S+Si_0.00,detJ0,50km-1.45Mm,26,1250010.0,25,1,work.genova/results/CMR2_0.33688373177130587_CMC_0.43789291701429961_S+Si_Edmund/pMetaData_0.00.csv,genova|S+Si_0.00|detJ0,778,26,29.923076923076923
genova,0.3337412363697694,0.44201610087090343,S+Si,0.00,S+Si_0.00,detJ0,50km-1.45Mm,28,1350010.0,27,1,work.genova/results/CMR2_0.33374123636976938_CMC_0.44201610087090343_S+Si_Edmund/pMetaData_0.00.csv,genova|S+Si_0.00|detJ0,778,26,29.923076923076923
genova,0.334434081764033,0.44110037835224325,S+Si,0.00,S+Si_0.00,detJ0,50km-1.45Mm,27,1300010.0,26,1,work.genova/results/CMR2_0.33443408176403300_CMC_0.44110037835224325_S+Si_Edmund/pMetaData_0.00.csv,genova|S+Si_0.00|detJ0,778,26,29.923076923076923
genova,0.3348569687382555,0.44054331781074507,S+Si,0.00,S+Si_0.00,detJ0,50km-1.45Mm,27,1300010.0,26,1,work.genova/results/CMR2_0.33485696873825549_CMC_0.44054331781074507_S+Si_Edmund/pMetaData_0.00.csv,genova|S+Si_0.00|detJ0,778,26,29.923076923076923
genova,0.3363317385535109,0.4386115941196835,S+Si,0.00,S+Si_0.00,detJ0,50km-1.45Mm,26,1250010.0,25,1,work.genova/results/CMR2_0.33633173855351089_CMC_0.43861159411968348_S+Si_Edmund/pMetaData_0.00.csv,genova|S+Si_0.00|detJ0,778,26,29.923076923076923
genova,0.33617217401749394,0.43881978165249136,S+Si,0.00,S+Si_0.00,detJ0,50km-1.45Mm,27,1300010.0,26,1,work.genova/results/CMR2_0.33617217401749394_CMC_0.43881978165249136_S+Si_Edmund/pMetaData_0.00.csv,genova|S+Si_0.00|detJ0,778,26,29.923076923076923
genova,0.33181298091421296,0.44458477662192375,S+Si,0.00,S+Si_0.00,detJ0,50km-1.45Mm,29,1400010.0,28,1,work.genova/results/CMR2_0.33181298091421296_CMC_0.44458477662192375_S+Si_Edmund/pMetaData_0.00.csv,genova|S+Si_0.00|detJ0,778,26,29.923076923076923
genova,0.3452287448802717,0.427307986915055,S+Si,0.00,S+Si_0.00,detJ0,50km-1.45Mm,19,900010.0,18,1,work.genova/results/CMR2_0.34522874488027172_CMC_0.42730798691505500_S+Si_Edmund/pMetaData_0.00.csv,genova|S+Si_0.00|detJ0,778,26,29.923076923076923
genova,0.3333896643313306,0.442482223604245,S+Si,0.00,S+Si_0.00,detJ0,50km-1.45Mm,28,1350010.0,27,1,work.genova/results/CMR2_0.33338966433133060_CMC_0.44248222360424500_S+Si_Edmund/pMetaData_0.00.csv,genova|S+Si_0.00|detJ0,778,26,29.923076923076923
genova,0.3410434981251908,0.4325518615981604,S+Si,0.00,S+Si_0.00,detJ0,50km-1.45Mm,22,1050010.0,21,1,work.genova/results/CMR2_0.34104349812519080_CMC_0.43255186159816039_S+Si_Edmund/pMetaData_0.00.csv,genova|S+Si_0.00|detJ0,778,26,29.923076923076923
genova,0.32425501848822463,0.45494746908707345,S+Si,0.00,S+Si_0.00,newton_maxit,>=1.5Mm,34,1650010.0,33,1,work.genova/results/CMR2_0.32425501848822463_CMC_0.45494746908707345_S+Si_Edmund/pMetaData_0.00.csv,genova|S+Si_0.00|newton_maxit,62,9,6.888888888888889
genova,0.3285599983169839,0.44898648878637537,S+Si,0.00,S+Si_0.00,newton_maxit,>=1.5Mm,31,1500010.0,30,1,work.genova/results/CMR2_0.32855999831698390_CMC_0.44898648878637537_S+Si_Edmund/pMetaData_0.00.csv,genova|S+Si_0.00|newton_maxit,62,9,6.888888888888889
genova,0.3258452743971182,0.4527271425769208,S+Si,0.00,S+Si_0.00,newton_maxit,>=1.5Mm,33,1600010.0,32,1,work.genova/results/CMR2_0.32584527439711819_CMC_0.45272714257692082_S+Si_Edmund/pMetaData_0.00.csv,genova|S+Si_0.00|newton_maxit,62,9,6.888888888888889
genova,0.33544884117945,0.4397660146367416,S+Si,0.00,S+Si_0.00,newton_maxit,50km-1.45Mm,26,1250010.0,25,1,work.genova/results/CMR2_0.33544884117945001_CMC_0.43976601463674159_S+Si_Edmund/pMetaData_0.00.csv,genova|S+Si_0.00|newton_maxit,62,9,6.888888888888889
genova,0.32827691746629484,0.4493736603187954,S+Si,0.00,S+Si_0.00,newton_maxit,>=1.5Mm,31,1500010.0,30,1,work.genova/results/CMR2_0.32827691746629484_CMC_0.44937366031879539_S+Si_Edmund/pMetaData_0.00.csv,genova|S+Si_0.00|newton_maxit,62,9,6.888888888888889
genova,0.3229021678221123,0.45685354482125573,S+Si,0.00,S+Si_0.00,newton_maxit,>=1.5Mm,37,1800010.0,36,1,work.genova/results/CMR2_0.32290216782211228_CMC_0.45685354482125573_S+Si_Edmund/pMetaData_0.00.csv,genova|S+Si_0.00|newton_maxit,62,9,6.888888888888889
genova,0.32848451417048385,0.4490896637015816,S+Si,0.00,S+Si_0.00,newton_maxit,>=1.5Mm,31,1500010.0,30,1,work.genova/results/CMR2_0.32848451417048385_CMC_0.44908966370158160_S+Si_Edmund/pMetaData_0.00.csv,genova|S+Si_0.00|newton_maxit,62,9,6.888888888888889
genova,0.3394518971049882,0.43457998396271813,S+Si,0.00,S+Si_0.00,newton_maxit,50km-1.45Mm,23,1100010.0,22,1,work.genova/results/CMR2_0.33945189710498819_CMC_0.43457998396271813_S+Si_Edmund/pMetaData_0.00.csv,genova|S+Si_0.00|newton_maxit,62,9,6.888888888888889
genova,0.3298089811530877,0.44728618209316134,S+Si,0.00,S+Si_0.00,newton_maxit,50km-1.45Mm,30,1450010.0,29,1,work.genova/results/CMR2_0.32980898115308771_CMC_0.44728618209316134_S+Si_Edmund/pMetaData_0.00.csv,genova|S+Si_0.00|newton_maxit,62,9,6.888888888888889
genova,0.33482365450590756,0.4405871509218511,S+Si,0.01,S+Si_0.01,crash_lt_1.95Mm,50km-1.45Mm,28,1350010.0,27,1,work.genova/results/CMR2_0.33482365450590756_CMC_0.44058715092185108_S+Si_Edmund/pMetaData_0.01.csv,genova|S+Si_0.01|crash_lt_1.95Mm,223,13,17.153846153846153
genova,0.33179223573206007,0.44461257411439087,S+Si,0.01,S+Si_0.01,crash_lt_1.95Mm,50km-1.45Mm,30,1450010.0,29,1,work.genova/results/CMR2_0.33179223573206007_CMC_0.44461257411439087_S+Si_Edmund/pMetaData_0.01.csv,genova|S+Si_0.01|crash_lt_1.95Mm,223,13,17.153846153846153
genova,0.33325088802349145,0.44266648732711295,S+Si,0.01,S+Si_0.01,crash_lt_1.95Mm,50km-1.45Mm,29,1400010.0,28,1,work.genova/results/CMR2_0.33325088802349145_CMC_0.44266648732711295_S+Si_Edmund/pMetaData_0.01.csv,genova|S+Si_0.01|crash_lt_1.95Mm,223,13,17.153846153846153
genova,0.32769184359008163,0.45017598968540523,S+Si,0.01,S+Si_0.01,crash_lt_1.95Mm,>=1.5Mm,33,1600010.0,32,1,work.genova/results/CMR2_0.32769184359008163_CMC_0.45017598968540523_S+Si_Edmund/pMetaData_0.01.csv,genova|S+Si_0.01|crash_lt_1.95Mm,223,13,17.153846153846153
genova,0.3326255396392389,0.4434987167852387,S+Si,0.01,S+Si_0.01,crash_lt_1.95Mm,50km-1.45Mm,29,1400010.0,28,1,work.genova/results/CMR2_0.33262553963923891_CMC_0.44349871678523872_S+Si_Edmund/pMetaData_0.01.csv,genova|S+Si_0.01|crash_lt_1.95Mm,223,13,17.153846153846153
genova,0.33693434280942797,0.43782714094964675,S+Si,0.01,S+Si_0.01,crash_lt_1.95Mm,50km-1.45Mm,26,1250010.0,25,1,work.genova/results/CMR2_0.33693434280942797_CMC_0.43782714094964675_S+Si_Edmund/pMetaData_0.01.csv,genova|S+Si_0.01|crash_lt_1.95Mm,223,13,17.153846153846153
genova,0.3287660360875022,0.44870510882315506,S+Si,0.01,S+Si_0.01,crash_lt_1.95Mm,>=1.5Mm,32,1550010.0,31,1,work.genova/results/CMR2_0.32876603608750221_CMC_0.44870510882315506_S+Si_Edmund/pMetaData_0.01.csv,genova|S+Si_0.01|crash_lt_1.95Mm,223,13,17.153846153846153
genova,0.3357310181064845,0.4393963978425464,S+Si,0.01,S+Si_0.01,crash_lt_1.95Mm,50km-1.45Mm,27,1300010.0,26,1,work.genova/results/CMR2_0.33573101810648448_CMC_0.43939639784254642_S+Si_Edmund/pMetaData_0.01.csv,genova|S+Si_0.01|crash_lt_1.95Mm,223,13,17.153846153846153
genova,0.3333725861915421,0.44250489125474074,S+Si,0.01,S+Si_0.01,crash_lt_1.95Mm,50km-1.45Mm,29,1400010.0,28,1,work.genova/results/CMR2_0.33337258619154209_CMC_0.44250489125474074_S+Si_Edmund/pMetaData_0.01.csv,genova|S+Si_0.01|crash_lt_1.95Mm,223,13,17.153846153846153
genova,0.31985709385011124,0.4612028397567106,S+Si,0.01,S+Si_0.01,crash_lt_1.95Mm,10m,1,10.0,0,1,work.genova/results/CMR2_0.31985709385011124_CMC_0.46120283975671061_S+Si_Edmund/pMetaData_0.01.csv,genova|S+Si_0.01|crash_lt_1.95Mm,223,13,17.153846153846153
genova,0.3242185839695672,0.45499859444777196,S+Si,0.01,S+Si_0.01,crash_lt_1.95Mm,10m,1,10.0,0,1,work.genova/results/CMR2_0.32421858396956721_CMC_0.45499859444777196_S+Si_Edmund/pMetaData_0.01.csv,genova|S+Si_0.01|crash_lt_1.95Mm,223,13,17.153846153846153
genova,0.3240570332636383,0.45522542286556433,S+Si,0.01,S+Si_0.01,crash_lt_1.95Mm,10m,1,10.0,0,1,work.genova/results/CMR2_0.32405703326363833_CMC_0.45522542286556433_S+Si_Edmund/pMetaData_0.01.csv,genova|S+Si_0.01|crash_lt_1.95Mm,223,13,17.153846153846153
genova,0.33344431697986837,0.442409699274936,S+Si,0.01,S+Si_0.01,crash_lt_1.95Mm,50km-1.45Mm,29,1400010.0,28,1,work.genova/results/CMR2_0.33344431697986837_CMC_0.44240969927493601_S+Si_Edmund/pMetaData_0.01.csv,genova|S+Si_0.01|crash_lt_1.95Mm,223,13,17.153846153846153
genova,0.3391232940592405,0.4350010824506509,S+Si,0.01,S+Si_0.01,detJ0,50km-1.45Mm,25,1200010.0,24,1,work.genova/results/CMR2_0.33912329405924052_CMC_0.43500108245065089_S+Si_Edmund/pMetaData_0.01.csv,genova|S+Si_0.01|detJ0,735,25,29.4
genova,0.3431866383582993,0.429850651254041,S+Si,0.01,S+Si_0.01,detJ0,50km-1.45Mm,22,1050010.0,21,1,work.genova/results/CMR2_0.34318663835829932_CMC_0.42985065125404098_S+Si_Edmund/pMetaData_0.01.csv,genova|S+Si_0.01|detJ0,735,25,29.4
genova,0.33274400301840973,0.4433408225597329,S+Si,0.01,S+Si_0.01,detJ0,50km-1.45Mm,29,1400010.0,28,1,work.genova/results/CMR2_0.33274400301840973_CMC_0.44334082255973289_S+Si_Edmund/pMetaData_0.01.csv,genova|S+Si_0.01|detJ0,735,25,29.4
genova,0.339454470486654,0.43457668944088884,S+Si,0.01,S+Si_0.01,detJ0,50km-1.45Mm,25,1200010.0,24,1,work.genova/results/CMR2_0.33945447048665400_CMC_0.43457668944088884_S+Si_Edmund/pMetaData_0.01.csv,genova|S+Si_0.01|detJ0,735,25,29.4
genova,0.3384774834141434,0.4358310588698849,S+Si,0.01,S+Si_0.01,detJ0,50km-1.45Mm,25,1200010.0,24,1,work.genova/results/CMR2_0.33847748341414341_CMC_0.43583105886988488_S+Si_Edmund/pMetaData_0.01.csv,genova|S+Si_0.01|detJ0,735,25,29.4
genova,0.3362083462211427,0.4387725696225538,S+Si,0.01,S+Si_0.01,detJ0,50km-1.45Mm,27,1300010.0,26,1,work.genova/results/CMR2_0.33620834622114271_CMC_0.43877256962255379_S+Si_Edmund/pMetaData_0.01.csv,genova|S+Si_0.01|detJ0,735,25,29.4
genova,0.3365281801488022,0.4383555633729447,S+Si,0.01,S+Si_0.01,detJ0,50km-1.45Mm,28,1350010.0,27,1,work.genova/results/CMR2_0.33652818014880220_CMC_0.43835556337294468_S+Si_Edmund/pMetaData_0.01.csv,genova|S+Si_0.01|detJ0,735,25,29.4
genova,0.33233848329763915,0.4438817874362248,S+Si,0.01,S+Si_0.01,detJ0,50km-1.45Mm,30,1450010.0,29,1,work.genova/results/CMR2_0.33233848329763915_CMC_0.44388178743622481_S+Si_Edmund/pMetaData_0.01.csv,genova|S+Si_0.01|detJ0,735,25,29.4
genova,0.33258683948213785,0.4435503227659216,S+Si,0.01,S+Si_0.01,detJ0,50km-1.45Mm,29,1400010.0,28,1,work.genova/results/CMR2_0.33258683948213785_CMC_0.44355032276592160_S+Si_Edmund/pMetaData_0.01.csv,genova|S+Si_0.01|detJ0,735,25,29.4
genova,0.3330398766053404,0.44294695729428607,S+Si,0.01,S+Si_0.01,detJ0,50km-1.45Mm,29,1400010.0,28,1,work.genova/results/CMR2_0.33303987660534040_CMC_0.44294695729428607_S+Si_Edmund/pMetaData_0.01.csv,genova|S+Si_0.01|detJ0,735,25,29.4
genova,0.3344519279439529,0.44107684146679843,S+Si,0.01,S+Si_0.01,detJ0,50km-1.45Mm,29,1400010.0,28,1,work.genova/results/CMR2_0.33445192794395290_CMC_0.44107684146679843_S+Si_Edmund/pMetaData_0.01.csv,genova|S+Si_0.01|detJ0,735,25,29.4
genova,0.33998710643749314,0.4338958660690313,S+Si,0.01,S+Si_0.01,detJ0,50km-1.45Mm,25,1200010.0,24,1,work.genova/results/CMR2_0.33998710643749314_CMC_0.43389586606903130_S+Si_Edmund/pMetaData_0.01.csv,genova|S+Si_0.01|detJ0,735,25,29.4
genova,0.34099739934564627,0.4326103374485559,S+Si,0.01,S+Si_0.01,detJ0,50km-1.45Mm,24,1150010.0,23,1,work.genova/results/CMR2_0.34099739934564627_CMC_0.43261033744855593_S+Si_Edmund/pMetaData_0.01.csv,genova|S+Si_0.01|detJ0,735,25,29.4
genova,0.331760246857686,0.44465544439771504,S+Si,0.01,S+Si_0.01,detJ0,50km-1.45Mm,30,1450010.0,29,1,work.genova/results/CMR2_0.33176024685768601_CMC_0.44465544439771504_S+Si_Edmund/pMetaData_0.01.csv,genova|S+Si_0.01|detJ0,735,25,29.4
genova,0.3307560628827372,0.4460054298454383,S+Si,0.01,S+Si_0.01,detJ0,>=1.5Mm,31,1500010.0,30,1,work.genova/results/CMR2_0.33075606288273718_CMC_0.44600542984543828_S+Si_Edmund/pMetaData_0.01.csv,genova|S+Si_0.01|detJ0,735,25,29.4
genova,0.33233219064465247,0.4438901922616798,S+Si,0.01,S+Si_0.01,detJ0,50km-1.45Mm,30,1450010.0,29,1,work.genova/results/CMR2_0.33233219064465247_CMC_0.44389019226167981_S+Si_Edmund/pMetaData_0.01.csv,genova|S+Si_0.01|detJ0,735,25,29.4
genova,0.3410590474141841,0.4325321410425805,S+Si,0.01,S+Si_0.01,detJ0,50km-1.45Mm,23,1100010.0,22,1,work.genova/results/CMR2_0.34105904741418408_CMC_0.43253214104258048_S+Si_Edmund/pMetaData_0.01.csv,genova|S+Si_0.01|detJ0,735,25,29.4
genova,0.33584237547938756,0.43925070440985503,S+Si,0.01,S+Si_0.01,detJ0,50km-1.45Mm,28,1350010.0,27,1,work.genova/results/CMR2_0.33584237547938756_CMC_0.43925070440985503_S+Si_Edmund/pMetaData_0.01.csv,genova|S+Si_0.01|detJ0,735,25,29.4
genova,0.3344200301281527,0.44111891247503754,S+Si,0.01,S+Si_0.01,detJ0,50km-1.45Mm,29,1400010.0,28,1,work.genova/results/CMR2_0.33442003012815269_CMC_0.44111891247503754_S+Si_Edmund/pMetaData_0.01.csv,genova|S+Si_0.01|detJ0,735,25,29.4
genova,0.335982187002222,0.43906791998774747,S+Si,0.01,S+Si_0.01,detJ0,50km-1.45Mm,28,1350010.0,27,1,work.genova/results/CMR2_0.33598218700222199_CMC_0.43906791998774747_S+Si_Edmund/pMetaData_0.01.csv,genova|S+Si_0.01|detJ0,735,25,29.4
genova,0.3392556652980657,0.4348313531341966,S+Si,0.01,S+Si_0.01,detJ0,50km-1.45Mm,26,1250010.0,25,1,work.genova/results/CMR2_0.33925566529806572_CMC_0.43483135313419657_S+Si_Edmund/pMetaData_0.01.csv,genova|S+Si_0.01|detJ0,735,25,29.4
genova,0.32982635224153284,0.44726262470371503,S+Si,0.01,S+Si_0.01,detJ0,>=1.5Mm,32,1550010.0,31,1,work.genova/results/CMR2_0.32982635224153284_CMC_0.44726262470371503_S+Si_Edmund/pMetaData_0.01.csv,genova|S+Si_0.01|detJ0,735,25,29.4
genova,0.3306052005438808,0.4462089518171993,S+Si,0.01,S+Si_0.01,detJ0,>=1.5Mm,32,1550010.0,31,1,work.genova/results/CMR2_0.33060520054388082_CMC_0.44620895181719927_S+Si_Edmund/pMetaData_0.01.csv,genova|S+Si_0.01|detJ0,735,25,29.4
genova,0.32927011867449346,0.4480181821352361,S+Si,0.01,S+Si_0.01,detJ0,>=1.5Mm,32,1550010.0,31,1,work.genova/results/CMR2_0.32927011867449346_CMC_0.44801818213523609_S+Si_Edmund/pMetaData_0.01.csv,genova|S+Si_0.01|detJ0,735,25,29.4
genova,0.33937743577943735,0.4346753332648584,S+Si,0.01,S+Si_0.01,detJ0,50km-1.45Mm,25,1200010.0,24,1,work.genova/results/CMR2_0.33937743577943735_CMC_0.43467533326485841_S+Si_Edmund/pMetaData_0.01.csv,genova|S+Si_0.01|detJ0,735,25,29.4
genova,0.3328313183782634,0.4432245160064667,S+Si,0.01,S+Si_0.01,newton_maxit,50km-1.45Mm,29,1400010.0,28,1,work.genova/results/CMR2_0.33283131837826341_CMC_0.44322451600646667_S+Si_Edmund/pMetaData_0.01.csv,genova|S+Si_0.01|newton_maxit,66,9,7.333333333333333
genova,0.32824171550874964,0.44942185295173953,S+Si,0.01,S+Si_0.01,newton_maxit,>=1.5Mm,32,1550010.0,31,1,work.genova/results/CMR2_0.32824171550874964_CMC_0.44942185295173953_S+Si_Edmund/pMetaData_0.01.csv,genova|S+Si_0.01|newton_maxit,66,9,7.333333333333333
genova,0.32477273402393264,0.4542222438818687,S+Si,0.01,S+Si_0.01,newton_maxit,>=1.5Mm,36,1750010.0,35,1,work.genova/results/CMR2_0.32477273402393264_CMC_0.45422224388186871_S+Si_Edmund/pMetaData_0.01.csv,genova|S+Si_0.01|newton_maxit,66,9,7.333333333333333
genova,0.3245591024028676,0.45452122250722804,S+Si,0.01,S+Si_0.01,newton_maxit,>=1.5Mm,36,1750010.0,35,1,work.genova/results/CMR2_0.32455910240286762_CMC_0.45452122250722804_S+Si_Edmund/pMetaData_0.01.csv,genova|S+Si_0.01|newton_maxit,66,9,7.333333333333333
genova,0.3339310978375566,0.4417647860750058,S+Si,0.01,S+Si_0.01,newton_maxit,50km-1.45Mm,28,1350010.0,27,1,work.genova/results/CMR2_0.33393109783755659_CMC_0.44176478607500580_S+Si_Edmund/pMetaData_0.01.csv,genova|S+Si_0.01|newton_maxit,66,9,7.333333333333333
genova,0.3311409112779387,0.44548708714575563,S+Si,0.01,S+Si_0.01,newton_maxit,50km-1.45Mm,30,1450010.0,29,1,work.genova/results/CMR2_0.33114091127793871_CMC_0.44548708714575563_S+Si_Edmund/pMetaData_0.01.csv,genova|S+Si_0.01|newton_maxit,66,9,7.333333333333333
genova,0.3242908077214105,0.4548972603834322,S+Si,0.01,S+Si_0.01,newton_maxit,>=1.5Mm,37,1800010.0,36,1,work.genova/results/CMR2_0.32429080772141050_CMC_0.45489726038343220_S+Si_Edmund/pMetaData_0.01.csv,genova|S+Si_0.01|newton_maxit,66,9,7.333333333333333
genova,0.3288244082782778,0.448625455672249,S+Si,0.01,S+Si_0.01,newton_maxit,>=1.5Mm,32,1550010.0,31,1,work.genova/results/CMR2_0.32882440827827780_CMC_0.44862545567224899_S+Si_Edmund/pMetaData_0.01.csv,genova|S+Si_0.01|newton_maxit,66,9,7.333333333333333
genova,0.3304843600889148,0.4463721065659837,S+Si,0.01,S+Si_0.01,newton_maxit,>=1.5Mm,31,1500010.0,30,1,work.genova/results/CMR2_0.33048436008891480_CMC_0.44637210656598370_S+Si_Edmund/pMetaData_0.01.csv,genova|S+Si_0.01|newton_maxit,66,9,7.333333333333333
genova,0.3270669701128913,0.45103606747291525,S+Si,0.02,S+Si_0.02,crash_lt_1.95Mm,>=1.5Mm,35,1700010.0,34,1,work.genova/results/CMR2_0.32706697011289132_CMC_0.45103606747291525_S+Si_Edmund/pMetaData_0.02.csv,genova|S+Si_0.02|crash_lt_1.95Mm,274,14,19.571428571428573
genova,0.3296520771559568,0.44749907621607216,S+Si,0.02,S+Si_0.02,crash_lt_1.95Mm,>=1.5Mm,33,1600010.0,32,1,work.genova/results/CMR2_0.32965207715595679_CMC_0.44749907621607216_S+Si_Edmund/pMetaData_0.02.csv,genova|S+Si_0.02|crash_lt_1.95Mm,274,14,19.571428571428573
genova,0.32298573499489003,0.45673534158508244,S+Si,0.02,S+Si_0.02,crash_lt_1.95Mm,10m,1,10.0,0,1,work.genova/results/CMR2_0.32298573499489003_CMC_0.45673534158508244_S+Si_Edmund/pMetaData_0.02.csv,genova|S+Si_0.02|crash_lt_1.95Mm,274,14,19.571428571428573
genova,0.32708543152445846,0.4510106100184685,S+Si,0.02,S+Si_0.02,crash_lt_1.95Mm,>=1.5Mm,35,1700010.0,34,1,work.genova/results/CMR2_0.32708543152445846_CMC_0.45101061001846848_S+Si_Edmund/pMetaData_0.02.csv,genova|S+Si_0.02|crash_lt_1.95Mm,274,14,19.571428571428573
genova,0.3233280066128348,0.4562518463692657,S+Si,0.02,S+Si_0.02,crash_lt_1.95Mm,10m,1,10.0,0,1,work.genova/results/CMR2_0.32332800661283478_CMC_0.45625184636926569_S+Si_Edmund/pMetaData_0.02.csv,genova|S+Si_0.02|crash_lt_1.95Mm,274,14,19.571428571428573
genova,0.33452762285397686,0.4409770372367512,S+Si,0.02,S+Si_0.02,crash_lt_1.95Mm,50km-1.45Mm,29,1400010.0,28,1,work.genova/results/CMR2_0.33452762285397686_CMC_0.44097703723675119_S+Si_Edmund/pMetaData_0.02.csv,genova|S+Si_0.02|crash_lt_1.95Mm,274,14,19.571428571428573
genova,0.3253946189958172,0.4533541472051703,S+Si,0.02,S+Si_0.02,crash_lt_1.95Mm,10m,1,10.0,0,1,work.genova/results/CMR2_0.32539461899581718_CMC_0.45335414720517031_S+Si_Edmund/pMetaData_0.02.csv,genova|S+Si_0.02|crash_lt_1.95Mm,274,14,19.571428571428573
genova,0.32868103239213814,0.44882115322067057,S+Si,0.02,S+Si_0.02,crash_lt_1.95Mm,>=1.5Mm,33,1600010.0,32,1,work.genova/results/CMR2_0.32868103239213814_CMC_0.44882115322067057_S+Si_Edmund/pMetaData_0.02.csv,genova|S+Si_0.02|crash_lt_1.95Mm,274,14,19.571428571428573
genova,0.3346030061276309,0.4408776887788342,S+Si,0.02,S+Si_0.02,crash_lt_1.95Mm,50km-1.45Mm,29,1400010.0,28,1,work.genova/results/CMR2_0.33460300612763089_CMC_0.44087768877883421_S+Si_Edmund/pMetaData_0.02.csv,genova|S+Si_0.02|crash_lt_1.95Mm,274,14,19.571428571428573
genova,0.33793644268451833,0.43652883017922056,S+Si,0.02,S+Si_0.02,crash_lt_1.95Mm,50km-1.45Mm,26,1250010.0,25,1,work.genova/results/CMR2_0.33793644268451833_CMC_0.43652883017922056_S+Si_Edmund/pMetaData_0.02.csv,genova|S+Si_0.02|crash_lt_1.95Mm,274,14,19.571428571428573
genova,0.32556030882718867,0.4531234183043636,S+Si,0.02,S+Si_0.02,crash_lt_1.95Mm,10m,1,10.0,0,1,work.genova/results/CMR2_0.32556030882718867_CMC_0.45312341830436359_S+Si_Edmund/pMetaData_0.02.csv,genova|S+Si_0.02|crash_lt_1.95Mm,274,14,19.571428571428573
genova,0.3254486722327853,0.45327885035734106,S+Si,0.02,S+Si_0.02,crash_lt_1.95Mm,10m,1,10.0,0,1,work.genova/results/CMR2_0.32544867223278529_CMC_0.45327885035734106_S+Si_Edmund/pMetaData_0.02.csv,genova|S+Si_0.02|crash_lt_1.95Mm,274,14,19.571428571428573
genova,0.3312769111480918,0.44530420031009676,S+Si,0.02,S+Si_0.02,crash_lt_1.95Mm,>=1.5Mm,31,1500010.0,30,1,work.genova/results/CMR2_0.33127691114809182_CMC_0.44530420031009676_S+Si_Edmund/pMetaData_0.02.csv,genova|S+Si_0.02|crash_lt_1.95Mm,274,14,19.571428571428573
genova,0.33016098727219273,0.4468093011800385,S+Si,0.02,S+Si_0.02,crash_lt_1.95Mm,>=1.5Mm,32,1550010.0,31,1,work.genova/results/CMR2_0.33016098727219273_CMC_0.44680930118003848_S+Si_Edmund/pMetaData_0.02.csv,genova|S+Si_0.02|crash_lt_1.95Mm,274,14,19.571428571428573
genova,0.34099739934564627,0.4326103374485559,S+Si,0.02,S+Si_0.02,detJ0,50km-1.45Mm,24,1150010.0,23,1,work.genova/results/CMR2_0.34099739934564627_CMC_0.43261033744855593_S+Si_Edmund/pMetaData_0.02.csv,genova|S+Si_0.02|detJ0,671,24,27.958333333333332
genova,0.3300927127300902,0.4469017167326052,S+Si,0.02,S+Si_0.02,detJ0,>=1.5Mm,32,1550010.0,31,1,work.genova/results/CMR2_0.33009271273009022_CMC_0.44690171673260520_S+Si_Edmund/pMetaData_0.02.csv,genova|S+Si_0.02|detJ0,671,24,27.958333333333332
genova,0.3336324116032722,0.4421602784066953,S+Si,0.02,S+Si_0.02,detJ0,50km-1.45Mm,30,1450010.0,29,1,work.genova/results/CMR2_0.33363241160327223_CMC_0.44216027840669531_S+Si_Edmund/pMetaData_0.02.csv,genova|S+Si_0.02|detJ0,671,24,27.958333333333332
genova,0.32791374994531786,0.4498713458176119,S+Si,0.02,S+Si_0.02,detJ0,>=1.5Mm,34,1650010.0,33,1,work.genova/results/CMR2_0.32791374994531786_CMC_0.44987134581761190_S+Si_Edmund/pMetaData_0.02.csv,genova|S+Si_0.02|detJ0,671,24,27.958333333333332
genova,0.3335959098448799,0.44220865917869157,S+Si,0.02,S+Si_0.02,detJ0,50km-1.45Mm,30,1450010.0,29,1,work.genova/results/CMR2_0.33359590984487991_CMC_0.44220865917869157_S+Si_Edmund/pMetaData_0.02.csv,genova|S+Si_0.02|detJ0,671,24,27.958333333333332
genova,0.32956388586756913,0.44761882695872374,S+Si,0.02,S+Si_0.02,detJ0,>=1.5Mm,33,1600010.0,32,1,work.genova/results/CMR2_0.32956388586756913_CMC_0.44761882695872374_S+Si_Edmund/pMetaData_0.02.csv,genova|S+Si_0.02|detJ0,671,24,27.958333333333332
genova,0.34220229836056193,0.43108711048038145,S+Si,0.02,S+Si_0.02,detJ0,50km-1.45Mm,23,1100010.0,22,1,work.genova/results/CMR2_0.34220229836056193_CMC_0.43108711048038145_S+Si_Edmund/pMetaData_0.02.csv,genova|S+Si_0.02|detJ0,671,24,27.958333333333332
genova,0.3414374158218601,0.43205282480513457,S+Si,0.02,S+Si_0.02,detJ0,50km-1.45Mm,24,1150010.0,23,1,work.genova/results/CMR2_0.34143741582186010_CMC_0.43205282480513457_S+Si_Edmund/pMetaData_0.02.csv,genova|S+Si_0.02|detJ0,671,24,27.958333333333332
genova,0.337316616678493,0.4373309606048995,S+Si,0.02,S+Si_0.02,detJ0,50km-1.45Mm,27,1300010.0,26,1,work.genova/results/CMR2_0.33731661667849300_CMC_0.43733096060489951_S+Si_Edmund/pMetaData_0.02.csv,genova|S+Si_0.02|detJ0,671,24,27.958333333333332
genova,0.33135446981346967,0.4451999699386681,S+Si,0.02,S+Si_0.02,detJ0,>=1.5Mm,32,1550010.0,31,1,work.genova/results/CMR2_0.33135446981346967_CMC_0.44519996993866812_S+Si_Edmund/pMetaData_0.02.csv,genova|S+Si_0.02|detJ0,671,24,27.958333333333332
genova,0.3418122147377845,0.4315790765791291,S+Si,0.02,S+Si_0.02,detJ0,50km-1.45Mm,24,1150010.0,23,1,work.genova/results/CMR2_0.34181221473778450_CMC_0.43157907657912908_S+Si_Edmund/pMetaData_0.02.csv,genova|S+Si_0.02|detJ0,671,24,27.958333333333332
genova,0.33085575587868965,0.445871040109965,S+Si,0.02,S+Si_0.02,detJ0,>=1.5Mm,32,1550010.0,31,1,work.genova/results/CMR2_0.33085575587868965_CMC_0.44587104010996498_S+Si_Edmund/pMetaData_0.02.csv,genova|S+Si_0.02|detJ0,671,24,27.958333333333332
genova,0.3342782980998483,0.4413059442941652,S+Si,0.02,S+Si_0.02,detJ0,50km-1.45Mm,30,1450010.0,29,1,work.genova/results/CMR2_0.33427829809984833_CMC_0.44130594429416520_S+Si_Edmund/pMetaData_0.02.csv,genova|S+Si_0.02|detJ0,671,24,27.958333333333332
genova,0.32993018125107443,0.4471218711807973,S+Si,0.02,S+Si_0.02,detJ0,>=1.5Mm,33,1600010.0,32,1,work.genova/results/CMR2_0.32993018125107443_CMC_0.44712187118079733_S+Si_Edmund/pMetaData_0.02.csv,genova|S+Si_0.02|detJ0,671,24,27.958333333333332
genova,0.33674140023050303,0.43807800258305546,S+Si,0.02,S+Si_0.02,detJ0,50km-1.45Mm,27,1300010.0,26,1,work.genova/results/CMR2_0.33674140023050303_CMC_0.43807800258305546_S+Si_Edmund/pMetaData_0.02.csv,genova|S+Si_0.02|detJ0,671,24,27.958333333333332
genova,0.33276203785688,0.44331679463823787,S+Si,0.02,S+Si_0.02,detJ0,50km-1.45Mm,30,1450010.0,29,1,work.genova/results/CMR2_0.33276203785688002_CMC_0.44331679463823787_S+Si_Edmund/pMetaData_0.02.csv,genova|S+Si_0.02|detJ0,671,24,27.958333333333332
genova,0.3324830401680286,0.44368879665395144,S+Si,0.02,S+Si_0.02,detJ0,>=1.5Mm,31,1500010.0,30,1,work.genova/results/CMR2_0.33248304016802860_CMC_0.44368879665395144_S+Si_Edmund/pMetaData_0.02.csv,genova|S+Si_0.02|detJ0,671,24,27.958333333333332
genova,0.3371390886276027,0.43756124690408305,S+Si,0.02,S+Si_0.02,detJ0,50km-1.45Mm,28,1350010.0,27,1,work.genova/results/CMR2_0.33713908862760272_CMC_0.43756124690408305_S+Si_Edmund/pMetaData_0.02.csv,genova|S+Si_0.02|detJ0,671,24,27.958333333333332
genova,0.33233848329763915,0.4438817874362248,S+Si,0.02,S+Si_0.02,detJ0,>=1.5Mm,31,1500010.0,30,1,work.genova/results/CMR2_0.33233848329763915_CMC_0.44388178743622481_S+Si_Edmund/pMetaData_0.02.csv,genova|S+Si_0.02|detJ0,671,24,27.958333333333332
genova,0.34187088211309685,0.43150501466573615,S+Si,0.02,S+Si_0.02,detJ0,50km-1.45Mm,23,1100010.0,22,1,work.genova/results/CMR2_0.34187088211309685_CMC_0.43150501466573615_S+Si_Edmund/pMetaData_0.02.csv,genova|S+Si_0.02|detJ0,671,24,27.958333333333332
genova,0.332895800472354,0.4431386631813369,S+Si,0.02,S+Si_0.02,detJ0,>=1.5Mm,31,1500010.0,30,1,work.genova/results/CMR2_0.33289580047235401_CMC_0.44313866318133688_S+Si_Edmund/pMetaData_0.02.csv,genova|S+Si_0.02|detJ0,671,24,27.958333333333332
genova,0.3320377108408614,0.44428387253489626,S+Si,0.02,S+Si_0.02,detJ0,>=1.5Mm,32,1550010.0,31,1,work.genova/results/CMR2_0.33203771084086142_CMC_0.44428387253489626_S+Si_Edmund/pMetaData_0.02.csv,genova|S+Si_0.02|detJ0,671,24,27.958333333333332
genova,0.3337412363697694,0.44201610087090343,S+Si,0.02,S+Si_0.02,detJ0,50km-1.45Mm,30,1450010.0,29,1,work.genova/results/CMR2_0.33374123636976938_CMC_0.44201610087090343_S+Si_Edmund/pMetaData_0.02.csv,genova|S+Si_0.02|detJ0,671,24,27.958333333333332
genova,0.3343696682549748,0.44118535263643854,S+Si,0.02,S+Si_0.02,detJ0,50km-1.45Mm,29,1400010.0,28,1,work.genova/results/CMR2_0.33436966825497477_CMC_0.44118535263643854_S+Si_Edmund/pMetaData_0.02.csv,genova|S+Si_0.02|detJ0,671,24,27.958333333333332
genova,0.3352926669956594,0.43997085090414384,S+Si,0.02,S+Si_0.02,newton_maxit,50km-1.45Mm,28,1350010.0,27,1,work.genova/results/CMR2_0.33529266699565941_CMC_0.43997085090414384_S+Si_Edmund/pMetaData_0.02.csv,genova|S+Si_0.02|newton_maxit,79,10,7.9
genova,0.33318281926248133,0.442756923440835,S+Si,0.02,S+Si_0.02,newton_maxit,50km-1.45Mm,30,1450010.0,29,1,work.genova/results/CMR2_0.33318281926248133_CMC_0.44275692344083500_S+Si_Edmund/pMetaData_0.02.csv,genova|S+Si_0.02|newton_maxit,79,10,7.9
genova,0.3332555540816416,0.4426602893581798,S+Si,0.02,S+Si_0.02,newton_maxit,50km-1.45Mm,30,1450010.0,29,1,work.genova/results/CMR2_0.33325555408164159_CMC_0.44266028935817980_S+Si_Edmund/pMetaData_0.02.csv,genova|S+Si_0.02|newton_maxit,79,10,7.9
genova,0.332456410441307,0.4437243360841842,S+Si,0.02,S+Si_0.02,newton_maxit,50km-1.45Mm,30,1450010.0,29,1,work.genova/results/CMR2_0.33245641044130703_CMC_0.44372433608418421_S+Si_Edmund/pMetaData_0.02.csv,genova|S+Si_0.02|newton_maxit,79,10,7.9
genova,0.33131143676029984,0.4452577956333224,S+Si,0.02,S+Si_0.02,newton_maxit,>=1.5Mm,31,1500010.0,30,1,work.genova/results/CMR2_0.33131143676029984_CMC_0.44525779563332241_S+Si_Edmund/pMetaData_0.02.csv,genova|S+Si_0.02|newton_maxit,79,10,7.9
genova,0.33252528429529277,0.4436324302755834,S+Si,0.02,S+Si_0.02,newton_maxit,50km-1.45Mm,30,1450010.0,29,1,work.genova/results/CMR2_0.33252528429529277_CMC_0.44363243027558341_S+Si_Edmund/pMetaData_0.02.csv,genova|S+Si_0.02|newton_maxit,79,10,7.9
genova,0.3284440537899105,0.44914498617886583,S+Si,0.02,S+Si_0.02,newton_maxit,>=1.5Mm,33,1600010.0,32,1,work.genova/results/CMR2_0.32844405378991048_CMC_0.44914498617886583_S+Si_Edmund/pMetaData_0.02.csv,genova|S+Si_0.02|newton_maxit,79,10,7.9
genova,0.3338865482851414,0.4418237295202973,S+Si,0.02,S+Si_0.02,newton_maxit,50km-1.45Mm,29,1400010.0,28,1,work.genova/results/CMR2_0.33388654828514142_CMC_0.44182372952029730_S+Si_Edmund/pMetaData_0.02.csv,genova|S+Si_0.02|newton_maxit,79,10,7.9
genova,0.32720510070492914,0.45084566127540726,S+Si,0.02,S+Si_0.02,newton_maxit,>=1.5Mm,34,1650010.0,33,1,work.genova/results/CMR2_0.32720510070492914_CMC_0.45084566127540726_S+Si_Edmund/pMetaData_0.02.csv,genova|S+Si_0.02|newton_maxit,79,10,7.9
genova,0.33326650716453815,0.44264574095700504,S+Si,0.02,S+Si_0.02,newton_maxit,50km-1.45Mm,30,1450010.0,29,1,work.genova/results/CMR2_0.33326650716453815_CMC_0.44264574095700504_S+Si_Edmund/pMetaData_0.02.csv,genova|S+Si_0.02|newton_maxit,79,10,7.9
genova,0.3209719102599196,0.4596009659553719,S+Si,0.03,S+Si_0.03,crash_lt_1.95Mm,10m,1,10.0,0,1,work.genova/results/CMR2_0.32097191025991961_CMC_0.45960096595537192_S+Si_Edmund/pMetaData_0.03.csv,genova|S+Si_0.03|crash_lt_1.95Mm,323,15,21.533333333333335
genova,0.32678247652599335,0.45142873500521336,S+Si,0.03,S+Si_0.03,crash_lt_1.95Mm,10m,1,10.0,0,1,work.genova/results/CMR2_0.32678247652599335_CMC_0.45142873500521336_S+Si_Edmund/pMetaData_0.03.csv,genova|S+Si_0.03|crash_lt_1.95Mm,323,15,21.533333333333335
genova,0.341463772331109,0.4320194760132694,S+Si,0.03,S+Si_0.03,crash_lt_1.95Mm,50km-1.45Mm,25,1200010.0,24,1,work.genova/results/CMR2_0.34146377233110897_CMC_0.43201947601326940_S+Si_Edmund/pMetaData_0.03.csv,genova|S+Si_0.03|crash_lt_1.95Mm,323,15,21.533333333333335
genova,0.3289426017941594,0.4484642584918574,S+Si,0.03,S+Si_0.03,crash_lt_1.95Mm,>=1.5Mm,34,1650010.0,33,1,work.genova/results/CMR2_0.32894260179415941_CMC_0.44846425849185739_S+Si_Edmund/pMetaData_0.03.csv,genova|S+Si_0.03|crash_lt_1.95Mm,323,15,21.533333333333335
genova,0.3267004904282004,0.45154202188876286,S+Si,0.03,S+Si_0.03,crash_lt_1.95Mm,10m,1,10.0,0,1,work.genova/results/CMR2_0.32670049042820037_CMC_0.45154202188876286_S+Si_Edmund/pMetaData_0.03.csv,genova|S+Si_0.03|crash_lt_1.95Mm,323,15,21.533333333333335
genova,0.3257498694689885,0.4528597363384174,S+Si,0.03,S+Si_0.03,crash_lt_1.95Mm,10m,1,10.0,0,1,work.genova/results/CMR2_0.32574986946898848_CMC_0.45285973633841742_S+Si_Edmund/pMetaData_0.03.csv,genova|S+Si_0.03|crash_lt_1.95Mm,323,15,21.533333333333335
genova,0.3268294103544991,0.4513639082847285,S+Si,0.03,S+Si_0.03,crash_lt_1.95Mm,10m,1,10.0,0,1,work.genova/results/CMR2_0.32682941035449908_CMC_0.45136390828472850_S+Si_Edmund/pMetaData_0.03.csv,genova|S+Si_0.03|crash_lt_1.95Mm,323,15,21.533333333333335
genova,0.33745504228904294,0.4371515654332539,S+Si,0.03,S+Si_0.03,crash_lt_1.95Mm,50km-1.45Mm,28,1350010.0,27,1,work.genova/results/CMR2_0.33745504228904294_CMC_0.43715156543325390_S+Si_Edmund/pMetaData_0.03.csv,genova|S+Si_0.03|crash_lt_1.95Mm,323,15,21.533333333333335
genova,0.3253946189958172,0.4533541472051703,S+Si,0.03,S+Si_0.03,crash_lt_1.95Mm,10m,1,10.0,0,1,work.genova/results/CMR2_0.32539461899581718_CMC_0.45335414720517031_S+Si_Edmund/pMetaData_0.03.csv,genova|S+Si_0.03|crash_lt_1.95Mm,323,15,21.533333333333335
genova,0.32728338927564954,0.4507378157091692,S+Si,0.03,S+Si_0.03,crash_lt_1.95Mm,10m,1,10.0,0,1,work.genova/results/CMR2_0.32728338927564954_CMC_0.45073781570916921_S+Si_Edmund/pMetaData_0.03.csv,genova|S+Si_0.03|crash_lt_1.95Mm,323,15,21.533333333333335
genova,0.3316131103513416,0.44485273770902706,S+Si,0.03,S+Si_0.03,crash_lt_1.95Mm,>=1.5Mm,32,1550010.0,31,1,work.genova/results/CMR2_0.33161311035134161_CMC_0.44485273770902706_S+Si_Edmund/pMetaData_0.03.csv,genova|S+Si_0.03|crash_lt_1.95Mm,323,15,21.533333333333335
genova,0.3358237365620486,0.4392750837394831,S+Si,0.03,S+Si_0.03,crash_lt_1.95Mm,50km-1.45Mm,29,1400010.0,28,1,work.genova/results/CMR2_0.33582373656204861_CMC_0.43927508373948310_S+Si_Edmund/pMetaData_0.03.csv,genova|S+Si_0.03|crash_lt_1.95Mm,323,15,21.533333333333335
genova,0.32370280626421927,0.45572357466555,S+Si,0.03,S+Si_0.03,crash_lt_1.95Mm,10m,1,10.0,0,1,work.genova/results/CMR2_0.32370280626421927_CMC_0.45572357466555002_S+Si_Edmund/pMetaData_0.03.csv,genova|S+Si_0.03|crash_lt_1.95Mm,323,15,21.533333333333335
genova,0.32859369579024195,0.4489404449626717,S+Si,0.03,S+Si_0.03,crash_lt_1.95Mm,>=1.5Mm,35,1700010.0,34,1,work.genova/results/CMR2_0.32859369579024195_CMC_0.44894044496267171_S+Si_Edmund/pMetaData_0.03.csv,genova|S+Si_0.03|crash_lt_1.95Mm,323,15,21.533333333333335
genova,0.32184124584527024,0.45835952322568957,S+Si,0.03,S+Si_0.03,crash_lt_1.95Mm,10m,1,10.0,0,1,work.genova/results/CMR2_0.32184124584527024_CMC_0.45835952322568957_S+Si_Edmund/pMetaData_0.03.csv,genova|S+Si_0.03|crash_lt_1.95Mm,323,15,21.533333333333335
genova,0.3356083684237875,0.4395569773567781,S+Si,0.03,S+Si_0.03,detJ0,50km-1.45Mm,30,1450010.0,29,1,work.genova/results/CMR2_0.33560836842378750_CMC_0.43955697735677812_S+Si_Edmund/pMetaData_0.03.csv,genova|S+Si_0.03|detJ0,627,23,27.26086956521739
genova,0.33550585373132064,0.43969128514263117,S+Si,0.03,S+Si_0.03,detJ0,50km-1.45Mm,30,1450010.0,29,1,work.genova/results/CMR2_0.33550585373132064_CMC_0.43969128514263117_S+Si_Edmund/pMetaData_0.03.csv,genova|S+Si_0.03|detJ0,627,23,27.26086956521739
genova,0.3332555540816416,0.4426602893581798,S+Si,0.03,S+Si_0.03,detJ0,>=1.5Mm,32,1550010.0,31,1,work.genova/results/CMR2_0.33325555408164159_CMC_0.44266028935817980_S+Si_Edmund/pMetaData_0.03.csv,genova|S+Si_0.03|detJ0,627,23,27.26086956521739
genova,0.3314838656577533,0.4450261846297785,S+Si,0.03,S+Si_0.03,detJ0,>=1.5Mm,33,1600010.0,32,1,work.genova/results/CMR2_0.33148386565775328_CMC_0.44502618462977850_S+Si_Edmund/pMetaData_0.03.csv,genova|S+Si_0.03|detJ0,627,23,27.26086956521739
genova,0.3290470678711227,0.44832187976760374,S+Si,0.03,S+Si_0.03,detJ0,>=1.5Mm,35,1700010.0,34,1,work.genova/results/CMR2_0.32904706787112270_CMC_0.44832187976760374_S+Si_Edmund/pMetaData_0.03.csv,genova|S+Si_0.03|detJ0,627,23,27.26086956521739
genova,0.3312769111480918,0.44530420031009676,S+Si,0.03,S+Si_0.03,detJ0,>=1.5Mm,33,1600010.0,32,1,work.genova/results/CMR2_0.33127691114809182_CMC_0.44530420031009676_S+Si_Edmund/pMetaData_0.03.csv,genova|S+Si_0.03|detJ0,627,23,27.26086956521739
genova,0.3296009544012779,0.44756848555845097,S+Si,0.03,S+Si_0.03,detJ0,>=1.5Mm,34,1650010.0,33,1,work.genova/results/CMR2_0.32960095440127790_CMC_0.44756848555845097_S+Si_Edmund/pMetaData_0.03.csv,genova|S+Si_0.03|detJ0,627,23,27.26086956521739
genova,0.3302214782669897,0.4467274532661633,S+Si,0.03,S+Si_0.03,detJ0,>=1.5Mm,33,1600010.0,32,1,work.genova/results/CMR2_0.33022147826698972_CMC_0.44672745326616331_S+Si_Edmund/pMetaData_0.03.csv,genova|S+Si_0.03|detJ0,627,23,27.26086956521739
genova,0.3346103282556142,0.44086804124978435,S+Si,0.03,S+Si_0.03,detJ0,>=1.5Mm,31,1500010.0,30,1,work.genova/results/CMR2_0.33461032825561421_CMC_0.44086804124978435_S+Si_Edmund/pMetaData_0.03.csv,genova|S+Si_0.03|detJ0,627,23,27.26086956521739
genova,0.3342571938040792,0.4413338074227551,S+Si,0.03,S+Si_0.03,detJ0,50km-1.45Mm,30,1450010.0,29,1,work.genova/results/CMR2_0.33425719380407920_CMC_0.44133380742275508_S+Si_Edmund/pMetaData_0.03.csv,genova|S+Si_0.03|detJ0,627,23,27.26086956521739
genova,0.32927011867449346,0.4480181821352361,S+Si,0.03,S+Si_0.03,detJ0,>=1.5Mm,35,1700010.0,34,1,work.genova/results/CMR2_0.32927011867449346_CMC_0.44801818213523609_S+Si_Edmund/pMetaData_0.03.csv,genova|S+Si_0.03|detJ0,627,23,27.26086956521739
genova,0.3404608907654293,0.4332920579169771,S+Si,0.03,S+Si_0.03,detJ0,50km-1.45Mm,27,1300010.0,26,1,work.genova/results/CMR2_0.34046089076542929_CMC_0.43329205791697711_S+Si_Edmund/pMetaData_0.03.csv,genova|S+Si_0.03|detJ0,627,23,27.26086956521739
genova,0.338415448769699,0.4359109506859149,S+Si,0.03,S+Si_0.03,detJ0,50km-1.45Mm,28,1350010.0,27,1,work.genova/results/CMR2_0.33841544876969898_CMC_0.43591095068591490_S+Si_Edmund/pMetaData_0.03.csv,genova|S+Si_0.03|detJ0,627,23,27.26086956521739
genova,0.3339310978375566,0.4417647860750058,S+Si,0.03,S+Si_0.03,detJ0,>=1.5Mm,31,1500010.0,30,1,work.genova/results/CMR2_0.33393109783755659_CMC_0.44176478607500580_S+Si_Edmund/pMetaData_0.03.csv,genova|S+Si_0.03|detJ0,627,23,27.26086956521739
genova,0.33417300993498844,0.4414449869206943,S+Si,0.03,S+Si_0.03,detJ0,>=1.5Mm,31,1500010.0,30,1,work.genova/results/CMR2_0.33417300993498844_CMC_0.44144498692069428_S+Si_Edmund/pMetaData_0.03.csv,genova|S+Si_0.03|detJ0,627,23,27.26086956521739
genova,0.33827918960370956,0.4360865360142814,S+Si,0.03,S+Si_0.03,detJ0,50km-1.45Mm,28,1350010.0,27,1,work.genova/results/CMR2_0.33827918960370956_CMC_0.43608653601428138_S+Si_Edmund/pMetaData_0.03.csv,genova|S+Si_0.03|detJ0,627,23,27.26086956521739
genova,0.33049304184244443,0.44636038077414825,S+Si,0.03,S+Si_0.03,detJ0,>=1.5Mm,34,1650010.0,33,1,work.genova/results/CMR2_0.33049304184244443_CMC_0.44636038077414825_S+Si_Edmund/pMetaData_0.03.csv,genova|S+Si_0.03|detJ0,627,23,27.26086956521739
genova,0.34477939041228794,0.4278649017378808,S+Si,0.03,S+Si_0.03,detJ0,50km-1.45Mm,22,1050010.0,21,1,work.genova/results/CMR2_0.34477939041228794_CMC_0.42786490173788078_S+Si_Edmund/pMetaData_0.03.csv,genova|S+Si_0.03|detJ0,627,23,27.26086956521739
genova,0.33413469575021953,0.441495606042292,S+Si,0.03,S+Si_0.03,detJ0,>=1.5Mm,31,1500010.0,30,1,work.genova/results/CMR2_0.33413469575021953_CMC_0.44149560604229199_S+Si_Edmund/pMetaData_0.03.csv,genova|S+Si_0.03|detJ0,627,23,27.26086956521739
genova,0.33846715281512185,0.43584436118259934,S+Si,0.03,S+Si_0.03,detJ0,50km-1.45Mm,28,1350010.0,27,1,work.genova/results/CMR2_0.33846715281512185_CMC_0.43584436118259934_S+Si_Edmund/pMetaData_0.03.csv,genova|S+Si_0.03|detJ0,627,23,27.26086956521739
genova,0.3399096630858956,0.4339947227764507,S+Si,0.03,S+Si_0.03,detJ0,50km-1.45Mm,26,1250010.0,25,1,work.genova/results/CMR2_0.33990966308589560_CMC_0.43399472277645068_S+Si_Edmund/pMetaData_0.03.csv,genova|S+Si_0.03|detJ0,627,23,27.26086956521739
genova,0.33254265001642247,0.4436092633312294,S+Si,0.03,S+Si_0.03,detJ0,>=1.5Mm,32,1550010.0,31,1,work.genova/results/CMR2_0.33254265001642247_CMC_0.44360926333122941_S+Si_Edmund/pMetaData_0.03.csv,genova|S+Si_0.03|detJ0,627,23,27.26086956521739
genova,0.33674140023050303,0.43807800258305546,S+Si,0.03,S+Si_0.03,detJ0,50km-1.45Mm,29,1400010.0,28,1,work.genova/results/CMR2_0.33674140023050303_CMC_0.43807800258305546_S+Si_Edmund/pMetaData_0.03.csv,genova|S+Si_0.03|detJ0,627,23,27.26086956521739
genova,0.3311409112779387,0.44548708714575563,S+Si,0.03,S+Si_0.03,newton_maxit,>=1.5Mm,32,1550010.0,31,1,work.genova/results/CMR2_0.33114091127793871_CMC_0.44548708714575563_S+Si_Edmund/pMetaData_0.03.csv,genova|S+Si_0.03|newton_maxit,74,10,7.4
genova,0.33322972284284386,0.4426946034149907,S+Si,0.03,S+Si_0.03,newton_maxit,>=1.5Mm,31,1500010.0,30,1,work.genova/results/CMR2_0.33322972284284386_CMC_0.44269460341499067_S+Si_Edmund/pMetaData_0.03.csv,genova|S+Si_0.03|newton_maxit,74,10,7.4
genova,0.33035281923185195,0.44654984432406664,S+Si,0.03,S+Si_0.03,newton_maxit,>=1.5Mm,33,1600010.0,32,1,work.genova/results/CMR2_0.33035281923185195_CMC_0.44654984432406664_S+Si_Edmund/pMetaData_0.03.csv,genova|S+Si_0.03|newton_maxit,74,10,7.4
genova,0.330132488085799,0.44684787266880843,S+Si,0.03,S+Si_0.03,newton_maxit,>=1.5Mm,33,1600010.0,32,1,work.genova/results/CMR2_0.33013248808579898_CMC_0.44684787266880843_S+Si_Edmund/pMetaData_0.03.csv,genova|S+Si_0.03|newton_maxit,74,10,7.4
genova,0.3299126209517515,0.44714567019118107,S+Si,0.03,S+Si_0.03,newton_maxit,>=1.5Mm,33,1600010.0,32,1,work.genova/results/CMR2_0.32991262095175150_CMC_0.44714567019118107_S+Si_Edmund/pMetaData_0.03.csv,genova|S+Si_0.03|newton_maxit,74,10,7.4
genova,0.3298577365375099,0.44722006992619023,S+Si,0.03,S+Si_0.03,newton_maxit,>=1.5Mm,33,1600010.0,32,1,work.genova/results/CMR2_0.32985773653750988_CMC_0.44722006992619023_S+Si_Edmund/pMetaData_0.03.csv,genova|S+Si_0.03|newton_maxit,74,10,7.4
genova,0.32981105330967553,0.44728337185681677,S+Si,0.03,S+Si_0.03,newton_maxit,>=1.5Mm,33,1600010.0,32,1,work.genova/results/CMR2_0.32981105330967553_CMC_0.44728337185681677_S+Si_Edmund/pMetaData_0.03.csv,genova|S+Si_0.03|newton_maxit,74,10,7.4
genova,0.3326255396392389,0.4434987167852387,S+Si,0.03,S+Si_0.03,newton_maxit,>=1.5Mm,31,1500010.0,30,1,work.genova/results/CMR2_0.33262553963923891_CMC_0.44349871678523872_S+Si_Edmund/pMetaData_0.03.csv,genova|S+Si_0.03|newton_maxit,74,10,7.4
genova,0.3325014714411607,0.44366420202776424,S+Si,0.03,S+Si_0.03,newton_maxit,>=1.5Mm,31,1500010.0,30,1,work.genova/results/CMR2_0.33250147144116071_CMC_0.44366420202776424_S+Si_Edmund/pMetaData_0.03.csv,genova|S+Si_0.03|newton_maxit,74,10,7.4
genova,0.3302742623583924,0.4466560577460979,S+Si,0.03,S+Si_0.03,newton_maxit,>=1.5Mm,33,1600010.0,32,1,work.genova/results/CMR2_0.33027426235839241_CMC_0.44665605774609790_S+Si_Edmund/pMetaData_0.03.csv,genova|S+Si_0.03|newton_maxit,74,10,7.4
genova,0.3284705139501195,0.44910880500647243,S+Si,0.04,S+Si_0.04,crash_lt_1.95Mm,10m,1,10.0,0,1,work.genova/results/CMR2_0.32847051395011950_CMC_0.44910880500647243_S+Si_Edmund/pMetaData_0.04.csv,genova|S+Si_0.04|crash_lt_1.95Mm,398,17,23.41176470588235
genova,0.3298569911662981,0.4472210805003918,S+Si,0.04,S+Si_0.04,crash_lt_1.95Mm,>=1.5Mm,35,1700010.0,34,1,work.genova/results/CMR2_0.32985699116629807_CMC_0.44722108050039178_S+Si_Edmund/pMetaData_0.04.csv,genova|S+Si_0.04|crash_lt_1.95Mm,398,17,23.41176470588235
genova,0.32699061482157793,0.4511413885089442,S+Si,0.04,S+Si_0.04,crash_lt_1.95Mm,10m,1,10.0,0,1,work.genova/results/CMR2_0.32699061482157793_CMC_0.45114138850894420_S+Si_Edmund/pMetaData_0.04.csv,genova|S+Si_0.04|crash_lt_1.95Mm,398,17,23.41176470588235
genova,0.33728566527690984,0.43737109277646785,S+Si,0.04,S+Si_0.04,crash_lt_1.95Mm,50km-1.45Mm,29,1400010.0,28,1,work.genova/results/CMR2_0.33728566527690984_CMC_0.43737109277646785_S+Si_Edmund/pMetaData_0.04.csv,genova|S+Si_0.04|crash_lt_1.95Mm,398,17,23.41176470588235
genova,0.3206513470063705,0.46006044065384577,S+Si,0.04,S+Si_0.04,crash_lt_1.95Mm,10m,1,10.0,0,1,work.genova/results/CMR2_0.32065134700637049_CMC_0.46006044065384577_S+Si_Edmund/pMetaData_0.04.csv,genova|S+Si_0.04|crash_lt_1.95Mm,398,17,23.41176470588235
genova,0.32996845477976156,0.4470700088542161,S+Si,0.04,S+Si_0.04,crash_lt_1.95Mm,>=1.5Mm,35,1700010.0,34,1,work.genova/results/CMR2_0.32996845477976156_CMC_0.44707000885421611_S+Si_Edmund/pMetaData_0.04.csv,genova|S+Si_0.04|crash_lt_1.95Mm,398,17,23.41176470588235
genova,0.3294018831233174,0.4478389698360457,S+Si,0.04,S+Si_0.04,crash_lt_1.95Mm,10m,1,10.0,0,1,work.genova/results/CMR2_0.32940188312331742_CMC_0.44783896983604571_S+Si_Edmund/pMetaData_0.04.csv,genova|S+Si_0.04|crash_lt_1.95Mm,398,17,23.41176470588235
genova,0.32772312718736424,0.45013301705638,S+Si,0.04,S+Si_0.04,crash_lt_1.95Mm,10m,1,10.0,0,1,work.genova/results/CMR2_0.32772312718736424_CMC_0.45013301705637998_S+Si_Edmund/pMetaData_0.04.csv,genova|S+Si_0.04|crash_lt_1.95Mm,398,17,23.41176470588235
genova,0.337398734136213,0.4372245212409254,S+Si,0.04,S+Si_0.04,crash_lt_1.95Mm,50km-1.45Mm,29,1400010.0,28,1,work.genova/results/CMR2_0.33739873413621302_CMC_0.43722452124092542_S+Si_Edmund/pMetaData_0.04.csv,genova|S+Si_0.04|crash_lt_1.95Mm,398,17,23.41176470588235
genova,0.32106331211316885,0.4594701245341987,S+Si,0.04,S+Si_0.04,crash_lt_1.95Mm,10m,1,10.0,0,1,work.genova/results/CMR2_0.32106331211316885_CMC_0.45947012453419872_S+Si_Edmund/pMetaData_0.04.csv,genova|S+Si_0.04|crash_lt_1.95Mm,398,17,23.41176470588235
genova,0.33533894845755174,0.43991012877728225,S+Si,0.04,S+Si_0.04,crash_lt_1.95Mm,50km-1.45Mm,30,1450010.0,29,1,work.genova/results/CMR2_0.33533894845755174_CMC_0.43991012877728225_S+Si_Edmund/pMetaData_0.04.csv,genova|S+Si_0.04|crash_lt_1.95Mm,398,17,23.41176470588235
genova,0.32731629837795884,0.45069249753538637,S+Si,0.04,S+Si_0.04,crash_lt_1.95Mm,10m,1,10.0,0,1,work.genova/results/CMR2_0.32731629837795884_CMC_0.45069249753538637_S+Si_Edmund/pMetaData_0.04.csv,genova|S+Si_0.04|crash_lt_1.95Mm,398,17,23.41176470588235
genova,0.33572137676958835,0.4394090165466138,S+Si,0.04,S+Si_0.04,crash_lt_1.95Mm,50km-1.45Mm,30,1450010.0,29,1,work.genova/results/CMR2_0.33572137676958835_CMC_0.43940901654661380_S+Si_Edmund/pMetaData_0.04.csv,genova|S+Si_0.04|crash_lt_1.95Mm,398,17,23.41176470588235
genova,0.32886370832148665,0.4485718437979485,S+Si,0.04,S+Si_0.04,crash_lt_1.95Mm,10m,1,10.0,0,1,work.genova/results/CMR2_0.32886370832148665_CMC_0.44857184379794851_S+Si_Edmund/pMetaData_0.04.csv,genova|S+Si_0.04|crash_lt_1.95Mm,398,17,23.41176470588235
genova,0.3328415721401235,0.4432108617065892,S+Si,0.04,S+Si_0.04,crash_lt_1.95Mm,10m,1,10.0,0,1,work.genova/results/CMR2_0.33284157214012350_CMC_0.44321086170658919_S+Si_Edmund/pMetaData_0.04.csv,genova|S+Si_0.04|crash_lt_1.95Mm,398,17,23.41176470588235
genova,0.3315241250441936,0.44497214186248163,S+Si,0.04,S+Si_0.04,crash_lt_1.95Mm,>=1.5Mm,33,1600010.0,32,1,work.genova/results/CMR2_0.33152412504419360_CMC_0.44497214186248163_S+Si_Edmund/pMetaData_0.04.csv,genova|S+Si_0.04|crash_lt_1.95Mm,398,17,23.41176470588235
genova,0.32769925335809896,0.4501658105360286,S+Si,0.04,S+Si_0.04,crash_lt_1.95Mm,10m,1,10.0,0,1,work.genova/results/CMR2_0.32769925335809896_CMC_0.45016581053602861_S+Si_Edmund/pMetaData_0.04.csv,genova|S+Si_0.04|crash_lt_1.95Mm,398,17,23.41176470588235
genova,0.33086663385968984,0.4458563811017529,S+Si,0.04,S+Si_0.04,detJ0,>=1.5Mm,34,1650010.0,33,1,work.genova/results/CMR2_0.33086663385968984_CMC_0.44585638110175291_S+Si_Edmund/pMetaData_0.04.csv,genova|S+Si_0.04|detJ0,563,21,26.80952380952381
genova,0.33610777266895164,0.43890386356907735,S+Si,0.04,S+Si_0.04,detJ0,>=1.5Mm,31,1500010.0,30,1,work.genova/results/CMR2_0.33610777266895164_CMC_0.43890386356907735_S+Si_Edmund/pMetaData_0.04.csv,genova|S+Si_0.04|detJ0,563,21,26.80952380952381
genova,0.3327056868721536,0.4433918800332561,S+Si,0.04,S+Si_0.04,detJ0,>=1.5Mm,33,1600010.0,32,1,work.genova/results/CMR2_0.33270568687215363_CMC_0.44339188003325608_S+Si_Edmund/pMetaData_0.04.csv,genova|S+Si_0.04|detJ0,563,21,26.80952380952381
genova,0.3337412363697694,0.44201610087090343,S+Si,0.04,S+Si_0.04,detJ0,>=1.5Mm,32,1550010.0,31,1,work.genova/results/CMR2_0.33374123636976938_CMC_0.44201610087090343_S+Si_Edmund/pMetaData_0.04.csv,genova|S+Si_0.04|detJ0,563,21,26.80952380952381
genova,0.3308316285475724,0.4459035571890228,S+Si,0.04,S+Si_0.04,detJ0,>=1.5Mm,35,1700010.0,34,1,work.genova/results/CMR2_0.33083162854757242_CMC_0.44590355718902280_S+Si_Edmund/pMetaData_0.04.csv,genova|S+Si_0.04|detJ0,563,21,26.80952380952381
genova,0.3395403200831166,0.43446681078667954,S+Si,0.04,S+Si_0.04,detJ0,50km-1.45Mm,28,1350010.0,27,1,work.genova/results/CMR2_0.33954032008311658_CMC_0.43446681078667954_S+Si_Edmund/pMetaData_0.04.csv,genova|S+Si_0.04|detJ0,563,21,26.80952380952381
genova,0.3321942472799911,0.44407451726779334,S+Si,0.04,S+Si_0.04,detJ0,>=1.5Mm,34,1650010.0,33,1,work.genova/results/CMR2_0.33219424727999108_CMC_0.44407451726779334_S+Si_Edmund/pMetaData_0.04.csv,genova|S+Si_0.04|detJ0,563,21,26.80952380952381
genova,0.3318469798939245,0.44453922722802763,S+Si,0.04,S+Si_0.04,detJ0,>=1.5Mm,34,1650010.0,33,1,work.genova/results/CMR2_0.33184697989392448_CMC_0.44453922722802763_S+Si_Edmund/pMetaData_0.04.csv,genova|S+Si_0.04|detJ0,563,21,26.80952380952381
genova,0.330132488085799,0.44684787266880843,S+Si,0.04,S+Si_0.04,detJ0,>=1.5Mm,35,1700010.0,34,1,work.genova/results/CMR2_0.33013248808579898_CMC_0.44684787266880843_S+Si_Edmund/pMetaData_0.04.csv,genova|S+Si_0.04|detJ0,563,21,26.80952380952381
genova,0.33179223573206007,0.44461257411439087,S+Si,0.04,S+Si_0.04,detJ0,>=1.5Mm,34,1650010.0,33,1,work.genova/results/CMR2_0.33179223573206007_CMC_0.44461257411439087_S+Si_Edmund/pMetaData_0.04.csv,genova|S+Si_0.04|detJ0,563,21,26.80952380952381
genova,0.3322293724573047,0.4440275671861551,S+Si,0.04,S+Si_0.04,detJ0,>=1.5Mm,34,1650010.0,33,1,work.genova/results/CMR2_0.33222937245730472_CMC_0.44402756718615510_S+Si_Edmund/pMetaData_0.04.csv,genova|S+Si_0.04|detJ0,563,21,26.80952380952381
genova,0.32956388586756913,0.44761882695872374,S+Si,0.04,S+Si_0.04,detJ0,>=1.5Mm,35,1700010.0,34,1,work.genova/results/CMR2_0.32956388586756913_CMC_0.44761882695872374_S+Si_Edmund/pMetaData_0.04.csv,genova|S+Si_0.04|detJ0,563,21,26.80952380952381
genova,0.3382978737734306,0.43606245098306,S+Si,0.04,S+Si_0.04,detJ0,50km-1.45Mm,29,1400010.0,28,1,work.genova/results/CMR2_0.33829787377343062_CMC_0.43606245098306001_S+Si_Edmund/pMetaData_0.04.csv,genova|S+Si_0.04|detJ0,563,21,26.80952380952381
genova,0.33072514466506087,0.4460471251721687,S+Si,0.04,S+Si_0.04,detJ0,>=1.5Mm,35,1700010.0,34,1,work.genova/results/CMR2_0.33072514466506087_CMC_0.44604712517216871_S+Si_Edmund/pMetaData_0.04.csv,genova|S+Si_0.04|detJ0,563,21,26.80952380952381
genova,0.3416012407143626,0.4318456212029724,S+Si,0.04,S+Si_0.04,detJ0,50km-1.45Mm,25,1200010.0,24,1,work.genova/results/CMR2_0.34160124071436260_CMC_0.43184562120297237_S+Si_Edmund/pMetaData_0.04.csv,genova|S+Si_0.04|detJ0,563,21,26.80952380952381
genova,0.33527166982256856,0.4399984051085186,S+Si,0.04,S+Si_0.04,detJ0,>=1.5Mm,31,1500010.0,30,1,work.genova/results/CMR2_0.33527166982256856_CMC_0.43999840510851862_S+Si_Edmund/pMetaData_0.04.csv,genova|S+Si_0.04|detJ0,563,21,26.80952380952381
genova,0.33740783685020326,0.43721272563533564,S+Si,0.04,S+Si_0.04,detJ0,50km-1.45Mm,30,1450010.0,29,1,work.genova/results/CMR2_0.33740783685020326_CMC_0.43721272563533564_S+Si_Edmund/pMetaData_0.04.csv,genova|S+Si_0.04|detJ0,563,21,26.80952380952381
genova,0.3345061467753439,0.4410053489960965,S+Si,0.04,S+Si_0.04,detJ0,>=1.5Mm,32,1550010.0,31,1,work.genova/results/CMR2_0.33450614677534390_CMC_0.44100534899609650_S+Si_Edmund/pMetaData_0.04.csv,genova|S+Si_0.04|detJ0,563,21,26.80952380952381
genova,0.3409751413355062,0.43263857717664844,S+Si,0.04,S+Si_0.04,detJ0,50km-1.45Mm,27,1300010.0,26,1,work.genova/results/CMR2_0.34097514133550622_CMC_0.43263857717664844_S+Si_Edmund/pMetaData_0.04.csv,genova|S+Si_0.04|detJ0,563,21,26.80952380952381
genova,0.3350263856112653,0.44032054290544115,S+Si,0.04,S+Si_0.04,detJ0,>=1.5Mm,32,1550010.0,31,1,work.genova/results/CMR2_0.33502638561126530_CMC_0.44032054290544115_S+Si_Edmund/pMetaData_0.04.csv,genova|S+Si_0.04|detJ0,563,21,26.80952380952381
genova,0.33318281926248133,0.442756923440835,S+Si,0.04,S+Si_0.04,detJ0,>=1.5Mm,33,1600010.0,32,1,work.genova/results/CMR2_0.33318281926248133_CMC_0.44275692344083500_S+Si_Edmund/pMetaData_0.04.csv,genova|S+Si_0.04|detJ0,563,21,26.80952380952381
genova,0.3391232940592405,0.4350010824506509,S+Si,0.04,S+Si_0.04,newton_maxit,50km-1.45Mm,27,1300010.0,26,1,work.genova/results/CMR2_0.33912329405924052_CMC_0.43500108245065089_S+Si_Edmund/pMetaData_0.04.csv,genova|S+Si_0.04|newton_maxit,63,9,7.0
genova,0.3302214782669897,0.4467274532661633,S+Si,0.04,S+Si_0.04,newton_maxit,>=1.5Mm,34,1650010.0,33,1,work.genova/results/CMR2_0.33022147826698972_CMC_0.44672745326616331_S+Si_Edmund/pMetaData_0.04.csv,genova|S+Si_0.04|newton_maxit,63,9,7.0
genova,0.33159326832076325,0.44487935701185305,S+Si,0.04,S+Si_0.04,newton_maxit,>=1.5Mm,33,1600010.0,32,1,work.genova/results/CMR2_0.33159326832076325_CMC_0.44487935701185305_S+Si_Edmund/pMetaData_0.04.csv,genova|S+Si_0.04|newton_maxit,63,9,7.0
genova,0.3364299755486798,0.4384835202612756,S+Si,0.04,S+Si_0.04,newton_maxit,50km-1.45Mm,29,1400010.0,28,1,work.genova/results/CMR2_0.33642997554867982_CMC_0.43848352026127563_S+Si_Edmund/pMetaData_0.04.csv,genova|S+Si_0.04|newton_maxit,63,9,7.0
genova,0.3313795353792121,0.4451662949891808,S+Si,0.04,S+Si_0.04,newton_maxit,>=1.5Mm,33,1600010.0,32,1,work.genova/results/CMR2_0.33137953537921211_CMC_0.44516629498918081_S+Si_Edmund/pMetaData_0.04.csv,genova|S+Si_0.04|newton_maxit,63,9,7.0
genova,0.33122721463362503,0.445371012654177,S+Si,0.04,S+Si_0.04,newton_maxit,>=1.5Mm,33,1600010.0,32,1,work.genova/results/CMR2_0.33122721463362503_CMC_0.44537101265417700_S+Si_Edmund/pMetaData_0.04.csv,genova|S+Si_0.04|newton_maxit,63,9,7.0
genova,0.33125571117326413,0.44533269925371893,S+Si,0.04,S+Si_0.04,newton_maxit,>=1.5Mm,33,1600010.0,32,1,work.genova/results/CMR2_0.33125571117326413_CMC_0.44533269925371893_S+Si_Edmund/pMetaData_0.04.csv,genova|S+Si_0.04|newton_maxit,63,9,7.0
genova,0.334434081764033,0.44110037835224325,S+Si,0.04,S+Si_0.04,newton_maxit,>=1.5Mm,31,1500010.0,30,1,work.genova/results/CMR2_0.33443408176403300_CMC_0.44110037835224325_S+Si_Edmund/pMetaData_0.04.csv,genova|S+Si_0.04|newton_maxit,63,9,7.0
genova,0.3314070017397949,0.4451294004820844,S+Si,0.04,S+Si_0.04,newton_maxit,>=1.5Mm,33,1600010.0,32,1,work.genova/results/CMR2_0.33140700173979493_CMC_0.44512940048208438_S+Si_Edmund/pMetaData_0.04.csv,genova|S+Si_0.04|newton_maxit,63,9,7.0
genova,0.3295904533127455,0.44758274554761,S+Si,0.05,S+Si_0.05,crash_lt_1.95Mm,10m,1,10.0,0,1,work.genova/results/CMR2_0.32959045331274550_CMC_0.44758274554761002_S+Si_Edmund/pMetaData_0.05.csv,genova|S+Si_0.05|crash_lt_1.95Mm,532,20,26.6
genova,0.34252646691776045,0.43067912773998535,S+Si,0.05,S+Si_0.05,crash_lt_1.95Mm,50km-1.45Mm,26,1250010.0,25,1,work.genova/results/CMR2_0.34252646691776045_CMC_0.43067912773998535_S+Si_Edmund/pMetaData_0.05.csv,genova|S+Si_0.05|crash_lt_1.95Mm,532,20,26.6
genova,0.3306782460112907,0.4461103860910255,S+Si,0.05,S+Si_0.05,crash_lt_1.95Mm,10m,1,10.0,0,1,work.genova/results/CMR2_0.33067824601129070_CMC_0.44611038609102549_S+Si_Edmund/pMetaData_0.05.csv,genova|S+Si_0.05|crash_lt_1.95Mm,532,20,26.6
genova,0.33572137676958835,0.4394090165466138,S+Si,0.05,S+Si_0.05,crash_lt_1.95Mm,>=1.5Mm,31,1500010.0,30,1,work.genova/results/CMR2_0.33572137676958835_CMC_0.43940901654661380_S+Si_Edmund/pMetaData_0.05.csv,genova|S+Si_0.05|crash_lt_1.95Mm,532,20,26.6
genova,0.32799445468389354,0.4497606526371681,S+Si,0.05,S+Si_0.05,crash_lt_1.95Mm,10m,1,10.0,0,1,work.genova/results/CMR2_0.32799445468389354_CMC_0.44976065263716808_S+Si_Edmund/pMetaData_0.05.csv,genova|S+Si_0.05|crash_lt_1.95Mm,532,20,26.6
genova,0.3326255396392389,0.4434987167852387,S+Si,0.05,S+Si_0.05,crash_lt_1.95Mm,>=1.5Mm,34,1650010.0,33,1,work.genova/results/CMR2_0.33262553963923891_CMC_0.44349871678523872_S+Si_Edmund/pMetaData_0.05.csv,genova|S+Si_0.05|crash_lt_1.95Mm,532,20,26.6
genova,0.32699061482157793,0.4511413885089442,S+Si,0.05,S+Si_0.05,crash_lt_1.95Mm,10m,1,10.0,0,1,work.genova/results/CMR2_0.32699061482157793_CMC_0.45114138850894420_S+Si_Edmund/pMetaData_0.05.csv,genova|S+Si_0.05|crash_lt_1.95Mm,532,20,26.6
genova,0.3305974213905316,0.4462194513784099,S+Si,0.05,S+Si_0.05,crash_lt_1.95Mm,10m,1,10.0,0,1,work.genova/results/CMR2_0.33059742139053161_CMC_0.44621945137840990_S+Si_Edmund/pMetaData_0.05.csv,genova|S+Si_0.05|crash_lt_1.95Mm,532,20,26.6
genova,0.34515190531617584,0.42740311650565993,S+Si,0.05,S+Si_0.05,crash_lt_1.95Mm,50km-1.45Mm,23,1100010.0,22,1,work.genova/results/CMR2_0.34515190531617584_CMC_0.42740311650565993_S+Si_Edmund/pMetaData_0.05.csv,genova|S+Si_0.05|crash_lt_1.95Mm,532,20,26.6
genova,0.32980510929982126,0.4472914331533067,S+Si,0.05,S+Si_0.05,crash_lt_1.95Mm,10m,1,10.0,0,1,work.genova/results/CMR2_0.32980510929982126_CMC_0.44729143315330672_S+Si_Edmund/pMetaData_0.05.csv,genova|S+Si_0.05|crash_lt_1.95Mm,532,20,26.6
genova,0.326978125550324,0.45115862032579884,S+Si,0.05,S+Si_0.05,crash_lt_1.95Mm,10m,1,10.0,0,1,work.genova/results/CMR2_0.32697812555032402_CMC_0.45115862032579884_S+Si_Edmund/pMetaData_0.05.csv,genova|S+Si_0.05|crash_lt_1.95Mm,532,20,26.6
genova,0.3269948958252167,0.4511354821845628,S+Si,0.05,S+Si_0.05,crash_lt_1.95Mm,10m,1,10.0,0,1,work.genova/results/CMR2_0.32699489582521668_CMC_0.45113548218456279_S+Si_Edmund/pMetaData_0.05.csv,genova|S+Si_0.05|crash_lt_1.95Mm,532,20,26.6
genova,0.3329362232551652,0.44308486039063455,S+Si,0.05,S+Si_0.05,crash_lt_1.95Mm,>=1.5Mm,33,1600010.0,32,1,work.genova/results/CMR2_0.33293622325516520_CMC_0.44308486039063455_S+Si_Edmund/pMetaData_0.05.csv,genova|S+Si_0.05|crash_lt_1.95Mm,532,20,26.6
genova,0.32900957516257634,0.448372968863004,S+Si,0.05,S+Si_0.05,crash_lt_1.95Mm,10m,1,10.0,0,1,work.genova/results/CMR2_0.32900957516257634_CMC_0.44837296886300398_S+Si_Edmund/pMetaData_0.05.csv,genova|S+Si_0.05|crash_lt_1.95Mm,532,20,26.6
genova,0.3314514732765931,0.4450696765402422,S+Si,0.05,S+Si_0.05,crash_lt_1.95Mm,>=1.5Mm,35,1700010.0,34,1,work.genova/results/CMR2_0.33145147327659308_CMC_0.44506967654024221_S+Si_Edmund/pMetaData_0.05.csv,genova|S+Si_0.05|crash_lt_1.95Mm,532,20,26.6
genova,0.338415448769699,0.4359109506859149,S+Si,0.05,S+Si_0.05,crash_lt_1.95Mm,50km-1.45Mm,29,1400010.0,28,1,work.genova/results/CMR2_0.33841544876969898_CMC_0.43591095068591490_S+Si_Edmund/pMetaData_0.05.csv,genova|S+Si_0.05|crash_lt_1.95Mm,532,20,26.6
genova,0.32674672136611727,0.45147813383781765,S+Si,0.05,S+Si_0.05,crash_lt_1.95Mm,10m,1,10.0,0,1,work.genova/results/CMR2_0.32674672136611727_CMC_0.45147813383781765_S+Si_Edmund/pMetaData_0.05.csv,genova|S+Si_0.05|crash_lt_1.95Mm,532,20,26.6
genova,0.3227261596087172,0.45710270335338304,S+Si,0.05,S+Si_0.05,crash_lt_1.95Mm,10m,1,10.0,0,1,work.genova/results/CMR2_0.32272615960871720_CMC_0.45710270335338304_S+Si_Edmund/pMetaData_0.05.csv,genova|S+Si_0.05|crash_lt_1.95Mm,532,20,26.6
genova,0.3365044134570689,0.4383865236252553,S+Si,0.05,S+Si_0.05,crash_lt_1.95Mm,50km-1.45Mm,30,1450010.0,29,1,work.genova/results/CMR2_0.33650441345706888_CMC_0.43838652362525532_S+Si_Edmund/pMetaData_0.05.csv,genova|S+Si_0.05|crash_lt_1.95Mm,532,20,26.6
genova,0.32995696832053195,0.44708557225163614,S+Si,0.05,S+Si_0.05,crash_lt_1.95Mm,10m,1,10.0,0,1,work.genova/results/CMR2_0.32995696832053195_CMC_0.44708557225163614_S+Si_Edmund/pMetaData_0.05.csv,genova|S+Si_0.05|crash_lt_1.95Mm,532,20,26.6
genova,0.3317182305449883,0.44471176563807574,S+Si,0.05,S+Si_0.05,detJ0,>=1.5Mm,34,1650010.0,33,1,work.genova/results/CMR2_0.33171823054498828_CMC_0.44471176563807574_S+Si_Edmund/pMetaData_0.05.csv,genova|S+Si_0.05|detJ0,448,18,24.88888888888889
genova,0.333779762369044,0.441965081864057,S+Si,0.05,S+Si_0.05,detJ0,>=1.5Mm,33,1600010.0,32,1,work.genova/results/CMR2_0.33377976236904400_CMC_0.44196508186405697_S+Si_Edmund/pMetaData_0.05.csv,genova|S+Si_0.05|detJ0,448,18,24.88888888888889
genova,0.33413469575021953,0.441495606042292,S+Si,0.05,S+Si_0.05,detJ0,>=1.5Mm,33,1600010.0,32,1,work.genova/results/CMR2_0.33413469575021953_CMC_0.44149560604229199_S+Si_Edmund/pMetaData_0.05.csv,genova|S+Si_0.05|detJ0,448,18,24.88888888888889
genova,0.33837158125962513,0.4359674634933715,S+Si,0.05,S+Si_0.05,detJ0,50km-1.45Mm,29,1400010.0,28,1,work.genova/results/CMR2_0.33837158125962513_CMC_0.43596746349337151_S+Si_Edmund/pMetaData_0.05.csv,genova|S+Si_0.05|detJ0,448,18,24.88888888888889
genova,0.336362890349068,0.4385709726982929,S+Si,0.05,S+Si_0.05,detJ0,>=1.5Mm,32,1550010.0,31,1,work.genova/results/CMR2_0.33636289034906802_CMC_0.43857097269829293_S+Si_Edmund/pMetaData_0.05.csv,genova|S+Si_0.05|detJ0,448,18,24.88888888888889
genova,0.3344081322570209,0.441134606997593,S+Si,0.05,S+Si_0.05,detJ0,>=1.5Mm,33,1600010.0,32,1,work.genova/results/CMR2_0.33440813225702087_CMC_0.44113460699759299_S+Si_Edmund/pMetaData_0.05.csv,genova|S+Si_0.05|detJ0,448,18,24.88888888888889
genova,0.3441804747025033,0.42860943848575345,S+Si,0.05,S+Si_0.05,detJ0,50km-1.45Mm,26,1250010.0,25,1,work.genova/results/CMR2_0.34418047470250329_CMC_0.42860943848575345_S+Si_Edmund/pMetaData_0.05.csv,genova|S+Si_0.05|detJ0,448,18,24.88888888888889
genova,0.34063820014854534,0.43306652024250364,S+Si,0.05,S+Si_0.05,detJ0,50km-1.45Mm,27,1300010.0,26,1,work.genova/results/CMR2_0.34063820014854534_CMC_0.43306652024250364_S+Si_Edmund/pMetaData_0.05.csv,genova|S+Si_0.05|detJ0,448,18,24.88888888888889
genova,0.3312345701594864,0.445361122569335,S+Si,0.05,S+Si_0.05,detJ0,>=1.5Mm,35,1700010.0,34,1,work.genova/results/CMR2_0.33123457015948637_CMC_0.44536112256933502_S+Si_Edmund/pMetaData_0.05.csv,genova|S+Si_0.05|detJ0,448,18,24.88888888888889
genova,0.33643652205249613,0.4384749880899725,S+Si,0.05,S+Si_0.05,detJ0,>=1.5Mm,31,1500010.0,30,1,work.genova/results/CMR2_0.33643652205249613_CMC_0.43847498808997248_S+Si_Edmund/pMetaData_0.05.csv,genova|S+Si_0.05|detJ0,448,18,24.88888888888889
genova,0.3345507735423346,0.44094652192257666,S+Si,0.05,S+Si_0.05,detJ0,>=1.5Mm,33,1600010.0,32,1,work.genova/results/CMR2_0.33455077354233459_CMC_0.44094652192257666_S+Si_Edmund/pMetaData_0.05.csv,genova|S+Si_0.05|detJ0,448,18,24.88888888888889
genova,0.34082845749339774,0.4328247737437172,S+Si,0.05,S+Si_0.05,detJ0,50km-1.45Mm,28,1350010.0,27,1,work.genova/results/CMR2_0.34082845749339774_CMC_0.43282477374371719_S+Si_Edmund/pMetaData_0.05.csv,genova|S+Si_0.05|detJ0,448,18,24.88888888888889
genova,0.33415546957633435,0.441468159078871,S+Si,0.05,S+Si_0.05,detJ0,>=1.5Mm,33,1600010.0,32,1,work.genova/results/CMR2_0.33415546957633435_CMC_0.44146815907887099_S+Si_Edmund/pMetaData_0.05.csv,genova|S+Si_0.05|detJ0,448,18,24.88888888888889
genova,0.33116947570381416,0.44544866246047266,S+Si,0.05,S+Si_0.05,detJ0,>=1.5Mm,35,1700010.0,34,1,work.genova/results/CMR2_0.33116947570381416_CMC_0.44544866246047266_S+Si_Edmund/pMetaData_0.05.csv,genova|S+Si_0.05|detJ0,448,18,24.88888888888889
genova,0.3410590474141841,0.4325321410425805,S+Si,0.05,S+Si_0.05,detJ0,50km-1.45Mm,27,1300010.0,26,1,work.genova/results/CMR2_0.34105904741418408_CMC_0.43253214104258048_S+Si_Edmund/pMetaData_0.05.csv,genova|S+Si_0.05|detJ0,448,18,24.88888888888889
genova,0.33788243558323594,0.4365986049122678,S+Si,0.05,S+Si_0.05,detJ0,50km-1.45Mm,29,1400010.0,28,1,work.genova/results/CMR2_0.33788243558323594_CMC_0.43659860491226782_S+Si_Edmund/pMetaData_0.05.csv,genova|S+Si_0.05|detJ0,448,18,24.88888888888889
genova,0.3335959098448799,0.44220865917869157,S+Si,0.05,S+Si_0.05,detJ0,>=1.5Mm,34,1650010.0,33,1,work.genova/results/CMR2_0.33359590984487991_CMC_0.44220865917869157_S+Si_Edmund/pMetaData_0.05.csv,genova|S+Si_0.05|detJ0,448,18,24.88888888888889
genova,0.3367338795243674,0.43808778673642473,S+Si,0.05,S+Si_0.05,detJ0,>=1.5Mm,31,1500010.0,30,1,work.genova/results/CMR2_0.33673387952436740_CMC_0.43808778673642473_S+Si_Edmund/pMetaData_0.05.csv,genova|S+Si_0.05|detJ0,448,18,24.88888888888889
genova,0.3327056868721536,0.4433918800332561,S+Si,0.05,S+Si_0.05,newton_maxit,>=1.5Mm,33,1600010.0,32,1,work.genova/results/CMR2_0.33270568687215363_CMC_0.44339188003325608_S+Si_Edmund/pMetaData_0.05.csv,genova|S+Si_0.05|newton_maxit,44,9,4.888888888888889
genova,0.3327657257782199,0.4433118815196664,S+Si,0.05,S+Si_0.05,newton_maxit,>=1.5Mm,33,1600010.0,32,1,work.genova/results/CMR2_0.33276572577821989_CMC_0.44331188151966638_S+Si_Edmund/pMetaData_0.05.csv,genova|S+Si_0.05|newton_maxit,44,9,4.888888888888889
genova,0.3352483078405686,0.4400290666646839,S+Si,0.05,S+Si_0.05,newton_maxit,>=1.5Mm,31,1500010.0,30,1,work.genova/results/CMR2_0.33524830784056858_CMC_0.44002906666468389_S+Si_Edmund/pMetaData_0.05.csv,genova|S+Si_0.05|newton_maxit,44,9,4.888888888888889
genova,0.335355136341013,0.43988889393360053,S+Si,0.05,S+Si_0.05,newton_maxit,>=1.5Mm,31,1500010.0,30,1,work.genova/results/CMR2_0.33535513634101299_CMC_0.43988889393360053_S+Si_Edmund/pMetaData_0.05.csv,genova|S+Si_0.05|newton_maxit,44,9,4.888888888888889
genova,0.33394381781993004,0.4417479591718196,S+Si,0.05,S+Si_0.05,newton_maxit,>=1.5Mm,32,1550010.0,31,1,work.genova/results/CMR2_0.33394381781993004_CMC_0.44174795917181958_S+Si_Edmund/pMetaData_0.05.csv,genova|S+Si_0.05|newton_maxit,44,9,4.888888888888889
genova,0.33533894845755174,0.43991012877728225,S+Si,0.05,S+Si_0.05,newton_maxit,>=1.5Mm,31,1500010.0,30,1,work.genova/results/CMR2_0.33533894845755174_CMC_0.43991012877728225_S+Si_Edmund/pMetaData_0.05.csv,genova|S+Si_0.05|newton_maxit,44,9,4.888888888888889
genova,0.3326953021697613,0.4434057200024029,S+Si,0.05,S+Si_0.05,newton_maxit,>=1.5Mm,33,1600010.0,32,1,work.genova/results/CMR2_0.33269530216976129_CMC_0.44340572000240291_S+Si_Edmund/pMetaData_0.05.csv,genova|S+Si_0.05|newton_maxit,44,9,4.888888888888889
genova,0.33390652039406143,0.4417973025082132,S+Si,0.05,S+Si_0.05,newton_maxit,>=1.5Mm,32,1550010.0,31,1,work.genova/results/CMR2_0.33390652039406143_CMC_0.44179730250821320_S+Si_Edmund/pMetaData_0.05.csv,genova|S+Si_0.05|newton_maxit,44,9,4.888888888888889
genova,0.33268295949861176,0.4434221705323491,S+Si,0.05,S+Si_0.05,newton_maxit,>=1.5Mm,33,1600010.0,32,1,work.genova/results/CMR2_0.33268295949861176_CMC_0.44342217053234911_S+Si_Edmund/pMetaData_0.05.csv,genova|S+Si_0.05|newton_maxit,44,9,4.888888888888889
genova,0.3329362232551652,0.44308486039063455,S+Si,0.06,S+Si_0.06,crash_lt_1.95Mm,>=1.5Mm,35,1700010.0,34,1,work.genova/results/CMR2_0.33293622325516520_CMC_0.44308486039063455_S+Si_Edmund/pMetaData_0.06.csv,genova|S+Si_0.06|crash_lt_1.95Mm,616,22,28.0
genova,0.3262360567919763,0.45218484262781894,S+Si,0.06,S+Si_0.06,crash_lt_1.95Mm,10m,1,10.0,0,1,work.genova/results/CMR2_0.32623605679197631_CMC_0.45218484262781894_S+Si_Edmund/pMetaData_0.06.csv,genova|S+Si_0.06|crash_lt_1.95Mm,616,22,28.0
genova,0.3284455303140219,0.4491429670513685,S+Si,0.06,S+Si_0.06,crash_lt_1.95Mm,10m,1,10.0,0,1,work.genova/results/CMR2_0.32844553031402191_CMC_0.44914296705136852_S+Si_Edmund/pMetaData_0.06.csv,genova|S+Si_0.06|crash_lt_1.95Mm,616,22,28.0
genova,0.32953124607816575,0.4476631632224887,S+Si,0.06,S+Si_0.06,crash_lt_1.95Mm,10m,1,10.0,0,1,work.genova/results/CMR2_0.32953124607816575_CMC_0.44766316322248872_S+Si_Edmund/pMetaData_0.06.csv,genova|S+Si_0.06|crash_lt_1.95Mm,616,22,28.0
genova,0.31874466453892897,0.46281245276180366,S+Si,0.06,S+Si_0.06,crash_lt_1.95Mm,10m,1,10.0,0,1,work.genova/results/CMR2_0.31874466453892897_CMC_0.46281245276180366_S+Si_Edmund/pMetaData_0.06.csv,genova|S+Si_0.06|crash_lt_1.95Mm,616,22,28.0
genova,0.332768791685724,0.4433077971425909,S+Si,0.06,S+Si_0.06,crash_lt_1.95Mm,>=1.5Mm,35,1700010.0,34,1,work.genova/results/CMR2_0.33276879168572399_CMC_0.44330779714259089_S+Si_Edmund/pMetaData_0.06.csv,genova|S+Si_0.06|crash_lt_1.95Mm,616,22,28.0
genova,0.33085575587868965,0.445871040109965,S+Si,0.06,S+Si_0.06,crash_lt_1.95Mm,10m,1,10.0,0,1,work.genova/results/CMR2_0.33085575587868965_CMC_0.44587104010996498_S+Si_Edmund/pMetaData_0.06.csv,genova|S+Si_0.06|crash_lt_1.95Mm,616,22,28.0
genova,0.32291610265611514,0.45683383017011775,S+Si,0.06,S+Si_0.06,crash_lt_1.95Mm,10m,1,10.0,0,1,work.genova/results/CMR2_0.32291610265611514_CMC_0.45683383017011775_S+Si_Edmund/pMetaData_0.06.csv,genova|S+Si_0.06|crash_lt_1.95Mm,616,22,28.0
genova,0.3265637235631004,0.45173113042207086,S+Si,0.06,S+Si_0.06,crash_lt_1.95Mm,10m,1,10.0,0,1,work.genova/results/CMR2_0.32656372356310043_CMC_0.45173113042207086_S+Si_Edmund/pMetaData_0.06.csv,genova|S+Si_0.06|crash_lt_1.95Mm,616,22,28.0
genova,0.3282626055914105,0.44939325249741474,S+Si,0.06,S+Si_0.06,crash_lt_1.95Mm,10m,1,10.0,0,1,work.genova/results/CMR2_0.32826260559141052_CMC_0.44939325249741474_S+Si_Edmund/pMetaData_0.06.csv,genova|S+Si_0.06|crash_lt_1.95Mm,616,22,28.0
genova,0.32995696832053195,0.44708557225163614,S+Si,0.06,S+Si_0.06,crash_lt_1.95Mm,10m,1,10.0,0,1,work.genova/results/CMR2_0.32995696832053195_CMC_0.44708557225163614_S+Si_Edmund/pMetaData_0.06.csv,genova|S+Si_0.06|crash_lt_1.95Mm,616,22,28.0
genova,0.3297501453316763,0.44736598933601474,S+Si,0.06,S+Si_0.06,crash_lt_1.95Mm,10m,1,10.0,0,1,work.genova/results/CMR2_0.32975014533167629_CMC_0.44736598933601474_S+Si_Edmund/pMetaData_0.06.csv,genova|S+Si_0.06|crash_lt_1.95Mm,616,22,28.0
genova,0.32769925335809896,0.4501658105360286,S+Si,0.06,S+Si_0.06,crash_lt_1.95Mm,10m,1,10.0,0,1,work.genova/results/CMR2_0.32769925335809896_CMC_0.45016581053602861_S+Si_Edmund/pMetaData_0.06.csv,genova|S+Si_0.06|crash_lt_1.95Mm,616,22,28.0
genova,0.33122721463362503,0.445371012654177,S+Si,0.06,S+Si_0.06,crash_lt_1.95Mm,10m,1,10.0,0,1,work.genova/results/CMR2_0.33122721463362503_CMC_0.44537101265417700_S+Si_Edmund/pMetaData_0.06.csv,genova|S+Si_0.06|crash_lt_1.95Mm,616,22,28.0
genova,0.3314494545952935,0.4450723872215258,S+Si,0.06,S+Si_0.06,crash_lt_1.95Mm,10m,1,10.0,0,1,work.genova/results/CMR2_0.33144945459529351_CMC_0.44507238722152581_S+Si_Edmund/pMetaData_0.06.csv,genova|S+Si_0.06|crash_lt_1.95Mm,616,22,28.0
genova,0.33837158125962513,0.4359674634933715,S+Si,0.06,S+Si_0.06,crash_lt_1.95Mm,50km-1.45Mm,30,1450010.0,29,1,work.genova/results/CMR2_0.33837158125962513_CMC_0.43596746349337151_S+Si_Edmund/pMetaData_0.06.csv,genova|S+Si_0.06|crash_lt_1.95Mm,616,22,28.0
genova,0.32900600761754945,0.4483778307522043,S+Si,0.06,S+Si_0.06,crash_lt_1.95Mm,10m,1,10.0,0,1,work.genova/results/CMR2_0.32900600761754945_CMC_0.44837783075220428_S+Si_Edmund/pMetaData_0.06.csv,genova|S+Si_0.06|crash_lt_1.95Mm,616,22,28.0
genova,0.33917899881494695,0.434929640441816,S+Si,0.06,S+Si_0.06,crash_lt_1.95Mm,50km-1.45Mm,29,1400010.0,28,1,work.genova/results/CMR2_0.33917899881494695_CMC_0.43492964044181598_S+Si_Edmund/pMetaData_0.06.csv,genova|S+Si_0.06|crash_lt_1.95Mm,616,22,28.0
genova,0.33253527493438045,0.44361910185050324,S+Si,0.06,S+Si_0.06,crash_lt_1.95Mm,10m,1,10.0,0,1,work.genova/results/CMR2_0.33253527493438045_CMC_0.44361910185050324_S+Si_Edmund/pMetaData_0.06.csv,genova|S+Si_0.06|crash_lt_1.95Mm,616,22,28.0
genova,0.3328237255905711,0.44323462739394087,S+Si,0.06,S+Si_0.06,crash_lt_1.95Mm,>=1.5Mm,35,1700010.0,34,1,work.genova/results/CMR2_0.33282372559057111_CMC_0.44323462739394087_S+Si_Edmund/pMetaData_0.06.csv,genova|S+Si_0.06|crash_lt_1.95Mm,616,22,28.0
genova,0.3311537104946174,0.445469868900647,S+Si,0.06,S+Si_0.06,crash_lt_1.95Mm,10m,1,10.0,0,1,work.genova/results/CMR2_0.33115371049461739_CMC_0.44546986890064699_S+Si_Edmund/pMetaData_0.06.csv,genova|S+Si_0.06|crash_lt_1.95Mm,616,22,28.0
genova,0.33035281923185195,0.44654984432406664,S+Si,0.06,S+Si_0.06,crash_lt_1.95Mm,10m,1,10.0,0,1,work.genova/results/CMR2_0.33035281923185195_CMC_0.44654984432406664_S+Si_Edmund/pMetaData_0.06.csv,genova|S+Si_0.06|crash_lt_1.95Mm,616,22,28.0
genova,0.3326450068220959,0.44347276217765574,S+Si,0.06,S+Si_0.06,detJ0,>=1.5Mm,35,1700010.0,34,1,work.genova/results/CMR2_0.33264500682209591_CMC_0.44347276217765574_S+Si_Edmund/pMetaData_0.06.csv,genova|S+Si_0.06|detJ0,369,16,23.0625
genova,0.3389701890971031,0.435197562337085,S+Si,0.06,S+Si_0.06,detJ0,>=1.5Mm,31,1500010.0,30,1,work.genova/results/CMR2_0.33897018909710308_CMC_0.43519756233708501_S+Si_Edmund/pMetaData_0.06.csv,genova|S+Si_0.06|detJ0,369,16,23.0625
genova,0.3392852636564072,0.4347934195850955,S+Si,0.06,S+Si_0.06,detJ0,50km-1.45Mm,29,1400010.0,28,1,work.genova/results/CMR2_0.33928526365640721_CMC_0.43479341958509549_S+Si_Edmund/pMetaData_0.06.csv,genova|S+Si_0.06|detJ0,369,16,23.0625
genova,0.33544884117945,0.4397660146367416,S+Si,0.06,S+Si_0.06,detJ0,>=1.5Mm,33,1600010.0,32,1,work.genova/results/CMR2_0.33544884117945001_CMC_0.43976601463674159_S+Si_Edmund/pMetaData_0.06.csv,genova|S+Si_0.06|detJ0,369,16,23.0625
genova,0.3347893935281095,0.4406322388096027,S+Si,0.06,S+Si_0.06,detJ0,>=1.5Mm,34,1650010.0,33,1,work.genova/results/CMR2_0.33478939352810949_CMC_0.44063223880960273_S+Si_Edmund/pMetaData_0.06.csv,genova|S+Si_0.06|detJ0,369,16,23.0625
genova,0.3418122147377845,0.4315790765791291,S+Si,0.06,S+Si_0.06,detJ0,50km-1.45Mm,29,1400010.0,28,1,work.genova/results/CMR2_0.34181221473778450_CMC_0.43157907657912908_S+Si_Edmund/pMetaData_0.06.csv,genova|S+Si_0.06|detJ0,369,16,23.0625
genova,0.3404986741430041,0.433243977737324,S+Si,0.06,S+Si_0.06,detJ0,50km-1.45Mm,30,1450010.0,29,1,work.genova/results/CMR2_0.34049867414300411_CMC_0.43324397773732398_S+Si_Edmund/pMetaData_0.06.csv,genova|S+Si_0.06|detJ0,369,16,23.0625
genova,0.33427594557023393,0.44130905006745436,S+Si,0.06,S+Si_0.06,detJ0,>=1.5Mm,34,1650010.0,33,1,work.genova/results/CMR2_0.33427594557023393_CMC_0.44130905006745436_S+Si_Edmund/pMetaData_0.06.csv,genova|S+Si_0.06|detJ0,369,16,23.0625
genova,0.3348377595715888,0.4405685911551449,S+Si,0.06,S+Si_0.06,detJ0,>=1.5Mm,34,1650010.0,33,1,work.genova/results/CMR2_0.33483775957158879_CMC_0.44056859115514491_S+Si_Edmund/pMetaData_0.06.csv,genova|S+Si_0.06|detJ0,369,16,23.0625
genova,0.3349822469485864,0.440378561382811,S+Si,0.06,S+Si_0.06,detJ0,>=1.5Mm,34,1650010.0,33,1,work.genova/results/CMR2_0.33498224694858642_CMC_0.44037856138281101_S+Si_Edmund/pMetaData_0.06.csv,genova|S+Si_0.06|detJ0,369,16,23.0625
genova,0.3403574486955166,0.43342374484646684,S+Si,0.06,S+Si_0.06,detJ0,50km-1.45Mm,30,1450010.0,29,1,work.genova/results/CMR2_0.34035744869551660_CMC_0.43342374484646684_S+Si_Edmund/pMetaData_0.06.csv,genova|S+Si_0.06|detJ0,369,16,23.0625
genova,0.3362729531607341,0.4386882697922121,S+Si,0.06,S+Si_0.06,detJ0,>=1.5Mm,33,1600010.0,32,1,work.genova/results/CMR2_0.33627295316073408_CMC_0.43868826979221209_S+Si_Edmund/pMetaData_0.06.csv,genova|S+Si_0.06|detJ0,369,16,23.0625
genova,0.3435317716243404,0.4294187967024934,S+Si,0.06,S+Si_0.06,detJ0,50km-1.45Mm,26,1250010.0,25,1,work.genova/results/CMR2_0.34353177162434040_CMC_0.42941879670249339_S+Si_Edmund/pMetaData_0.06.csv,genova|S+Si_0.06|detJ0,369,16,23.0625
genova,0.3339395765546539,0.44175356967866447,S+Si,0.06,S+Si_0.06,detJ0,>=1.5Mm,34,1650010.0,33,1,work.genova/results/CMR2_0.33393957655465389_CMC_0.44175356967866447_S+Si_Edmund/pMetaData_0.06.csv,genova|S+Si_0.06|detJ0,369,16,23.0625
genova,0.3326701816315066,0.4434392023851553,S+Si,0.06,S+Si_0.06,detJ0,>=1.5Mm,35,1700010.0,34,1,work.genova/results/CMR2_0.33267018163150658_CMC_0.44343920238515527_S+Si_Edmund/pMetaData_0.06.csv,genova|S+Si_0.06|detJ0,369,16,23.0625
genova,0.33591024317784585,0.4391619576837283,S+Si,0.06,S+Si_0.06,detJ0,>=1.5Mm,33,1600010.0,32,1,work.genova/results/CMR2_0.33591024317784585_CMC_0.43916195768372829_S+Si_Edmund/pMetaData_0.06.csv,genova|S+Si_0.06|detJ0,369,16,23.0625
genova,0.33533047128260224,0.43992124973240887,S+Si,0.06,S+Si_0.06,newton_maxit,>=1.5Mm,32,1550010.0,31,1,work.genova/results/CMR2_0.33533047128260224_CMC_0.43992124973240887_S+Si_Edmund/pMetaData_0.06.csv,genova|S+Si_0.06|newton_maxit,39,9,4.333333333333333
genova,0.3353008436561338,0.43996012175647087,S+Si,0.06,S+Si_0.06,newton_maxit,>=1.5Mm,32,1550010.0,31,1,work.genova/results/CMR2_0.33530084365613377_CMC_0.43996012175647087_S+Si_Edmund/pMetaData_0.06.csv,genova|S+Si_0.06|newton_maxit,39,9,4.333333333333333
genova,0.3365410945986611,0.4383387418880372,S+Si,0.06,S+Si_0.06,newton_maxit,>=1.5Mm,31,1500010.0,30,1,work.genova/results/CMR2_0.33654109459866111_CMC_0.43833874188803718_S+Si_Edmund/pMetaData_0.06.csv,genova|S+Si_0.06|newton_maxit,39,9,4.333333333333333
genova,0.33415422835630704,0.4414697989178255,S+Si,0.06,S+Si_0.06,newton_maxit,>=1.5Mm,33,1600010.0,32,1,work.genova/results/CMR2_0.33415422835630704_CMC_0.44146979891782551_S+Si_Edmund/pMetaData_0.06.csv,genova|S+Si_0.06|newton_maxit,39,9,4.333333333333333
genova,0.3343696682549748,0.44118535263643854,S+Si,0.06,S+Si_0.06,newton_maxit,>=1.5Mm,33,1600010.0,32,1,work.genova/results/CMR2_0.33436966825497477_CMC_0.44118535263643854_S+Si_Edmund/pMetaData_0.06.csv,genova|S+Si_0.06|newton_maxit,39,9,4.333333333333333
genova,0.3378353999755567,0.43665939096575845,S+Si,0.06,S+Si_0.06,newton_maxit,50km-1.45Mm,30,1450010.0,29,1,work.genova/results/CMR2_0.33783539997555673_CMC_0.43665939096575845_S+Si_Edmund/pMetaData_0.06.csv,genova|S+Si_0.06|newton_maxit,39,9,4.333333333333333
genova,0.33533894845755174,0.43991012877728225,S+Si,0.06,S+Si_0.06,newton_maxit,>=1.5Mm,32,1550010.0,31,1,work.genova/results/CMR2_0.33533894845755174_CMC_0.43991012877728225_S+Si_Edmund/pMetaData_0.06.csv,genova|S+Si_0.06|newton_maxit,39,9,4.333333333333333
genova,0.33674140023050303,0.43807800258305546,S+Si,0.06,S+Si_0.06,newton_maxit,10m,1,10.0,0,1,work.genova/results/CMR2_0.33674140023050303_CMC_0.43807800258305546_S+Si_Edmund/pMetaData_0.06.csv,genova|S+Si_0.06|newton_maxit,39,9,4.333333333333333
genova,0.33779106229942923,0.4367167058707855,S+Si,0.06,S+Si_0.06,newton_maxit,50km-1.45Mm,30,1450010.0,29,1,work.genova/results/CMR2_0.33779106229942923_CMC_0.43671670587078548_S+Si_Edmund/pMetaData_0.06.csv,genova|S+Si_0.06|newton_maxit,39,9,4.333333333333333
genova,0.3312904403149587,0.4452860150741244,S+Si,0.07,S+Si_0.07,crash_lt_1.95Mm,10m,1,10.0,0,1,work.genova/results/CMR2_0.33129044031495869_CMC_0.44528601507412441_S+Si_Edmund/pMetaData_0.07.csv,genova|S+Si_0.07|crash_lt_1.95Mm,710,24,29.583333333333332
genova,0.3338504195321428,0.44187154297045006,S+Si,0.07,S+Si_0.07,crash_lt_1.95Mm,10m,1,10.0,0,1,work.genova/results/CMR2_0.33385041953214278_CMC_0.44187154297045006_S+Si_Edmund/pMetaData_0.07.csv,genova|S+Si_0.07|crash_lt_1.95Mm,710,24,29.583333333333332
genova,0.33233219064465247,0.4438901922616798,S+Si,0.07,S+Si_0.07,crash_lt_1.95Mm,10m,1,10.0,0,1,work.genova/results/CMR2_0.33233219064465247_CMC_0.44389019226167981_S+Si_Edmund/pMetaData_0.07.csv,genova|S+Si_0.07|crash_lt_1.95Mm,710,24,29.583333333333332
genova,0.3297594031089759,0.4473534298315347,S+Si,0.07,S+Si_0.07,crash_lt_1.95Mm,10m,1,10.0,0,1,work.genova/results/CMR2_0.32975940310897589_CMC_0.44735342983153470_S+Si_Edmund/pMetaData_0.07.csv,genova|S+Si_0.07|crash_lt_1.95Mm,710,24,29.583333333333332
genova,0.3328786216500282,0.4431615321788194,S+Si,0.07,S+Si_0.07,crash_lt_1.95Mm,10m,1,10.0,0,1,work.genova/results/CMR2_0.33287862165002818_CMC_0.44316153217881937_S+Si_Edmund/pMetaData_0.07.csv,genova|S+Si_0.07|crash_lt_1.95Mm,710,24,29.583333333333332
genova,0.33330184916575156,0.44259880456480327,S+Si,0.07,S+Si_0.07,crash_lt_1.95Mm,10m,1,10.0,0,1,work.genova/results/CMR2_0.33330184916575156_CMC_0.44259880456480327_S+Si_Edmund/pMetaData_0.07.csv,genova|S+Si_0.07|crash_lt_1.95Mm,710,24,29.583333333333332
genova,0.3254486722327853,0.45327885035734106,S+Si,0.07,S+Si_0.07,crash_lt_1.95Mm,10m,1,10.0,0,1,work.genova/results/CMR2_0.32544867223278529_CMC_0.45327885035734106_S+Si_Edmund/pMetaData_0.07.csv,genova|S+Si_0.07|crash_lt_1.95Mm,710,24,29.583333333333332
genova,0.3199955604391386,0.46100327078774367,S+Si,0.07,S+Si_0.07,crash_lt_1.95Mm,10m,1,10.0,0,1,work.genova/results/CMR2_0.31999556043913863_CMC_0.46100327078774367_S+Si_Edmund/pMetaData_0.07.csv,genova|S+Si_0.07|crash_lt_1.95Mm,710,24,29.583333333333332
genova,0.3308702742946689,0.44585147552004456,S+Si,0.07,S+Si_0.07,crash_lt_1.95Mm,10m,1,10.0,0,1,work.genova/results/CMR2_0.33087027429466892_CMC_0.44585147552004456_S+Si_Edmund/pMetaData_0.07.csv,genova|S+Si_0.07|crash_lt_1.95Mm,710,24,29.583333333333332
genova,0.330627365645071,0.44617903818149734,S+Si,0.07,S+Si_0.07,crash_lt_1.95Mm,10m,1,10.0,0,1,work.genova/results/CMR2_0.33062736564507100_CMC_0.44617903818149734_S+Si_Edmund/pMetaData_0.07.csv,genova|S+Si_0.07|crash_lt_1.95Mm,710,24,29.583333333333332
genova,0.3263114898248659,0.45208031160402806,S+Si,0.07,S+Si_0.07,crash_lt_1.95Mm,10m,1,10.0,0,1,work.genova/results/CMR2_0.32631148982486591_CMC_0.45208031160402806_S+Si_Edmund/pMetaData_0.07.csv,genova|S+Si_0.07|crash_lt_1.95Mm,710,24,29.583333333333332
genova,0.33241854126664144,0.4437748852332254,S+Si,0.07,S+Si_0.07,crash_lt_1.95Mm,10m,1,10.0,0,1,work.genova/results/CMR2_0.33241854126664144_CMC_0.44377488523322539_S+Si_Edmund/pMetaData_0.07.csv,genova|S+Si_0.07|crash_lt_1.95Mm,710,24,29.583333333333332
genova,0.3256794009503705,0.45295772336083384,S+Si,0.07,S+Si_0.07,crash_lt_1.95Mm,10m,1,10.0,0,1,work.genova/results/CMR2_0.32567940095037051_CMC_0.45295772336083384_S+Si_Edmund/pMetaData_0.07.csv,genova|S+Si_0.07|crash_lt_1.95Mm,710,24,29.583333333333332
genova,0.32708543152445846,0.4510106100184685,S+Si,0.07,S+Si_0.07,crash_lt_1.95Mm,10m,1,10.0,0,1,work.genova/results/CMR2_0.32708543152445846_CMC_0.45101061001846848_S+Si_Edmund/pMetaData_0.07.csv,genova|S+Si_0.07|crash_lt_1.95Mm,710,24,29.583333333333332
genova,0.3324830401680286,0.44368879665395144,S+Si,0.07,S+Si_0.07,crash_lt_1.95Mm,10m,1,10.0,0,1,work.genova/results/CMR2_0.33248304016802860_CMC_0.44368879665395144_S+Si_Edmund/pMetaData_0.07.csv,genova|S+Si_0.07|crash_lt_1.95Mm,710,24,29.583333333333332
genova,0.3312345701594864,0.445361122569335,S+Si,0.07,S+Si_0.07,crash_lt_1.95Mm,10m,1,10.0,0,1,work.genova/results/CMR2_0.33123457015948637_CMC_0.44536112256933502_S+Si_Edmund/pMetaData_0.07.csv,genova|S+Si_0.07|crash_lt_1.95Mm,710,24,29.583333333333332
genova,0.332566790134143,0.44357706294274685,S+Si,0.07,S+Si_0.07,crash_lt_1.95Mm,10m,1,10.0,0,1,work.genova/results/CMR2_0.33256679013414298_CMC_0.44357706294274685_S+Si_Edmund/pMetaData_0.07.csv,genova|S+Si_0.07|crash_lt_1.95Mm,710,24,29.583333333333332
genova,0.3337002386266445,0.44207040608397474,S+Si,0.07,S+Si_0.07,crash_lt_1.95Mm,10m,1,10.0,0,1,work.genova/results/CMR2_0.33370023862664450_CMC_0.44207040608397474_S+Si_Edmund/pMetaData_0.07.csv,genova|S+Si_0.07|crash_lt_1.95Mm,710,24,29.583333333333332
genova,0.3399096630858956,0.4339947227764507,S+Si,0.07,S+Si_0.07,crash_lt_1.95Mm,50km-1.45Mm,30,1450010.0,29,1,work.genova/results/CMR2_0.33990966308589560_CMC_0.43399472277645068_S+Si_Edmund/pMetaData_0.07.csv,genova|S+Si_0.07|crash_lt_1.95Mm,710,24,29.583333333333332
genova,0.3331565783946571,0.4427917969107279,S+Si,0.07,S+Si_0.07,crash_lt_1.95Mm,10m,1,10.0,0,1,work.genova/results/CMR2_0.33315657839465712_CMC_0.44279179691072790_S+Si_Edmund/pMetaData_0.07.csv,genova|S+Si_0.07|crash_lt_1.95Mm,710,24,29.583333333333332
genova,0.3339292116471181,0.4417672813718726,S+Si,0.07,S+Si_0.07,crash_lt_1.95Mm,10m,1,10.0,0,1,work.genova/results/CMR2_0.33392921164711808_CMC_0.44176728137187260_S+Si_Edmund/pMetaData_0.07.csv,genova|S+Si_0.07|crash_lt_1.95Mm,710,24,29.583333333333332
genova,0.3325254545455996,0.44363220313941576,S+Si,0.07,S+Si_0.07,crash_lt_1.95Mm,10m,1,10.0,0,1,work.genova/results/CMR2_0.33252545454559962_CMC_0.44363220313941576_S+Si_Edmund/pMetaData_0.07.csv,genova|S+Si_0.07|crash_lt_1.95Mm,710,24,29.583333333333332
genova,0.3343696682549748,0.44118535263643854,S+Si,0.07,S+Si_0.07,crash_lt_1.95Mm,>=1.5Mm,34,1650010.0,33,1,work.genova/results/CMR2_0.33436966825497477_CMC_0.44118535263643854_S+Si_Edmund/pMetaData_0.07.csv,genova|S+Si_0.07|crash_lt_1.95Mm,710,24,29.583333333333332
genova,0.3311537104946174,0.445469868900647,S+Si,0.07,S+Si_0.07,crash_lt_1.95Mm,10m,1,10.0,0,1,work.genova/results/CMR2_0.33115371049461739_CMC_0.44546986890064699_S+Si_Edmund/pMetaData_0.07.csv,genova|S+Si_0.07|crash_lt_1.95Mm,710,24,29.583333333333332
genova,0.3394922643215164,0.43452831037202083,S+Si,0.07,S+Si_0.07,detJ0,>=1.5Mm,32,1550010.0,31,1,work.genova/results/CMR2_0.33949226432151641_CMC_0.43452831037202083_S+Si_Edmund/pMetaData_0.07.csv,genova|S+Si_0.07|detJ0,292,15,19.466666666666665
genova,0.34187088211309685,0.43150501466573615,S+Si,0.07,S+Si_0.07,detJ0,50km-1.45Mm,28,1350010.0,27,1,work.genova/results/CMR2_0.34187088211309685_CMC_0.43150501466573615_S+Si_Edmund/pMetaData_0.07.csv,genova|S+Si_0.07|detJ0,292,15,19.466666666666665
genova,0.33738482832039784,0.43724254209767976,S+Si,0.07,S+Si_0.07,detJ0,>=1.5Mm,33,1600010.0,32,1,work.genova/results/CMR2_0.33738482832039784_CMC_0.43724254209767976_S+Si_Edmund/pMetaData_0.07.csv,genova|S+Si_0.07|detJ0,292,15,19.466666666666665
genova,0.3389164894852471,0.435266517200313,S+Si,0.07,S+Si_0.07,detJ0,>=1.5Mm,32,1550010.0,31,1,work.genova/results/CMR2_0.33891648948524711_CMC_0.43526651720031301_S+Si_Edmund/pMetaData_0.07.csv,genova|S+Si_0.07|detJ0,292,15,19.466666666666665
genova,0.33613495154891604,0.4388683750982448,S+Si,0.07,S+Si_0.07,detJ0,>=1.5Mm,34,1650010.0,33,1,work.genova/results/CMR2_0.33613495154891604_CMC_0.43886837509824478_S+Si_Edmund/pMetaData_0.07.csv,genova|S+Si_0.07|detJ0,292,15,19.466666666666665
genova,0.33761521177007486,0.43694417448365586,S+Si,0.07,S+Si_0.07,detJ0,>=1.5Mm,33,1600010.0,32,1,work.genova/results/CMR2_0.33761521177007486_CMC_0.43694417448365586_S+Si_Edmund/pMetaData_0.07.csv,genova|S+Si_0.07|detJ0,292,15,19.466666666666665
genova,0.3478908508628646,0.4240381706909293,S+Si,0.07,S+Si_0.07,detJ0,50km-1.45Mm,25,1200010.0,24,1,work.genova/results/CMR2_0.34789085086286459_CMC_0.42403817069092931_S+Si_Edmund/pMetaData_0.07.csv,genova|S+Si_0.07|detJ0,292,15,19.466666666666665
genova,0.335355136341013,0.43988889393360053,S+Si,0.07,S+Si_0.07,detJ0,>=1.5Mm,34,1650010.0,33,1,work.genova/results/CMR2_0.33535513634101299_CMC_0.43988889393360053_S+Si_Edmund/pMetaData_0.07.csv,genova|S+Si_0.07|detJ0,292,15,19.466666666666665
genova,0.3357151091346073,0.43941722009554013,S+Si,0.07,S+Si_0.07,detJ0,>=1.5Mm,33,1600010.0,32,1,work.genova/results/CMR2_0.33571510913460728_CMC_0.43941722009554013_S+Si_Edmund/pMetaData_0.07.csv,genova|S+Si_0.07|detJ0,292,15,19.466666666666665
genova,0.33496629123335503,0.4403995382843779,S+Si,0.07,S+Si_0.07,detJ0,>=1.5Mm,35,1700010.0,34,1,work.genova/results/CMR2_0.33496629123335503_CMC_0.44039953828437789_S+Si_Edmund/pMetaData_0.07.csv,genova|S+Si_0.07|detJ0,292,15,19.466666666666665
genova,0.3345369782121335,0.44096470527230214,S+Si,0.07,S+Si_0.07,detJ0,>=1.5Mm,35,1700010.0,34,1,work.genova/results/CMR2_0.33453697821213352_CMC_0.44096470527230214_S+Si_Edmund/pMetaData_0.07.csv,genova|S+Si_0.07|detJ0,292,15,19.466666666666665
genova,0.3362083462211427,0.4387725696225538,S+Si,0.07,S+Si_0.07,detJ0,>=1.5Mm,34,1650010.0,33,1,work.genova/results/CMR2_0.33620834622114271_CMC_0.43877256962255379_S+Si_Edmund/pMetaData_0.07.csv,genova|S+Si_0.07|detJ0,292,15,19.466666666666665
genova,0.3377414292983863,0.4367808838449327,S+Si,0.07,S+Si_0.07,detJ0,>=1.5Mm,33,1600010.0,32,1,work.genova/results/CMR2_0.33774142929838630_CMC_0.43678088384493269_S+Si_Edmund/pMetaData_0.07.csv,genova|S+Si_0.07|detJ0,292,15,19.466666666666665
genova,0.3409751413355062,0.43263857717664844,S+Si,0.07,S+Si_0.07,detJ0,50km-1.45Mm,29,1400010.0,28,1,work.genova/results/CMR2_0.34097514133550622_CMC_0.43263857717664844_S+Si_Edmund/pMetaData_0.07.csv,genova|S+Si_0.07|detJ0,292,15,19.466666666666665
genova,0.33587558810535867,0.4392072696683324,S+Si,0.07,S+Si_0.07,detJ0,>=1.5Mm,34,1650010.0,33,1,work.genova/results/CMR2_0.33587558810535867_CMC_0.43920726966833240_S+Si_Edmund/pMetaData_0.07.csv,genova|S+Si_0.07|detJ0,292,15,19.466666666666665
genova,0.3403574486955166,0.43342374484646684,S+Si,0.07,S+Si_0.07,newton_maxit,50km-1.45Mm,29,1400010.0,28,1,work.genova/results/CMR2_0.34035744869551660_CMC_0.43342374484646684_S+Si_Edmund/pMetaData_0.07.csv,genova|S+Si_0.07|newton_maxit,22,8,2.75
genova,0.3356283900954471,0.4395307558995473,S+Si,0.07,S+Si_0.07,newton_maxit,>=1.5Mm,33,1600010.0,32,1,work.genova/results/CMR2_0.33562839009544709_CMC_0.43953075589954732_S+Si_Edmund/pMetaData_0.07.csv,genova|S+Si_0.07|newton_maxit,22,8,2.75
genova,0.33585405023080767,0.43923543544769256,S+Si,0.07,S+Si_0.07,newton_maxit,>=1.5Mm,33,1600010.0,32,1,work.genova/results/CMR2_0.33585405023080767_CMC_0.43923543544769256_S+Si_Edmund/pMetaData_0.07.csv,genova|S+Si_0.07|newton_maxit,22,8,2.75
genova,0.3368551929080764,0.4379300159408738,S+Si,0.07,S+Si_0.07,newton_maxit,>=1.5Mm,32,1550010.0,31,1,work.genova/results/CMR2_0.33685519290807642_CMC_0.43793001594087377_S+Si_Edmund/pMetaData_0.07.csv,genova|S+Si_0.07|newton_maxit,22,8,2.75
genova,0.3354858495120562,0.43971750288293066,S+Si,0.07,S+Si_0.07,newton_maxit,>=1.5Mm,33,1600010.0,32,1,work.genova/results/CMR2_0.33548584951205618_CMC_0.43971750288293066_S+Si_Edmund/pMetaData_0.07.csv,genova|S+Si_0.07|newton_maxit,22,8,2.75
genova,0.33688373177130587,0.4378929170142996,S+Si,0.07,S+Si_0.07,newton_maxit,>=1.5Mm,32,1550010.0,31,1,work.genova/results/CMR2_0.33688373177130587_CMC_0.43789291701429961_S+Si_Edmund/pMetaData_0.07.csv,genova|S+Si_0.07|newton_maxit,22,8,2.75
genova,0.336874749959129,0.43790459219011696,S+Si,0.07,S+Si_0.07,newton_maxit,>=1.5Mm,32,1550010.0,31,1,work.genova/results/CMR2_0.33687474995912903_CMC_0.43790459219011696_S+Si_Edmund/pMetaData_0.07.csv,genova|S+Si_0.07|newton_maxit,22,8,2.75
genova,0.33547312483006037,0.43973418161209865,S+Si,0.07,S+Si_0.07,newton_maxit,>=1.5Mm,33,1600010.0,32,1,work.genova/results/CMR2_0.33547312483006037_CMC_0.43973418161209865_S+Si_Edmund/pMetaData_0.07.csv,genova|S+Si_0.07|newton_maxit,22,8,2.75
genova,0.327883440194428,0.4499129322070195,S+Si,0.08,S+Si_0.08,crash_lt_1.95Mm,10m,1,10.0,0,1,work.genova/results/CMR2_0.32788344019442800_CMC_0.44991293220701950_S+Si_Edmund/pMetaData_0.08.csv,genova|S+Si_0.08|crash_lt_1.95Mm,789,26,30.346153846153847
genova,0.3353657116360937,0.43987502264415546,S+Si,0.08,S+Si_0.08,crash_lt_1.95Mm,10m,1,10.0,0,1,work.genova/results/CMR2_0.33536571163609369_CMC_0.43987502264415546_S+Si_Edmund/pMetaData_0.08.csv,genova|S+Si_0.08|crash_lt_1.95Mm,789,26,30.346153846153847
genova,0.3347045827174425,0.44074389063425373,S+Si,0.08,S+Si_0.08,crash_lt_1.95Mm,10m,1,10.0,0,1,work.genova/results/CMR2_0.33470458271744252_CMC_0.44074389063425373_S+Si_Edmund/pMetaData_0.08.csv,genova|S+Si_0.08|crash_lt_1.95Mm,789,26,30.346153846153847
genova,0.3302194111889324,0.446730249650885,S+Si,0.08,S+Si_0.08,crash_lt_1.95Mm,10m,1,10.0,0,1,work.genova/results/CMR2_0.33021941118893239_CMC_0.44673024965088498_S+Si_Edmund/pMetaData_0.08.csv,genova|S+Si_0.08|crash_lt_1.95Mm,789,26,30.346153846153847
genova,0.3316764464969319,0.4447677896879681,S+Si,0.08,S+Si_0.08,crash_lt_1.95Mm,10m,1,10.0,0,1,work.genova/results/CMR2_0.33167644649693190_CMC_0.44476778968796810_S+Si_Edmund/pMetaData_0.08.csv,genova|S+Si_0.08|crash_lt_1.95Mm,789,26,30.346153846153847
genova,0.3257498694689885,0.4528597363384174,S+Si,0.08,S+Si_0.08,crash_lt_1.95Mm,10m,1,10.0,0,1,work.genova/results/CMR2_0.32574986946898848_CMC_0.45285973633841742_S+Si_Edmund/pMetaData_0.08.csv,genova|S+Si_0.08|crash_lt_1.95Mm,789,26,30.346153846153847
genova,0.33259805935850467,0.4435353600214201,S+Si,0.08,S+Si_0.08,crash_lt_1.95Mm,10m,1,10.0,0,1,work.genova/results/CMR2_0.33259805935850467_CMC_0.44353536002142008_S+Si_Edmund/pMetaData_0.08.csv,genova|S+Si_0.08|crash_lt_1.95Mm,789,26,30.346153846153847
genova,0.334453781737032,0.4410743966889526,S+Si,0.08,S+Si_0.08,crash_lt_1.95Mm,10m,1,10.0,0,1,work.genova/results/CMR2_0.33445378173703200_CMC_0.44107439668895260_S+Si_Edmund/pMetaData_0.08.csv,genova|S+Si_0.08|crash_lt_1.95Mm,789,26,30.346153846153847
genova,0.33457628508840953,0.44091289961277175,S+Si,0.08,S+Si_0.08,crash_lt_1.95Mm,10m,1,10.0,0,1,work.genova/results/CMR2_0.33457628508840953_CMC_0.44091289961277175_S+Si_Edmund/pMetaData_0.08.csv,genova|S+Si_0.08|crash_lt_1.95Mm,789,26,30.346153846153847
genova,0.33072514466506087,0.4460471251721687,S+Si,0.08,S+Si_0.08,crash_lt_1.95Mm,10m,1,10.0,0,1,work.genova/results/CMR2_0.33072514466506087_CMC_0.44604712517216871_S+Si_Edmund/pMetaData_0.08.csv,genova|S+Si_0.08|crash_lt_1.95Mm,789,26,30.346153846153847
genova,0.32980510929982126,0.4472914331533067,S+Si,0.08,S+Si_0.08,crash_lt_1.95Mm,10m,1,10.0,0,1,work.genova/results/CMR2_0.32980510929982126_CMC_0.44729143315330672_S+Si_Edmund/pMetaData_0.08.csv,genova|S+Si_0.08|crash_lt_1.95Mm,789,26,30.346153846153847
genova,0.32791374994531786,0.4498713458176119,S+Si,0.08,S+Si_0.08,crash_lt_1.95Mm,10m,1,10.0,0,1,work.genova/results/CMR2_0.32791374994531786_CMC_0.44987134581761190_S+Si_Edmund/pMetaData_0.08.csv,genova|S+Si_0.08|crash_lt_1.95Mm,789,26,30.346153846153847
genova,0.32443461017295067,0.45469563164472526,S+Si,0.08,S+Si_0.08,crash_lt_1.95Mm,10m,1,10.0,0,1,work.genova/results/CMR2_0.32443461017295067_CMC_0.45469563164472526_S+Si_Edmund/pMetaData_0.08.csv,genova|S+Si_0.08|crash_lt_1.95Mm,789,26,30.346153846153847
genova,0.32761251533445207,0.4502849955210083,S+Si,0.08,S+Si_0.08,crash_lt_1.95Mm,10m,1,10.0,0,1,work.genova/results/CMR2_0.32761251533445207_CMC_0.45028499552100831_S+Si_Edmund/pMetaData_0.08.csv,genova|S+Si_0.08|crash_lt_1.95Mm,789,26,30.346153846153847
genova,0.32802710227227777,0.4497158892607367,S+Si,0.08,S+Si_0.08,crash_lt_1.95Mm,10m,1,10.0,0,1,work.genova/results/CMR2_0.32802710227227777_CMC_0.44971588926073669_S+Si_Edmund/pMetaData_0.08.csv,genova|S+Si_0.08|crash_lt_1.95Mm,789,26,30.346153846153847
genova,0.3331881515984138,0.4427498375686607,S+Si,0.08,S+Si_0.08,crash_lt_1.95Mm,10m,1,10.0,0,1,work.genova/results/CMR2_0.33318815159841381_CMC_0.44274983756866071_S+Si_Edmund/pMetaData_0.08.csv,genova|S+Si_0.08|crash_lt_1.95Mm,789,26,30.346153846153847
genova,0.33254265001642247,0.4436092633312294,S+Si,0.08,S+Si_0.08,crash_lt_1.95Mm,10m,1,10.0,0,1,work.genova/results/CMR2_0.33254265001642247_CMC_0.44360926333122941_S+Si_Edmund/pMetaData_0.08.csv,genova|S+Si_0.08|crash_lt_1.95Mm,789,26,30.346153846153847
genova,0.33235564372867027,0.4438588686053188,S+Si,0.08,S+Si_0.08,crash_lt_1.95Mm,10m,1,10.0,0,1,work.genova/results/CMR2_0.33235564372867027_CMC_0.44385886860531881_S+Si_Edmund/pMetaData_0.08.csv,genova|S+Si_0.08|crash_lt_1.95Mm,789,26,30.346153846153847
genova,0.33157090163401454,0.4449093671157862,S+Si,0.08,S+Si_0.08,crash_lt_1.95Mm,10m,1,10.0,0,1,work.genova/results/CMR2_0.33157090163401454_CMC_0.44490936711578621_S+Si_Edmund/pMetaData_0.08.csv,genova|S+Si_0.08|crash_lt_1.95Mm,789,26,30.346153846153847
genova,0.33390652039406143,0.4417973025082132,S+Si,0.08,S+Si_0.08,crash_lt_1.95Mm,10m,1,10.0,0,1,work.genova/results/CMR2_0.33390652039406143_CMC_0.44179730250821320_S+Si_Edmund/pMetaData_0.08.csv,genova|S+Si_0.08|crash_lt_1.95Mm,789,26,30.346153846153847
genova,0.3295429873321216,0.4476472134766646,S+Si,0.08,S+Si_0.08,crash_lt_1.95Mm,10m,1,10.0,0,1,work.genova/results/CMR2_0.32954298733212162_CMC_0.44764721347666458_S+Si_Edmund/pMetaData_0.08.csv,genova|S+Si_0.08|crash_lt_1.95Mm,789,26,30.346153846153847
genova,0.33318281926248133,0.442756923440835,S+Si,0.08,S+Si_0.08,crash_lt_1.95Mm,10m,1,10.0,0,1,work.genova/results/CMR2_0.33318281926248133_CMC_0.44275692344083500_S+Si_Edmund/pMetaData_0.08.csv,genova|S+Si_0.08|crash_lt_1.95Mm,789,26,30.346153846153847
genova,0.33321140820471484,0.4427189356895274,S+Si,0.08,S+Si_0.08,crash_lt_1.95Mm,10m,1,10.0,0,1,work.genova/results/CMR2_0.33321140820471484_CMC_0.44271893568952742_S+Si_Edmund/pMetaData_0.08.csv,genova|S+Si_0.08|crash_lt_1.95Mm,789,26,30.346153846153847
genova,0.3274489514216627,0.4505099172238203,S+Si,0.08,S+Si_0.08,crash_lt_1.95Mm,10m,1,10.0,0,1,work.genova/results/CMR2_0.32744895142166269_CMC_0.45050991722382028_S+Si_Edmund/pMetaData_0.08.csv,genova|S+Si_0.08|crash_lt_1.95Mm,789,26,30.346153846153847
genova,0.33000472842299017,0.44702086756440224,S+Si,0.08,S+Si_0.08,crash_lt_1.95Mm,10m,1,10.0,0,1,work.genova/results/CMR2_0.33000472842299017_CMC_0.44702086756440224_S+Si_Edmund/pMetaData_0.08.csv,genova|S+Si_0.08|crash_lt_1.95Mm,789,26,30.346153846153847
genova,0.3308688567386428,0.4458533857011722,S+Si,0.08,S+Si_0.08,crash_lt_1.95Mm,10m,1,10.0,0,1,work.genova/results/CMR2_0.33086885673864280_CMC_0.44585338570117222_S+Si_Edmund/pMetaData_0.08.csv,genova|S+Si_0.08|crash_lt_1.95Mm,789,26,30.346153846153847
genova,0.33838832660599405,0.4359458893857331,S+Si,0.08,S+Si_0.08,detJ0,>=1.5Mm,34,1650010.0,33,1,work.genova/results/CMR2_0.33838832660599405_CMC_0.43594588938573309_S+Si_Edmund/pMetaData_0.08.csv,genova|S+Si_0.08|detJ0,223,13,17.153846153846153
genova,0.338996191395677,0.4351641810270829,S+Si,0.08,S+Si_0.08,detJ0,>=1.5Mm,33,1600010.0,32,1,work.genova/results/CMR2_0.33899619139567699_CMC_0.43516418102708287_S+Si_Edmund/pMetaData_0.08.csv,genova|S+Si_0.08|detJ0,223,13,17.153846153846153
genova,0.33585405023080767,0.43923543544769256,S+Si,0.08,S+Si_0.08,detJ0,>=1.5Mm,36,1750010.0,35,1,work.genova/results/CMR2_0.33585405023080767_CMC_0.43923543544769256_S+Si_Edmund/pMetaData_0.08.csv,genova|S+Si_0.08|detJ0,223,13,17.153846153846153
genova,0.33829744562659014,0.43606300286059574,S+Si,0.08,S+Si_0.08,detJ0,>=1.5Mm,34,1650010.0,33,1,work.genova/results/CMR2_0.33829744562659014_CMC_0.43606300286059574_S+Si_Edmund/pMetaData_0.08.csv,genova|S+Si_0.08|detJ0,223,13,17.153846153846153
genova,0.33765876962593133,0.4368878088474529,S+Si,0.08,S+Si_0.08,detJ0,>=1.5Mm,34,1650010.0,33,1,work.genova/results/CMR2_0.33765876962593133_CMC_0.43688780884745287_S+Si_Edmund/pMetaData_0.08.csv,genova|S+Si_0.08|detJ0,223,13,17.153846153846153
genova,0.3369971975878179,0.4377454799503433,S+Si,0.08,S+Si_0.08,detJ0,>=1.5Mm,33,1600010.0,32,1,work.genova/results/CMR2_0.33699719758781788_CMC_0.43774547995034330_S+Si_Edmund/pMetaData_0.08.csv,genova|S+Si_0.08|detJ0,223,13,17.153846153846153
genova,0.33663050121670557,0.43822232229941277,S+Si,0.08,S+Si_0.08,detJ0,>=1.5Mm,35,1700010.0,34,1,work.genova/results/CMR2_0.33663050121670557_CMC_0.43822232229941277_S+Si_Edmund/pMetaData_0.08.csv,genova|S+Si_0.08|detJ0,223,13,17.153846153846153
genova,0.33818232076462157,0.43621144850642496,S+Si,0.08,S+Si_0.08,detJ0,>=1.5Mm,32,1550010.0,31,1,work.genova/results/CMR2_0.33818232076462157_CMC_0.43621144850642496_S+Si_Edmund/pMetaData_0.08.csv,genova|S+Si_0.08|detJ0,223,13,17.153846153846153
genova,0.33917899881494695,0.434929640441816,S+Si,0.08,S+Si_0.08,detJ0,>=1.5Mm,32,1550010.0,31,1,work.genova/results/CMR2_0.33917899881494695_CMC_0.43492964044181598_S+Si_Edmund/pMetaData_0.08.csv,genova|S+Si_0.08|detJ0,223,13,17.153846153846153
genova,0.33596222219216587,0.43909401193215447,S+Si,0.08,S+Si_0.08,detJ0,>=1.5Mm,35,1700010.0,34,1,work.genova/results/CMR2_0.33596222219216587_CMC_0.43909401193215447_S+Si_Edmund/pMetaData_0.08.csv,genova|S+Si_0.08|detJ0,223,13,17.153846153846153
genova,0.3391977987781475,0.43490553456240116,S+Si,0.08,S+Si_0.08,detJ0,>=1.5Mm,32,1550010.0,31,1,work.genova/results/CMR2_0.33919779877814749_CMC_0.43490553456240116_S+Si_Edmund/pMetaData_0.08.csv,genova|S+Si_0.08|detJ0,223,13,17.153846153846153
genova,0.3365281801488022,0.4383555633729447,S+Si,0.08,S+Si_0.08,detJ0,>=1.5Mm,35,1700010.0,34,1,work.genova/results/CMR2_0.33652818014880220_CMC_0.43835556337294468_S+Si_Edmund/pMetaData_0.08.csv,genova|S+Si_0.08|detJ0,223,13,17.153846153846153
genova,0.33606875717579926,0.4389548175786899,S+Si,0.08,S+Si_0.08,detJ0,>=1.5Mm,34,1650010.0,33,1,work.genova/results/CMR2_0.33606875717579926_CMC_0.43895481757868993_S+Si_Edmund/pMetaData_0.08.csv,genova|S+Si_0.08|detJ0,223,13,17.153846153846153
genova,0.336874749959129,0.43790459219011696,S+Si,0.08,S+Si_0.08,newton_maxit,>=1.5Mm,33,1600010.0,32,1,work.genova/results/CMR2_0.33687474995912903_CMC_0.43790459219011696_S+Si_Edmund/pMetaData_0.08.csv,genova|S+Si_0.08|newton_maxit,12,8,1.5
genova,0.34046029923455884,0.43329281073787507,S+Si,0.08,S+Si_0.08,newton_maxit,50km-1.45Mm,30,1450010.0,29,1,work.genova/results/CMR2_0.34046029923455884_CMC_0.43329281073787507_S+Si_Edmund/pMetaData_0.08.csv,genova|S+Si_0.08|newton_maxit,12,8,1.5
genova,0.3371390886276027,0.43756124690408305,S+Si,0.08,S+Si_0.08,newton_maxit,>=1.5Mm,33,1600010.0,32,1,work.genova/results/CMR2_0.33713908862760272_CMC_0.43756124690408305_S+Si_Edmund/pMetaData_0.08.csv,genova|S+Si_0.08|newton_maxit,12,8,1.5
genova,0.339454470486654,0.43457668944088884,S+Si,0.08,S+Si_0.08,newton_maxit,>=1.5Mm,31,1500010.0,30,1,work.genova/results/CMR2_0.33945447048665400_CMC_0.43457668944088884_S+Si_Edmund/pMetaData_0.08.csv,genova|S+Si_0.08|newton_maxit,12,8,1.5
genova,0.33688373177130587,0.4378929170142996,S+Si,0.08,S+Si_0.08,newton_maxit,>=1.5Mm,33,1600010.0,32,1,work.genova/results/CMR2_0.33688373177130587_CMC_0.43789291701429961_S+Si_Edmund/pMetaData_0.08.csv,genova|S+Si_0.08|newton_maxit,12,8,1.5
genova,0.33821811750403447,0.4361652802299697,S+Si,0.08,S+Si_0.08,newton_maxit,>=1.5Mm,32,1550010.0,31,1,work.genova/results/CMR2_0.33821811750403447_CMC_0.43616528022996970_S+Si_Edmund/pMetaData_0.08.csv,genova|S+Si_0.08|newton_maxit,12,8,1.5
genova,0.337226259352338,0.43744814025846784,S+Si,0.08,S+Si_0.08,newton_maxit,>=1.5Mm,33,1600010.0,32,1,work.genova/results/CMR2_0.33722625935233802_CMC_0.43744814025846784_S+Si_Edmund/pMetaData_0.08.csv,genova|S+Si_0.08|newton_maxit,12,8,1.5
genova,0.3380355601616159,0.4364008328871397,S+Si,0.08,S+Si_0.08,newton_maxit,>=1.5Mm,32,1550010.0,31,1,work.genova/results/CMR2_0.33803556016161590_CMC_0.43640083288713971_S+Si_Edmund/pMetaData_0.08.csv,genova|S+Si_0.08|newton_maxit,12,8,1.5
genova,0.33131143676029984,0.4452577956333224,S+Si,0.09,S+Si_0.09,crash_lt_1.95Mm,10m,1,10.0,0,1,work.genova/results/CMR2_0.33131143676029984_CMC_0.44525779563332241_S+Si_Edmund/pMetaData_0.09.csv,genova|S+Si_0.09|crash_lt_1.95Mm,846,28,30.214285714285715
genova,0.33373949960058585,0.44201840110789525,S+Si,0.09,S+Si_0.09,crash_lt_1.95Mm,10m,1,10.0,0,1,work.genova/results/CMR2_0.33373949960058585_CMC_0.44201840110789525_S+Si_Edmund/pMetaData_0.09.csv,genova|S+Si_0.09|crash_lt_1.95Mm,846,28,30.214285714285715
genova,0.3277742405262125,0.45006282300638184,S+Si,0.09,S+Si_0.09,crash_lt_1.95Mm,10m,1,10.0,0,1,work.genova/results/CMR2_0.32777424052621251_CMC_0.45006282300638184_S+Si_Edmund/pMetaData_0.09.csv,genova|S+Si_0.09|crash_lt_1.95Mm,846,28,30.214285714285715
genova,0.33998917664025274,0.43389322406604697,S+Si,0.09,S+Si_0.09,crash_lt_1.95Mm,>=1.5Mm,32,1550010.0,31,1,work.genova/results/CMR2_0.33998917664025274_CMC_0.43389322406604697_S+Si_Edmund/pMetaData_0.09.csv,genova|S+Si_0.09|crash_lt_1.95Mm,846,28,30.214285714285715
genova,0.33417300993498844,0.4414449869206943,S+Si,0.09,S+Si_0.09,crash_lt_1.95Mm,10m,1,10.0,0,1,work.genova/results/CMR2_0.33417300993498844_CMC_0.44144498692069428_S+Si_Edmund/pMetaData_0.09.csv,genova|S+Si_0.09|crash_lt_1.95Mm,846,28,30.214285714285715
genova,0.33469721401590724,0.4407535940618521,S+Si,0.09,S+Si_0.09,crash_lt_1.95Mm,10m,1,10.0,0,1,work.genova/results/CMR2_0.33469721401590724_CMC_0.44075359406185211_S+Si_Edmund/pMetaData_0.09.csv,genova|S+Si_0.09|crash_lt_1.95Mm,846,28,30.214285714285715
genova,0.331760246857686,0.44465544439771504,S+Si,0.09,S+Si_0.09,crash_lt_1.95Mm,10m,1,10.0,0,1,work.genova/results/CMR2_0.33176024685768601_CMC_0.44465544439771504_S+Si_Edmund/pMetaData_0.09.csv,genova|S+Si_0.09|crash_lt_1.95Mm,846,28,30.214285714285715
genova,0.33617217401749394,0.43881978165249136,S+Si,0.09,S+Si_0.09,crash_lt_1.95Mm,10m,1,10.0,0,1,work.genova/results/CMR2_0.33617217401749394_CMC_0.43881978165249136_S+Si_Edmund/pMetaData_0.09.csv,genova|S+Si_0.09|crash_lt_1.95Mm,846,28,30.214285714285715
genova,0.33002702193338856,0.4469906710541257,S+Si,0.09,S+Si_0.09,crash_lt_1.95Mm,10m,1,10.0,0,1,work.genova/results/CMR2_0.33002702193338856_CMC_0.44699067105412571_S+Si_Edmund/pMetaData_0.09.csv,genova|S+Si_0.09|crash_lt_1.95Mm,846,28,30.214285714285715
genova,0.3303122716205151,0.446604660723837,S+Si,0.09,S+Si_0.09,crash_lt_1.95Mm,10m,1,10.0,0,1,work.genova/results/CMR2_0.33031227162051507_CMC_0.44660466072383698_S+Si_Edmund/pMetaData_0.09.csv,genova|S+Si_0.09|crash_lt_1.95Mm,846,28,30.214285714285715
genova,0.33091712181100097,0.44578835689334195,S+Si,0.09,S+Si_0.09,crash_lt_1.95Mm,10m,1,10.0,0,1,work.genova/results/CMR2_0.33091712181100097_CMC_0.44578835689334195_S+Si_Edmund/pMetaData_0.09.csv,genova|S+Si_0.09|crash_lt_1.95Mm,846,28,30.214285714285715
genova,0.33613495154891604,0.4388683750982448,S+Si,0.09,S+Si_0.09,crash_lt_1.95Mm,10m,1,10.0,0,1,work.genova/results/CMR2_0.33613495154891604_CMC_0.43886837509824478_S+Si_Edmund/pMetaData_0.09.csv,genova|S+Si_0.09|crash_lt_1.95Mm,846,28,30.214285714285715
genova,0.32980510929982126,0.4472914331533067,S+Si,0.09,S+Si_0.09,crash_lt_1.95Mm,10m,1,10.0,0,1,work.genova/results/CMR2_0.32980510929982126_CMC_0.44729143315330672_S+Si_Edmund/pMetaData_0.09.csv,genova|S+Si_0.09|crash_lt_1.95Mm,846,28,30.214285714285715
genova,0.3336362640634554,0.4421551728320003,S+Si,0.09,S+Si_0.09,crash_lt_1.95Mm,10m,1,10.0,0,1,work.genova/results/CMR2_0.33363626406345542_CMC_0.44215517283200029_S+Si_Edmund/pMetaData_0.09.csv,genova|S+Si_0.09|crash_lt_1.95Mm,846,28,30.214285714285715
genova,0.3298041524330622,0.44729273088804056,S+Si,0.09,S+Si_0.09,crash_lt_1.95Mm,10m,1,10.0,0,1,work.genova/results/CMR2_0.32980415243306221_CMC_0.44729273088804056_S+Si_Edmund/pMetaData_0.09.csv,genova|S+Si_0.09|crash_lt_1.95Mm,846,28,30.214285714285715
genova,0.3306472470697039,0.44615220996804933,S+Si,0.09,S+Si_0.09,crash_lt_1.95Mm,10m,1,10.0,0,1,work.genova/results/CMR2_0.33064724706970389_CMC_0.44615220996804933_S+Si_Edmund/pMetaData_0.09.csv,genova|S+Si_0.09|crash_lt_1.95Mm,846,28,30.214285714285715
genova,0.3370755863768056,0.4376436798216926,S+Si,0.09,S+Si_0.09,crash_lt_1.95Mm,>=1.5Mm,35,1700010.0,34,1,work.genova/results/CMR2_0.33707558637680562_CMC_0.43764367982169261_S+Si_Edmund/pMetaData_0.09.csv,genova|S+Si_0.09|crash_lt_1.95Mm,846,28,30.214285714285715
genova,0.3295262274437824,0.447669981064457,S+Si,0.09,S+Si_0.09,crash_lt_1.95Mm,10m,1,10.0,0,1,work.genova/results/CMR2_0.32952622744378240_CMC_0.44766998106445699_S+Si_Edmund/pMetaData_0.09.csv,genova|S+Si_0.09|crash_lt_1.95Mm,846,28,30.214285714285715
genova,0.32751763892296104,0.45041543559337743,S+Si,0.09,S+Si_0.09,crash_lt_1.95Mm,10m,1,10.0,0,1,work.genova/results/CMR2_0.32751763892296104_CMC_0.45041543559337743_S+Si_Edmund/pMetaData_0.09.csv,genova|S+Si_0.09|crash_lt_1.95Mm,846,28,30.214285714285715
genova,0.3299349015964723,0.44711547425323156,S+Si,0.09,S+Si_0.09,crash_lt_1.95Mm,10m,1,10.0,0,1,work.genova/results/CMR2_0.32993490159647232_CMC_0.44711547425323156_S+Si_Edmund/pMetaData_0.09.csv,genova|S+Si_0.09|crash_lt_1.95Mm,846,28,30.214285714285715
genova,0.3361805022997571,0.43880891066211786,S+Si,0.09,S+Si_0.09,crash_lt_1.95Mm,10m,1,10.0,0,1,work.genova/results/CMR2_0.33618050229975710_CMC_0.43880891066211786_S+Si_Edmund/pMetaData_0.09.csv,genova|S+Si_0.09|crash_lt_1.95Mm,846,28,30.214285714285715
genova,0.3337412363697694,0.44201610087090343,S+Si,0.09,S+Si_0.09,crash_lt_1.95Mm,10m,1,10.0,0,1,work.genova/results/CMR2_0.33374123636976938_CMC_0.44201610087090343_S+Si_Edmund/pMetaData_0.09.csv,genova|S+Si_0.09|crash_lt_1.95Mm,846,28,30.214285714285715
genova,0.3308688567386428,0.4458533857011722,S+Si,0.09,S+Si_0.09,crash_lt_1.95Mm,10m,1,10.0,0,1,work.genova/results/CMR2_0.33086885673864280_CMC_0.44585338570117222_S+Si_Edmund/pMetaData_0.09.csv,genova|S+Si_0.09|crash_lt_1.95Mm,846,28,30.214285714285715
genova,0.326978125550324,0.45115862032579884,S+Si,0.09,S+Si_0.09,crash_lt_1.95Mm,10m,1,10.0,0,1,work.genova/results/CMR2_0.32697812555032402_CMC_0.45115862032579884_S+Si_Edmund/pMetaData_0.09.csv,genova|S+Si_0.09|crash_lt_1.95Mm,846,28,30.214285714285715
genova,0.332895800472354,0.4431386631813369,S+Si,0.09,S+Si_0.09,crash_lt_1.95Mm,10m,1,10.0,0,1,work.genova/results/CMR2_0.33289580047235401_CMC_0.44313866318133688_S+Si_Edmund/pMetaData_0.09.csv,genova|S+Si_0.09|crash_lt_1.95Mm,846,28,30.214285714285715
genova,0.32859369579024195,0.4489404449626717,S+Si,0.09,S+Si_0.09,crash_lt_1.95Mm,10m,1,10.0,0,1,work.genova/results/CMR2_0.32859369579024195_CMC_0.44894044496267171_S+Si_Edmund/pMetaData_0.09.csv,genova|S+Si_0.09|crash_lt_1.95Mm,846,28,30.214285714285715
genova,0.3336830510391176,0.4420931765656458,S+Si,0.09,S+Si_0.09,crash_lt_1.95Mm,10m,1,10.0,0,1,work.genova/results/CMR2_0.33368305103911761_CMC_0.44209317656564578_S+Si_Edmund/pMetaData_0.09.csv,genova|S+Si_0.09|crash_lt_1.95Mm,846,28,30.214285714285715
genova,0.33295683082204836,0.4430574367126975,S+Si,0.09,S+Si_0.09,crash_lt_1.95Mm,10m,1,10.0,0,1,work.genova/results/CMR2_0.33295683082204836_CMC_0.44305743671269748_S+Si_Edmund/pMetaData_0.09.csv,genova|S+Si_0.09|crash_lt_1.95Mm,846,28,30.214285714285715
genova,0.33973268916695876,0.43422079977562317,S+Si,0.09,S+Si_0.09,detJ0,>=1.5Mm,34,1650010.0,33,1,work.genova/results/CMR2_0.33973268916695876_CMC_0.43422079977562317_S+Si_Edmund/pMetaData_0.09.csv,genova|S+Si_0.09|detJ0,163,12,13.583333333333334
genova,0.3374493484441938,0.43715894157192664,S+Si,0.09,S+Si_0.09,detJ0,>=1.5Mm,34,1650010.0,33,1,work.genova/results/CMR2_0.33744934844419378_CMC_0.43715894157192664_S+Si_Edmund/pMetaData_0.09.csv,genova|S+Si_0.09|detJ0,163,12,13.583333333333334
genova,0.3408622768244979,0.4327818301699432,S+Si,0.09,S+Si_0.09,detJ0,>=1.5Mm,33,1600010.0,32,1,work.genova/results/CMR2_0.34086227682449788_CMC_0.43278183016994320_S+Si_Edmund/pMetaData_0.09.csv,genova|S+Si_0.09|detJ0,163,12,13.583333333333334
genova,0.34042718874120553,0.4333349534902886,S+Si,0.09,S+Si_0.09,detJ0,>=1.5Mm,33,1600010.0,32,1,work.genova/results/CMR2_0.34042718874120553_CMC_0.43333495349028861_S+Si_Edmund/pMetaData_0.09.csv,genova|S+Si_0.09|detJ0,163,12,13.583333333333334
genova,0.33836446961032873,0.4359766265349538,S+Si,0.09,S+Si_0.09,detJ0,>=1.5Mm,35,1700010.0,34,1,work.genova/results/CMR2_0.33836446961032873_CMC_0.43597662653495378_S+Si_Edmund/pMetaData_0.09.csv,genova|S+Si_0.09|detJ0,163,12,13.583333333333334
genova,0.34477939041228794,0.4278649017378808,S+Si,0.09,S+Si_0.09,detJ0,50km-1.45Mm,28,1350010.0,27,1,work.genova/results/CMR2_0.34477939041228794_CMC_0.42786490173788078_S+Si_Edmund/pMetaData_0.09.csv,genova|S+Si_0.09|detJ0,163,12,13.583333333333334
genova,0.3443782800405786,0.4283632521267533,S+Si,0.09,S+Si_0.09,detJ0,50km-1.45Mm,30,1450010.0,29,1,work.genova/results/CMR2_0.34437828004057858_CMC_0.42836325212675330_S+Si_Edmund/pMetaData_0.09.csv,genova|S+Si_0.09|detJ0,163,12,13.583333333333334
genova,0.3393719183511555,0.43468240011349113,S+Si,0.09,S+Si_0.09,detJ0,>=1.5Mm,33,1600010.0,32,1,work.genova/results/CMR2_0.33937191835115549_CMC_0.43468240011349113_S+Si_Edmund/pMetaData_0.09.csv,genova|S+Si_0.09|detJ0,163,12,13.583333333333334
genova,0.3390272988252108,0.4351242525636705,S+Si,0.09,S+Si_0.09,detJ0,>=1.5Mm,34,1650010.0,33,1,work.genova/results/CMR2_0.33902729882521082_CMC_0.43512425256367049_S+Si_Edmund/pMetaData_0.09.csv,genova|S+Si_0.09|detJ0,163,12,13.583333333333334
genova,0.33845989767311774,0.43585370383368977,S+Si,0.09,S+Si_0.09,detJ0,>=1.5Mm,35,1700010.0,34,1,work.genova/results/CMR2_0.33845989767311774_CMC_0.43585370383368977_S+Si_Edmund/pMetaData_0.09.csv,genova|S+Si_0.09|detJ0,163,12,13.583333333333334
genova,0.3392852636564072,0.4347934195850955,S+Si,0.09,S+Si_0.09,detJ0,>=1.5Mm,33,1600010.0,32,1,work.genova/results/CMR2_0.33928526365640721_CMC_0.43479341958509549_S+Si_Edmund/pMetaData_0.09.csv,genova|S+Si_0.09|detJ0,163,12,13.583333333333334
genova,0.3468689536377027,0.4252874131654933,S+Si,0.09,S+Si_0.09,detJ0,50km-1.45Mm,28,1350010.0,27,1,work.genova/results/CMR2_0.34686895363770270_CMC_0.42528741316549329_S+Si_Edmund/pMetaData_0.09.csv,genova|S+Si_0.09|detJ0,163,12,13.583333333333334
genova,0.33958774016297366,0.43440614178003967,S+Si,0.09,S+Si_0.09,newton_maxit,>=1.5Mm,32,1550010.0,31,1,work.genova/results/CMR2_0.33958774016297366_CMC_0.43440614178003967_S+Si_Edmund/pMetaData_0.09.csv,genova|S+Si_0.09|newton_maxit,15,8,1.875
genova,0.33941814643429774,0.4346231972265977,S+Si,0.09,S+Si_0.09,newton_maxit,>=1.5Mm,32,1550010.0,31,1,work.genova/results/CMR2_0.33941814643429774_CMC_0.43462319722659770_S+Si_Edmund/pMetaData_0.09.csv,genova|S+Si_0.09|newton_maxit,15,8,1.875
genova,0.33869927619922313,0.43554566060905675,S+Si,0.09,S+Si_0.09,newton_maxit,>=1.5Mm,33,1600010.0,32,1,work.genova/results/CMR2_0.33869927619922313_CMC_0.43554566060905675_S+Si_Edmund/pMetaData_0.09.csv,genova|S+Si_0.09|newton_maxit,15,8,1.875
genova,0.3372030922529055,0.43747819456340975,S+Si,0.09,S+Si_0.09,newton_maxit,>=1.5Mm,34,1650010.0,33,1,work.genova/results/CMR2_0.33720309225290551_CMC_0.43747819456340975_S+Si_Edmund/pMetaData_0.09.csv,genova|S+Si_0.09|newton_maxit,15,8,1.875
genova,0.33827918960370956,0.4360865360142814,S+Si,0.09,S+Si_0.09,newton_maxit,>=1.5Mm,33,1600010.0,32,1,work.genova/results/CMR2_0.33827918960370956_CMC_0.43608653601428138_S+Si_Edmund/pMetaData_0.09.csv,genova|S+Si_0.09|newton_maxit,15,8,1.875
genova,0.3395403200831166,0.43446681078667954,S+Si,0.09,S+Si_0.09,newton_maxit,>=1.5Mm,32,1550010.0,31,1,work.genova/results/CMR2_0.33954032008311658_CMC_0.43446681078667954_S+Si_Edmund/pMetaData_0.09.csv,genova|S+Si_0.09|newton_maxit,15,8,1.875
genova,0.3383198104386025,0.43603417668257244,S+Si,0.09,S+Si_0.09,newton_maxit,>=1.5Mm,33,1600010.0,32,1,work.genova/results/CMR2_0.33831981043860249_CMC_0.43603417668257244_S+Si_Edmund/pMetaData_0.09.csv,genova|S+Si_0.09|newton_maxit,15,8,1.875
genova,0.3382978737734306,0.43606245098306,S+Si,0.09,S+Si_0.09,newton_maxit,>=1.5Mm,33,1600010.0,32,1,work.genova/results/CMR2_0.33829787377343062_CMC_0.43606245098306001_S+Si_Edmund/pMetaData_0.09.csv,genova|S+Si_0.09|newton_maxit,15,8,1.875
genova,0.3344880798731912,0.4410291692783982,S+Si,0.10,S+Si_0.10,crash_lt_1.95Mm,10m,1,10.0,0,1,work.genova/results/CMR2_0.33448807987319118_CMC_0.44102916927839819_S+Si_Edmund/pMetaData_0.10.csv,genova|S+Si_0.10|crash_lt_1.95Mm,902,29,31.103448275862068
genova,0.3299349015964723,0.44711547425323156,S+Si,0.10,S+Si_0.10,crash_lt_1.95Mm,10m,1,10.0,0,1,work.genova/results/CMR2_0.32993490159647232_CMC_0.44711547425323156_S+Si_Edmund/pMetaData_0.10.csv,genova|S+Si_0.10|crash_lt_1.95Mm,902,29,31.103448275862068
genova,0.32708543152445846,0.4510106100184685,S+Si,0.10,S+Si_0.10,crash_lt_1.95Mm,10m,1,10.0,0,1,work.genova/results/CMR2_0.32708543152445846_CMC_0.45101061001846848_S+Si_Edmund/pMetaData_0.10.csv,genova|S+Si_0.10|crash_lt_1.95Mm,902,29,31.103448275862068
genova,0.3301506450086355,0.44682329788009795,S+Si,0.10,S+Si_0.10,crash_lt_1.95Mm,10m,1,10.0,0,1,work.genova/results/CMR2_0.33015064500863550_CMC_0.44682329788009795_S+Si_Edmund/pMetaData_0.10.csv,genova|S+Si_0.10|crash_lt_1.95Mm,902,29,31.103448275862068
genova,0.33329598396196514,0.44260659323406215,S+Si,0.10,S+Si_0.10,crash_lt_1.95Mm,10m,1,10.0,0,1,work.genova/results/CMR2_0.33329598396196514_CMC_0.44260659323406215_S+Si_Edmund/pMetaData_0.10.csv,genova|S+Si_0.10|crash_lt_1.95Mm,902,29,31.103448275862068
genova,0.3299126209517515,0.44714567019118107,S+Si,0.10,S+Si_0.10,crash_lt_1.95Mm,10m,1,10.0,0,1,work.genova/results/CMR2_0.32991262095175150_CMC_0.44714567019118107_S+Si_Edmund/pMetaData_0.10.csv,genova|S+Si_0.10|crash_lt_1.95Mm,902,29,31.103448275862068
genova,0.3322293724573047,0.4440275671861551,S+Si,0.10,S+Si_0.10,crash_lt_1.95Mm,10m,1,10.0,0,1,work.genova/results/CMR2_0.33222937245730472_CMC_0.44402756718615510_S+Si_Edmund/pMetaData_0.10.csv,genova|S+Si_0.10|crash_lt_1.95Mm,902,29,31.103448275862068
genova,0.3348684195274956,0.44052825347983415,S+Si,0.10,S+Si_0.10,crash_lt_1.95Mm,10m,1,10.0,0,1,work.genova/results/CMR2_0.33486841952749558_CMC_0.44052825347983415_S+Si_Edmund/pMetaData_0.10.csv,genova|S+Si_0.10|crash_lt_1.95Mm,902,29,31.103448275862068
genova,0.33394381781993004,0.4417479591718196,S+Si,0.10,S+Si_0.10,crash_lt_1.95Mm,10m,1,10.0,0,1,work.genova/results/CMR2_0.33394381781993004_CMC_0.44174795917181958_S+Si_Edmund/pMetaData_0.10.csv,genova|S+Si_0.10|crash_lt_1.95Mm,902,29,31.103448275862068
genova,0.3344222717709044,0.4411159556414285,S+Si,0.10,S+Si_0.10,crash_lt_1.95Mm,10m,1,10.0,0,1,work.genova/results/CMR2_0.33442227177090439_CMC_0.44111595564142853_S+Si_Edmund/pMetaData_0.10.csv,genova|S+Si_0.10|crash_lt_1.95Mm,902,29,31.103448275862068
genova,0.3269948958252167,0.4511354821845628,S+Si,0.10,S+Si_0.10,crash_lt_1.95Mm,10m,1,10.0,0,1,work.genova/results/CMR2_0.32699489582521668_CMC_0.45113548218456279_S+Si_Edmund/pMetaData_0.10.csv,genova|S+Si_0.10|crash_lt_1.95Mm,902,29,31.103448275862068
genova,0.3380355601616159,0.4364008328871397,S+Si,0.10,S+Si_0.10,crash_lt_1.95Mm,10m,1,10.0,0,1,work.genova/results/CMR2_0.33803556016161590_CMC_0.43640083288713971_S+Si_Edmund/pMetaData_0.10.csv,genova|S+Si_0.10|crash_lt_1.95Mm,902,29,31.103448275862068
genova,0.3372973102725262,0.4373559927910752,S+Si,0.10,S+Si_0.10,crash_lt_1.95Mm,10m,1,10.0,0,1,work.genova/results/CMR2_0.33729731027252619_CMC_0.43735599279107518_S+Si_Edmund/pMetaData_0.10.csv,genova|S+Si_0.10|crash_lt_1.95Mm,902,29,31.103448275862068
genova,0.3356725551183382,0.439472926072236,S+Si,0.10,S+Si_0.10,crash_lt_1.95Mm,10m,1,10.0,0,1,work.genova/results/CMR2_0.33567255511833821_CMC_0.43947292607223598_S+Si_Edmund/pMetaData_0.10.csv,genova|S+Si_0.10|crash_lt_1.95Mm,902,29,31.103448275862068
genova,0.32881658685486637,0.4486361269393998,S+Si,0.10,S+Si_0.10,crash_lt_1.95Mm,10m,1,10.0,0,1,work.genova/results/CMR2_0.32881658685486637_CMC_0.44863612693939980_S+Si_Edmund/pMetaData_0.10.csv,genova|S+Si_0.10|crash_lt_1.95Mm,902,29,31.103448275862068
genova,0.3332029760804049,0.44273013925422544,S+Si,0.10,S+Si_0.10,crash_lt_1.95Mm,10m,1,10.0,0,1,work.genova/results/CMR2_0.33320297608040489_CMC_0.44273013925422544_S+Si_Edmund/pMetaData_0.10.csv,genova|S+Si_0.10|crash_lt_1.95Mm,902,29,31.103448275862068
genova,0.32963145831719043,0.4475270678141669,S+Si,0.10,S+Si_0.10,crash_lt_1.95Mm,10m,1,10.0,0,1,work.genova/results/CMR2_0.32963145831719043_CMC_0.44752706781416690_S+Si_Edmund/pMetaData_0.10.csv,genova|S+Si_0.10|crash_lt_1.95Mm,902,29,31.103448275862068
genova,0.33373949960058585,0.44201840110789525,S+Si,0.10,S+Si_0.10,crash_lt_1.95Mm,10m,1,10.0,0,1,work.genova/results/CMR2_0.33373949960058585_CMC_0.44201840110789525_S+Si_Edmund/pMetaData_0.10.csv,genova|S+Si_0.10|crash_lt_1.95Mm,902,29,31.103448275862068
genova,0.33775007265775275,0.4367697061888814,S+Si,0.10,S+Si_0.10,crash_lt_1.95Mm,10m,1,10.0,0,1,work.genova/results/CMR2_0.33775007265775275_CMC_0.43676970618888139_S+Si_Edmund/pMetaData_0.10.csv,genova|S+Si_0.10|crash_lt_1.95Mm,902,29,31.103448275862068
genova,0.33124557787594483,0.44534632264660007,S+Si,0.10,S+Si_0.10,crash_lt_1.95Mm,10m,1,10.0,0,1,work.genova/results/CMR2_0.33124557787594483_CMC_0.44534632264660007_S+Si_Edmund/pMetaData_0.10.csv,genova|S+Si_0.10|crash_lt_1.95Mm,902,29,31.103448275862068
genova,0.33225901721974516,0.4439879502275052,S+Si,0.10,S+Si_0.10,crash_lt_1.95Mm,10m,1,10.0,0,1,work.genova/results/CMR2_0.33225901721974516_CMC_0.44398795022750520_S+Si_Edmund/pMetaData_0.10.csv,genova|S+Si_0.10|crash_lt_1.95Mm,902,29,31.103448275862068
genova,0.3298577365375099,0.44722006992619023,S+Si,0.10,S+Si_0.10,crash_lt_1.95Mm,10m,1,10.0,0,1,work.genova/results/CMR2_0.32985773653750988_CMC_0.44722006992619023_S+Si_Edmund/pMetaData_0.10.csv,genova|S+Si_0.10|crash_lt_1.95Mm,902,29,31.103448275862068
genova,0.3336362640634554,0.4421551728320003,S+Si,0.10,S+Si_0.10,crash_lt_1.95Mm,10m,1,10.0,0,1,work.genova/results/CMR2_0.33363626406345542_CMC_0.44215517283200029_S+Si_Edmund/pMetaData_0.10.csv,genova|S+Si_0.10|crash_lt_1.95Mm,902,29,31.103448275862068
genova,0.3346030061276309,0.4408776887788342,S+Si,0.10,S+Si_0.10,crash_lt_1.95Mm,10m,1,10.0,0,1,work.genova/results/CMR2_0.33460300612763089_CMC_0.44087768877883421_S+Si_Edmund/pMetaData_0.10.csv,genova|S+Si_0.10|crash_lt_1.95Mm,902,29,31.103448275862068
genova,0.32551095379721556,0.45319212235143497,S+Si,0.10,S+Si_0.10,crash_lt_1.95Mm,10m,1,10.0,0,1,work.genova/results/CMR2_0.32551095379721556_CMC_0.45319212235143497_S+Si_Edmund/pMetaData_0.10.csv,genova|S+Si_0.10|crash_lt_1.95Mm,902,29,31.103448275862068
genova,0.32380946081513623,0.4555734709808835,S+Si,0.10,S+Si_0.10,crash_lt_1.95Mm,10m,1,10.0,0,1,work.genova/results/CMR2_0.32380946081513623_CMC_0.45557347098088352_S+Si_Edmund/pMetaData_0.10.csv,genova|S+Si_0.10|crash_lt_1.95Mm,902,29,31.103448275862068
genova,0.3315241250441936,0.44497214186248163,S+Si,0.10,S+Si_0.10,crash_lt_1.95Mm,10m,1,10.0,0,1,work.genova/results/CMR2_0.33152412504419360_CMC_0.44497214186248163_S+Si_Edmund/pMetaData_0.10.csv,genova|S+Si_0.10|crash_lt_1.95Mm,902,29,31.103448275862068
genova,0.3356083684237875,0.4395569773567781,S+Si,0.10,S+Si_0.10,crash_lt_1.95Mm,10m,1,10.0,0,1,work.genova/results/CMR2_0.33560836842378750_CMC_0.43955697735677812_S+Si_Edmund/pMetaData_0.10.csv,genova|S+Si_0.10|crash_lt_1.95Mm,902,29,31.103448275862068
genova,0.33674140023050303,0.43807800258305546,S+Si,0.10,S+Si_0.10,crash_lt_1.95Mm,10m,1,10.0,0,1,work.genova/results/CMR2_0.33674140023050303_CMC_0.43807800258305546_S+Si_Edmund/pMetaData_0.10.csv,genova|S+Si_0.10|crash_lt_1.95Mm,902,29,31.103448275862068
genova,0.3386991388992541,0.4355458371681289,S+Si,0.10,S+Si_0.10,detJ0,>=1.5Mm,36,1750010.0,35,1,work.genova/results/CMR2_0.33869913889925413_CMC_0.43554583716812889_S+Si_Edmund/pMetaData_0.10.csv,genova|S+Si_0.10|detJ0,113,10,11.3
genova,0.3404529257177615,0.4333021949774477,S+Si,0.10,S+Si_0.10,detJ0,>=1.5Mm,35,1700010.0,34,1,work.genova/results/CMR2_0.34045292571776148_CMC_0.43330219497744771_S+Si_Edmund/pMetaData_0.10.csv,genova|S+Si_0.10|detJ0,113,10,11.3
genova,0.340188451574478,0.4336390589311449,S+Si,0.10,S+Si_0.10,detJ0,>=1.5Mm,35,1700010.0,34,1,work.genova/results/CMR2_0.34018845157447802_CMC_0.43363905893114491_S+Si_Edmund/pMetaData_0.10.csv,genova|S+Si_0.10|detJ0,113,10,11.3
genova,0.34097479915744583,0.43263901134195787,S+Si,0.10,S+Si_0.10,detJ0,>=1.5Mm,34,1650010.0,33,1,work.genova/results/CMR2_0.34097479915744583_CMC_0.43263901134195787_S+Si_Edmund/pMetaData_0.10.csv,genova|S+Si_0.10|detJ0,113,10,11.3
genova,0.3390951649409837,0.43503716729689823,S+Si,0.10,S+Si_0.10,detJ0,>=1.5Mm,36,1750010.0,35,1,work.genova/results/CMR2_0.33909516494098368_CMC_0.43503716729689823_S+Si_Edmund/pMetaData_0.10.csv,genova|S+Si_0.10|detJ0,113,10,11.3
genova,0.3435317716243404,0.4294187967024934,S+Si,0.10,S+Si_0.10,detJ0,>=1.5Mm,32,1550010.0,31,1,work.genova/results/CMR2_0.34353177162434040_CMC_0.42941879670249339_S+Si_Edmund/pMetaData_0.10.csv,genova|S+Si_0.10|detJ0,113,10,11.3
genova,0.34005013619094404,0.43381544160642693,S+Si,0.10,S+Si_0.10,detJ0,>=1.5Mm,35,1700010.0,34,1,work.genova/results/CMR2_0.34005013619094404_CMC_0.43381544160642693_S+Si_Edmund/pMetaData_0.10.csv,genova|S+Si_0.10|detJ0,113,10,11.3
genova,0.3392446864556016,0.43484542541038873,S+Si,0.10,S+Si_0.10,detJ0,>=1.5Mm,35,1700010.0,34,1,work.genova/results/CMR2_0.33924468645560157_CMC_0.43484542541038873_S+Si_Edmund/pMetaData_0.10.csv,genova|S+Si_0.10|detJ0,113,10,11.3
genova,0.33998917664025274,0.43389322406604697,S+Si,0.10,S+Si_0.10,detJ0,>=1.5Mm,35,1700010.0,34,1,work.genova/results/CMR2_0.33998917664025274_CMC_0.43389322406604697_S+Si_Edmund/pMetaData_0.10.csv,genova|S+Si_0.10|detJ0,113,10,11.3
genova,0.34192816627780137,0.431432723445624,S+Si,0.10,S+Si_0.10,detJ0,>=1.5Mm,32,1550010.0,31,1,work.genova/results/CMR2_0.34192816627780137_CMC_0.43143272344562400_S+Si_Edmund/pMetaData_0.10.csv,genova|S+Si_0.10|detJ0,113,10,11.3
genova,0.33874444322499814,0.43548758643995267,S+Si,0.10,S+Si_0.10,newton_maxit,>=1.5Mm,34,1650010.0,33,1,work.genova/results/CMR2_0.33874444322499814_CMC_0.43548758643995267_S+Si_Edmund/pMetaData_0.10.csv,genova|S+Si_0.10|newton_maxit,9,8,1.125
genova,0.3396628290286539,0.43431010812064846,S+Si,0.10,S+Si_0.10,newton_maxit,>=1.5Mm,33,1600010.0,32,1,work.genova/results/CMR2_0.33966282902865391_CMC_0.43431010812064846_S+Si_Edmund/pMetaData_0.10.csv,genova|S+Si_0.10|newton_maxit,9,8,1.125
genova,0.3419919385889814,0.4313522728303073,S+Si,0.10,S+Si_0.10,newton_maxit,>=1.5Mm,31,1500010.0,30,1,work.genova/results/CMR2_0.34199193858898141_CMC_0.43135227283030730_S+Si_Edmund/pMetaData_0.10.csv,genova|S+Si_0.10|newton_maxit,9,8,1.125
genova,0.33968149805521536,0.43428623826906443,S+Si,0.10,S+Si_0.10,newton_maxit,>=1.5Mm,33,1600010.0,32,1,work.genova/results/CMR2_0.33968149805521536_CMC_0.43428623826906443_S+Si_Edmund/pMetaData_0.10.csv,genova|S+Si_0.10|newton_maxit,9,8,1.125
genova,0.3389164894852471,0.435266517200313,S+Si,0.10,S+Si_0.10,newton_maxit,>=1.5Mm,34,1650010.0,33,1,work.genova/results/CMR2_0.33891648948524711_CMC_0.43526651720031301_S+Si_Edmund/pMetaData_0.10.csv,genova|S+Si_0.10|newton_maxit,9,8,1.125
genova,0.33861967373120566,0.43564804836797444,S+Si,0.10,S+Si_0.10,newton_maxit,>=1.5Mm,34,1650010.0,33,1,work.genova/results/CMR2_0.33861967373120566_CMC_0.43564804836797444_S+Si_Edmund/pMetaData_0.10.csv,genova|S+Si_0.10|newton_maxit,9,8,1.125
genova,0.34650374840801024,0.425735654167572,S+Si,0.10,S+Si_0.10,newton_maxit,50km-1.45Mm,27,1300010.0,26,1,work.genova/results/CMR2_0.34650374840801024_CMC_0.42573565416757198_S+Si_Edmund/pMetaData_0.10.csv,genova|S+Si_0.10|newton_maxit,9,8,1.125
genova,0.34082845749339774,0.4328247737437172,S+Si,0.10,S+Si_0.10,newton_maxit,>=1.5Mm,32,1550010.0,31,1,work.genova/results/CMR2_0.34082845749339774_CMC_0.43282477374371719_S+Si_Edmund/pMetaData_0.10.csv,genova|S+Si_0.10|newton_maxit,9,8,1.125
genova,0.330449197156821,0.44641960479629206,S+Si,0.11,S+Si_0.11,crash_lt_1.95Mm,10m,1,10.0,0,1,work.genova/results/CMR2_0.33044919715682097_CMC_0.44641960479629206_S+Si_Edmund/pMetaData_0.11.csv,genova|S+Si_0.11|crash_lt_1.95Mm,950,30,31.666666666666668
genova,0.3348188241959503,0.4405935071131651,S+Si,0.11,S+Si_0.11,crash_lt_1.95Mm,10m,1,10.0,0,1,work.genova/results/CMR2_0.33481882419595033_CMC_0.44059350711316508_S+Si_Edmund/pMetaData_0.11.csv,genova|S+Si_0.11|crash_lt_1.95Mm,950,30,31.666666666666668
genova,0.32298573499489003,0.45673534158508244,S+Si,0.11,S+Si_0.11,crash_lt_1.95Mm,10m,1,10.0,0,1,work.genova/results/CMR2_0.32298573499489003_CMC_0.45673534158508244_S+Si_Edmund/pMetaData_0.11.csv,genova|S+Si_0.11|crash_lt_1.95Mm,950,30,31.666666666666668
genova,0.3410434981251908,0.4325518615981604,S+Si,0.11,S+Si_0.11,crash_lt_1.95Mm,>=1.5Mm,34,1650010.0,33,1,work.genova/results/CMR2_0.34104349812519080_CMC_0.43255186159816039_S+Si_Edmund/pMetaData_0.11.csv,genova|S+Si_0.11|crash_lt_1.95Mm,950,30,31.666666666666668
genova,0.337414342868421,0.4372042953062221,S+Si,0.11,S+Si_0.11,crash_lt_1.95Mm,10m,1,10.0,0,1,work.genova/results/CMR2_0.33741434286842098_CMC_0.43720429530622212_S+Si_Edmund/pMetaData_0.11.csv,genova|S+Si_0.11|crash_lt_1.95Mm,950,30,31.666666666666668
genova,0.3330968964111122,0.442871133263068,S+Si,0.11,S+Si_0.11,crash_lt_1.95Mm,10m,1,10.0,0,1,work.genova/results/CMR2_0.33309689641111218_CMC_0.44287113326306798_S+Si_Edmund/pMetaData_0.11.csv,genova|S+Si_0.11|crash_lt_1.95Mm,950,30,31.666666666666668
genova,0.33639757265831816,0.43852575639669167,S+Si,0.11,S+Si_0.11,crash_lt_1.95Mm,10m,1,10.0,0,1,work.genova/results/CMR2_0.33639757265831816_CMC_0.43852575639669167_S+Si_Edmund/pMetaData_0.11.csv,genova|S+Si_0.11|crash_lt_1.95Mm,950,30,31.666666666666668
genova,0.32559775319034573,0.4530713082462821,S+Si,0.11,S+Si_0.11,crash_lt_1.95Mm,10m,1,10.0,0,1,work.genova/results/CMR2_0.32559775319034573_CMC_0.45307130824628211_S+Si_Edmund/pMetaData_0.11.csv,genova|S+Si_0.11|crash_lt_1.95Mm,950,30,31.666666666666668
genova,0.33930672230752745,0.43476592210365217,S+Si,0.11,S+Si_0.11,crash_lt_1.95Mm,10m,1,10.0,0,1,work.genova/results/CMR2_0.33930672230752745_CMC_0.43476592210365217_S+Si_Edmund/pMetaData_0.11.csv,genova|S+Si_0.11|crash_lt_1.95Mm,950,30,31.666666666666668
genova,0.331433411475792,0.4450939310648675,S+Si,0.11,S+Si_0.11,crash_lt_1.95Mm,10m,1,10.0,0,1,work.genova/results/CMR2_0.33143341147579197_CMC_0.44509393106486750_S+Si_Edmund/pMetaData_0.11.csv,genova|S+Si_0.11|crash_lt_1.95Mm,950,30,31.666666666666668
genova,0.32629405934710604,0.4521044615252153,S+Si,0.11,S+Si_0.11,crash_lt_1.95Mm,10m,1,10.0,0,1,work.genova/results/CMR2_0.32629405934710604_CMC_0.45210446152521527_S+Si_Edmund/pMetaData_0.11.csv,genova|S+Si_0.11|crash_lt_1.95Mm,950,30,31.666666666666668
genova,0.3389164894852471,0.435266517200313,S+Si,0.11,S+Si_0.11,crash_lt_1.95Mm,10m,1,10.0,0,1,work.genova/results/CMR2_0.33891648948524711_CMC_0.43526651720031301_S+Si_Edmund/pMetaData_0.11.csv,genova|S+Si_0.11|crash_lt_1.95Mm,950,30,31.666666666666668
genova,0.33585405023080767,0.43923543544769256,S+Si,0.11,S+Si_0.11,crash_lt_1.95Mm,10m,1,10.0,0,1,work.genova/results/CMR2_0.33585405023080767_CMC_0.43923543544769256_S+Si_Edmund/pMetaData_0.11.csv,genova|S+Si_0.11|crash_lt_1.95Mm,950,30,31.666666666666668
genova,0.33838832660599405,0.4359458893857331,S+Si,0.11,S+Si_0.11,crash_lt_1.95Mm,10m,1,10.0,0,1,work.genova/results/CMR2_0.33838832660599405_CMC_0.43594588938573309_S+Si_Edmund/pMetaData_0.11.csv,genova|S+Si_0.11|crash_lt_1.95Mm,950,30,31.666666666666668
genova,0.32774361462527957,0.45010487898799645,S+Si,0.11,S+Si_0.11,crash_lt_1.95Mm,10m,1,10.0,0,1,work.genova/results/CMR2_0.32774361462527957_CMC_0.45010487898799645_S+Si_Edmund/pMetaData_0.11.csv,genova|S+Si_0.11|crash_lt_1.95Mm,950,30,31.666666666666668
genova,0.3424095867470507,0.4308261383726303,S+Si,0.11,S+Si_0.11,crash_lt_1.95Mm,>=1.5Mm,32,1550010.0,31,1,work.genova/results/CMR2_0.34240958674705069_CMC_0.43082613837263029_S+Si_Edmund/pMetaData_0.11.csv,genova|S+Si_0.11|crash_lt_1.95Mm,950,30,31.666666666666668
genova,0.3254237881593544,0.4533135110816254,S+Si,0.11,S+Si_0.11,crash_lt_1.95Mm,10m,1,10.0,0,1,work.genova/results/CMR2_0.32542378815935441_CMC_0.45331351108162538_S+Si_Edmund/pMetaData_0.11.csv,genova|S+Si_0.11|crash_lt_1.95Mm,950,30,31.666666666666668
genova,0.33330184916575156,0.44259880456480327,S+Si,0.11,S+Si_0.11,crash_lt_1.95Mm,10m,1,10.0,0,1,work.genova/results/CMR2_0.33330184916575156_CMC_0.44259880456480327_S+Si_Edmund/pMetaData_0.11.csv,genova|S+Si_0.11|crash_lt_1.95Mm,950,30,31.666666666666668
genova,0.32716800884726255,0.45089677477870044,S+Si,0.11,S+Si_0.11,crash_lt_1.95Mm,10m,1,10.0,0,1,work.genova/results/CMR2_0.32716800884726255_CMC_0.45089677477870044_S+Si_Edmund/pMetaData_0.11.csv,genova|S+Si_0.11|crash_lt_1.95Mm,950,30,31.666666666666668
genova,0.32728338927564954,0.4507378157091692,S+Si,0.11,S+Si_0.11,crash_lt_1.95Mm,10m,1,10.0,0,1,work.genova/results/CMR2_0.32728338927564954_CMC_0.45073781570916921_S+Si_Edmund/pMetaData_0.11.csv,genova|S+Si_0.11|crash_lt_1.95Mm,950,30,31.666666666666668
genova,0.33410496076942253,0.4415348986745755,S+Si,0.11,S+Si_0.11,crash_lt_1.95Mm,10m,1,10.0,0,1,work.genova/results/CMR2_0.33410496076942253_CMC_0.44153489867457552_S+Si_Edmund/pMetaData_0.11.csv,genova|S+Si_0.11|crash_lt_1.95Mm,950,30,31.666666666666668
genova,0.33173647137503437,0.44468731275925033,S+Si,0.11,S+Si_0.11,crash_lt_1.95Mm,10m,1,10.0,0,1,work.genova/results/CMR2_0.33173647137503437_CMC_0.44468731275925033_S+Si_Edmund/pMetaData_0.11.csv,genova|S+Si_0.11|crash_lt_1.95Mm,950,30,31.666666666666668
genova,0.33116947570381416,0.44544866246047266,S+Si,0.11,S+Si_0.11,crash_lt_1.95Mm,10m,1,10.0,0,1,work.genova/results/CMR2_0.33116947570381416_CMC_0.44544866246047266_S+Si_Edmund/pMetaData_0.11.csv,genova|S+Si_0.11|crash_lt_1.95Mm,950,30,31.666666666666668
genova,0.3311394898855734,0.4454889993669308,S+Si,0.11,S+Si_0.11,crash_lt_1.95Mm,10m,1,10.0,0,1,work.genova/results/CMR2_0.33113948988557340_CMC_0.44548899936693082_S+Si_Edmund/pMetaData_0.11.csv,genova|S+Si_0.11|crash_lt_1.95Mm,950,30,31.666666666666668
genova,0.3297823527311943,0.4473222984137141,S+Si,0.11,S+Si_0.11,crash_lt_1.95Mm,10m,1,10.0,0,1,work.genova/results/CMR2_0.32978235273119427_CMC_0.44732229841371413_S+Si_Edmund/pMetaData_0.11.csv,genova|S+Si_0.11|crash_lt_1.95Mm,950,30,31.666666666666668
genova,0.33654100429672656,0.43833885950471946,S+Si,0.11,S+Si_0.11,crash_lt_1.95Mm,10m,1,10.0,0,1,work.genova/results/CMR2_0.33654100429672656_CMC_0.43833885950471946_S+Si_Edmund/pMetaData_0.11.csv,genova|S+Si_0.11|crash_lt_1.95Mm,950,30,31.666666666666668
genova,0.3324923751073992,0.4436763398028286,S+Si,0.11,S+Si_0.11,crash_lt_1.95Mm,10m,1,10.0,0,1,work.genova/results/CMR2_0.33249237510739921_CMC_0.44367633980282861_S+Si_Edmund/pMetaData_0.11.csv,genova|S+Si_0.11|crash_lt_1.95Mm,950,30,31.666666666666668
genova,0.3369341779374201,0.4378273551916102,S+Si,0.11,S+Si_0.11,crash_lt_1.95Mm,10m,1,10.0,0,1,work.genova/results/CMR2_0.33693417793742009_CMC_0.43782735519161020_S+Si_Edmund/pMetaData_0.11.csv,genova|S+Si_0.11|crash_lt_1.95Mm,950,30,31.666666666666668
genova,0.3388240715896719,0.43538524080618096,S+Si,0.11,S+Si_0.11,crash_lt_1.95Mm,10m,1,10.0,0,1,work.genova/results/CMR2_0.33882407158967193_CMC_0.43538524080618096_S+Si_Edmund/pMetaData_0.11.csv,genova|S+Si_0.11|crash_lt_1.95Mm,950,30,31.666666666666668
genova,0.3199474831957808,0.4610725439266258,S+Si,0.11,S+Si_0.11,crash_lt_1.95Mm,10m,1,10.0,0,1,work.genova/results/CMR2_0.31994748319578081_CMC_0.46107254392662578_S+Si_Edmund/pMetaData_0.11.csv,genova|S+Si_0.11|crash_lt_1.95Mm,950,30,31.666666666666668
genova,0.34063820014854534,0.43306652024250364,S+Si,0.11,S+Si_0.11,detJ0,>=1.5Mm,36,1750010.0,35,1,work.genova/results/CMR2_0.34063820014854534_CMC_0.43306652024250364_S+Si_Edmund/pMetaData_0.11.csv,genova|S+Si_0.11|detJ0,67,9,7.444444444444445
genova,0.3443782800405786,0.4283632521267533,S+Si,0.11,S+Si_0.11,detJ0,>=1.5Mm,33,1600010.0,32,1,work.genova/results/CMR2_0.34437828004057858_CMC_0.42836325212675330_S+Si_Edmund/pMetaData_0.11.csv,genova|S+Si_0.11|detJ0,67,9,7.444444444444445
genova,0.34212131739205315,0.4311891498738471,S+Si,0.11,S+Si_0.11,detJ0,>=1.5Mm,33,1600010.0,32,1,work.genova/results/CMR2_0.34212131739205315_CMC_0.43118914987384710_S+Si_Edmund/pMetaData_0.11.csv,genova|S+Si_0.11|detJ0,67,9,7.444444444444445
genova,0.3408622768244979,0.4327818301699432,S+Si,0.11,S+Si_0.11,detJ0,>=1.5Mm,34,1650010.0,33,1,work.genova/results/CMR2_0.34086227682449788_CMC_0.43278183016994320_S+Si_Edmund/pMetaData_0.11.csv,genova|S+Si_0.11|detJ0,67,9,7.444444444444445
genova,0.34183917664869345,0.4315450366053409,S+Si,0.11,S+Si_0.11,detJ0,>=1.5Mm,35,1700010.0,34,1,work.genova/results/CMR2_0.34183917664869345_CMC_0.43154503660534088_S+Si_Edmund/pMetaData_0.11.csv,genova|S+Si_0.11|detJ0,67,9,7.444444444444445
genova,0.3416012407143626,0.4318456212029724,S+Si,0.11,S+Si_0.11,detJ0,>=1.5Mm,35,1700010.0,34,1,work.genova/results/CMR2_0.34160124071436260_CMC_0.43184562120297237_S+Si_Edmund/pMetaData_0.11.csv,genova|S+Si_0.11|detJ0,67,9,7.444444444444445
genova,0.34239778307098384,0.43084099049034225,S+Si,0.11,S+Si_0.11,detJ0,>=1.5Mm,34,1650010.0,33,1,work.genova/results/CMR2_0.34239778307098384_CMC_0.43084099049034225_S+Si_Edmund/pMetaData_0.11.csv,genova|S+Si_0.11|detJ0,67,9,7.444444444444445
genova,0.34187088211309685,0.43150501466573615,S+Si,0.11,S+Si_0.11,detJ0,>=1.5Mm,35,1700010.0,34,1,work.genova/results/CMR2_0.34187088211309685_CMC_0.43150501466573615_S+Si_Edmund/pMetaData_0.11.csv,genova|S+Si_0.11|detJ0,67,9,7.444444444444445
genova,0.3394922643215164,0.43452831037202083,S+Si,0.11,S+Si_0.11,detJ0,>=1.5Mm,36,1750010.0,35,1,work.genova/results/CMR2_0.33949226432151641_CMC_0.43452831037202083_S+Si_Edmund/pMetaData_0.11.csv,genova|S+Si_0.11|detJ0,67,9,7.444444444444445
genova,0.34009620749577113,0.4337566745781319,S+Si,0.11,S+Si_0.11,newton_maxit,>=1.5Mm,34,1650010.0,33,1,work.genova/results/CMR2_0.34009620749577113_CMC_0.43375667457813188_S+Si_Edmund/pMetaData_0.11.csv,genova|S+Si_0.11|newton_maxit,7,7,1.0
genova,0.33998917664025274,0.43389322406604697,S+Si,0.11,S+Si_0.11,newton_maxit,>=1.5Mm,34,1650010.0,33,1,work.genova/results/CMR2_0.33998917664025274_CMC_0.43389322406604697_S+Si_Edmund/pMetaData_0.11.csv,genova|S+Si_0.11|newton_maxit,7,7,1.0
genova,0.3410590474141841,0.4325321410425805,S+Si,0.11,S+Si_0.11,newton_maxit,>=1.5Mm,33,1600010.0,32,1,work.genova/results/CMR2_0.34105904741418408_CMC_0.43253214104258048_S+Si_Edmund/pMetaData_0.11.csv,genova|S+Si_0.11|newton_maxit,7,7,1.0
genova,0.3412465279698417,0.43229450824782395,S+Si,0.11,S+Si_0.11,newton_maxit,>=1.5Mm,33,1600010.0,32,1,work.genova/results/CMR2_0.34124652796984167_CMC_0.43229450824782395_S+Si_Edmund/pMetaData_0.11.csv,genova|S+Si_0.11|newton_maxit,7,7,1.0
genova,0.34002697055895287,0.4338449969350993,S+Si,0.11,S+Si_0.11,newton_maxit,>=1.5Mm,34,1650010.0,33,1,work.genova/results/CMR2_0.34002697055895287_CMC_0.43384499693509931_S+Si_Edmund/pMetaData_0.11.csv,genova|S+Si_0.11|newton_maxit,7,7,1.0
genova,0.341463772331109,0.4320194760132694,S+Si,0.11,S+Si_0.11,newton_maxit,>=1.5Mm,33,1600010.0,32,1,work.genova/results/CMR2_0.34146377233110897_CMC_0.43201947601326940_S+Si_Edmund/pMetaData_0.11.csv,genova|S+Si_0.11|newton_maxit,7,7,1.0
genova,0.33998710643749314,0.4338958660690313,S+Si,0.11,S+Si_0.11,newton_maxit,>=1.5Mm,34,1650010.0,33,1,work.genova/results/CMR2_0.33998710643749314_CMC_0.43389586606903130_S+Si_Edmund/pMetaData_0.11.csv,genova|S+Si_0.11|newton_maxit,7,7,1.0
genova,0.32970348618361045,0.44742929990690883,S+Si,0.12,S+Si_0.12,crash_lt_1.95Mm,10m,1,10.0,0,1,work.genova/results/CMR2_0.32970348618361045_CMC_0.44742929990690883_S+Si_Edmund/pMetaData_0.12.csv,genova|S+Si_0.12|crash_lt_1.95Mm,978,31,31.548387096774192
genova,0.3364299755486798,0.4384835202612756,S+Si,0.12,S+Si_0.12,crash_lt_1.95Mm,10m,1,10.0,0,1,work.genova/results/CMR2_0.33642997554867982_CMC_0.43848352026127563_S+Si_Edmund/pMetaData_0.12.csv,genova|S+Si_0.12|crash_lt_1.95Mm,978,31,31.548387096774192
genova,0.32980510929982126,0.4472914331533067,S+Si,0.12,S+Si_0.12,crash_lt_1.95Mm,10m,1,10.0,0,1,work.genova/results/CMR2_0.32980510929982126_CMC_0.44729143315330672_S+Si_Edmund/pMetaData_0.12.csv,genova|S+Si_0.12|crash_lt_1.95Mm,978,31,31.548387096774192
genova,0.3339168688348545,0.44178361073743355,S+Si,0.12,S+Si_0.12,crash_lt_1.95Mm,10m,1,10.0,0,1,work.genova/results/CMR2_0.33391686883485450_CMC_0.44178361073743355_S+Si_Edmund/pMetaData_0.12.csv,genova|S+Si_0.12|crash_lt_1.95Mm,978,31,31.548387096774192
genova,0.33651739118080487,0.43836961733945173,S+Si,0.12,S+Si_0.12,crash_lt_1.95Mm,10m,1,10.0,0,1,work.genova/results/CMR2_0.33651739118080487_CMC_0.43836961733945173_S+Si_Edmund/pMetaData_0.12.csv,genova|S+Si_0.12|crash_lt_1.95Mm,978,31,31.548387096774192
genova,0.32761251533445207,0.4502849955210083,S+Si,0.12,S+Si_0.12,crash_lt_1.95Mm,10m,1,10.0,0,1,work.genova/results/CMR2_0.32761251533445207_CMC_0.45028499552100831_S+Si_Edmund/pMetaData_0.12.csv,genova|S+Si_0.12|crash_lt_1.95Mm,978,31,31.548387096774192
genova,0.3375026786731508,0.43708986423441837,S+Si,0.12,S+Si_0.12,crash_lt_1.95Mm,10m,1,10.0,0,1,work.genova/results/CMR2_0.33750267867315081_CMC_0.43708986423441837_S+Si_Edmund/pMetaData_0.12.csv,genova|S+Si_0.12|crash_lt_1.95Mm,978,31,31.548387096774192
genova,0.3329413942286443,0.4430779787589066,S+Si,0.12,S+Si_0.12,crash_lt_1.95Mm,10m,1,10.0,0,1,work.genova/results/CMR2_0.33294139422864433_CMC_0.44307797875890659_S+Si_Edmund/pMetaData_0.12.csv,genova|S+Si_0.12|crash_lt_1.95Mm,978,31,31.548387096774192
genova,0.3237704896901877,0.4556283067711306,S+Si,0.12,S+Si_0.12,crash_lt_1.95Mm,10m,1,10.0,0,1,work.genova/results/CMR2_0.32377048969018768_CMC_0.45562830677113059_S+Si_Edmund/pMetaData_0.12.csv,genova|S+Si_0.12|crash_lt_1.95Mm,978,31,31.548387096774192
genova,0.32699061482157793,0.4511413885089442,S+Si,0.12,S+Si_0.12,crash_lt_1.95Mm,10m,1,10.0,0,1,work.genova/results/CMR2_0.32699061482157793_CMC_0.45114138850894420_S+Si_Edmund/pMetaData_0.12.csv,genova|S+Si_0.12|crash_lt_1.95Mm,978,31,31.548387096774192
genova,0.33448783650748576,0.44102949016114246,S+Si,0.12,S+Si_0.12,crash_lt_1.95Mm,10m,1,10.0,0,1,work.genova/results/CMR2_0.33448783650748576_CMC_0.44102949016114246_S+Si_Edmund/pMetaData_0.12.csv,genova|S+Si_0.12|crash_lt_1.95Mm,978,31,31.548387096774192
genova,0.339454470486654,0.43457668944088884,S+Si,0.12,S+Si_0.12,crash_lt_1.95Mm,10m,1,10.0,0,1,work.genova/results/CMR2_0.33945447048665400_CMC_0.43457668944088884_S+Si_Edmund/pMetaData_0.12.csv,genova|S+Si_0.12|crash_lt_1.95Mm,978,31,31.548387096774192
genova,0.32203744602343115,0.4580802693028023,S+Si,0.12,S+Si_0.12,crash_lt_1.95Mm,10m,1,10.0,0,1,work.genova/results/CMR2_0.32203744602343115_CMC_0.45808026930280232_S+Si_Edmund/pMetaData_0.12.csv,genova|S+Si_0.12|crash_lt_1.95Mm,978,31,31.548387096774192
genova,0.33761521177007486,0.43694417448365586,S+Si,0.12,S+Si_0.12,crash_lt_1.95Mm,10m,1,10.0,0,1,work.genova/results/CMR2_0.33761521177007486_CMC_0.43694417448365586_S+Si_Edmund/pMetaData_0.12.csv,genova|S+Si_0.12|crash_lt_1.95Mm,978,31,31.548387096774192
genova,0.33674140023050303,0.43807800258305546,S+Si,0.12,S+Si_0.12,crash_lt_1.95Mm,10m,1,10.0,0,1,work.genova/results/CMR2_0.33674140023050303_CMC_0.43807800258305546_S+Si_Edmund/pMetaData_0.12.csv,genova|S+Si_0.12|crash_lt_1.95Mm,978,31,31.548387096774192
genova,0.32868103239213814,0.44882115322067057,S+Si,0.12,S+Si_0.12,crash_lt_1.95Mm,10m,1,10.0,0,1,work.genova/results/CMR2_0.32868103239213814_CMC_0.44882115322067057_S+Si_Edmund/pMetaData_0.12.csv,genova|S+Si_0.12|crash_lt_1.95Mm,978,31,31.548387096774192
genova,0.33533047128260224,0.43992124973240887,S+Si,0.12,S+Si_0.12,crash_lt_1.95Mm,10m,1,10.0,0,1,work.genova/results/CMR2_0.33533047128260224_CMC_0.43992124973240887_S+Si_Edmund/pMetaData_0.12.csv,genova|S+Si_0.12|crash_lt_1.95Mm,978,31,31.548387096774192
genova,0.3316650397085052,0.4447830863622285,S+Si,0.12,S+Si_0.12,crash_lt_1.95Mm,10m,1,10.0,0,1,work.genova/results/CMR2_0.33166503970850519_CMC_0.44478308636222852_S+Si_Edmund/pMetaData_0.12.csv,genova|S+Si_0.12|crash_lt_1.95Mm,978,31,31.548387096774192
genova,0.3329971247562453,0.4430038250570009,S+Si,0.12,S+Si_0.12,crash_lt_1.95Mm,10m,1,10.0,0,1,work.genova/results/CMR2_0.33299712475624532_CMC_0.44300382505700092_S+Si_Edmund/pMetaData_0.12.csv,genova|S+Si_0.12|crash_lt_1.95Mm,978,31,31.548387096774192
genova,0.3389164894852471,0.435266517200313,S+Si,0.12,S+Si_0.12,crash_lt_1.95Mm,10m,1,10.0,0,1,work.genova/results/CMR2_0.33891648948524711_CMC_0.43526651720031301_S+Si_Edmund/pMetaData_0.12.csv,genova|S+Si_0.12|crash_lt_1.95Mm,978,31,31.548387096774192
genova,0.32106331211316885,0.4594701245341987,S+Si,0.12,S+Si_0.12,crash_lt_1.95Mm,10m,1,10.0,0,1,work.genova/results/CMR2_0.32106331211316885_CMC_0.45947012453419872_S+Si_Edmund/pMetaData_0.12.csv,genova|S+Si_0.12|crash_lt_1.95Mm,978,31,31.548387096774192
genova,0.3257561804652782,0.45285096291741367,S+Si,0.12,S+Si_0.12,crash_lt_1.95Mm,10m,1,10.0,0,1,work.genova/results/CMR2_0.32575618046527821_CMC_0.45285096291741367_S+Si_Edmund/pMetaData_0.12.csv,genova|S+Si_0.12|crash_lt_1.95Mm,978,31,31.548387096774192
genova,0.3391232940592405,0.4350010824506509,S+Si,0.12,S+Si_0.12,crash_lt_1.95Mm,10m,1,10.0,0,1,work.genova/results/CMR2_0.33912329405924052_CMC_0.43500108245065089_S+Si_Edmund/pMetaData_0.12.csv,genova|S+Si_0.12|crash_lt_1.95Mm,978,31,31.548387096774192
genova,0.32877854399362005,0.44868803848362626,S+Si,0.12,S+Si_0.12,crash_lt_1.95Mm,10m,1,10.0,0,1,work.genova/results/CMR2_0.32877854399362005_CMC_0.44868803848362626_S+Si_Edmund/pMetaData_0.12.csv,genova|S+Si_0.12|crash_lt_1.95Mm,978,31,31.548387096774192
genova,0.3286863076078724,0.44881394991358253,S+Si,0.12,S+Si_0.12,crash_lt_1.95Mm,10m,1,10.0,0,1,work.genova/results/CMR2_0.32868630760787237_CMC_0.44881394991358253_S+Si_Edmund/pMetaData_0.12.csv,genova|S+Si_0.12|crash_lt_1.95Mm,978,31,31.548387096774192
genova,0.3380018895678716,0.4364443056475217,S+Si,0.12,S+Si_0.12,crash_lt_1.95Mm,10m,1,10.0,0,1,work.genova/results/CMR2_0.33800188956787158_CMC_0.43644430564752168_S+Si_Edmund/pMetaData_0.12.csv,genova|S+Si_0.12|crash_lt_1.95Mm,978,31,31.548387096774192
genova,0.3276800304901879,0.45019221885240074,S+Si,0.12,S+Si_0.12,crash_lt_1.95Mm,10m,1,10.0,0,1,work.genova/results/CMR2_0.32768003049018790_CMC_0.45019221885240074_S+Si_Edmund/pMetaData_0.12.csv,genova|S+Si_0.12|crash_lt_1.95Mm,978,31,31.548387096774192
genova,0.33370394709770707,0.44206549333025147,S+Si,0.12,S+Si_0.12,crash_lt_1.95Mm,10m,1,10.0,0,1,work.genova/results/CMR2_0.33370394709770707_CMC_0.44206549333025147_S+Si_Edmund/pMetaData_0.12.csv,genova|S+Si_0.12|crash_lt_1.95Mm,978,31,31.548387096774192
genova,0.3322293724573047,0.4440275671861551,S+Si,0.12,S+Si_0.12,crash_lt_1.95Mm,10m,1,10.0,0,1,work.genova/results/CMR2_0.33222937245730472_CMC_0.44402756718615510_S+Si_Edmund/pMetaData_0.12.csv,genova|S+Si_0.12|crash_lt_1.95Mm,978,31,31.548387096774192
genova,0.33613495154891604,0.4388683750982448,S+Si,0.12,S+Si_0.12,crash_lt_1.95Mm,10m,1,10.0,0,1,work.genova/results/CMR2_0.33613495154891604_CMC_0.43886837509824478_S+Si_Edmund/pMetaData_0.12.csv,genova|S+Si_0.12|crash_lt_1.95Mm,978,31,31.548387096774192
genova,0.3377414292983863,0.4367808838449327,S+Si,0.12,S+Si_0.12,crash_lt_1.95Mm,10m,1,10.0,0,1,work.genova/results/CMR2_0.33774142929838630_CMC_0.43678088384493269_S+Si_Edmund/pMetaData_0.12.csv,genova|S+Si_0.12|crash_lt_1.95Mm,978,31,31.548387096774192
genova,0.3443782800405786,0.4283632521267533,S+Si,0.12,S+Si_0.12,detJ0,>=1.5Mm,34,1650010.0,33,1,work.genova/results/CMR2_0.34437828004057858_CMC_0.42836325212675330_S+Si_Edmund/pMetaData_0.12.csv,genova|S+Si_0.12|detJ0,46,9,5.111111111111111
genova,0.3427629929395363,0.4303819345690638,S+Si,0.12,S+Si_0.12,detJ0,>=1.5Mm,33,1600010.0,32,1,work.genova/results/CMR2_0.34276299293953633_CMC_0.43038193456906382_S+Si_Edmund/pMetaData_0.12.csv,genova|S+Si_0.12|detJ0,46,9,5.111111111111111
genova,0.34515190531617584,0.42740311650565993,S+Si,0.12,S+Si_0.12,detJ0,>=1.5Mm,31,1500010.0,30,1,work.genova/results/CMR2_0.34515190531617584_CMC_0.42740311650565993_S+Si_Edmund/pMetaData_0.12.csv,genova|S+Si_0.12|detJ0,46,9,5.111111111111111
genova,0.3425957730036076,0.430592002658616,S+Si,0.12,S+Si_0.12,detJ0,>=1.5Mm,35,1700010.0,34,1,work.genova/results/CMR2_0.34259577300360761_CMC_0.43059200265861602_S+Si_Edmund/pMetaData_0.12.csv,genova|S+Si_0.12|detJ0,46,9,5.111111111111111
genova,0.3444776269185522,0.4282397127488317,S+Si,0.12,S+Si_0.12,detJ0,>=1.5Mm,34,1650010.0,33,1,work.genova/results/CMR2_0.34447762691855222_CMC_0.42823971274883171_S+Si_Edmund/pMetaData_0.12.csv,genova|S+Si_0.12|detJ0,46,9,5.111111111111111
genova,0.3421666989095269,0.43113196132217957,S+Si,0.12,S+Si_0.12,detJ0,>=1.5Mm,36,1750010.0,35,1,work.genova/results/CMR2_0.34216669890952689_CMC_0.43113196132217957_S+Si_Edmund/pMetaData_0.12.csv,genova|S+Si_0.12|detJ0,46,9,5.111111111111111
genova,0.3416081493861436,0.43183688757158123,S+Si,0.12,S+Si_0.12,detJ0,>=1.5Mm,36,1750010.0,35,1,work.genova/results/CMR2_0.34160814938614359_CMC_0.43183688757158123_S+Si_Edmund/pMetaData_0.12.csv,genova|S+Si_0.12|detJ0,46,9,5.111111111111111
genova,0.3435317716243404,0.4294187967024934,S+Si,0.12,S+Si_0.12,detJ0,>=1.5Mm,35,1700010.0,34,1,work.genova/results/CMR2_0.34353177162434040_CMC_0.42941879670249339_S+Si_Edmund/pMetaData_0.12.csv,genova|S+Si_0.12|detJ0,46,9,5.111111111111111
genova,0.341213585044286,0.43233624470389587,S+Si,0.12,S+Si_0.12,detJ0,>=1.5Mm,35,1700010.0,34,1,work.genova/results/CMR2_0.34121358504428601_CMC_0.43233624470389587_S+Si_Edmund/pMetaData_0.12.csv,genova|S+Si_0.12|detJ0,46,9,5.111111111111111
genova,0.3302091028537693,0.44674419549641464,Si,0.00,Si,crash_at_1.95Mm,>=1.5Mm,40,1950010.0,39,1,work.genova/results/CMR2_0.33020910285376931_CMC_0.44674419549641464_Si_Edmund/pMetaData_0.00.csv,genova|Si|crash_at_1.95Mm,368,16,23.0
genova,0.3306353828912249,0.44616821923300326,Si,0.00,Si,crash_at_1.95Mm,>=1.5Mm,40,1950010.0,39,1,work.genova/results/CMR2_0.33063538289122490_CMC_0.44616821923300326_Si_Edmund/pMetaData_0.00.csv,genova|Si|crash_at_1.95Mm,368,16,23.0
genova,0.3293045880850001,0.44797128657655505,Si,0.00,Si,crash_at_1.95Mm,>=1.5Mm,40,1950010.0,39,1,work.genova/results/CMR2_0.32930458808500013_CMC_0.44797128657655505_Si_Edmund/pMetaData_0.00.csv,genova|Si|crash_at_1.95Mm,368,16,23.0
genova,0.32741049537368483,0.4505628319325302,Si,0.00,Si,crash_at_1.95Mm,>=1.5Mm,40,1950010.0,39,1,work.genova/results/CMR2_0.32741049537368483_CMC_0.45056283193253022_Si_Edmund/pMetaData_0.00.csv,genova|Si|crash_at_1.95Mm,368,16,23.0
genova,0.3290470678711227,0.44832187976760374,Si,0.00,Si,crash_at_1.95Mm,>=1.5Mm,40,1950010.0,39,1,work.genova/results/CMR2_0.32904706787112270_CMC_0.44832187976760374_Si_Edmund/pMetaData_0.00.csv,genova|Si|crash_at_1.95Mm,368,16,23.0
genova,0.3301363002984678,0.4468427127420761,Si,0.00,Si,crash_at_1.95Mm,>=1.5Mm,40,1950010.0,39,1,work.genova/results/CMR2_0.33013630029846780_CMC_0.44684271274207610_Si_Edmund/pMetaData_0.00.csv,genova|Si|crash_at_1.95Mm,368,16,23.0
genova,0.32996845477976156,0.4470700088542161,Si,0.00,Si,crash_at_1.95Mm,>=1.5Mm,40,1950010.0,39,1,work.genova/results/CMR2_0.32996845477976156_CMC_0.44707000885421611_Si_Edmund/pMetaData_0.00.csv,genova|Si|crash_at_1.95Mm,368,16,23.0
genova,0.32791374994531786,0.4498713458176119,Si,0.00,Si,crash_at_1.95Mm,>=1.5Mm,40,1950010.0,39,1,work.genova/results/CMR2_0.32791374994531786_CMC_0.44987134581761190_Si_Edmund/pMetaData_0.00.csv,genova|Si|crash_at_1.95Mm,368,16,23.0
genova,0.32900600761754945,0.4483778307522043,Si,0.00,Si,crash_at_1.95Mm,>=1.5Mm,40,1950010.0,39,1,work.genova/results/CMR2_0.32900600761754945_CMC_0.44837783075220428_Si_Edmund/pMetaData_0.00.csv,genova|Si|crash_at_1.95Mm,368,16,23.0
genova,0.32666109258707865,0.4515964813308019,Si,0.00,Si,crash_at_1.95Mm,>=1.5Mm,40,1950010.0,39,1,work.genova/results/CMR2_0.32666109258707865_CMC_0.45159648133080188_Si_Edmund/pMetaData_0.00.csv,genova|Si|crash_at_1.95Mm,368,16,23.0
genova,0.33095147057329205,0.4457420894503343,Si,0.00,Si,crash_at_1.95Mm,>=1.5Mm,40,1950010.0,39,1,work.genova/results/CMR2_0.33095147057329205_CMC_0.44574208945033428_Si_Edmund/pMetaData_0.00.csv,genova|Si|crash_at_1.95Mm,368,16,23.0
genova,0.3298213598157341,0.44726939480940986,Si,0.00,Si,crash_at_1.95Mm,>=1.5Mm,40,1950010.0,39,1,work.genova/results/CMR2_0.32982135981573413_CMC_0.44726939480940986_Si_Edmund/pMetaData_0.00.csv,genova|Si|crash_at_1.95Mm,368,16,23.0
genova,0.32960654516792554,0.44756089392837484,Si,0.00,Si,crash_at_1.95Mm,>=1.5Mm,40,1950010.0,39,1,work.genova/results/CMR2_0.32960654516792554_CMC_0.44756089392837484_Si_Edmund/pMetaData_0.00.csv,genova|Si|crash_at_1.95Mm,368,16,23.0
genova,0.3284440537899105,0.44914498617886583,Si,0.00,Si,crash_at_1.95Mm,>=1.5Mm,40,1950010.0,39,1,work.genova/results/CMR2_0.32844405378991048_CMC_0.44914498617886583_Si_Edmund/pMetaData_0.00.csv,genova|Si|crash_at_1.95Mm,368,16,23.0
genova,0.32731629837795884,0.45069249753538637,Si,0.00,Si,crash_at_1.95Mm,>=1.5Mm,40,1950010.0,39,1,work.genova/results/CMR2_0.32731629837795884_CMC_0.45069249753538637_Si_Edmund/pMetaData_0.00.csv,genova|Si|crash_at_1.95Mm,368,16,23.0
genova,0.327671882548089,0.45020341340502473,Si,0.00,Si,crash_at_1.95Mm,>=1.5Mm,40,1950010.0,39,1,work.genova/results/CMR2_0.32767188254808899_CMC_0.45020341340502473_Si_Edmund/pMetaData_0.00.csv,genova|Si|crash_at_1.95Mm,368,16,23.0
genova,0.31874466453892897,0.46281245276180366,Si,0.00,Si,crash_lt_1.95Mm,>=1.5Mm,39,1900010.0,38,1,work.genova/results/CMR2_0.31874466453892897_CMC_0.46281245276180366_Si_Edmund/pMetaData_0.00.csv,genova|Si|crash_lt_1.95Mm,5,5,1.0
genova,0.3416081493861436,0.43183688757158123,Si,0.00,Si,crash_lt_1.95Mm,>=1.5Mm,31,1500010.0,30,1,work.genova/results/CMR2_0.34160814938614359_CMC_0.43183688757158123_Si_Edmund/pMetaData_0.00.csv,genova|Si|crash_lt_1.95Mm,5,5,1.0
genova,0.31971229532781337,0.46141171971113304,Si,0.00,Si,crash_lt_1.95Mm,>=1.5Mm,39,1900010.0,38,1,work.genova/results/CMR2_0.31971229532781337_CMC_0.46141171971113304_Si_Edmund/pMetaData_0.00.csv,genova|Si|crash_lt_1.95Mm,5,5,1.0
genova,0.3517235672309141,0.4194174452437264,Si,0.00,Si,crash_lt_1.95Mm,10m,1,10.0,0,1,work.genova/results/CMR2_0.35172356723091408_CMC_0.41941744524372637_Si_Edmund/pMetaData_0.00.csv,genova|Si|crash_lt_1.95Mm,5,5,1.0
genova,0.31983259262347324,0.46123817085042523,Si,0.00,Si,crash_lt_1.95Mm,>=1.5Mm,39,1900010.0,38,1,work.genova/results/CMR2_0.31983259262347324_CMC_0.46123817085042523_Si_Edmund/pMetaData_0.00.csv,genova|Si|crash_lt_1.95Mm,5,5,1.0
genova,0.3453389114648273,0.42717167137137046,Si,0.00,Si,newton_maxit,10m,1,10.0,0,1,work.genova/results/CMR2_0.34533891146482731_CMC_0.42717167137137046_Si_Edmund/pMetaData_0.00.csv,genova|Si|newton_maxit,49,9,5.444444444444445
genova,0.3445093191045514,0.4282003180158708,Si,0.00,Si,newton_maxit,10m,1,10.0,0,1,work.genova/results/CMR2_0.34450931910455140_CMC_0.42820031801587077_Si_Edmund/pMetaData_0.00.csv,genova|Si|newton_maxit,49,9,5.444444444444445
genova,0.3412465279698417,0.43229450824782395,Si,0.00,Si,newton_maxit,>=1.5Mm,32,1550010.0,31,1,work.genova/results/CMR2_0.34124652796984167_CMC_0.43229450824782395_Si_Edmund/pMetaData_0.00.csv,genova|Si|newton_maxit,49,9,5.444444444444445
genova,0.3268294103544991,0.4513639082847285,Si,0.00,Si,newton_maxit,50km-1.45Mm,22,1050010.0,21,1,work.genova/results/CMR2_0.32682941035449908_CMC_0.45136390828472850_Si_Edmund/pMetaData_0.00.csv,genova|Si|newton_maxit,49,9,5.444444444444445
genova,0.3231218418027994,0.4565429535092541,Si,0.00,Si,newton_maxit,>=1.5Mm,36,1750010.0,35,1,work.genova/results/CMR2_0.32312184180279940_CMC_0.45654295350925411_Si_Edmund/pMetaData_0.00.csv,genova|Si|newton_maxit,49,9,5.444444444444445
genova,0.34405646229751946,0.42876392733595686,Si,0.00,Si,newton_maxit,50km-1.45Mm,7,300010.0,6,1,work.genova/results/CMR2_0.34405646229751946_CMC_0.42876392733595686_Si_Edmund/pMetaData_0.00.csv,genova|Si|newton_maxit,49,9,5.444444444444445
genova,0.3470930087852792,0.4250128820406726,Si,0.00,Si,newton_maxit,10m,1,10.0,0,1,work.genova/results/CMR2_0.34709300878527921_CMC_0.42501288204067261_Si_Edmund/pMetaData_0.00.csv,genova|Si|newton_maxit,49,9,5.444444444444445
genova,0.3478908508628646,0.4240381706909293,Si,0.00,Si,newton_maxit,10m,1,10.0,0,1,work.genova/results/CMR2_0.34789085086286459_CMC_0.42403817069092931_Si_Edmund/pMetaData_0.00.csv,genova|Si|newton_maxit,49,9,5.444444444444445
genova,0.3408421647934621,0.43280736727332764,Si,0.00,Si,newton_maxit,>=1.5Mm,32,1550010.0,31,1,work.genova/results/CMR2_0.34084216479346208_CMC_0.43280736727332764_Si_Edmund/pMetaData_0.00.csv,genova|Si|newton_maxit,49,9,5.444444444444445
margot,0.32259909969326567,0.4569014611018672,S,0.00,S,crash_at_1.95Mm,>=1.5Mm,40,1950010.0,39,1,work.margot/results/CMR2_0.32259909969326567_CMC_0.45690146110186719_S_Edmund/pMetaData_0.00.csv,margot|S|crash_at_1.95Mm,1,1,1.0
margot,0.32150816098997137,0.4584518151767776,S,0.00,S,crash_lt_1.95Mm,10m,1,10.0,0,1,work.margot/results/CMR2_0.32150816098997137_CMC_0.45845181517677758_S_Edmund/pMetaData_0.00.csv,margot|S|crash_lt_1.95Mm,132,11,12.0
margot,0.32219282278188266,0.45747760216180794,S,0.00,S,crash_lt_1.95Mm,10m,1,10.0,0,1,work.margot/results/CMR2_0.32219282278188266_CMC_0.45747760216180794_S_Edmund/pMetaData_0.00.csv,margot|S|crash_lt_1.95Mm,132,11,12.0
margot,0.32969837143028674,0.44706317280419516,S,0.00,S,crash_lt_1.95Mm,50km-1.45Mm,30,1450010.0,29,1,work.margot/results/CMR2_0.32969837143028674_CMC_0.44706317280419516_S_Edmund/pMetaData_0.00.csv,margot|S|crash_lt_1.95Mm,132,11,12.0
margot,0.32021701797332386,0.460300332983174,S,0.00,S,crash_lt_1.95Mm,10m,1,10.0,0,1,work.margot/results/CMR2_0.32021701797332386_CMC_0.46030033298317402_S_Edmund/pMetaData_0.00.csv,margot|S|crash_lt_1.95Mm,132,11,12.0
margot,0.3238224293537849,0.45517538823404297,S,0.00,S,crash_lt_1.95Mm,>=1.5Mm,35,1700010.0,34,1,work.margot/results/CMR2_0.32382242935378491_CMC_0.45517538823404297_S_Edmund/pMetaData_0.00.csv,margot|S|crash_lt_1.95Mm,132,11,12.0
margot,0.3136304513391051,0.46996712012709424,S,0.00,S,crash_lt_1.95Mm,10m,1,10.0,0,1,work.margot/results/CMR2_0.31363045133910511_CMC_0.46996712012709424_S_Edmund/pMetaData_0.00.csv,margot|S|crash_lt_1.95Mm,132,11,12.0
margot,0.3214988227444616,0.4584651313549457,S,0.00,S,crash_lt_1.95Mm,10m,1,10.0,0,1,work.margot/results/CMR2_0.32149882274446162_CMC_0.45846513135494571_S_Edmund/pMetaData_0.00.csv,margot|S|crash_lt_1.95Mm,132,11,12.0
margot,0.33665057793212405,0.4378308241898167,S,0.00,S,crash_lt_1.95Mm,50km-1.45Mm,26,1250010.0,25,1,work.margot/results/CMR2_0.33665057793212405_CMC_0.43783082418981673_S_Edmund/pMetaData_0.00.csv,margot|S|crash_lt_1.95Mm,132,11,12.0
margot,0.3350860988754541,0.43987500673605867,S,0.00,S,crash_lt_1.95Mm,50km-1.45Mm,27,1300010.0,26,1,work.margot/results/CMR2_0.33508609887545410_CMC_0.43987500673605867_S_Edmund/pMetaData_0.00.csv,margot|S|crash_lt_1.95Mm,132,11,12.0
margot,0.3881970479019799,0.3796937684008808,S,0.00,S,crash_lt_1.95Mm,10m,1,10.0,0,1,work.margot/results/CMR2_0.38819704790197990_CMC_0.37969376840088082_S_Edmund/pMetaData_0.00.csv,margot|S|crash_lt_1.95Mm,132,11,12.0
margot,0.3760043983293028,0.3920060527348175,S,0.00,S,crash_lt_1.95Mm,10m,1,10.0,0,1,work.margot/results/CMR2_0.37600439832930282_CMC_0.39200605273481748_S_Edmund/pMetaData_0.00.csv,margot|S|crash_lt_1.95Mm,132,11,12.0
margot,0.3465644711751883,0.42530614722330073,S,0.00,S,detJ0,50km-1.45Mm,16,750010.0,15,1,work.margot/results/CMR2_0.34656447117518829_CMC_0.42530614722330073_S_Edmund/pMetaData_0.00.csv,margot|S|detJ0,841,28,30.035714285714285
margot,0.3522848927864124,0.41840000243599734,S,0.00,S,detJ0,10m,1,10.0,0,1,work.margot/results/CMR2_0.35228489278641240_CMC_0.41840000243599734_S_Edmund/pMetaData_0.00.csv,margot|S|detJ0,841,28,30.035714285714285
margot,0.3583643976184847,0.4113020182236909,S,0.00,S,detJ0,10m,1,10.0,0,1,work.margot/results/CMR2_0.35836439761848471_CMC_0.41130201822369089_S_Edmund/pMetaData_0.00.csv,margot|S|detJ0,841,28,30.035714285714285
margot,0.35296019326429967,0.41759949935665575,S,0.00,S,detJ0,10m,1,10.0,0,1,work.margot/results/CMR2_0.35296019326429967_CMC_0.41759949935665575_S_Edmund/pMetaData_0.00.csv,margot|S|detJ0,841,28,30.035714285714285
margot,0.3500483823171636,0.4210732214338614,S,0.00,S,detJ0,50km-1.45Mm,10,450010.0,9,1,work.margot/results/CMR2_0.35004838231716362_CMC_0.42107322143386139_S_Edmund/pMetaData_0.00.csv,margot|S|detJ0,841,28,30.035714285714285
margot,0.32656220561348254,0.4513565791335241,S,0.00,S,detJ0,>=1.5Mm,33,1600010.0,32,1,work.margot/results/CMR2_0.32656220561348254_CMC_0.45135657913352412_S_Edmund/pMetaData_0.00.csv,margot|S|detJ0,841,28,30.035714285714285
margot,0.34432996429724655,0.4280661437665611,S,0.00,S,detJ0,50km-1.45Mm,19,900010.0,18,1,work.margot/results/CMR2_0.34432996429724655_CMC_0.42806614376656110_S_Edmund/pMetaData_0.00.csv,margot|S|detJ0,841,28,30.035714285714285
margot,0.34034042563045674,0.4330840208798566,S,0.00,S,detJ0,50km-1.45Mm,24,1150010.0,23,1,work.margot/results/CMR2_0.34034042563045674_CMC_0.43308402087985659_S_Edmund/pMetaData_0.00.csv,margot|S|detJ0,841,28,30.035714285714285
margot,0.3346910024427341,0.44039427090729627,S,0.00,S,detJ0,50km-1.45Mm,28,1350010.0,27,1,work.margot/results/CMR2_0.33469100244273409_CMC_0.44039427090729627_S_Edmund/pMetaData_0.00.csv,margot|S|detJ0,841,28,30.035714285714285
margot,0.3488411115211972,0.42253047342169,S,0.00,S,detJ0,50km-1.45Mm,12,550010.0,11,1,work.margot/results/CMR2_0.34884111152119718_CMC_0.42253047342168998_S_Edmund/pMetaData_0.00.csv,margot|S|detJ0,841,28,30.035714285714285
margot,0.3461409639130969,0.42582651395460275,S,0.00,S,detJ0,50km-1.45Mm,18,850010.0,17,1,work.margot/results/CMR2_0.34614096391309690_CMC_0.42582651395460275_S_Edmund/pMetaData_0.00.csv,margot|S|detJ0,841,28,30.035714285714285
margot,0.3572921820790077,0.4125363145152906,S,0.00,S,detJ0,10m,1,10.0,0,1,work.margot/results/CMR2_0.35729218207900770_CMC_0.41253631451529060_S_Edmund/pMetaData_0.00.csv,margot|S|detJ0,841,28,30.035714285714285
margot,0.3470611688895756,0.42469746895509636,S,0.00,S,detJ0,50km-1.45Mm,17,800010.0,16,1,work.margot/results/CMR2_0.34706116888957561_CMC_0.42469746895509636_S_Edmund/pMetaData_0.00.csv,margot|S|detJ0,841,28,30.035714285714285
margot,0.3611283507096914,0.4081540530128321,S,0.00,S,detJ0,10m,1,10.0,0,1,work.margot/results/CMR2_0.36112835070969140_CMC_0.40815405301283209_S_Edmund/pMetaData_0.00.csv,margot|S|detJ0,841,28,30.035714285714285
margot,0.3481187243970762,0.4234072736399983,S,0.00,S,detJ0,50km-1.45Mm,14,650010.0,13,1,work.margot/results/CMR2_0.34811872439707620_CMC_0.42340727363999831_S_Edmund/pMetaData_0.00.csv,margot|S|detJ0,841,28,30.035714285714285
margot,0.3478002477758511,0.42379498273098754,S,0.00,S,detJ0,50km-1.45Mm,16,750010.0,15,1,work.margot/results/CMR2_0.34780024777585111_CMC_0.42379498273098754_S_Edmund/pMetaData_0.00.csv,margot|S|detJ0,841,28,30.035714285714285
margot,0.35106408191521515,0.4198549711946816,S,0.00,S,detJ0,10m,1,10.0,0,1,work.margot/results/CMR2_0.35106408191521515_CMC_0.41985497119468163_S_Edmund/pMetaData_0.00.csv,margot|S|detJ0,841,28,30.035714285714285
margot,0.33285811365557993,0.4428193093484747,S,0.00,S,detJ0,50km-1.45Mm,29,1400010.0,28,1,work.margot/results/CMR2_0.33285811365557993_CMC_0.44281930934847469_S_Edmund/pMetaData_0.00.csv,margot|S|detJ0,841,28,30.035714285714285
margot,0.3660135587352093,0.4027063929252766,S,0.00,S,detJ0,10m,1,10.0,0,1,work.margot/results/CMR2_0.36601355873520930_CMC_0.40270639292527660_S_Edmund/pMetaData_0.00.csv,margot|S|detJ0,841,28,30.035714285714285
margot,0.3512507501671378,0.4196318440027919,S,0.00,S,detJ0,10m,1,10.0,0,1,work.margot/results/CMR2_0.35125075016713780_CMC_0.41963184400279191_S_Edmund/pMetaData_0.00.csv,margot|S|detJ0,841,28,30.035714285714285
margot,0.3645162695565965,0.4043605520798698,S,0.00,S,detJ0,10m,1,10.0,0,1,work.margot/results/CMR2_0.36451626955659649_CMC_0.40436055207986982_S_Edmund/pMetaData_0.00.csv,margot|S|detJ0,841,28,30.035714285714285
margot,0.3585766042259301,0.4110586085731614,S,0.00,S,detJ0,10m,1,10.0,0,1,work.margot/results/CMR2_0.35857660422593007_CMC_0.41105860857316140_S_Edmund/pMetaData_0.00.csv,margot|S|detJ0,841,28,30.035714285714285
margot,0.33323668091199915,0.4423162528104888,S,0.00,S,detJ0,50km-1.45Mm,29,1400010.0,28,1,work.margot/results/CMR2_0.33323668091199915_CMC_0.44231625281048881_S_Edmund/pMetaData_0.00.csv,margot|S|detJ0,841,28,30.035714285714285
margot,0.34654316492021314,0.42533229600397954,S,0.00,S,detJ0,50km-1.45Mm,18,850010.0,17,1,work.margot/results/CMR2_0.34654316492021314_CMC_0.42533229600397954_S_Edmund/pMetaData_0.00.csv,margot|S|detJ0,841,28,30.035714285714285
margot,0.3740610343245371,0.39404264671983597,S,0.00,S,detJ0,10m,1,10.0,0,1,work.margot/results/CMR2_0.37406103432453708_CMC_0.39404264671983597_S_Edmund/pMetaData_0.00.csv,margot|S|detJ0,841,28,30.035714285714285
margot,0.34926197760114613,0.4220213176721024,S,0.00,S,detJ0,50km-1.45Mm,13,600010.0,12,1,work.margot/results/CMR2_0.34926197760114613_CMC_0.42202131767210238_S_Edmund/pMetaData_0.00.csv,margot|S|detJ0,841,28,30.035714285714285
margot,0.3596940803564339,0.4097815561878026,S,0.00,S,detJ0,10m,1,10.0,0,1,work.margot/results/CMR2_0.35969408035643391_CMC_0.40978155618780260_S_Edmund/pMetaData_0.00.csv,margot|S|detJ0,841,28,30.035714285714285
margot,0.32930238555335584,0.44760076594136267,S,0.00,S,detJ0,>=1.5Mm,31,1500010.0,30,1,work.margot/results/CMR2_0.32930238555335584_CMC_0.44760076594136267_S_Edmund/pMetaData_0.00.csv,margot|S|detJ0,841,28,30.035714285714285
margot,0.33258733025057446,0.443179840581872,S,0.00,S,newton_maxit,50km-1.45Mm,28,1350010.0,27,1,work.margot/results/CMR2_0.33258733025057446_CMC_0.44317984058187199_S_Edmund/pMetaData_0.00.csv,margot|S|newton_maxit,50,9,5.555555555555555
margot,0.347764032951184,0.4238391151297987,S,0.00,S,newton_maxit,50km-1.45Mm,14,650010.0,13,1,work.margot/results/CMR2_0.34776403295118402_CMC_0.42383911512979872_S_Edmund/pMetaData_0.00.csv,margot|S|newton_maxit,50,9,5.555555555555555
margot,0.32296789094603556,0.4563797335030691,S,0.00,S,newton_maxit,>=1.5Mm,37,1800010.0,36,1,work.margot/results/CMR2_0.32296789094603556_CMC_0.45637973350306910_S_Edmund/pMetaData_0.00.csv,margot|S|newton_maxit,50,9,5.555555555555555
margot,0.32309560390322517,0.4561993361077999,S,0.00,S,newton_maxit,>=1.5Mm,36,1750010.0,35,1,work.margot/results/CMR2_0.32309560390322517_CMC_0.45619933610779989_S_Edmund/pMetaData_0.00.csv,margot|S|newton_maxit,50,9,5.555555555555555
margot,0.342916169924627,0.42983099931507357,S,0.00,S,newton_maxit,50km-1.45Mm,20,950010.0,19,1,work.margot/results/CMR2_0.34291616992462698_CMC_0.42983099931507357_S_Edmund/pMetaData_0.00.csv,margot|S|newton_maxit,50,9,5.555555555555555
margot,0.3269341689837244,0.4508430564421602,S,0.00,S,newton_maxit,>=1.5Mm,32,1550010.0,31,1,work.margot/results/CMR2_0.32693416898372440_CMC_0.45084305644216022_S_Edmund/pMetaData_0.00.csv,margot|S|newton_maxit,50,9,5.555555555555555
margot,0.3257842249485809,0.45243442963901576,S,0.00,S,newton_maxit,>=1.5Mm,33,1600010.0,32,1,work.margot/results/CMR2_0.32578422494858089_CMC_0.45243442963901576_S_Edmund/pMetaData_0.00.csv,margot|S|newton_maxit,50,9,5.555555555555555
margot,0.3311392869760284,0.4451178274436225,S,0.00,S,newton_maxit,50km-1.45Mm,29,1400010.0,28,1,work.margot/results/CMR2_0.33113928697602840_CMC_0.44511782744362249_S_Edmund/pMetaData_0.00.csv,margot|S|newton_maxit,50,9,5.555555555555555
margot,0.3501947180720438,0.4208972677014419,S,0.00,S,newton_maxit,50km-1.45Mm,6,250010.0,5,1,work.margot/results/CMR2_0.35019471807204378_CMC_0.42089726770144192_S_Edmund/pMetaData_0.00.csv,margot|S|newton_maxit,50,9,5.555555555555555
margot,0.32259909969326567,0.4569014611018672,S+Si,0.00,S+Si_0.00,crash_at_1.95Mm,>=1.5Mm,40,1950010.0,39,1,work.margot/results/CMR2_0.32259909969326567_CMC_0.45690146110186719_S+Si_Edmund/pMetaData_0.00.csv,margot|S+Si_0.00|crash_at_1.95Mm,1,1,1.0
margot,0.37771925987934724,0.3902263285358599,S+Si,0.00,S+Si_0.00,crash_lt_1.95Mm,10m,1,10.0,0,1,work.margot/results/CMR2_0.37771925987934724_CMC_0.39022632853585992_S+Si_Edmund/pMetaData_0.00.csv,margot|S+Si_0.00|crash_lt_1.95Mm,134,11,12.181818181818182
margot,0.33571851678107,0.4390463815140719,S+Si,0.00,S+Si_0.00,crash_lt_1.95Mm,50km-1.45Mm,26,1250010.0,25,1,work.margot/results/CMR2_0.33571851678107001_CMC_0.43904638151407188_S+Si_Edmund/pMetaData_0.00.csv,margot|S+Si_0.00|crash_lt_1.95Mm,134,11,12.181818181818182
margot,0.3220123548762813,0.45773398991672304,S+Si,0.00,S+Si_0.00,crash_lt_1.95Mm,10m,1,10.0,0,1,work.margot/results/CMR2_0.32201235487628133_CMC_0.45773398991672304_S+Si_Edmund/pMetaData_0.00.csv,margot|S+Si_0.00|crash_lt_1.95Mm,134,11,12.181818181818182
margot,0.3321719953042079,0.44373397542141574,S+Si,0.00,S+Si_0.00,crash_lt_1.95Mm,50km-1.45Mm,29,1400010.0,28,1,work.margot/results/CMR2_0.33217199530420788_CMC_0.44373397542141574_S+Si_Edmund/pMetaData_0.00.csv,margot|S+Si_0.00|crash_lt_1.95Mm,134,11,12.181818181818182
margot,0.3833584596356111,0.3844861024851322,S+Si,0.00,S+Si_0.00,crash_lt_1.95Mm,10m,1,10.0,0,1,work.margot/results/CMR2_0.38335845963561110_CMC_0.38448610248513221_S+Si_Edmund/pMetaData_0.00.csv,margot|S+Si_0.00|crash_lt_1.95Mm,134,11,12.181818181818182
margot,0.3760043983293028,0.3920060527348175,S+Si,0.00,S+Si_0.00,crash_lt_1.95Mm,10m,1,10.0,0,1,work.margot/results/CMR2_0.37600439832930282_CMC_0.39200605273481748_S+Si_Edmund/pMetaData_0.00.csv,margot|S+Si_0.00|crash_lt_1.95Mm,134,11,12.181818181818182
margot,0.337999762384004,0.43608314680571386,S+Si,0.00,S+Si_0.00,crash_lt_1.95Mm,50km-1.45Mm,25,1200010.0,24,1,work.margot/results/CMR2_0.33799976238400398_CMC_0.43608314680571386_S+Si_Edmund/pMetaData_0.00.csv,margot|S+Si_0.00|crash_lt_1.95Mm,134,11,12.181818181818182
margot,0.3792019906527784,0.38870049111890137,S+Si,0.00,S+Si_0.00,crash_lt_1.95Mm,10m,1,10.0,0,1,work.margot/results/CMR2_0.37920199065277838_CMC_0.38870049111890137_S+Si_Edmund/pMetaData_0.00.csv,margot|S+Si_0.00|crash_lt_1.95Mm,134,11,12.181818181818182
margot,0.3067402053960458,0.48052390070512774,S+Si,0.00,S+Si_0.00,crash_lt_1.95Mm,10m,1,10.0,0,1,work.margot/results/CMR2_0.30674020539604580_CMC_0.48052390070512774_S+Si_Edmund/pMetaData_0.00.csv,margot|S+Si_0.00|crash_lt_1.95Mm,134,11,12.181818181818182
margot,0.3189418189299668,0.46214071423592523,S+Si,0.00,S+Si_0.00,crash_lt_1.95Mm,10m,1,10.0,0,1,work.margot/results/CMR2_0.31894181892996681_CMC_0.46214071423592523_S+Si_Edmund/pMetaData_0.00.csv,margot|S+Si_0.00|crash_lt_1.95Mm,134,11,12.181818181818182
margot,0.3220396203502064,0.45769523588343636,S+Si,0.00,S+Si_0.00,crash_lt_1.95Mm,10m,1,10.0,0,1,work.margot/results/CMR2_0.32203962035020639_CMC_0.45769523588343636_S+Si_Edmund/pMetaData_0.00.csv,margot|S+Si_0.00|crash_lt_1.95Mm,134,11,12.181818181818182
margot,0.349077766309689,0.42224402189292015,S+Si,0.00,S+Si_0.00,detJ0,50km-1.45Mm,13,600010.0,12,1,work.margot/results/CMR2_0.34907776630968901_CMC_0.42224402189292015_S+Si_Edmund/pMetaData_0.00.csv,margot|S+Si_0.00|detJ0,840,28,30.0
margot,0.3739645448015623,0.3941443167512393,S+Si,0.00,S+Si_0.00,detJ0,10m,1,10.0,0,1,work.margot/results/CMR2_0.37396454480156233_CMC_0.39414431675123929_S+Si_Edmund/pMetaData_0.00.csv,margot|S+Si_0.00|detJ0,840,28,30.0
margot,0.3628210129112581,0.4062498994126654,S+Si,0.00,S+Si_0.00,detJ0,10m,1,10.0,0,1,work.margot/results/CMR2_0.36282101291125812_CMC_0.40624989941266543_S+Si_Edmund/pMetaData_0.00.csv,margot|S+Si_0.00|detJ0,840,28,30.0
margot,0.34286976476435904,0.4298891741046327,S+Si,0.00,S+Si_0.00,detJ0,50km-1.45Mm,21,1000010.0,20,1,work.margot/results/CMR2_0.34286976476435904_CMC_0.42988917410463268_S+Si_Edmund/pMetaData_0.00.csv,margot|S+Si_0.00|detJ0,840,28,30.0
margot,0.3441023525489073,0.4283492946449722,S+Si,0.00,S+Si_0.00,detJ0,50km-1.45Mm,19,900010.0,18,1,work.margot/results/CMR2_0.34410235254890731_CMC_0.42834929464497218_S+Si_Edmund/pMetaData_0.00.csv,margot|S+Si_0.00|detJ0,840,28,30.0
margot,0.36198062672078074,0.4071930626102157,S+Si,0.00,S+Si_0.00,detJ0,10m,1,10.0,0,1,work.margot/results/CMR2_0.36198062672078074_CMC_0.40719306261021571_S+Si_Edmund/pMetaData_0.00.csv,margot|S+Si_0.00|detJ0,840,28,30.0
margot,0.36656955912197103,0.402095581403572,S+Si,0.00,S+Si_0.00,detJ0,10m,1,10.0,0,1,work.margot/results/CMR2_0.36656955912197103_CMC_0.40209558140357199_S+Si_Edmund/pMetaData_0.00.csv,margot|S+Si_0.00|detJ0,840,28,30.0
margot,0.33228290944735583,0.44358585954705027,S+Si,0.00,S+Si_0.00,detJ0,50km-1.45Mm,29,1400010.0,28,1,work.margot/results/CMR2_0.33228290944735583_CMC_0.44358585954705027_S+Si_Edmund/pMetaData_0.00.csv,margot|S+Si_0.00|detJ0,840,28,30.0
margot,0.36015493381537944,0.40925720061232673,S+Si,0.00,S+Si_0.00,detJ0,10m,1,10.0,0,1,work.margot/results/CMR2_0.36015493381537944_CMC_0.40925720061232673_S+Si_Edmund/pMetaData_0.00.csv,margot|S+Si_0.00|detJ0,840,28,30.0
margot,0.3362693168091605,0.4383272354392362,S+Si,0.00,S+Si_0.00,detJ0,50km-1.45Mm,26,1250010.0,25,1,work.margot/results/CMR2_0.33626931680916050_CMC_0.43832723543923618_S+Si_Edmund/pMetaData_0.00.csv,margot|S+Si_0.00|detJ0,840,28,30.0
margot,0.3610514746541231,0.40824095827665885,S+Si,0.00,S+Si_0.00,detJ0,10m,1,10.0,0,1,work.margot/results/CMR2_0.36105147465412307_CMC_0.40824095827665885_S+Si_Edmund/pMetaData_0.00.csv,margot|S+Si_0.00|detJ0,840,28,30.0
margot,0.35900655272469145,0.41056632220591366,S+Si,0.00,S+Si_0.00,detJ0,10m,1,10.0,0,1,work.margot/results/CMR2_0.35900655272469145_CMC_0.41056632220591366_S+Si_Edmund/pMetaData_0.00.csv,margot|S+Si_0.00|detJ0,840,28,30.0
margot,0.36629970293412156,0.4023918087274806,S+Si,0.00,S+Si_0.00,detJ0,10m,1,10.0,0,1,work.margot/results/CMR2_0.36629970293412156_CMC_0.40239180872748059_S+Si_Edmund/pMetaData_0.00.csv,margot|S+Si_0.00|detJ0,840,28,30.0
margot,0.3512705079953616,0.41960824107085676,S+Si,0.00,S+Si_0.00,detJ0,10m,1,10.0,0,1,work.margot/results/CMR2_0.35127050799536158_CMC_0.41960824107085676_S+Si_Edmund/pMetaData_0.00.csv,margot|S+Si_0.00|detJ0,840,28,30.0
margot,0.3752178951304731,0.3928277459920896,S+Si,0.00,S+Si_0.00,detJ0,10m,1,10.0,0,1,work.margot/results/CMR2_0.37521789513047310_CMC_0.39282774599208958_S+Si_Edmund/pMetaData_0.00.csv,margot|S+Si_0.00|detJ0,840,28,30.0
margot,0.35556698292811506,0.41453792696438024,S+Si,0.00,S+Si_0.00,detJ0,10m,1,10.0,0,1,work.margot/results/CMR2_0.35556698292811506_CMC_0.41453792696438024_S+Si_Edmund/pMetaData_0.00.csv,margot|S+Si_0.00|detJ0,840,28,30.0
margot,0.3299453431654839,0.44672853565953685,S+Si,0.00,S+Si_0.00,detJ0,50km-1.45Mm,30,1450010.0,29,1,work.margot/results/CMR2_0.32994534316548391_CMC_0.44672853565953685_S+Si_Edmund/pMetaData_0.00.csv,margot|S+Si_0.00|detJ0,840,28,30.0
margot,0.34446179767608237,0.42790231309947785,S+Si,0.00,S+Si_0.00,detJ0,50km-1.45Mm,20,950010.0,19,1,work.margot/results/CMR2_0.34446179767608237_CMC_0.42790231309947785_S+Si_Edmund/pMetaData_0.00.csv,margot|S+Si_0.00|detJ0,840,28,30.0
margot,0.3391784037426676,0.43456776249182527,S+Si,0.00,S+Si_0.00,detJ0,50km-1.45Mm,24,1150010.0,23,1,work.margot/results/CMR2_0.33917840374266761_CMC_0.43456776249182527_S+Si_Edmund/pMetaData_0.00.csv,margot|S+Si_0.00|detJ0,840,28,30.0
margot,0.34024633368810075,0.4332037862165943,S+Si,0.00,S+Si_0.00,detJ0,50km-1.45Mm,24,1150010.0,23,1,work.margot/results/CMR2_0.34024633368810075_CMC_0.43320378621659428_S+Si_Edmund/pMetaData_0.00.csv,margot|S+Si_0.00|detJ0,840,28,30.0
margot,0.33636563592750945,0.438201719368757,S+Si,0.00,S+Si_0.00,detJ0,50km-1.45Mm,26,1250010.0,25,1,work.margot/results/CMR2_0.33636563592750945_CMC_0.43820171936875701_S+Si_Edmund/pMetaData_0.00.csv,margot|S+Si_0.00|detJ0,840,28,30.0
margot,0.3551538680880115,0.4150201173184842,S+Si,0.00,S+Si_0.00,detJ0,10m,1,10.0,0,1,work.margot/results/CMR2_0.35515386808801153_CMC_0.41502011731848421_S+Si_Edmund/pMetaData_0.00.csv,margot|S+Si_0.00|detJ0,840,28,30.0
margot,0.35551027982797107,0.41460404484315866,S+Si,0.00,S+Si_0.00,detJ0,10m,1,10.0,0,1,work.margot/results/CMR2_0.35551027982797107_CMC_0.41460404484315866_S+Si_Edmund/pMetaData_0.00.csv,margot|S+Si_0.00|detJ0,840,28,30.0
margot,0.35086797766032274,0.42008963309468755,S+Si,0.00,S+Si_0.00,detJ0,10m,1,10.0,0,1,work.margot/results/CMR2_0.35086797766032274_CMC_0.42008963309468755_S+Si_Edmund/pMetaData_0.00.csv,margot|S+Si_0.00|detJ0,840,28,30.0
margot,0.34086153118902834,0.4324219265396071,S+Si,0.00,S+Si_0.00,detJ0,50km-1.45Mm,23,1100010.0,22,1,work.margot/results/CMR2_0.34086153118902834_CMC_0.43242192653960709_S+Si_Edmund/pMetaData_0.00.csv,margot|S+Si_0.00|detJ0,840,28,30.0
margot,0.35786701517621294,0.4118736674499675,S+Si,0.00,S+Si_0.00,detJ0,10m,1,10.0,0,1,work.margot/results/CMR2_0.35786701517621294_CMC_0.41187366744996751_S+Si_Edmund/pMetaData_0.00.csv,margot|S+Si_0.00|detJ0,840,28,30.0
margot,0.33429740297832744,0.44091278809472445,S+Si,0.00,S+Si_0.00,detJ0,50km-1.45Mm,28,1350010.0,27,1,work.margot/results/CMR2_0.33429740297832744_CMC_0.44091278809472445_S+Si_Edmund/pMetaData_0.00.csv,margot|S+Si_0.00|detJ0,840,28,30.0
margot,0.3589020610149183,0.41068585558741966,S+Si,0.00,S+Si_0.00,detJ0,10m,1,10.0,0,1,work.margot/results/CMR2_0.35890206101491828_CMC_0.41068585558741966_S+Si_Edmund/pMetaData_0.00.csv,margot|S+Si_0.00|detJ0,840,28,30.0
margot,0.3235903767188888,0.45550180291068004,S+Si,0.00,S+Si_0.00,newton_maxit,>=1.5Mm,35,1700010.0,34,1,work.margot/results/CMR2_0.32359037671888879_CMC_0.45550180291068004_S+Si_Edmund/pMetaData_0.00.csv,margot|S+Si_0.00|newton_maxit,49,9,5.444444444444445
margot,0.3471218501455297,0.4246232265073625,S+Si,0.00,S+Si_0.00,newton_maxit,50km-1.45Mm,15,700010.0,14,1,work.margot/results/CMR2_0.34712185014552971_CMC_0.42462322650736251_S+Si_Edmund/pMetaData_0.00.csv,margot|S+Si_0.00|newton_maxit,49,9,5.444444444444445
margot,0.3232008460473362,0.45605078638442764,S+Si,0.00,S+Si_0.00,newton_maxit,>=1.5Mm,36,1750010.0,35,1,work.margot/results/CMR2_0.32320084604733618_CMC_0.45605078638442764_S+Si_Edmund/pMetaData_0.00.csv,margot|S+Si_0.00|newton_maxit,49,9,5.444444444444445
margot,0.3502749376329319,0.4208008742962438,S+Si,0.00,S+Si_0.00,newton_maxit,50km-1.45Mm,5,200010.0,4,1,work.margot/results/CMR2_0.35027493763293188_CMC_0.42080087429624380_S+Si_Edmund/pMetaData_0.00.csv,margot|S+Si_0.00|newton_maxit,49,9,5.444444444444445
margot,0.35027391206677283,0.4208021063581288,S+Si,0.00,S+Si_0.00,newton_maxit,50km-1.45Mm,5,200010.0,4,1,work.margot/results/CMR2_0.35027391206677283_CMC_0.42080210635812881_S+Si_Edmund/pMetaData_0.00.csv,margot|S+Si_0.00|newton_maxit,49,9,5.444444444444445
margot,0.3257842249485809,0.45243442963901576,S+Si,0.00,S+Si_0.00,newton_maxit,>=1.5Mm,33,1600010.0,32,1,work.margot/results/CMR2_0.32578422494858089_CMC_0.45243442963901576_S+Si_Edmund/pMetaData_0.00.csv,margot|S+Si_0.00|newton_maxit,49,9,5.444444444444445
margot,0.3477647691861882,0.42383821784168807,S+Si,0.00,S+Si_0.00,newton_maxit,50km-1.45Mm,14,650010.0,13,1,work.margot/results/CMR2_0.34776476918618821_CMC_0.42383821784168807_S+Si_Edmund/pMetaData_0.00.csv,margot|S+Si_0.00|newton_maxit,49,9,5.444444444444445
margot,0.3477744384339196,0.4238264337762898,S+Si,0.00,S+Si_0.00,newton_maxit,50km-1.45Mm,14,650010.0,13,1,work.margot/results/CMR2_0.34777443843391959_CMC_0.42382643377628981_S+Si_Edmund/pMetaData_0.00.csv,margot|S+Si_0.00|newton_maxit,49,9,5.444444444444445
margot,0.3464394680747527,0.4254596071836589,S+Si,0.00,S+Si_0.00,newton_maxit,50km-1.45Mm,16,750010.0,15,1,work.margot/results/CMR2_0.34643946807475268_CMC_0.42545960718365888_S+Si_Edmund/pMetaData_0.00.csv,margot|S+Si_0.00|newton_maxit,49,9,5.444444444444445
margot,0.3238224293537849,0.45517538823404297,S+Si,0.01,S+Si_0.01,crash_lt_1.95Mm,10m,1,10.0,0,1,work.margot/results/CMR2_0.32382242935378491_CMC_0.45517538823404297_S+Si_Edmund/pMetaData_0.01.csv,margot|S+Si_0.01|crash_lt_1.95Mm,149,11,13.545454545454545
margot,0.3197831382886033,0.46092486548485734,S+Si,0.01,S+Si_0.01,crash_lt_1.95Mm,10m,1,10.0,0,1,work.margot/results/CMR2_0.31978313828860327_CMC_0.46092486548485734_S+Si_Edmund/pMetaData_0.01.csv,margot|S+Si_0.01|crash_lt_1.95Mm,149,11,13.545454545454545
margot,0.3363262196787443,0.4382530750673893,S+Si,0.01,S+Si_0.01,crash_lt_1.95Mm,50km-1.45Mm,27,1300010.0,26,1,work.margot/results/CMR2_0.33632621967874432_CMC_0.43825307506738931_S+Si_Edmund/pMetaData_0.01.csv,margot|S+Si_0.01|crash_lt_1.95Mm,149,11,13.545454545454545
margot,0.3764156303119902,0.39157778830233897,S+Si,0.01,S+Si_0.01,crash_lt_1.95Mm,10m,1,10.0,0,1,work.margot/results/CMR2_0.37641563031199021_CMC_0.39157778830233897_S+Si_Edmund/pMetaData_0.01.csv,margot|S+Si_0.01|crash_lt_1.95Mm,149,11,13.545454545454545
margot,0.3220123548762813,0.45773398991672304,S+Si,0.01,S+Si_0.01,crash_lt_1.95Mm,10m,1,10.0,0,1,work.margot/results/CMR2_0.32201235487628133_CMC_0.45773398991672304_S+Si_Edmund/pMetaData_0.01.csv,margot|S+Si_0.01|crash_lt_1.95Mm,149,11,13.545454545454545
margot,0.3333983097641379,0.4421018214047787,S+Si,0.01,S+Si_0.01,crash_lt_1.95Mm,50km-1.45Mm,29,1400010.0,28,1,work.margot/results/CMR2_0.33339830976413792_CMC_0.44210182140477872_S+Si_Edmund/pMetaData_0.01.csv,margot|S+Si_0.01|crash_lt_1.95Mm,149,11,13.545454545454545
margot,0.3255022565518042,0.45282635383678727,S+Si,0.01,S+Si_0.01,crash_lt_1.95Mm,>=1.5Mm,35,1700010.0,34,1,work.margot/results/CMR2_0.32550225655180420_CMC_0.45282635383678727_S+Si_Edmund/pMetaData_0.01.csv,margot|S+Si_0.01|crash_lt_1.95Mm,149,11,13.545454545454545
margot,0.32307962890798425,0.45622189334004587,S+Si,0.01,S+Si_0.01,crash_lt_1.95Mm,10m,1,10.0,0,1,work.margot/results/CMR2_0.32307962890798425_CMC_0.45622189334004587_S+Si_Edmund/pMetaData_0.01.csv,margot|S+Si_0.01|crash_lt_1.95Mm,149,11,13.545454545454545
margot,0.3181057138898698,0.46335539905149087,S+Si,0.01,S+Si_0.01,crash_lt_1.95Mm,10m,1,10.0,0,1,work.margot/results/CMR2_0.31810571388986980_CMC_0.46335539905149087_S+Si_Edmund/pMetaData_0.01.csv,margot|S+Si_0.01|crash_lt_1.95Mm,149,11,13.545454545454545
margot,0.3882566908290016,0.37963544088649603,S+Si,0.01,S+Si_0.01,crash_lt_1.95Mm,10m,1,10.0,0,1,work.margot/results/CMR2_0.38825669082900161_CMC_0.37963544088649603_S+Si_Edmund/pMetaData_0.01.csv,margot|S+Si_0.01|crash_lt_1.95Mm,149,11,13.545454545454545
margot,0.3826556942738639,0.3851922294785185,S+Si,0.01,S+Si_0.01,crash_lt_1.95Mm,10m,1,10.0,0,1,work.margot/results/CMR2_0.38265569427386392_CMC_0.38519222947851850_S+Si_Edmund/pMetaData_0.01.csv,margot|S+Si_0.01|crash_lt_1.95Mm,149,11,13.545454545454545
margot,0.362720279033859,0.4063627222404098,S+Si,0.01,S+Si_0.01,detJ0,10m,1,10.0,0,1,work.margot/results/CMR2_0.36272027903385901_CMC_0.40636272224040981_S+Si_Edmund/pMetaData_0.01.csv,margot|S+Si_0.01|detJ0,834,27,30.88888888888889
margot,0.3446262419709371,0.4276981322055856,S+Si,0.01,S+Si_0.01,detJ0,50km-1.45Mm,21,1000010.0,20,1,work.margot/results/CMR2_0.34462624197093711_CMC_0.42769813220558561_S+Si_Edmund/pMetaData_0.01.csv,margot|S+Si_0.01|detJ0,834,27,30.88888888888889
margot,0.34375065352144596,0.42878754844550204,S+Si,0.01,S+Si_0.01,detJ0,50km-1.45Mm,21,1000010.0,20,1,work.margot/results/CMR2_0.34375065352144596_CMC_0.42878754844550204_S+Si_Edmund/pMetaData_0.01.csv,margot|S+Si_0.01|detJ0,834,27,30.88888888888889
margot,0.3441023525489073,0.4283492946449722,S+Si,0.01,S+Si_0.01,detJ0,50km-1.45Mm,21,1000010.0,20,1,work.margot/results/CMR2_0.34410235254890731_CMC_0.42834929464497218_S+Si_Edmund/pMetaData_0.01.csv,margot|S+Si_0.01|detJ0,834,27,30.88888888888889
margot,0.3461906552663995,0.4257653918664451,S+Si,0.01,S+Si_0.01,detJ0,50km-1.45Mm,18,850010.0,17,1,work.margot/results/CMR2_0.34619065526639953_CMC_0.42576539186644508_S+Si_Edmund/pMetaData_0.01.csv,margot|S+Si_0.01|detJ0,834,27,30.88888888888889
margot,0.3530559685824444,0.4174862149811825,S+Si,0.01,S+Si_0.01,detJ0,10m,1,10.0,0,1,work.margot/results/CMR2_0.35305596858244442_CMC_0.41748621498118249_S+Si_Edmund/pMetaData_0.01.csv,margot|S+Si_0.01|detJ0,834,27,30.88888888888889
margot,0.32701277421971614,0.45073468567612074,S+Si,0.01,S+Si_0.01,detJ0,>=1.5Mm,34,1650010.0,33,1,work.margot/results/CMR2_0.32701277421971614_CMC_0.45073468567612074_S+Si_Edmund/pMetaData_0.01.csv,margot|S+Si_0.01|detJ0,834,27,30.88888888888889
margot,0.3299538234894822,0.4467170540446805,S+Si,0.01,S+Si_0.01,detJ0,>=1.5Mm,32,1550010.0,31,1,work.margot/results/CMR2_0.32995382348948221_CMC_0.44671705404468048_S+Si_Edmund/pMetaData_0.01.csv,margot|S+Si_0.01|detJ0,834,27,30.88888888888889
margot,0.36318773014762157,0.4058397015232021,S+Si,0.01,S+Si_0.01,detJ0,10m,1,10.0,0,1,work.margot/results/CMR2_0.36318773014762157_CMC_0.40583970152320209_S+Si_Edmund/pMetaData_0.01.csv,margot|S+Si_0.01|detJ0,834,27,30.88888888888889
margot,0.3545092196198901,0.4157748003226548,S+Si,0.01,S+Si_0.01,detJ0,10m,1,10.0,0,1,work.margot/results/CMR2_0.35450921961989013_CMC_0.41577480032265479_S+Si_Edmund/pMetaData_0.01.csv,margot|S+Si_0.01|detJ0,834,27,30.88888888888889
margot,0.34713084560300306,0.4246122229327029,S+Si,0.01,S+Si_0.01,detJ0,50km-1.45Mm,17,800010.0,16,1,work.margot/results/CMR2_0.34713084560300306_CMC_0.42461222293270290_S+Si_Edmund/pMetaData_0.01.csv,margot|S+Si_0.01|detJ0,834,27,30.88888888888889
margot,0.33910384338036365,0.43466331295652666,S+Si,0.01,S+Si_0.01,detJ0,50km-1.45Mm,25,1200010.0,24,1,work.margot/results/CMR2_0.33910384338036365_CMC_0.43466331295652666_S+Si_Edmund/pMetaData_0.01.csv,margot|S+Si_0.01|detJ0,834,27,30.88888888888889
margot,0.33967038856998616,0.4339383265657563,S+Si,0.01,S+Si_0.01,detJ0,50km-1.45Mm,25,1200010.0,24,1,work.margot/results/CMR2_0.33967038856998616_CMC_0.43393832656575632_S+Si_Edmund/pMetaData_0.01.csv,margot|S+Si_0.01|detJ0,834,27,30.88888888888889
margot,0.3470611688895756,0.42469746895509636,S+Si,0.01,S+Si_0.01,detJ0,50km-1.45Mm,18,850010.0,17,1,work.margot/results/CMR2_0.34706116888957561_CMC_0.42469746895509636_S+Si_Edmund/pMetaData_0.01.csv,margot|S+Si_0.01|detJ0,834,27,30.88888888888889
margot,0.33771472637359484,0.4364512071556633,S+Si,0.01,S+Si_0.01,detJ0,50km-1.45Mm,26,1250010.0,25,1,work.margot/results/CMR2_0.33771472637359484_CMC_0.43645120715566332_S+Si_Edmund/pMetaData_0.01.csv,margot|S+Si_0.01|detJ0,834,27,30.88888888888889
margot,0.3570522462926275,0.4128135350791195,S+Si,0.01,S+Si_0.01,detJ0,10m,1,10.0,0,1,work.margot/results/CMR2_0.35705224629262750_CMC_0.41281353507911950_S+Si_Edmund/pMetaData_0.01.csv,margot|S+Si_0.01|detJ0,834,27,30.88888888888889
margot,0.3464942305166991,0.42539236448526185,S+Si,0.01,S+Si_0.01,detJ0,50km-1.45Mm,19,900010.0,18,1,work.margot/results/CMR2_0.34649423051669909_CMC_0.42539236448526185_S+Si_Edmund/pMetaData_0.01.csv,margot|S+Si_0.01|detJ0,834,27,30.88888888888889
margot,0.35285477581685515,0.417724259672495,S+Si,0.01,S+Si_0.01,detJ0,10m,1,10.0,0,1,work.margot/results/CMR2_0.35285477581685515_CMC_0.41772425967249499_S+Si_Edmund/pMetaData_0.01.csv,margot|S+Si_0.01|detJ0,834,27,30.88888888888889
margot,0.3431379142630595,0.429553231727701,S+Si,0.01,S+Si_0.01,detJ0,50km-1.45Mm,22,1050010.0,21,1,work.margot/results/CMR2_0.34313791426305951_CMC_0.42955323172770099_S+Si_Edmund/pMetaData_0.01.csv,margot|S+Si_0.01|detJ0,834,27,30.88888888888889
margot,0.32826363801182956,0.4490171402861511,S+Si,0.01,S+Si_0.01,detJ0,>=1.5Mm,32,1550010.0,31,1,work.margot/results/CMR2_0.32826363801182956_CMC_0.44901714028615108_S+Si_Edmund/pMetaData_0.01.csv,margot|S+Si_0.01|detJ0,834,27,30.88888888888889
margot,0.3750993341987886,0.39295191049815525,S+Si,0.01,S+Si_0.01,detJ0,10m,1,10.0,0,1,work.margot/results/CMR2_0.37509933419878860_CMC_0.39295191049815525_S+Si_Edmund/pMetaData_0.01.csv,margot|S+Si_0.01|detJ0,834,27,30.88888888888889
margot,0.3403920921629245,0.4330182850706494,S+Si,0.01,S+Si_0.01,detJ0,50km-1.45Mm,24,1150010.0,23,1,work.margot/results/CMR2_0.34039209216292449_CMC_0.43301828507064938_S+Si_Edmund/pMetaData_0.01.csv,margot|S+Si_0.01|detJ0,834,27,30.88888888888889
margot,0.3453746731387417,0.4267713050886885,S+Si,0.01,S+Si_0.01,detJ0,50km-1.45Mm,20,950010.0,19,1,work.margot/results/CMR2_0.34537467313874171_CMC_0.42677130508868849_S+Si_Edmund/pMetaData_0.01.csv,margot|S+Si_0.01|detJ0,834,27,30.88888888888889
margot,0.3457447844966726,0.4263144568169719,S+Si,0.01,S+Si_0.01,detJ0,50km-1.45Mm,19,900010.0,18,1,work.margot/results/CMR2_0.34574478449667262_CMC_0.42631445681697189_S+Si_Edmund/pMetaData_0.01.csv,margot|S+Si_0.01|detJ0,834,27,30.88888888888889
margot,0.35294827193795447,0.4176136043695124,S+Si,0.01,S+Si_0.01,detJ0,10m,1,10.0,0,1,work.margot/results/CMR2_0.35294827193795447_CMC_0.41761360436951239_S+Si_Edmund/pMetaData_0.01.csv,margot|S+Si_0.01|detJ0,834,27,30.88888888888889
margot,0.34446179767608237,0.42790231309947785,S+Si,0.01,S+Si_0.01,detJ0,50km-1.45Mm,20,950010.0,19,1,work.margot/results/CMR2_0.34446179767608237_CMC_0.42790231309947785_S+Si_Edmund/pMetaData_0.01.csv,margot|S+Si_0.01|detJ0,834,27,30.88888888888889
margot,0.3535954662379043,0.41684923612914704,S+Si,0.01,S+Si_0.01,detJ0,10m,1,10.0,0,1,work.margot/results/CMR2_0.35359546623790428_CMC_0.41684923612914704_S+Si_Edmund/pMetaData_0.01.csv,margot|S+Si_0.01|detJ0,834,27,30.88888888888889
margot,0.3270683622309077,0.45065807953610504,S+Si,0.01,S+Si_0.01,newton_maxit,>=1.5Mm,33,1600010.0,32,1,work.margot/results/CMR2_0.32706836223090768_CMC_0.45065807953610504_S+Si_Edmund/pMetaData_0.01.csv,margot|S+Si_0.01|newton_maxit,41,9,4.555555555555555
margot,0.3393076245639813,0.43440226310684155,S+Si,0.01,S+Si_0.01,newton_maxit,50km-1.45Mm,24,1150010.0,23,1,work.margot/results/CMR2_0.33930762456398128_CMC_0.43440226310684155_S+Si_Edmund/pMetaData_0.01.csv,margot|S+Si_0.01|newton_maxit,41,9,4.555555555555555
margot,0.3268834053860134,0.45091307044461776,S+Si,0.01,S+Si_0.01,newton_maxit,>=1.5Mm,33,1600010.0,32,1,work.margot/results/CMR2_0.32688340538601340_CMC_0.45091307044461776_S+Si_Edmund/pMetaData_0.01.csv,margot|S+Si_0.01|newton_maxit,41,9,4.555555555555555
margot,0.337999762384004,0.43608314680571386,S+Si,0.01,S+Si_0.01,newton_maxit,50km-1.45Mm,25,1200010.0,24,1,work.margot/results/CMR2_0.33799976238400398_CMC_0.43608314680571386_S+Si_Edmund/pMetaData_0.01.csv,margot|S+Si_0.01|newton_maxit,41,9,4.555555555555555
margot,0.3243610784888126,0.4544195027551179,S+Si,0.01,S+Si_0.01,newton_maxit,>=1.5Mm,37,1800010.0,36,1,work.margot/results/CMR2_0.32436107848881263_CMC_0.45441950275511789_S+Si_Edmund/pMetaData_0.01.csv,margot|S+Si_0.01|newton_maxit,41,9,4.555555555555555
margot,0.35069803823504525,0.42029319793688746,S+Si,0.01,S+Si_0.01,newton_maxit,50km-1.45Mm,8,350010.0,7,1,work.margot/results/CMR2_0.35069803823504525_CMC_0.42029319793688746_S+Si_Edmund/pMetaData_0.01.csv,margot|S+Si_0.01|newton_maxit,41,9,4.555555555555555
margot,0.3502273238571675,0.42085808262096713,S+Si,0.01,S+Si_0.01,newton_maxit,50km-1.45Mm,10,450010.0,9,1,work.margot/results/CMR2_0.35022732385716748_CMC_0.42085808262096713_S+Si_Edmund/pMetaData_0.01.csv,margot|S+Si_0.01|newton_maxit,41,9,4.555555555555555
margot,0.32969837143028674,0.44706317280419516,S+Si,0.01,S+Si_0.01,newton_maxit,>=1.5Mm,31,1500010.0,30,1,work.margot/results/CMR2_0.32969837143028674_CMC_0.44706317280419516_S+Si_Edmund/pMetaData_0.01.csv,margot|S+Si_0.01|newton_maxit,41,9,4.555555555555555
margot,0.3438872464627153,0.4286172328754299,S+Si,0.01,S+Si_0.01,newton_maxit,50km-1.45Mm,20,950010.0,19,1,work.margot/results/CMR2_0.34388724646271529_CMC_0.42861723287542991_S+Si_Edmund/pMetaData_0.01.csv,margot|S+Si_0.01|newton_maxit,41,9,4.555555555555555
margot,0.3259368745610505,0.4522225360309503,S+Si,0.02,S+Si_0.02,crash_lt_1.95Mm,10m,1,10.0,0,1,work.margot/results/CMR2_0.32593687456105053_CMC_0.45222253603095031_S+Si_Edmund/pMetaData_0.02.csv,margot|S+Si_0.02|crash_lt_1.95Mm,172,12,14.333333333333334
margot,0.3220396203502064,0.45769523588343636,S+Si,0.02,S+Si_0.02,crash_lt_1.95Mm,10m,1,10.0,0,1,work.margot/results/CMR2_0.32203962035020639_CMC_0.45769523588343636_S+Si_Edmund/pMetaData_0.02.csv,margot|S+Si_0.02|crash_lt_1.95Mm,172,12,14.333333333333334
margot,0.32210303039395205,0.45760513280401466,S+Si,0.02,S+Si_0.02,crash_lt_1.95Mm,10m,1,10.0,0,1,work.margot/results/CMR2_0.32210303039395205_CMC_0.45760513280401466_S+Si_Edmund/pMetaData_0.02.csv,margot|S+Si_0.02|crash_lt_1.95Mm,172,12,14.333333333333334
margot,0.35668656369019813,0.4132367602386658,S+Si,0.02,S+Si_0.02,crash_lt_1.95Mm,10m,1,10.0,0,1,work.margot/results/CMR2_0.35668656369019813_CMC_0.41323676023866579_S+Si_Edmund/pMetaData_0.02.csv,margot|S+Si_0.02|crash_lt_1.95Mm,172,12,14.333333333333334
margot,0.337644509833932,0.4365419715324133,S+Si,0.02,S+Si_0.02,crash_lt_1.95Mm,50km-1.45Mm,27,1300010.0,26,1,work.margot/results/CMR2_0.33764450983393202_CMC_0.43654197153241331_S+Si_Edmund/pMetaData_0.02.csv,margot|S+Si_0.02|crash_lt_1.95Mm,172,12,14.333333333333334
margot,0.32369988789716986,0.4553477017169171,S+Si,0.02,S+Si_0.02,crash_lt_1.95Mm,10m,1,10.0,0,1,work.margot/results/CMR2_0.32369988789716986_CMC_0.45534770171691707_S+Si_Edmund/pMetaData_0.02.csv,margot|S+Si_0.02|crash_lt_1.95Mm,172,12,14.333333333333334
margot,0.3232186148169427,0.4560257152375919,S+Si,0.02,S+Si_0.02,crash_lt_1.95Mm,10m,1,10.0,0,1,work.margot/results/CMR2_0.32321861481694270_CMC_0.45602571523759189_S+Si_Edmund/pMetaData_0.02.csv,margot|S+Si_0.02|crash_lt_1.95Mm,172,12,14.333333333333334
margot,0.35674090704339484,0.4131738107120706,S+Si,0.02,S+Si_0.02,crash_lt_1.95Mm,10m,1,10.0,0,1,work.margot/results/CMR2_0.35674090704339484_CMC_0.41317381071207060_S+Si_Edmund/pMetaData_0.02.csv,margot|S+Si_0.02|crash_lt_1.95Mm,172,12,14.333333333333334
margot,0.31400856974664454,0.469401201753587,S+Si,0.02,S+Si_0.02,crash_lt_1.95Mm,10m,1,10.0,0,1,work.margot/results/CMR2_0.31400856974664454_CMC_0.46940120175358702_S+Si_Edmund/pMetaData_0.02.csv,margot|S+Si_0.02|crash_lt_1.95Mm,172,12,14.333333333333334
margot,0.32074548474403325,0.4595419328120159,S+Si,0.02,S+Si_0.02,crash_lt_1.95Mm,10m,1,10.0,0,1,work.margot/results/CMR2_0.32074548474403325_CMC_0.45954193281201589_S+Si_Edmund/pMetaData_0.02.csv,margot|S+Si_0.02|crash_lt_1.95Mm,172,12,14.333333333333334
margot,0.3367722396751994,0.43767265420141616,S+Si,0.02,S+Si_0.02,crash_lt_1.95Mm,50km-1.45Mm,27,1300010.0,26,1,work.margot/results/CMR2_0.33677223967519943_CMC_0.43767265420141616_S+Si_Edmund/pMetaData_0.02.csv,margot|S+Si_0.02|crash_lt_1.95Mm,172,12,14.333333333333334
margot,0.3176452987813952,0.46402701555938514,S+Si,0.02,S+Si_0.02,crash_lt_1.95Mm,10m,1,10.0,0,1,work.margot/results/CMR2_0.31764529878139519_CMC_0.46402701555938514_S+Si_Edmund/pMetaData_0.02.csv,margot|S+Si_0.02|crash_lt_1.95Mm,172,12,14.333333333333334
margot,0.3452117758588787,0.42697268838318814,S+Si,0.02,S+Si_0.02,detJ0,50km-1.45Mm,21,1000010.0,20,1,work.margot/results/CMR2_0.34521177585887869_CMC_0.42697268838318814_S+Si_Edmund/pMetaData_0.02.csv,margot|S+Si_0.02|detJ0,810,27,30.0
margot,0.3385018199825342,0.43543635897616517,S+Si,0.02,S+Si_0.02,detJ0,50km-1.45Mm,27,1300010.0,26,1,work.margot/results/CMR2_0.33850181998253420_CMC_0.43543635897616517_S+Si_Edmund/pMetaData_0.02.csv,margot|S+Si_0.02|detJ0,810,27,30.0
margot,0.35541536101923676,0.41471477084532155,S+Si,0.02,S+Si_0.02,detJ0,10m,1,10.0,0,1,work.margot/results/CMR2_0.35541536101923676_CMC_0.41471477084532155_S+Si_Edmund/pMetaData_0.02.csv,margot|S+Si_0.02|detJ0,810,27,30.0
margot,0.34398054624581254,0.428500976606593,S+Si,0.02,S+Si_0.02,detJ0,50km-1.45Mm,21,1000010.0,20,1,work.margot/results/CMR2_0.34398054624581254_CMC_0.42850097660659298_S+Si_Edmund/pMetaData_0.02.csv,margot|S+Si_0.02|detJ0,810,27,30.0
margot,0.3462445163219388,0.4256991607137856,S+Si,0.02,S+Si_0.02,detJ0,50km-1.45Mm,19,900010.0,18,1,work.margot/results/CMR2_0.34624451632193881_CMC_0.42569916071378561_S+Si_Edmund/pMetaData_0.02.csv,margot|S+Si_0.02|detJ0,810,27,30.0
margot,0.34269468390333924,0.4301088021592265,S+Si,0.02,S+Si_0.02,detJ0,50km-1.45Mm,23,1100010.0,22,1,work.margot/results/CMR2_0.34269468390333924_CMC_0.43010880215922648_S+Si_Edmund/pMetaData_0.02.csv,margot|S+Si_0.02|detJ0,810,27,30.0
margot,0.3458921051221342,0.4261328831080276,S+Si,0.02,S+Si_0.02,detJ0,50km-1.45Mm,19,900010.0,18,1,work.margot/results/CMR2_0.34589210512213420_CMC_0.42613288310802760_S+Si_Edmund/pMetaData_0.02.csv,margot|S+Si_0.02|detJ0,810,27,30.0
margot,0.36076704583974567,0.4085628155335284,S+Si,0.02,S+Si_0.02,detJ0,10m,1,10.0,0,1,work.margot/results/CMR2_0.36076704583974567_CMC_0.40856281553352841_S+Si_Edmund/pMetaData_0.02.csv,margot|S+Si_0.02|detJ0,810,27,30.0
margot,0.35379452097446823,0.4166147050384562,S+Si,0.02,S+Si_0.02,detJ0,10m,1,10.0,0,1,work.margot/results/CMR2_0.35379452097446823_CMC_0.41661470503845621_S+Si_Edmund/pMetaData_0.02.csv,margot|S+Si_0.02|detJ0,810,27,30.0
margot,0.36367198399158507,0.4052992985112941,S+Si,0.02,S+Si_0.02,detJ0,10m,1,10.0,0,1,work.margot/results/CMR2_0.36367198399158507_CMC_0.40529929851129409_S+Si_Edmund/pMetaData_0.02.csv,margot|S+Si_0.02|detJ0,810,27,30.0
margot,0.351855659789333,0.4189104136856875,S+Si,0.02,S+Si_0.02,detJ0,50km-1.45Mm,9,400010.0,8,1,work.margot/results/CMR2_0.35185565978933298_CMC_0.41891041368568749_S+Si_Edmund/pMetaData_0.02.csv,margot|S+Si_0.02|detJ0,810,27,30.0
margot,0.35468566761203985,0.41556796188681583,S+Si,0.02,S+Si_0.02,detJ0,10m,1,10.0,0,1,work.margot/results/CMR2_0.35468566761203985_CMC_0.41556796188681583_S+Si_Edmund/pMetaData_0.02.csv,margot|S+Si_0.02|detJ0,810,27,30.0
margot,0.3393806626166483,0.4343087754722579,S+Si,0.02,S+Si_0.02,detJ0,50km-1.45Mm,26,1250010.0,25,1,work.margot/results/CMR2_0.33938066261664829_CMC_0.43430877547225788_S+Si_Edmund/pMetaData_0.02.csv,margot|S+Si_0.02|detJ0,810,27,30.0
margot,0.3625061663780458,0.4066027385759986,S+Si,0.02,S+Si_0.02,detJ0,10m,1,10.0,0,1,work.margot/results/CMR2_0.36250616637804578_CMC_0.40660273857599860_S+Si_Edmund/pMetaData_0.02.csv,margot|S+Si_0.02|detJ0,810,27,30.0
margot,0.3594249045849325,0.4100884444004079,S+Si,0.02,S+Si_0.02,detJ0,10m,1,10.0,0,1,work.margot/results/CMR2_0.35942490458493248_CMC_0.41008844440040793_S+Si_Edmund/pMetaData_0.02.csv,margot|S+Si_0.02|detJ0,810,27,30.0
margot,0.36799441820338297,0.4005386840366075,S+Si,0.02,S+Si_0.02,detJ0,10m,1,10.0,0,1,work.margot/results/CMR2_0.36799441820338297_CMC_0.40053868403660747_S+Si_Edmund/pMetaData_0.02.csv,margot|S+Si_0.02|detJ0,810,27,30.0
margot,0.33255099285552975,0.44322826624076056,S+Si,0.02,S+Si_0.02,detJ0,>=1.5Mm,31,1500010.0,30,1,work.margot/results/CMR2_0.33255099285552975_CMC_0.44322826624076056_S+Si_Edmund/pMetaData_0.02.csv,margot|S+Si_0.02|detJ0,810,27,30.0
margot,0.3653565968893826,0.40343051488578,S+Si,0.02,S+Si_0.02,detJ0,10m,1,10.0,0,1,work.margot/results/CMR2_0.36535659688938260_CMC_0.40343051488578002_S+Si_Edmund/pMetaData_0.02.csv,margot|S+Si_0.02|detJ0,810,27,30.0
margot,0.3274063807002246,0.4501928144612329,S+Si,0.02,S+Si_0.02,detJ0,>=1.5Mm,35,1700010.0,34,1,work.margot/results/CMR2_0.32740638070022460_CMC_0.45019281446123288_S+Si_Edmund/pMetaData_0.02.csv,margot|S+Si_0.02|detJ0,810,27,30.0
margot,0.34587871369039463,0.4261493817510208,S+Si,0.02,S+Si_0.02,detJ0,50km-1.45Mm,19,900010.0,18,1,work.margot/results/CMR2_0.34587871369039463_CMC_0.42614938175102079_S+Si_Edmund/pMetaData_0.02.csv,margot|S+Si_0.02|detJ0,810,27,30.0
margot,0.34321986976379243,0.4294506611794926,S+Si,0.02,S+Si_0.02,detJ0,50km-1.45Mm,23,1100010.0,22,1,work.margot/results/CMR2_0.34321986976379243_CMC_0.42945066117949260_S+Si_Edmund/pMetaData_0.02.csv,margot|S+Si_0.02|detJ0,810,27,30.0
margot,0.34891202216183764,0.42244460103937764,S+Si,0.02,S+Si_0.02,detJ0,50km-1.45Mm,17,800010.0,16,1,work.margot/results/CMR2_0.34891202216183764_CMC_0.42244460103937764_S+Si_Edmund/pMetaData_0.02.csv,margot|S+Si_0.02|detJ0,810,27,30.0
margot,0.36856348761416013,0.39992024428178075,S+Si,0.02,S+Si_0.02,detJ0,10m,1,10.0,0,1,work.margot/results/CMR2_0.36856348761416013_CMC_0.39992024428178075_S+Si_Edmund/pMetaData_0.02.csv,margot|S+Si_0.02|detJ0,810,27,30.0
margot,0.3597441020271583,0.4097245769129318,S+Si,0.02,S+Si_0.02,detJ0,10m,1,10.0,0,1,work.margot/results/CMR2_0.35974410202715829_CMC_0.40972457691293179_S+Si_Edmund/pMetaData_0.02.csv,margot|S+Si_0.02|detJ0,810,27,30.0
margot,0.3466623826994907,0.4251860235085627,S+Si,0.02,S+Si_0.02,detJ0,50km-1.45Mm,19,900010.0,18,1,work.margot/results/CMR2_0.34666238269949068_CMC_0.42518602350856272_S+Si_Edmund/pMetaData_0.02.csv,margot|S+Si_0.02|detJ0,810,27,30.0
margot,0.3496041107559175,0.42160831484875533,S+Si,0.02,S+Si_0.02,detJ0,50km-1.45Mm,14,650010.0,13,1,work.margot/results/CMR2_0.34960411075591752_CMC_0.42160831484875533_S+Si_Edmund/pMetaData_0.02.csv,margot|S+Si_0.02|detJ0,810,27,30.0
margot,0.3470142869863325,0.42475484591735363,S+Si,0.02,S+Si_0.02,detJ0,50km-1.45Mm,19,900010.0,18,1,work.margot/results/CMR2_0.34701428698633252_CMC_0.42475484591735363_S+Si_Edmund/pMetaData_0.02.csv,margot|S+Si_0.02|detJ0,810,27,30.0
margot,0.35099394608536516,0.4199388668776408,S+Si,0.02,S+Si_0.02,newton_maxit,50km-1.45Mm,10,450010.0,9,1,work.margot/results/CMR2_0.35099394608536516_CMC_0.41993886687764082_S+Si_Edmund/pMetaData_0.02.csv,margot|S+Si_0.02|newton_maxit,42,9,4.666666666666667
margot,0.32730108775773015,0.45033764174075475,S+Si,0.02,S+Si_0.02,newton_maxit,>=1.5Mm,34,1650010.0,33,1,work.margot/results/CMR2_0.32730108775773015_CMC_0.45033764174075475_S+Si_Edmund/pMetaData_0.02.csv,margot|S+Si_0.02|newton_maxit,42,9,4.666666666666667
margot,0.346694099028329,0.4251471265680701,S+Si,0.02,S+Si_0.02,newton_maxit,50km-1.45Mm,18,850010.0,17,1,work.margot/results/CMR2_0.34669409902832898_CMC_0.42514712656807008_S+Si_Edmund/pMetaData_0.02.csv,margot|S+Si_0.02|newton_maxit,42,9,4.666666666666667
margot,0.34819037383216966,0.42332014632617604,S+Si,0.02,S+Si_0.02,newton_maxit,50km-1.45Mm,16,750010.0,15,1,work.margot/results/CMR2_0.34819037383216966_CMC_0.42332014632617604_S+Si_Edmund/pMetaData_0.02.csv,margot|S+Si_0.02|newton_maxit,42,9,4.666666666666667
margot,0.3466952895445201,0.42514566665628856,S+Si,0.02,S+Si_0.02,newton_maxit,50km-1.45Mm,18,850010.0,17,1,work.margot/results/CMR2_0.34669528954452011_CMC_0.42514566665628856_S+Si_Edmund/pMetaData_0.02.csv,margot|S+Si_0.02|newton_maxit,42,9,4.666666666666667
margot,0.34389275656699686,0.4286103652528792,S+Si,0.02,S+Si_0.02,newton_maxit,50km-1.45Mm,21,1000010.0,20,1,work.margot/results/CMR2_0.34389275656699686_CMC_0.42861036525287921_S+Si_Edmund/pMetaData_0.02.csv,margot|S+Si_0.02|newton_maxit,42,9,4.666666666666667
margot,0.3297285110104722,0.44702230798391196,S+Si,0.02,S+Si_0.02,newton_maxit,>=1.5Mm,32,1550010.0,31,1,work.margot/results/CMR2_0.32972851101047218_CMC_0.44702230798391196_S+Si_Edmund/pMetaData_0.02.csv,margot|S+Si_0.02|newton_maxit,42,9,4.666666666666667
margot,0.34696619283113544,0.42481372262033607,S+Si,0.02,S+Si_0.02,newton_maxit,50km-1.45Mm,17,800010.0,16,1,work.margot/results/CMR2_0.34696619283113544_CMC_0.42481372262033607_S+Si_Edmund/pMetaData_0.02.csv,margot|S+Si_0.02|newton_maxit,42,9,4.666666666666667
margot,0.34822466886542247,0.4232784554874938,S+Si,0.02,S+Si_0.02,newton_maxit,50km-1.45Mm,16,750010.0,15,1,work.margot/results/CMR2_0.34822466886542247_CMC_0.42327845548749382_S+Si_Edmund/pMetaData_0.02.csv,margot|S+Si_0.02|newton_maxit,42,9,4.666666666666667
margot,0.3569826619145172,0.412894002217103,S+Si,0.03,S+Si_0.03,crash_lt_1.95Mm,10m,1,10.0,0,1,work.margot/results/CMR2_0.35698266191451722_CMC_0.41289400221710298_S+Si_Edmund/pMetaData_0.03.csv,margot|S+Si_0.03|crash_lt_1.95Mm,193,12,16.083333333333332
margot,0.32755833663117967,0.4499839677900283,S+Si,0.03,S+Si_0.03,crash_lt_1.95Mm,10m,1,10.0,0,1,work.margot/results/CMR2_0.32755833663117967_CMC_0.44998396779002831_S+Si_Edmund/pMetaData_0.03.csv,margot|S+Si_0.03|crash_lt_1.95Mm,193,12,16.083333333333332
margot,0.32570736132268024,0.452541199564642,S+Si,0.03,S+Si_0.03,crash_lt_1.95Mm,10m,1,10.0,0,1,work.margot/results/CMR2_0.32570736132268024_CMC_0.45254119956464200_S+Si_Edmund/pMetaData_0.03.csv,margot|S+Si_0.03|crash_lt_1.95Mm,193,12,16.083333333333332
margot,0.32021701797332386,0.460300332983174,S+Si,0.03,S+Si_0.03,crash_lt_1.95Mm,10m,1,10.0,0,1,work.margot/results/CMR2_0.32021701797332386_CMC_0.46030033298317402_S+Si_Edmund/pMetaData_0.03.csv,margot|S+Si_0.03|crash_lt_1.95Mm,193,12,16.083333333333332
margot,0.3222474390714443,0.457400066311532,S+Si,0.03,S+Si_0.03,crash_lt_1.95Mm,10m,1,10.0,0,1,work.margot/results/CMR2_0.32224743907144432_CMC_0.45740006631153202_S+Si_Edmund/pMetaData_0.03.csv,margot|S+Si_0.03|crash_lt_1.95Mm,193,12,16.083333333333332
margot,0.3136304513391051,0.46996712012709424,S+Si,0.03,S+Si_0.03,crash_lt_1.95Mm,10m,1,10.0,0,1,work.margot/results/CMR2_0.31363045133910511_CMC_0.46996712012709424_S+Si_Edmund/pMetaData_0.03.csv,margot|S+Si_0.03|crash_lt_1.95Mm,193,12,16.083333333333332
margot,0.3257842249485809,0.45243442963901576,S+Si,0.03,S+Si_0.03,crash_lt_1.95Mm,10m,1,10.0,0,1,work.margot/results/CMR2_0.32578422494858089_CMC_0.45243442963901576_S+Si_Edmund/pMetaData_0.03.csv,margot|S+Si_0.03|crash_lt_1.95Mm,193,12,16.083333333333332
margot,0.32296789094603556,0.4563797335030691,S+Si,0.03,S+Si_0.03,crash_lt_1.95Mm,10m,1,10.0,0,1,work.margot/results/CMR2_0.32296789094603556_CMC_0.45637973350306910_S+Si_Edmund/pMetaData_0.03.csv,margot|S+Si_0.03|crash_lt_1.95Mm,193,12,16.083333333333332
margot,0.34015298717200393,0.43332266820713466,S+Si,0.03,S+Si_0.03,crash_lt_1.95Mm,50km-1.45Mm,26,1250010.0,25,1,work.margot/results/CMR2_0.34015298717200393_CMC_0.43332266820713466_S+Si_Edmund/pMetaData_0.03.csv,margot|S+Si_0.03|crash_lt_1.95Mm,193,12,16.083333333333332
margot,0.32656220561348254,0.4513565791335241,S+Si,0.03,S+Si_0.03,crash_lt_1.95Mm,10m,1,10.0,0,1,work.margot/results/CMR2_0.32656220561348254_CMC_0.45135657913352412_S+Si_Edmund/pMetaData_0.03.csv,margot|S+Si_0.03|crash_lt_1.95Mm,193,12,16.083333333333332
margot,0.3238224293537849,0.45517538823404297,S+Si,0.03,S+Si_0.03,crash_lt_1.95Mm,10m,1,10.0,0,1,work.margot/results/CMR2_0.32382242935378491_CMC_0.45517538823404297_S+Si_Edmund/pMetaData_0.03.csv,margot|S+Si_0.03|crash_lt_1.95Mm,193,12,16.083333333333332
margot,0.3360467945804885,0.43861748535350586,S+Si,0.03,S+Si_0.03,crash_lt_1.95Mm,50km-1.45Mm,29,1400010.0,28,1,work.margot/results/CMR2_0.33604679458048847_CMC_0.43861748535350586_S+Si_Edmund/pMetaData_0.03.csv,margot|S+Si_0.03|crash_lt_1.95Mm,193,12,16.083333333333332
margot,0.3511205867576052,0.41978740512231566,S+Si,0.03,S+Si_0.03,detJ0,50km-1.45Mm,13,600010.0,12,1,work.margot/results/CMR2_0.35112058675760521_CMC_0.41978740512231566_S+Si_Edmund/pMetaData_0.03.csv,margot|S+Si_0.03|detJ0,791,26,30.423076923076923
margot,0.3513388353907086,0.4195266368321832,S+Si,0.03,S+Si_0.03,detJ0,50km-1.45Mm,14,650010.0,13,1,work.margot/results/CMR2_0.35133883539070859_CMC_0.41952663683218322_S+Si_Edmund/pMetaData_0.03.csv,margot|S+Si_0.03|detJ0,791,26,30.423076923076923
margot,0.3410456832971018,0.43218843462562184,S+Si,0.03,S+Si_0.03,detJ0,50km-1.45Mm,26,1250010.0,25,1,work.margot/results/CMR2_0.34104568329710178_CMC_0.43218843462562184_S+Si_Edmund/pMetaData_0.03.csv,margot|S+Si_0.03|detJ0,791,26,30.423076923076923
margot,0.34521444595725037,0.4269693859168709,S+Si,0.03,S+Si_0.03,detJ0,50km-1.45Mm,21,1000010.0,20,1,work.margot/results/CMR2_0.34521444595725037_CMC_0.42696938591687089_S+Si_Edmund/pMetaData_0.03.csv,margot|S+Si_0.03|detJ0,791,26,30.423076923076923
margot,0.33810152495393925,0.4359518935032318,S+Si,0.03,S+Si_0.03,detJ0,50km-1.45Mm,28,1350010.0,27,1,work.margot/results/CMR2_0.33810152495393925_CMC_0.43595189350323182_S+Si_Edmund/pMetaData_0.03.csv,margot|S+Si_0.03|detJ0,791,26,30.423076923076923
margot,0.33771472637359484,0.4364512071556633,S+Si,0.03,S+Si_0.03,detJ0,50km-1.45Mm,29,1400010.0,28,1,work.margot/results/CMR2_0.33771472637359484_CMC_0.43645120715566332_S+Si_Edmund/pMetaData_0.03.csv,margot|S+Si_0.03|detJ0,791,26,30.423076923076923
margot,0.34467172624395964,0.42764169143271324,S+Si,0.03,S+Si_0.03,detJ0,50km-1.45Mm,23,1100010.0,22,1,work.margot/results/CMR2_0.34467172624395964_CMC_0.42764169143271324_S+Si_Edmund/pMetaData_0.03.csv,margot|S+Si_0.03|detJ0,791,26,30.423076923076923
margot,0.34008489186300744,0.4334094325465474,S+Si,0.03,S+Si_0.03,detJ0,50km-1.45Mm,26,1250010.0,25,1,work.margot/results/CMR2_0.34008489186300744_CMC_0.43340943254654740_S+Si_Edmund/pMetaData_0.03.csv,margot|S+Si_0.03|detJ0,791,26,30.423076923076923
margot,0.35332162633086817,0.41717231274705774,S+Si,0.03,S+Si_0.03,detJ0,10m,1,10.0,0,1,work.margot/results/CMR2_0.35332162633086817_CMC_0.41717231274705774_S+Si_Edmund/pMetaData_0.03.csv,margot|S+Si_0.03|detJ0,791,26,30.423076923076923
margot,0.3366015813048872,0.43789455601663246,S+Si,0.03,S+Si_0.03,detJ0,50km-1.45Mm,28,1350010.0,27,1,work.margot/results/CMR2_0.33660158130488721_CMC_0.43789455601663246_S+Si_Edmund/pMetaData_0.03.csv,margot|S+Si_0.03|detJ0,791,26,30.423076923076923
margot,0.3318060861455647,0.44422331643228735,S+Si,0.03,S+Si_0.03,detJ0,>=1.5Mm,32,1550010.0,31,1,work.margot/results/CMR2_0.33180608614556473_CMC_0.44422331643228735_S+Si_Edmund/pMetaData_0.03.csv,margot|S+Si_0.03|detJ0,791,26,30.423076923076923
margot,0.3400485738330194,0.4334557217475016,S+Si,0.03,S+Si_0.03,detJ0,50km-1.45Mm,26,1250010.0,25,1,work.margot/results/CMR2_0.34004857383301940_CMC_0.43345572174750158_S+Si_Edmund/pMetaData_0.03.csv,margot|S+Si_0.03|detJ0,791,26,30.423076923076923
margot,0.32969837143028674,0.44706317280419516,S+Si,0.03,S+Si_0.03,detJ0,>=1.5Mm,34,1650010.0,33,1,work.margot/results/CMR2_0.32969837143028674_CMC_0.44706317280419516_S+Si_Edmund/pMetaData_0.03.csv,margot|S+Si_0.03|detJ0,791,26,30.423076923076923
margot,0.37223371433101365,0.39597702820901975,S+Si,0.03,S+Si_0.03,detJ0,10m,1,10.0,0,1,work.margot/results/CMR2_0.37223371433101365_CMC_0.39597702820901975_S+Si_Edmund/pMetaData_0.03.csv,margot|S+Si_0.03|detJ0,791,26,30.423076923076923
margot,0.3280810185535762,0.44926707631496204,S+Si,0.03,S+Si_0.03,detJ0,>=1.5Mm,35,1700010.0,34,1,work.margot/results/CMR2_0.32808101855357619_CMC_0.44926707631496204_S+Si_Edmund/pMetaData_0.03.csv,margot|S+Si_0.03|detJ0,791,26,30.423076923076923
margot,0.34359453916515165,0.4289823707854474,S+Si,0.03,S+Si_0.03,detJ0,50km-1.45Mm,24,1150010.0,23,1,work.margot/results/CMR2_0.34359453916515165_CMC_0.42898237078544738_S+Si_Edmund/pMetaData_0.03.csv,margot|S+Si_0.03|detJ0,791,26,30.423076923076923
margot,0.3545973670619176,0.41567144511330406,S+Si,0.03,S+Si_0.03,detJ0,10m,1,10.0,0,1,work.margot/results/CMR2_0.35459736706191758_CMC_0.41567144511330406_S+Si_Edmund/pMetaData_0.03.csv,margot|S+Si_0.03|detJ0,791,26,30.423076923076923
margot,0.35757628586326196,0.41220854353961434,S+Si,0.03,S+Si_0.03,detJ0,10m,1,10.0,0,1,work.margot/results/CMR2_0.35757628586326196_CMC_0.41220854353961434_S+Si_Edmund/pMetaData_0.03.csv,margot|S+Si_0.03|detJ0,791,26,30.423076923076923
margot,0.3553849165617252,0.41475029786301987,S+Si,0.03,S+Si_0.03,detJ0,10m,1,10.0,0,1,work.margot/results/CMR2_0.35538491656172522_CMC_0.41475029786301987_S+Si_Edmund/pMetaData_0.03.csv,margot|S+Si_0.03|detJ0,791,26,30.423076923076923
margot,0.33072266575551723,0.4456785556662171,S+Si,0.03,S+Si_0.03,detJ0,>=1.5Mm,33,1600010.0,32,1,work.margot/results/CMR2_0.33072266575551723_CMC_0.44567855566621711_S+Si_Edmund/pMetaData_0.03.csv,margot|S+Si_0.03|detJ0,791,26,30.423076923076923
margot,0.362989957903716,0.4060608201152968,S+Si,0.03,S+Si_0.03,detJ0,10m,1,10.0,0,1,work.margot/results/CMR2_0.36298995790371602_CMC_0.40606082011529682_S+Si_Edmund/pMetaData_0.03.csv,margot|S+Si_0.03|detJ0,791,26,30.423076923076923
margot,0.35296019326429967,0.41759949935665575,S+Si,0.03,S+Si_0.03,detJ0,50km-1.45Mm,5,200010.0,4,1,work.margot/results/CMR2_0.35296019326429967_CMC_0.41759949935665575_S+Si_Edmund/pMetaData_0.03.csv,margot|S+Si_0.03|detJ0,791,26,30.423076923076923
margot,0.3525006770154061,0.4181438777592987,S+Si,0.03,S+Si_0.03,detJ0,50km-1.45Mm,10,450010.0,9,1,work.margot/results/CMR2_0.35250067701540611_CMC_0.41814387775929868_S+Si_Edmund/pMetaData_0.03.csv,margot|S+Si_0.03|detJ0,791,26,30.423076923076923
margot,0.3375475622736147,0.43666735143097074,S+Si,0.03,S+Si_0.03,detJ0,50km-1.45Mm,29,1400010.0,28,1,work.margot/results/CMR2_0.33754756227361471_CMC_0.43666735143097074_S+Si_Edmund/pMetaData_0.03.csv,margot|S+Si_0.03|detJ0,791,26,30.423076923076923
margot,0.3461906552663995,0.4257653918664451,S+Si,0.03,S+Si_0.03,detJ0,50km-1.45Mm,21,1000010.0,20,1,work.margot/results/CMR2_0.34619065526639953_CMC_0.42576539186644508_S+Si_Edmund/pMetaData_0.03.csv,margot|S+Si_0.03|detJ0,791,26,30.423076923076923
margot,0.35776470076466277,0.4119914560742451,S+Si,0.03,S+Si_0.03,detJ0,10m,1,10.0,0,1,work.margot/results/CMR2_0.35776470076466277_CMC_0.41199145607424509_S+Si_Edmund/pMetaData_0.03.csv,margot|S+Si_0.03|detJ0,791,26,30.423076923076923
margot,0.35206084061365533,0.4186662729745325,S+Si,0.03,S+Si_0.03,newton_maxit,50km-1.45Mm,3,100010.0,2,1,work.margot/results/CMR2_0.35206084061365533_CMC_0.41866627297453252_S+Si_Edmund/pMetaData_0.03.csv,margot|S+Si_0.03|newton_maxit,40,9,4.444444444444445
margot,0.3502749376329319,0.4208008742962438,S+Si,0.03,S+Si_0.03,newton_maxit,50km-1.45Mm,14,650010.0,13,1,work.margot/results/CMR2_0.35027493763293188_CMC_0.42080087429624380_S+Si_Edmund/pMetaData_0.03.csv,margot|S+Si_0.03|newton_maxit,40,9,4.444444444444445
margot,0.35265273066627056,0.41796358622127544,S+Si,0.03,S+Si_0.03,newton_maxit,10m,1,10.0,0,1,work.margot/results/CMR2_0.35265273066627056_CMC_0.41796358622127544_S+Si_Edmund/pMetaData_0.03.csv,margot|S+Si_0.03|newton_maxit,40,9,4.444444444444445
margot,0.34840907703028573,0.4230544199834021,S+Si,0.03,S+Si_0.03,newton_maxit,50km-1.45Mm,17,800010.0,16,1,work.margot/results/CMR2_0.34840907703028573_CMC_0.42305441998340210_S+Si_Edmund/pMetaData_0.03.csv,margot|S+Si_0.03|newton_maxit,40,9,4.444444444444445
margot,0.34590578696121527,0.42611602799385023,S+Si,0.03,S+Si_0.03,newton_maxit,50km-1.45Mm,20,950010.0,19,1,work.margot/results/CMR2_0.34590578696121527_CMC_0.42611602799385023_S+Si_Edmund/pMetaData_0.03.csv,margot|S+Si_0.03|newton_maxit,40,9,4.444444444444445
margot,0.34681588038209427,0.42499783988441003,S+Si,0.03,S+Si_0.03,newton_maxit,50km-1.45Mm,19,900010.0,18,1,work.margot/results/CMR2_0.34681588038209427_CMC_0.42499783988441003_S+Si_Edmund/pMetaData_0.03.csv,margot|S+Si_0.03|newton_maxit,40,9,4.444444444444445
margot,0.33375974828066346,0.441623055983529,S+Si,0.03,S+Si_0.03,newton_maxit,50km-1.45Mm,30,1450010.0,29,1,work.margot/results/CMR2_0.33375974828066346_CMC_0.44162305598352902_S+Si_Edmund/pMetaData_0.03.csv,margot|S+Si_0.03|newton_maxit,40,9,4.444444444444445
margot,0.3511508467561867,0.41975123045151286,S+Si,0.03,S+Si_0.03,newton_maxit,50km-1.45Mm,12,550010.0,11,1,work.margot/results/CMR2_0.35115084675618669_CMC_0.41975123045151286_S+Si_Edmund/pMetaData_0.03.csv,margot|S+Si_0.03|newton_maxit,40,9,4.444444444444445
margot,0.3299538234894822,0.4467170540446805,S+Si,0.03,S+Si_0.03,newton_maxit,>=1.5Mm,33,1600010.0,32,1,work.margot/results/CMR2_0.32995382348948221_CMC_0.44671705404468048_S+Si_Edmund/pMetaData_0.03.csv,margot|S+Si_0.03|newton_maxit,40,9,4.444444444444445
margot,0.342590398336429,0.43023972859640647,S+Si,0.04,S+Si_0.04,crash_lt_1.95Mm,50km-1.45Mm,25,1200010.0,24,1,work.margot/results/CMR2_0.34259039833642901_CMC_0.43023972859640647_S+Si_Edmund/pMetaData_0.04.csv,margot|S+Si_0.04|crash_lt_1.95Mm,221,13,17.0
margot,0.34008489186300744,0.4334094325465474,S+Si,0.04,S+Si_0.04,crash_lt_1.95Mm,50km-1.45Mm,27,1300010.0,26,1,work.margot/results/CMR2_0.34008489186300744_CMC_0.43340943254654740_S+Si_Edmund/pMetaData_0.04.csv,margot|S+Si_0.04|crash_lt_1.95Mm,221,13,17.0
margot,0.3570522462926275,0.4128135350791195,S+Si,0.04,S+Si_0.04,crash_lt_1.95Mm,10m,1,10.0,0,1,work.margot/results/CMR2_0.35705224629262750_CMC_0.41281353507911950_S+Si_Edmund/pMetaData_0.04.csv,margot|S+Si_0.04|crash_lt_1.95Mm,221,13,17.0
margot,0.3189418189299668,0.46214071423592523,S+Si,0.04,S+Si_0.04,crash_lt_1.95Mm,10m,1,10.0,0,1,work.margot/results/CMR2_0.31894181892996681_CMC_0.46214071423592523_S+Si_Edmund/pMetaData_0.04.csv,margot|S+Si_0.04|crash_lt_1.95Mm,221,13,17.0
margot,0.340734513569398,0.43258312301838364,S+Si,0.04,S+Si_0.04,crash_lt_1.95Mm,50km-1.45Mm,26,1250010.0,25,1,work.margot/results/CMR2_0.34073451356939799_CMC_0.43258312301838364_S+Si_Edmund/pMetaData_0.04.csv,margot|S+Si_0.04|crash_lt_1.95Mm,221,13,17.0
margot,0.32930238555335584,0.44760076594136267,S+Si,0.04,S+Si_0.04,crash_lt_1.95Mm,10m,1,10.0,0,1,work.margot/results/CMR2_0.32930238555335584_CMC_0.44760076594136267_S+Si_Edmund/pMetaData_0.04.csv,margot|S+Si_0.04|crash_lt_1.95Mm,221,13,17.0
margot,0.337321645756138,0.43695980336393203,S+Si,0.04,S+Si_0.04,crash_lt_1.95Mm,50km-1.45Mm,29,1400010.0,28,1,work.margot/results/CMR2_0.33732164575613799_CMC_0.43695980336393203_S+Si_Edmund/pMetaData_0.04.csv,margot|S+Si_0.04|crash_lt_1.95Mm,221,13,17.0
margot,0.35728168347795747,0.41254843675492703,S+Si,0.04,S+Si_0.04,crash_lt_1.95Mm,10m,1,10.0,0,1,work.margot/results/CMR2_0.35728168347795747_CMC_0.41254843675492703_S+Si_Edmund/pMetaData_0.04.csv,margot|S+Si_0.04|crash_lt_1.95Mm,221,13,17.0
margot,0.3270683622309077,0.45065807953610504,S+Si,0.04,S+Si_0.04,crash_lt_1.95Mm,10m,1,10.0,0,1,work.margot/results/CMR2_0.32706836223090768_CMC_0.45065807953610504_S+Si_Edmund/pMetaData_0.04.csv,margot|S+Si_0.04|crash_lt_1.95Mm,221,13,17.0
margot,0.32928842873192843,0.4476197374065462,S+Si,0.04,S+Si_0.04,crash_lt_1.95Mm,10m,1,10.0,0,1,work.margot/results/CMR2_0.32928842873192843_CMC_0.44761973740654620_S+Si_Edmund/pMetaData_0.04.csv,margot|S+Si_0.04|crash_lt_1.95Mm,221,13,17.0
margot,0.3040027420725152,0.4848508898148061,S+Si,0.04,S+Si_0.04,crash_lt_1.95Mm,10m,1,10.0,0,1,work.margot/results/CMR2_0.30400274207251521_CMC_0.48485088981480612_S+Si_Edmund/pMetaData_0.04.csv,margot|S+Si_0.04|crash_lt_1.95Mm,221,13,17.0
margot,0.3833584596356111,0.3844861024851322,S+Si,0.04,S+Si_0.04,crash_lt_1.95Mm,10m,1,10.0,0,1,work.margot/results/CMR2_0.38335845963561110_CMC_0.38448610248513221_S+Si_Edmund/pMetaData_0.04.csv,margot|S+Si_0.04|crash_lt_1.95Mm,221,13,17.0
margot,0.32905785600737,0.4479333871205273,S+Si,0.04,S+Si_0.04,crash_lt_1.95Mm,10m,1,10.0,0,1,work.margot/results/CMR2_0.32905785600736998_CMC_0.44793338712052733_S+Si_Edmund/pMetaData_0.04.csv,margot|S+Si_0.04|crash_lt_1.95Mm,221,13,17.0
margot,0.36239173234392397,0.4067311333143644,S+Si,0.04,S+Si_0.04,detJ0,10m,1,10.0,0,1,work.margot/results/CMR2_0.36239173234392397_CMC_0.40673113331436439_S+Si_Edmund/pMetaData_0.04.csv,margot|S+Si_0.04|detJ0,771,26,29.653846153846153
margot,0.3464942305166991,0.42539236448526185,S+Si,0.04,S+Si_0.04,detJ0,50km-1.45Mm,21,1000010.0,20,1,work.margot/results/CMR2_0.34649423051669909_CMC_0.42539236448526185_S+Si_Edmund/pMetaData_0.04.csv,margot|S+Si_0.04|detJ0,771,26,29.653846153846153
margot,0.3407224066114946,0.43259849408162593,S+Si,0.04,S+Si_0.04,detJ0,50km-1.45Mm,26,1250010.0,25,1,work.margot/results/CMR2_0.34072240661149461_CMC_0.43259849408162593_S+Si_Edmund/pMetaData_0.04.csv,margot|S+Si_0.04|detJ0,771,26,29.653846153846153
margot,0.35121294070120357,0.4196770190350076,S+Si,0.04,S+Si_0.04,detJ0,50km-1.45Mm,16,750010.0,15,1,work.margot/results/CMR2_0.35121294070120357_CMC_0.41967701903500759_S+Si_Edmund/pMetaData_0.04.csv,margot|S+Si_0.04|detJ0,771,26,29.653846153846153
margot,0.33967038856998616,0.4339383265657563,S+Si,0.04,S+Si_0.04,detJ0,50km-1.45Mm,28,1350010.0,27,1,work.margot/results/CMR2_0.33967038856998616_CMC_0.43393832656575632_S+Si_Edmund/pMetaData_0.04.csv,margot|S+Si_0.04|detJ0,771,26,29.653846153846153
margot,0.3512705079953616,0.41960824107085676,S+Si,0.04,S+Si_0.04,detJ0,50km-1.45Mm,14,650010.0,13,1,work.margot/results/CMR2_0.35127050799536158_CMC_0.41960824107085676_S+Si_Edmund/pMetaData_0.04.csv,margot|S+Si_0.04|detJ0,771,26,29.653846153846153
margot,0.3750993341987886,0.39295191049815525,S+Si,0.04,S+Si_0.04,detJ0,10m,1,10.0,0,1,work.margot/results/CMR2_0.37509933419878860_CMC_0.39295191049815525_S+Si_Edmund/pMetaData_0.04.csv,margot|S+Si_0.04|detJ0,771,26,29.653846153846153
margot,0.33449404139174177,0.44065358948316086,S+Si,0.04,S+Si_0.04,detJ0,>=1.5Mm,32,1550010.0,31,1,work.margot/results/CMR2_0.33449404139174177_CMC_0.44065358948316086_S+Si_Edmund/pMetaData_0.04.csv,margot|S+Si_0.04|detJ0,771,26,29.653846153846153
margot,0.3574957774418243,0.4123013733329645,S+Si,0.04,S+Si_0.04,detJ0,10m,1,10.0,0,1,work.margot/results/CMR2_0.35749577744182431_CMC_0.41230137333296452_S+Si_Edmund/pMetaData_0.04.csv,margot|S+Si_0.04|detJ0,771,26,29.653846153846153
margot,0.3336549367777233,0.4417617836663192,S+Si,0.04,S+Si_0.04,detJ0,>=1.5Mm,32,1550010.0,31,1,work.margot/results/CMR2_0.33365493677772329_CMC_0.44176178366631919_S+Si_Edmund/pMetaData_0.04.csv,margot|S+Si_0.04|detJ0,771,26,29.653846153846153
margot,0.3452117758588787,0.42697268838318814,S+Si,0.04,S+Si_0.04,detJ0,50km-1.45Mm,22,1050010.0,21,1,work.margot/results/CMR2_0.34521177585887869_CMC_0.42697268838318814_S+Si_Edmund/pMetaData_0.04.csv,margot|S+Si_0.04|detJ0,771,26,29.653846153846153
margot,0.3297285110104722,0.44702230798391196,S+Si,0.04,S+Si_0.04,detJ0,>=1.5Mm,35,1700010.0,34,1,work.margot/results/CMR2_0.32972851101047218_CMC_0.44702230798391196_S+Si_Edmund/pMetaData_0.04.csv,margot|S+Si_0.04|detJ0,771,26,29.653846153846153
margot,0.3595856956338497,0.4099050707236332,S+Si,0.04,S+Si_0.04,detJ0,10m,1,10.0,0,1,work.margot/results/CMR2_0.35958569563384968_CMC_0.40990507072363319_S+Si_Edmund/pMetaData_0.04.csv,margot|S+Si_0.04|detJ0,771,26,29.653846153846153
margot,0.3449678893032984,0.4272745509667084,S+Si,0.04,S+Si_0.04,detJ0,50km-1.45Mm,22,1050010.0,21,1,work.margot/results/CMR2_0.34496788930329841_CMC_0.42727455096670841_S+Si_Edmund/pMetaData_0.04.csv,margot|S+Si_0.04|detJ0,771,26,29.653846153846153
margot,0.34696619283113544,0.42481372262033607,S+Si,0.04,S+Si_0.04,detJ0,50km-1.45Mm,22,1050010.0,21,1,work.margot/results/CMR2_0.34696619283113544_CMC_0.42481372262033607_S+Si_Edmund/pMetaData_0.04.csv,margot|S+Si_0.04|detJ0,771,26,29.653846153846153
margot,0.3621790909988643,0.4069699319016243,S+Si,0.04,S+Si_0.04,detJ0,10m,1,10.0,0,1,work.margot/results/CMR2_0.36217909099886431_CMC_0.40696993190162428_S+Si_Edmund/pMetaData_0.04.csv,margot|S+Si_0.04|detJ0,771,26,29.653846153846153
margot,0.3428878886178561,0.42986645166773696,S+Si,0.04,S+Si_0.04,detJ0,50km-1.45Mm,24,1150010.0,23,1,work.margot/results/CMR2_0.34288788861785607_CMC_0.42986645166773696_S+Si_Edmund/pMetaData_0.04.csv,margot|S+Si_0.04|detJ0,771,26,29.653846153846153
margot,0.36011839132329876,0.409298729393896,S+Si,0.04,S+Si_0.04,detJ0,10m,1,10.0,0,1,work.margot/results/CMR2_0.36011839132329876_CMC_0.40929872939389600_S+Si_Edmund/pMetaData_0.04.csv,margot|S+Si_0.04|detJ0,771,26,29.653846153846153
margot,0.3464394680747527,0.4254596071836589,S+Si,0.04,S+Si_0.04,detJ0,50km-1.45Mm,21,1000010.0,20,1,work.margot/results/CMR2_0.34643946807475268_CMC_0.42545960718365888_S+Si_Edmund/pMetaData_0.04.csv,margot|S+Si_0.04|detJ0,771,26,29.653846153846153
margot,0.35525036459966103,0.4149073855732804,S+Si,0.04,S+Si_0.04,detJ0,10m,1,10.0,0,1,work.margot/results/CMR2_0.35525036459966103_CMC_0.41490738557328039_S+Si_Edmund/pMetaData_0.04.csv,margot|S+Si_0.04|detJ0,771,26,29.653846153846153
margot,0.3477386445191443,0.4238700596645516,S+Si,0.04,S+Si_0.04,detJ0,50km-1.45Mm,20,950010.0,19,1,work.margot/results/CMR2_0.34773864451914432_CMC_0.42387005966455160_S+Si_Edmund/pMetaData_0.04.csv,margot|S+Si_0.04|detJ0,771,26,29.653846153846153
margot,0.3502749376329319,0.4208008742962438,S+Si,0.04,S+Si_0.04,detJ0,50km-1.45Mm,18,850010.0,17,1,work.margot/results/CMR2_0.35027493763293188_CMC_0.42080087429624380_S+Si_Edmund/pMetaData_0.04.csv,margot|S+Si_0.04|detJ0,771,26,29.653846153846153
margot,0.336093228631427,0.4385568867310928,S+Si,0.04,S+Si_0.04,detJ0,>=1.5Mm,31,1500010.0,30,1,work.margot/results/CMR2_0.33609322863142699_CMC_0.43855688673109278_S+Si_Edmund/pMetaData_0.04.csv,margot|S+Si_0.04|detJ0,771,26,29.653846153846153
margot,0.32969837143028674,0.44706317280419516,S+Si,0.04,S+Si_0.04,detJ0,>=1.5Mm,35,1700010.0,34,1,work.margot/results/CMR2_0.32969837143028674_CMC_0.44706317280419516_S+Si_Edmund/pMetaData_0.04.csv,margot|S+Si_0.04|detJ0,771,26,29.653846153846153
margot,0.3524666898455259,0.4181841979581067,S+Si,0.04,S+Si_0.04,detJ0,50km-1.45Mm,13,600010.0,12,1,work.margot/results/CMR2_0.35246668984552593_CMC_0.41818419795810668_S+Si_Edmund/pMetaData_0.04.csv,margot|S+Si_0.04|detJ0,771,26,29.653846153846153
margot,0.3618639038138553,0.4073244069013893,S+Si,0.04,S+Si_0.04,detJ0,10m,1,10.0,0,1,work.margot/results/CMR2_0.36186390381385530_CMC_0.40732440690138932_S+Si_Edmund/pMetaData_0.04.csv,margot|S+Si_0.04|detJ0,771,26,29.653846153846153
margot,0.34777626854180044,0.4238242034685698,S+Si,0.04,S+Si_0.04,newton_maxit,50km-1.45Mm,19,900010.0,18,1,work.margot/results/CMR2_0.34777626854180044_CMC_0.42382420346856980_S+Si_Edmund/pMetaData_0.04.csv,margot|S+Si_0.04|newton_maxit,32,9,3.5555555555555554
margot,0.3477744384339196,0.4238264337762898,S+Si,0.04,S+Si_0.04,newton_maxit,50km-1.45Mm,19,900010.0,18,1,work.margot/results/CMR2_0.34777443843391959_CMC_0.42382643377628981_S+Si_Edmund/pMetaData_0.04.csv,margot|S+Si_0.04|newton_maxit,32,9,3.5555555555555554
margot,0.347764032951184,0.4238391151297987,S+Si,0.04,S+Si_0.04,newton_maxit,50km-1.45Mm,19,900010.0,18,1,work.margot/results/CMR2_0.34776403295118402_CMC_0.42383911512979872_S+Si_Edmund/pMetaData_0.04.csv,margot|S+Si_0.04|newton_maxit,32,9,3.5555555555555554
margot,0.3531415553727132,0.4173850337280049,S+Si,0.04,S+Si_0.04,newton_maxit,50km-1.45Mm,7,300010.0,6,1,work.margot/results/CMR2_0.35314155537271319_CMC_0.41738503372800489_S+Si_Edmund/pMetaData_0.04.csv,margot|S+Si_0.04|newton_maxit,32,9,3.5555555555555554
margot,0.3511205867576052,0.41978740512231566,S+Si,0.04,S+Si_0.04,newton_maxit,50km-1.45Mm,14,650010.0,13,1,work.margot/results/CMR2_0.35112058675760521_CMC_0.41978740512231566_S+Si_Edmund/pMetaData_0.04.csv,margot|S+Si_0.04|newton_maxit,32,9,3.5555555555555554
margot,0.3534140406882327,0.41706322621750813,S+Si,0.04,S+Si_0.04,newton_maxit,10m,1,10.0,0,1,work.margot/results/CMR2_0.35341404068823268_CMC_0.41706322621750813_S+Si_Edmund/pMetaData_0.04.csv,margot|S+Si_0.04|newton_maxit,32,9,3.5555555555555554
margot,0.35291010539778545,0.417658768467005,S+Si,0.04,S+Si_0.04,newton_maxit,50km-1.45Mm,3,100010.0,2,1,work.margot/results/CMR2_0.35291010539778545_CMC_0.41765876846700500_S+Si_Edmund/pMetaData_0.04.csv,margot|S+Si_0.04|newton_maxit,32,9,3.5555555555555554
margot,0.33539991700260413,0.4394634361190244,S+Si,0.04,S+Si_0.04,newton_maxit,50km-1.45Mm,30,1450010.0,29,1,work.margot/results/CMR2_0.33539991700260413_CMC_0.43946343611902439_S+Si_Edmund/pMetaData_0.04.csv,margot|S+Si_0.04|newton_maxit,32,9,3.5555555555555554
margot,0.3364188262021407,0.4381324364749897,S+Si,0.04,S+Si_0.04,newton_maxit,50km-1.45Mm,29,1400010.0,28,1,work.margot/results/CMR2_0.33641882620214070_CMC_0.43813243647498967_S+Si_Edmund/pMetaData_0.04.csv,margot|S+Si_0.04|newton_maxit,32,9,3.5555555555555554
margot,0.33855461420927596,0.4353684570043634,S+Si,0.05,S+Si_0.05,crash_lt_1.95Mm,50km-1.45Mm,29,1400010.0,28,1,work.margot/results/CMR2_0.33855461420927596_CMC_0.43536845700436339_S+Si_Edmund/pMetaData_0.05.csv,margot|S+Si_0.05|crash_lt_1.95Mm,244,14,17.428571428571427
margot,0.325722774601826,0.4525197852074716,S+Si,0.05,S+Si_0.05,crash_lt_1.95Mm,10m,1,10.0,0,1,work.margot/results/CMR2_0.32572277460182603_CMC_0.45251978520747160_S+Si_Edmund/pMetaData_0.05.csv,margot|S+Si_0.05|crash_lt_1.95Mm,244,14,17.428571428571427
margot,0.33093239281079495,0.44539610869786084,S+Si,0.05,S+Si_0.05,crash_lt_1.95Mm,10m,1,10.0,0,1,work.margot/results/CMR2_0.33093239281079495_CMC_0.44539610869786084_S+Si_Edmund/pMetaData_0.05.csv,margot|S+Si_0.05|crash_lt_1.95Mm,244,14,17.428571428571427
margot,0.32807464322510854,0.44927580672202144,S+Si,0.05,S+Si_0.05,crash_lt_1.95Mm,10m,1,10.0,0,1,work.margot/results/CMR2_0.32807464322510854_CMC_0.44927580672202144_S+Si_Edmund/pMetaData_0.05.csv,margot|S+Si_0.05|crash_lt_1.95Mm,244,14,17.428571428571427
margot,0.31419770594852753,0.46911863839052564,S+Si,0.05,S+Si_0.05,crash_lt_1.95Mm,10m,1,10.0,0,1,work.margot/results/CMR2_0.31419770594852753_CMC_0.46911863839052564_S+Si_Edmund/pMetaData_0.05.csv,margot|S+Si_0.05|crash_lt_1.95Mm,244,14,17.428571428571427
margot,0.32140923348657574,0.4585929234237643,S+Si,0.05,S+Si_0.05,crash_lt_1.95Mm,10m,1,10.0,0,1,work.margot/results/CMR2_0.32140923348657574_CMC_0.45859292342376429_S+Si_Edmund/pMetaData_0.05.csv,margot|S+Si_0.05|crash_lt_1.95Mm,244,14,17.428571428571427
margot,0.32508793245115375,0.4534034803711056,S+Si,0.05,S+Si_0.05,crash_lt_1.95Mm,10m,1,10.0,0,1,work.margot/results/CMR2_0.32508793245115375_CMC_0.45340348037110562_S+Si_Edmund/pMetaData_0.05.csv,margot|S+Si_0.05|crash_lt_1.95Mm,244,14,17.428571428571427
margot,0.3235903767188888,0.45550180291068004,S+Si,0.05,S+Si_0.05,crash_lt_1.95Mm,10m,1,10.0,0,1,work.margot/results/CMR2_0.32359037671888879_CMC_0.45550180291068004_S+Si_Edmund/pMetaData_0.05.csv,margot|S+Si_0.05|crash_lt_1.95Mm,244,14,17.428571428571427
margot,0.3269218181673578,0.4508600888930118,S+Si,0.05,S+Si_0.05,crash_lt_1.95Mm,10m,1,10.0,0,1,work.margot/results/CMR2_0.32692181816735782_CMC_0.45086008889301182_S+Si_Edmund/pMetaData_0.05.csv,margot|S+Si_0.05|crash_lt_1.95Mm,244,14,17.428571428571427
margot,0.3574957774418243,0.4123013733329645,S+Si,0.05,S+Si_0.05,crash_lt_1.95Mm,10m,1,10.0,0,1,work.margot/results/CMR2_0.35749577744182431_CMC_0.41230137333296452_S+Si_Edmund/pMetaData_0.05.csv,margot|S+Si_0.05|crash_lt_1.95Mm,244,14,17.428571428571427
margot,0.32613556819241785,0.45194702564007777,S+Si,0.05,S+Si_0.05,crash_lt_1.95Mm,10m,1,10.0,0,1,work.margot/results/CMR2_0.32613556819241785_CMC_0.45194702564007777_S+Si_Edmund/pMetaData_0.05.csv,margot|S+Si_0.05|crash_lt_1.95Mm,244,14,17.428571428571427
margot,0.33852989523145927,0.435400246998046,S+Si,0.05,S+Si_0.05,crash_lt_1.95Mm,50km-1.45Mm,29,1400010.0,28,1,work.margot/results/CMR2_0.33852989523145927_CMC_0.43540024699804603_S+Si_Edmund/pMetaData_0.05.csv,margot|S+Si_0.05|crash_lt_1.95Mm,244,14,17.428571428571427
margot,0.3359315259194757,0.4387679887934408,S+Si,0.05,S+Si_0.05,crash_lt_1.95Mm,>=1.5Mm,31,1500010.0,30,1,work.margot/results/CMR2_0.33593152591947573_CMC_0.43876798879344081_S+Si_Edmund/pMetaData_0.05.csv,margot|S+Si_0.05|crash_lt_1.95Mm,244,14,17.428571428571427
margot,0.33704781928112987,0.43731480095130876,S+Si,0.05,S+Si_0.05,crash_lt_1.95Mm,50km-1.45Mm,30,1450010.0,29,1,work.margot/results/CMR2_0.33704781928112987_CMC_0.43731480095130876_S+Si_Edmund/pMetaData_0.05.csv,margot|S+Si_0.05|crash_lt_1.95Mm,244,14,17.428571428571427
margot,0.3614679506517953,0.4077705913739158,S+Si,0.05,S+Si_0.05,detJ0,10m,1,10.0,0,1,work.margot/results/CMR2_0.36146795065179532_CMC_0.40777059137391580_S+Si_Edmund/pMetaData_0.05.csv,margot|S+Si_0.05|detJ0,746,25,29.84
margot,0.3362665487956761,0.4383308435760034,S+Si,0.05,S+Si_0.05,detJ0,>=1.5Mm,32,1550010.0,31,1,work.margot/results/CMR2_0.33626654879567608_CMC_0.43833084357600338_S+Si_Edmund/pMetaData_0.05.csv,margot|S+Si_0.05|detJ0,746,25,29.84
margot,0.35803504145230963,0.411680374641858,S+Si,0.05,S+Si_0.05,detJ0,10m,1,10.0,0,1,work.margot/results/CMR2_0.35803504145230963_CMC_0.41168037464185803_S+Si_Edmund/pMetaData_0.05.csv,margot|S+Si_0.05|detJ0,746,25,29.84
margot,0.3660135587352093,0.4027063929252766,S+Si,0.05,S+Si_0.05,detJ0,10m,1,10.0,0,1,work.margot/results/CMR2_0.36601355873520930_CMC_0.40270639292527660_S+Si_Edmund/pMetaData_0.05.csv,margot|S+Si_0.05|detJ0,746,25,29.84
margot,0.37489871859347706,0.39316218671803316,S+Si,0.05,S+Si_0.05,detJ0,10m,1,10.0,0,1,work.margot/results/CMR2_0.37489871859347706_CMC_0.39316218671803316_S+Si_Edmund/pMetaData_0.05.csv,margot|S+Si_0.05|detJ0,746,25,29.84
margot,0.3367722396751994,0.43767265420141616,S+Si,0.05,S+Si_0.05,detJ0,>=1.5Mm,31,1500010.0,30,1,work.margot/results/CMR2_0.33677223967519943_CMC_0.43767265420141616_S+Si_Edmund/pMetaData_0.05.csv,margot|S+Si_0.05|detJ0,746,25,29.84
margot,0.3491681622495395,0.42213470738681125,S+Si,0.05,S+Si_0.05,detJ0,50km-1.45Mm,21,1000010.0,20,1,work.margot/results/CMR2_0.34916816224953950_CMC_0.42213470738681125_S+Si_Edmund/pMetaData_0.05.csv,margot|S+Si_0.05|detJ0,746,25,29.84
margot,0.3616278603871844,0.4075902775914096,S+Si,0.05,S+Si_0.05,detJ0,10m,1,10.0,0,1,work.margot/results/CMR2_0.36162786038718442_CMC_0.40759027759140959_S+Si_Edmund/pMetaData_0.05.csv,margot|S+Si_0.05|detJ0,746,25,29.84
margot,0.3445431964440526,0.4278012206342735,S+Si,0.05,S+Si_0.05,detJ0,50km-1.45Mm,25,1200010.0,24,1,work.margot/results/CMR2_0.34454319644405262_CMC_0.42780122063427350_S+Si_Edmund/pMetaData_0.05.csv,margot|S+Si_0.05|detJ0,746,25,29.84
margot,0.3513388353907086,0.4195266368321832,S+Si,0.05,S+Si_0.05,detJ0,50km-1.45Mm,17,800010.0,16,1,work.margot/results/CMR2_0.35133883539070859_CMC_0.41952663683218322_S+Si_Edmund/pMetaData_0.05.csv,margot|S+Si_0.05|detJ0,746,25,29.84
margot,0.3558499148904942,0.4142083328735886,S+Si,0.05,S+Si_0.05,detJ0,10m,1,10.0,0,1,work.margot/results/CMR2_0.35584991489049422_CMC_0.41420833287358860_S+Si_Edmund/pMetaData_0.05.csv,margot|S+Si_0.05|detJ0,746,25,29.84
margot,0.3335825063963465,0.4418577028882661,S+Si,0.05,S+Si_0.05,detJ0,>=1.5Mm,34,1650010.0,33,1,work.margot/results/CMR2_0.33358250639634651_CMC_0.44185770288826609_S+Si_Edmund/pMetaData_0.05.csv,margot|S+Si_0.05|detJ0,746,25,29.84
margot,0.3451492395151756,0.4270500500219681,S+Si,0.05,S+Si_0.05,detJ0,50km-1.45Mm,25,1200010.0,24,1,work.margot/results/CMR2_0.34514923951517562_CMC_0.42705005002196811_S+Si_Edmund/pMetaData_0.05.csv,margot|S+Si_0.05|detJ0,746,25,29.84
margot,0.34771799173575246,0.42389523551606517,S+Si,0.05,S+Si_0.05,detJ0,50km-1.45Mm,22,1050010.0,21,1,work.margot/results/CMR2_0.34771799173575246_CMC_0.42389523551606517_S+Si_Edmund/pMetaData_0.05.csv,margot|S+Si_0.05|detJ0,746,25,29.84
margot,0.36791558437066446,0.400624508070587,S+Si,0.05,S+Si_0.05,detJ0,10m,1,10.0,0,1,work.margot/results/CMR2_0.36791558437066446_CMC_0.40062450807058703_S+Si_Edmund/pMetaData_0.05.csv,margot|S+Si_0.05|detJ0,746,25,29.84
margot,0.3414516692898867,0.43167456263001397,S+Si,0.05,S+Si_0.05,detJ0,50km-1.45Mm,28,1350010.0,27,1,work.margot/results/CMR2_0.34145166928988668_CMC_0.43167456263001397_S+Si_Edmund/pMetaData_0.05.csv,margot|S+Si_0.05|detJ0,746,25,29.84
margot,0.347093347278535,0.4246580960300511,S+Si,0.05,S+Si_0.05,detJ0,50km-1.45Mm,23,1100010.0,22,1,work.margot/results/CMR2_0.34709334727853502_CMC_0.42465809603005111_S+Si_Edmund/pMetaData_0.05.csv,margot|S+Si_0.05|detJ0,746,25,29.84
margot,0.36367198399158507,0.4052992985112941,S+Si,0.05,S+Si_0.05,detJ0,10m,1,10.0,0,1,work.margot/results/CMR2_0.36367198399158507_CMC_0.40529929851129409_S+Si_Edmund/pMetaData_0.05.csv,margot|S+Si_0.05|detJ0,746,25,29.84
margot,0.364170902670355,0.4047440334172493,S+Si,0.05,S+Si_0.05,detJ0,10m,1,10.0,0,1,work.margot/results/CMR2_0.36417090267035501_CMC_0.40474403341724929_S+Si_Edmund/pMetaData_0.05.csv,margot|S+Si_0.05|detJ0,746,25,29.84
margot,0.3396281758287576,0.4339922612142694,S+Si,0.05,S+Si_0.05,detJ0,50km-1.45Mm,28,1350010.0,27,1,work.margot/results/CMR2_0.33962817582875759_CMC_0.43399226121426943_S+Si_Edmund/pMetaData_0.05.csv,margot|S+Si_0.05|detJ0,746,25,29.84
margot,0.36076704583974567,0.4085628155335284,S+Si,0.05,S+Si_0.05,detJ0,10m,1,10.0,0,1,work.margot/results/CMR2_0.36076704583974567_CMC_0.40856281553352841_S+Si_Edmund/pMetaData_0.05.csv,margot|S+Si_0.05|detJ0,746,25,29.84
margot,0.36239214031517053,0.4067306754274816,S+Si,0.05,S+Si_0.05,detJ0,10m,1,10.0,0,1,work.margot/results/CMR2_0.36239214031517053_CMC_0.40673067542748159_S+Si_Edmund/pMetaData_0.05.csv,margot|S+Si_0.05|detJ0,746,25,29.84
margot,0.35506861378218063,0.4151197663740032,S+Si,0.05,S+Si_0.05,detJ0,10m,1,10.0,0,1,work.margot/results/CMR2_0.35506861378218063_CMC_0.41511976637400322_S+Si_Edmund/pMetaData_0.05.csv,margot|S+Si_0.05|detJ0,746,25,29.84
margot,0.3750993341987886,0.39295191049815525,S+Si,0.05,S+Si_0.05,detJ0,10m,1,10.0,0,1,work.margot/results/CMR2_0.37509933419878860_CMC_0.39295191049815525_S+Si_Edmund/pMetaData_0.05.csv,margot|S+Si_0.05|detJ0,746,25,29.84
margot,0.3423380885028017,0.4305568236494775,S+Si,0.05,S+Si_0.05,detJ0,50km-1.45Mm,26,1250010.0,25,1,work.margot/results/CMR2_0.34233808850280167_CMC_0.43055682364947750_S+Si_Edmund/pMetaData_0.05.csv,margot|S+Si_0.05|detJ0,746,25,29.84
margot,0.3531415553727132,0.4173850337280049,S+Si,0.05,S+Si_0.05,newton_maxit,50km-1.45Mm,11,500010.0,10,1,work.margot/results/CMR2_0.35314155537271319_CMC_0.41738503372800489_S+Si_Edmund/pMetaData_0.05.csv,margot|S+Si_0.05|newton_maxit,34,9,3.7777777777777777
margot,0.34269468390333924,0.4301088021592265,S+Si,0.05,S+Si_0.05,newton_maxit,50km-1.45Mm,25,1200010.0,24,1,work.margot/results/CMR2_0.34269468390333924_CMC_0.43010880215922648_S+Si_Edmund/pMetaData_0.05.csv,margot|S+Si_0.05|newton_maxit,34,9,3.7777777777777777
margot,0.3542080886715072,0.4161282723746468,S+Si,0.05,S+Si_0.05,newton_maxit,10m,1,10.0,0,1,work.margot/results/CMR2_0.35420808867150722_CMC_0.41612827237464678_S+Si_Edmund/pMetaData_0.05.csv,margot|S+Si_0.05|newton_maxit,34,9,3.7777777777777777
margot,0.34872586905294045,0.42267010589232673,S+Si,0.05,S+Si_0.05,newton_maxit,50km-1.45Mm,19,900010.0,18,1,work.margot/results/CMR2_0.34872586905294045_CMC_0.42267010589232673_S+Si_Edmund/pMetaData_0.05.csv,margot|S+Si_0.05|newton_maxit,34,9,3.7777777777777777
margot,0.3534091559727812,0.41706899074044396,S+Si,0.05,S+Si_0.05,newton_maxit,50km-1.45Mm,10,450010.0,9,1,work.margot/results/CMR2_0.35340915597278122_CMC_0.41706899074044396_S+Si_Edmund/pMetaData_0.05.csv,margot|S+Si_0.05|newton_maxit,34,9,3.7777777777777777
margot,0.3502628936245504,0.42081534379715074,S+Si,0.05,S+Si_0.05,newton_maxit,50km-1.45Mm,17,800010.0,16,1,work.margot/results/CMR2_0.35026289362455038_CMC_0.42081534379715074_S+Si_Edmund/pMetaData_0.05.csv,margot|S+Si_0.05|newton_maxit,34,9,3.7777777777777777
margot,0.3528424312388472,0.4177388742121671,S+Si,0.05,S+Si_0.05,newton_maxit,50km-1.45Mm,10,450010.0,9,1,work.margot/results/CMR2_0.35284243123884718_CMC_0.41773887421216710_S+Si_Edmund/pMetaData_0.05.csv,margot|S+Si_0.05|newton_maxit,34,9,3.7777777777777777
margot,0.3502273238571675,0.42085808262096713,S+Si,0.05,S+Si_0.05,newton_maxit,50km-1.45Mm,17,800010.0,16,1,work.margot/results/CMR2_0.35022732385716748_CMC_0.42085808262096713_S+Si_Edmund/pMetaData_0.05.csv,margot|S+Si_0.05|newton_maxit,34,9,3.7777777777777777
margot,0.3469570013882724,0.42482497661158936,S+Si,0.05,S+Si_0.05,newton_maxit,50km-1.45Mm,21,1000010.0,20,1,work.margot/results/CMR2_0.34695700138827240_CMC_0.42482497661158936_S+Si_Edmund/pMetaData_0.05.csv,margot|S+Si_0.05|newton_maxit,34,9,3.7777777777777777
margot,0.38812286849174954,0.3797663368118007,S+Si,0.06,S+Si_0.06,crash_lt_1.95Mm,10m,1,10.0,0,1,work.margot/results/CMR2_0.38812286849174954_CMC_0.37976633681180072_S+Si_Edmund/pMetaData_0.06.csv,margot|S+Si_0.06|crash_lt_1.95Mm,274,14,19.571428571428573
margot,0.33031534155391096,0.4462281385617792,S+Si,0.06,S+Si_0.06,crash_lt_1.95Mm,10m,1,10.0,0,1,work.margot/results/CMR2_0.33031534155391096_CMC_0.44622813856177918_S+Si_Edmund/pMetaData_0.06.csv,margot|S+Si_0.06|crash_lt_1.95Mm,274,14,19.571428571428573
margot,0.3412550560947502,0.43192327078393583,S+Si,0.06,S+Si_0.06,crash_lt_1.95Mm,50km-1.45Mm,28,1350010.0,27,1,work.margot/results/CMR2_0.34125505609475021_CMC_0.43192327078393583_S+Si_Edmund/pMetaData_0.06.csv,margot|S+Si_0.06|crash_lt_1.95Mm,274,14,19.571428571428573
margot,0.3259368745610505,0.4522225360309503,S+Si,0.06,S+Si_0.06,crash_lt_1.95Mm,10m,1,10.0,0,1,work.margot/results/CMR2_0.32593687456105053_CMC_0.45222253603095031_S+Si_Edmund/pMetaData_0.06.csv,margot|S+Si_0.06|crash_lt_1.95Mm,274,14,19.571428571428573
margot,0.3040027420725152,0.4848508898148061,S+Si,0.06,S+Si_0.06,crash_lt_1.95Mm,10m,1,10.0,0,1,work.margot/results/CMR2_0.30400274207251521_CMC_0.48485088981480612_S+Si_Edmund/pMetaData_0.06.csv,margot|S+Si_0.06|crash_lt_1.95Mm,274,14,19.571428571428573
margot,0.32570736132268024,0.452541199564642,S+Si,0.06,S+Si_0.06,crash_lt_1.95Mm,10m,1,10.0,0,1,work.margot/results/CMR2_0.32570736132268024_CMC_0.45254119956464200_S+Si_Edmund/pMetaData_0.06.csv,margot|S+Si_0.06|crash_lt_1.95Mm,274,14,19.571428571428573
margot,0.3229083544949506,0.45646387883192685,S+Si,0.06,S+Si_0.06,crash_lt_1.95Mm,10m,1,10.0,0,1,work.margot/results/CMR2_0.32290835449495059_CMC_0.45646387883192685_S+Si_Edmund/pMetaData_0.06.csv,margot|S+Si_0.06|crash_lt_1.95Mm,274,14,19.571428571428573
margot,0.31400856974664454,0.469401201753587,S+Si,0.06,S+Si_0.06,crash_lt_1.95Mm,10m,1,10.0,0,1,work.margot/results/CMR2_0.31400856974664454_CMC_0.46940120175358702_S+Si_Edmund/pMetaData_0.06.csv,margot|S+Si_0.06|crash_lt_1.95Mm,274,14,19.571428571428573
margot,0.3214988227444616,0.4584651313549457,S+Si,0.06,S+Si_0.06,crash_lt_1.95Mm,10m,1,10.0,0,1,work.margot/results/CMR2_0.32149882274446162_CMC_0.45846513135494571_S+Si_Edmund/pMetaData_0.06.csv,margot|S+Si_0.06|crash_lt_1.95Mm,274,14,19.571428571428573
margot,0.31698330812556386,0.46499609355333404,S+Si,0.06,S+Si_0.06,crash_lt_1.95Mm,10m,1,10.0,0,1,work.margot/results/CMR2_0.31698330812556386_CMC_0.46499609355333404_S+Si_Edmund/pMetaData_0.06.csv,margot|S+Si_0.06|crash_lt_1.95Mm,274,14,19.571428571428573
margot,0.3254859346827669,0.4528490613385759,S+Si,0.06,S+Si_0.06,crash_lt_1.95Mm,10m,1,10.0,0,1,work.margot/results/CMR2_0.32548593468276688_CMC_0.45284906133857589_S+Si_Edmund/pMetaData_0.06.csv,margot|S+Si_0.06|crash_lt_1.95Mm,274,14,19.571428571428573
margot,0.3342175541995807,0.4410181277072637,S+Si,0.06,S+Si_0.06,crash_lt_1.95Mm,>=1.5Mm,33,1600010.0,32,1,work.margot/results/CMR2_0.33421755419958071_CMC_0.44101812770726367_S+Si_Edmund/pMetaData_0.06.csv,margot|S+Si_0.06|crash_lt_1.95Mm,274,14,19.571428571428573
margot,0.3318060861455647,0.44422331643228735,S+Si,0.06,S+Si_0.06,crash_lt_1.95Mm,10m,1,10.0,0,1,work.margot/results/CMR2_0.33180608614556473_CMC_0.44422331643228735_S+Si_Edmund/pMetaData_0.06.csv,margot|S+Si_0.06|crash_lt_1.95Mm,274,14,19.571428571428573
margot,0.34596989986385557,0.42603706292947036,S+Si,0.06,S+Si_0.06,crash_lt_1.95Mm,50km-1.45Mm,24,1150010.0,23,1,work.margot/results/CMR2_0.34596989986385557_CMC_0.42603706292947036_S+Si_Edmund/pMetaData_0.06.csv,margot|S+Si_0.06|crash_lt_1.95Mm,274,14,19.571428571428573
margot,0.3531415553727132,0.4173850337280049,S+Si,0.06,S+Si_0.06,detJ0,50km-1.45Mm,16,750010.0,15,1,work.margot/results/CMR2_0.35314155537271319_CMC_0.41738503372800489_S+Si_Edmund/pMetaData_0.06.csv,margot|S+Si_0.06|detJ0,712,25,28.48
margot,0.34785608327144196,0.4237269580390886,S+Si,0.06,S+Si_0.06,detJ0,50km-1.45Mm,23,1100010.0,22,1,work.margot/results/CMR2_0.34785608327144196_CMC_0.42372695803908861_S+Si_Edmund/pMetaData_0.06.csv,margot|S+Si_0.06|detJ0,712,25,28.48
margot,0.3428899691668819,0.4298638433726345,S+Si,0.06,S+Si_0.06,detJ0,50km-1.45Mm,28,1350010.0,27,1,work.margot/results/CMR2_0.34288996916688191_CMC_0.42986384337263450_S+Si_Edmund/pMetaData_0.06.csv,margot|S+Si_0.06|detJ0,712,25,28.48
margot,0.33323668091199915,0.4423162528104888,S+Si,0.06,S+Si_0.06,detJ0,>=1.5Mm,34,1650010.0,33,1,work.margot/results/CMR2_0.33323668091199915_CMC_0.44231625281048881_S+Si_Edmund/pMetaData_0.06.csv,margot|S+Si_0.06|detJ0,712,25,28.48
margot,0.3625528455684899,0.40655038789967357,S+Si,0.06,S+Si_0.06,detJ0,10m,1,10.0,0,1,work.margot/results/CMR2_0.36255284556848988_CMC_0.40655038789967357_S+Si_Edmund/pMetaData_0.06.csv,margot|S+Si_0.06|detJ0,712,25,28.48
margot,0.35294827193795447,0.4176136043695124,S+Si,0.06,S+Si_0.06,detJ0,50km-1.45Mm,16,750010.0,15,1,work.margot/results/CMR2_0.35294827193795447_CMC_0.41761360436951239_S+Si_Edmund/pMetaData_0.06.csv,margot|S+Si_0.06|detJ0,712,25,28.48
margot,0.33810152495393925,0.4359518935032318,S+Si,0.06,S+Si_0.06,detJ0,>=1.5Mm,32,1550010.0,31,1,work.margot/results/CMR2_0.33810152495393925_CMC_0.43595189350323182_S+Si_Edmund/pMetaData_0.06.csv,margot|S+Si_0.06|detJ0,712,25,28.48
margot,0.3629779040666841,0.4060743046577328,S+Si,0.06,S+Si_0.06,detJ0,10m,1,10.0,0,1,work.margot/results/CMR2_0.36297790406668412_CMC_0.40607430465773281_S+Si_Edmund/pMetaData_0.06.csv,margot|S+Si_0.06|detJ0,712,25,28.48
margot,0.3368178984002842,0.4376133236982267,S+Si,0.06,S+Si_0.06,detJ0,>=1.5Mm,32,1550010.0,31,1,work.margot/results/CMR2_0.33681789840028420_CMC_0.43761332369822670_S+Si_Edmund/pMetaData_0.06.csv,margot|S+Si_0.06|detJ0,712,25,28.48
margot,0.36856348761416013,0.39992024428178075,S+Si,0.06,S+Si_0.06,detJ0,10m,1,10.0,0,1,work.margot/results/CMR2_0.36856348761416013_CMC_0.39992024428178075_S+Si_Edmund/pMetaData_0.06.csv,margot|S+Si_0.06|detJ0,712,25,28.48
margot,0.3395538973297602,0.4340871984068418,S+Si,0.06,S+Si_0.06,detJ0,50km-1.45Mm,29,1400010.0,28,1,work.margot/results/CMR2_0.33955389732976021_CMC_0.43408719840684179_S+Si_Edmund/pMetaData_0.06.csv,margot|S+Si_0.06|detJ0,712,25,28.48
margot,0.3375475622736147,0.43666735143097074,S+Si,0.06,S+Si_0.06,detJ0,>=1.5Mm,32,1550010.0,31,1,work.margot/results/CMR2_0.33754756227361471_CMC_0.43666735143097074_S+Si_Edmund/pMetaData_0.06.csv,margot|S+Si_0.06|detJ0,712,25,28.48
margot,0.34784001485415456,0.4237465320423284,S+Si,0.06,S+Si_0.06,detJ0,50km-1.45Mm,23,1100010.0,22,1,work.margot/results/CMR2_0.34784001485415456_CMC_0.42374653204232843_S+Si_Edmund/pMetaData_0.06.csv,margot|S+Si_0.06|detJ0,712,25,28.48
margot,0.3570240917079583,0.41284608916691334,S+Si,0.06,S+Si_0.06,detJ0,10m,1,10.0,0,1,work.margot/results/CMR2_0.35702409170795829_CMC_0.41284608916691334_S+Si_Edmund/pMetaData_0.06.csv,margot|S+Si_0.06|detJ0,712,25,28.48
margot,0.3464942305166991,0.42539236448526185,S+Si,0.06,S+Si_0.06,detJ0,50km-1.45Mm,23,1100010.0,22,1,work.margot/results/CMR2_0.34649423051669909_CMC_0.42539236448526185_S+Si_Edmund/pMetaData_0.06.csv,margot|S+Si_0.06|detJ0,712,25,28.48
margot,0.33760892938219106,0.4365879784925356,S+Si,0.06,S+Si_0.06,detJ0,>=1.5Mm,32,1550010.0,31,1,work.margot/results/CMR2_0.33760892938219106_CMC_0.43658797849253561_S+Si_Edmund/pMetaData_0.06.csv,margot|S+Si_0.06|detJ0,712,25,28.48
margot,0.3603954628909351,0.40898406105796564,S+Si,0.06,S+Si_0.06,detJ0,10m,1,10.0,0,1,work.margot/results/CMR2_0.36039546289093510_CMC_0.40898406105796564_S+Si_Edmund/pMetaData_0.06.csv,margot|S+Si_0.06|detJ0,712,25,28.48
margot,0.3371109278016864,0.43723293386297235,S+Si,0.06,S+Si_0.06,detJ0,>=1.5Mm,32,1550010.0,31,1,work.margot/results/CMR2_0.33711092780168639_CMC_0.43723293386297235_S+Si_Edmund/pMetaData_0.06.csv,margot|S+Si_0.06|detJ0,712,25,28.48
margot,0.34671791055937823,0.4251179287571221,S+Si,0.06,S+Si_0.06,detJ0,50km-1.45Mm,24,1150010.0,23,1,work.margot/results/CMR2_0.34671791055937823_CMC_0.42511792875712212_S+Si_Edmund/pMetaData_0.06.csv,margot|S+Si_0.06|detJ0,712,25,28.48
margot,0.35185411726488824,0.4189122501841724,S+Si,0.06,S+Si_0.06,detJ0,50km-1.45Mm,16,750010.0,15,1,work.margot/results/CMR2_0.35185411726488824_CMC_0.41891225018417239_S+Si_Edmund/pMetaData_0.06.csv,margot|S+Si_0.06|detJ0,712,25,28.48
margot,0.3452474403943277,0.4269285815172163,S+Si,0.06,S+Si_0.06,detJ0,50km-1.45Mm,24,1150010.0,23,1,work.margot/results/CMR2_0.34524744039432770_CMC_0.42692858151721630_S+Si_Edmund/pMetaData_0.06.csv,margot|S+Si_0.06|detJ0,712,25,28.48
margot,0.33351057016638797,0.4419530089450069,S+Si,0.06,S+Si_0.06,detJ0,>=1.5Mm,35,1700010.0,34,1,work.margot/results/CMR2_0.33351057016638797_CMC_0.44195300894500689_S+Si_Edmund/pMetaData_0.06.csv,margot|S+Si_0.06|detJ0,712,25,28.48
margot,0.35266231407124243,0.4179522282900465,S+Si,0.06,S+Si_0.06,detJ0,50km-1.45Mm,17,800010.0,16,1,work.margot/results/CMR2_0.35266231407124243_CMC_0.41795222829004652_S+Si_Edmund/pMetaData_0.06.csv,margot|S+Si_0.06|detJ0,712,25,28.48
margot,0.3574367352242221,0.41236947821699876,S+Si,0.06,S+Si_0.06,detJ0,10m,1,10.0,0,1,work.margot/results/CMR2_0.35743673522422209_CMC_0.41236947821699876_S+Si_Edmund/pMetaData_0.06.csv,margot|S+Si_0.06|detJ0,712,25,28.48
margot,0.3394063046928694,0.4342759635339698,S+Si,0.06,S+Si_0.06,detJ0,>=1.5Mm,31,1500010.0,30,1,work.margot/results/CMR2_0.33940630469286942_CMC_0.43427596353396980_S+Si_Edmund/pMetaData_0.06.csv,margot|S+Si_0.06|detJ0,712,25,28.48
margot,0.34891202216183764,0.42244460103937764,S+Si,0.06,S+Si_0.06,newton_maxit,50km-1.45Mm,20,950010.0,19,1,work.margot/results/CMR2_0.34891202216183764_CMC_0.42244460103937764_S+Si_Edmund/pMetaData_0.06.csv,margot|S+Si_0.06|newton_maxit,38,9,4.222222222222222
margot,0.35118930278984495,0.4197052667296167,S+Si,0.06,S+Si_0.06,newton_maxit,50km-1.45Mm,17,800010.0,16,1,work.margot/results/CMR2_0.35118930278984495_CMC_0.41970526672961672_S+Si_Edmund/pMetaData_0.06.csv,margot|S+Si_0.06|newton_maxit,38,9,4.222222222222222
margot,0.35367970725650655,0.4167499491089007,S+Si,0.06,S+Si_0.06,newton_maxit,50km-1.45Mm,10,450010.0,9,1,work.margot/results/CMR2_0.35367970725650655_CMC_0.41674994910890067_S+Si_Edmund/pMetaData_0.06.csv,margot|S+Si_0.06|newton_maxit,38,9,4.222222222222222
margot,0.35367820927534527,0.41675171422633334,S+Si,0.06,S+Si_0.06,newton_maxit,50km-1.45Mm,10,450010.0,9,1,work.margot/results/CMR2_0.35367820927534527_CMC_0.41675171422633334_S+Si_Edmund/pMetaData_0.06.csv,margot|S+Si_0.06|newton_maxit,38,9,4.222222222222222
margot,0.33449404139174177,0.44065358948316086,S+Si,0.06,S+Si_0.06,newton_maxit,>=1.5Mm,33,1600010.0,32,1,work.margot/results/CMR2_0.33449404139174177_CMC_0.44065358948316086_S+Si_Edmund/pMetaData_0.06.csv,margot|S+Si_0.06|newton_maxit,38,9,4.222222222222222
margot,0.35287506623493503,0.41770024040708953,S+Si,0.06,S+Si_0.06,newton_maxit,50km-1.45Mm,14,650010.0,13,1,work.margot/results/CMR2_0.35287506623493503_CMC_0.41770024040708953_S+Si_Edmund/pMetaData_0.06.csv,margot|S+Si_0.06|newton_maxit,38,9,4.222222222222222
margot,0.34800626904749277,0.42354409420102923,S+Si,0.06,S+Si_0.06,newton_maxit,50km-1.45Mm,21,1000010.0,20,1,work.margot/results/CMR2_0.34800626904749277_CMC_0.42354409420102923_S+Si_Edmund/pMetaData_0.06.csv,margot|S+Si_0.06|newton_maxit,38,9,4.222222222222222
margot,0.3528644579925024,0.41771279782202336,S+Si,0.06,S+Si_0.06,newton_maxit,50km-1.45Mm,14,650010.0,13,1,work.margot/results/CMR2_0.35286445799250238_CMC_0.41771279782202336_S+Si_Edmund/pMetaData_0.06.csv,margot|S+Si_0.06|newton_maxit,38,9,4.222222222222222
margot,0.352884832200009,0.41768868069812226,S+Si,0.06,S+Si_0.06,newton_maxit,50km-1.45Mm,14,650010.0,13,1,work.margot/results/CMR2_0.35288483220000899_CMC_0.41768868069812226_S+Si_Edmund/pMetaData_0.06.csv,margot|S+Si_0.06|newton_maxit,38,9,4.222222222222222
margot,0.3245487690621355,0.45415670632779614,S+Si,0.07,S+Si_0.07,crash_lt_1.95Mm,10m,1,10.0,0,1,work.margot/results/CMR2_0.32454876906213548_CMC_0.45415670632779614_S+Si_Edmund/pMetaData_0.07.csv,margot|S+Si_0.07|crash_lt_1.95Mm,301,15,20.066666666666666
margot,0.31043932851545075,0.4747980892268423,S+Si,0.07,S+Si_0.07,crash_lt_1.95Mm,10m,1,10.0,0,1,work.margot/results/CMR2_0.31043932851545075_CMC_0.47479808922684230_S+Si_Edmund/pMetaData_0.07.csv,margot|S+Si_0.07|crash_lt_1.95Mm,301,15,20.066666666666666
margot,0.3136304513391051,0.46996712012709424,S+Si,0.07,S+Si_0.07,crash_lt_1.95Mm,10m,1,10.0,0,1,work.margot/results/CMR2_0.31363045133910511_CMC_0.46996712012709424_S+Si_Edmund/pMetaData_0.07.csv,margot|S+Si_0.07|crash_lt_1.95Mm,301,15,20.066666666666666
margot,0.32730108775773015,0.45033764174075475,S+Si,0.07,S+Si_0.07,crash_lt_1.95Mm,10m,1,10.0,0,1,work.margot/results/CMR2_0.32730108775773015_CMC_0.45033764174075475_S+Si_Edmund/pMetaData_0.07.csv,margot|S+Si_0.07|crash_lt_1.95Mm,301,15,20.066666666666666
margot,0.3396764177136913,0.43393062430444646,S+Si,0.07,S+Si_0.07,crash_lt_1.95Mm,50km-1.45Mm,30,1450010.0,29,1,work.margot/results/CMR2_0.33967641771369128_CMC_0.43393062430444646_S+Si_Edmund/pMetaData_0.07.csv,margot|S+Si_0.07|crash_lt_1.95Mm,301,15,20.066666666666666
margot,0.35815165805108506,0.411546328731434,S+Si,0.07,S+Si_0.07,crash_lt_1.95Mm,10m,1,10.0,0,1,work.margot/results/CMR2_0.35815165805108506_CMC_0.41154632873143399_S+Si_Edmund/pMetaData_0.07.csv,margot|S+Si_0.07|crash_lt_1.95Mm,301,15,20.066666666666666
margot,0.3443520390819256,0.428038702465568,S+Si,0.07,S+Si_0.07,crash_lt_1.95Mm,50km-1.45Mm,26,1250010.0,25,1,work.margot/results/CMR2_0.34435203908192558_CMC_0.42803870246556802_S+Si_Edmund/pMetaData_0.07.csv,margot|S+Si_0.07|crash_lt_1.95Mm,301,15,20.066666666666666
margot,0.31419770594852753,0.46911863839052564,S+Si,0.07,S+Si_0.07,crash_lt_1.95Mm,10m,1,10.0,0,1,work.margot/results/CMR2_0.31419770594852753_CMC_0.46911863839052564_S+Si_Edmund/pMetaData_0.07.csv,margot|S+Si_0.07|crash_lt_1.95Mm,301,15,20.066666666666666
margot,0.3404023413004297,0.4330052473696483,S+Si,0.07,S+Si_0.07,crash_lt_1.95Mm,50km-1.45Mm,29,1400010.0,28,1,work.margot/results/CMR2_0.34040234130042968_CMC_0.43300524736964829_S+Si_Edmund/pMetaData_0.07.csv,margot|S+Si_0.07|crash_lt_1.95Mm,301,15,20.066666666666666
margot,0.32709292970510584,0.4506242312632268,S+Si,0.07,S+Si_0.07,crash_lt_1.95Mm,10m,1,10.0,0,1,work.margot/results/CMR2_0.32709292970510584_CMC_0.45062423126322682_S+Si_Edmund/pMetaData_0.07.csv,margot|S+Si_0.07|crash_lt_1.95Mm,301,15,20.066666666666666
margot,0.32866346690777587,0.4484708975620945,S+Si,0.07,S+Si_0.07,crash_lt_1.95Mm,10m,1,10.0,0,1,work.margot/results/CMR2_0.32866346690777587_CMC_0.44847089756209452_S+Si_Edmund/pMetaData_0.07.csv,margot|S+Si_0.07|crash_lt_1.95Mm,301,15,20.066666666666666
margot,0.33201448662222655,0.4439444841685792,S+Si,0.07,S+Si_0.07,crash_lt_1.95Mm,10m,1,10.0,0,1,work.margot/results/CMR2_0.33201448662222655_CMC_0.44394448416857918_S+Si_Edmund/pMetaData_0.07.csv,margot|S+Si_0.07|crash_lt_1.95Mm,301,15,20.066666666666666
margot,0.33224911580639915,0.4436309774437062,S+Si,0.07,S+Si_0.07,crash_lt_1.95Mm,10m,1,10.0,0,1,work.margot/results/CMR2_0.33224911580639915_CMC_0.44363097744370622_S+Si_Edmund/pMetaData_0.07.csv,margot|S+Si_0.07|crash_lt_1.95Mm,301,15,20.066666666666666
margot,0.332990673363727,0.4426430281397064,S+Si,0.07,S+Si_0.07,crash_lt_1.95Mm,10m,1,10.0,0,1,work.margot/results/CMR2_0.33299067336372701_CMC_0.44264302813970641_S+Si_Edmund/pMetaData_0.07.csv,margot|S+Si_0.07|crash_lt_1.95Mm,301,15,20.066666666666666
margot,0.33050741047904675,0.4459688204459927,S+Si,0.07,S+Si_0.07,crash_lt_1.95Mm,10m,1,10.0,0,1,work.margot/results/CMR2_0.33050741047904675_CMC_0.44596882044599268_S+Si_Edmund/pMetaData_0.07.csv,margot|S+Si_0.07|crash_lt_1.95Mm,301,15,20.066666666666666
margot,0.35086797766032274,0.42008963309468755,S+Si,0.07,S+Si_0.07,detJ0,50km-1.45Mm,21,1000010.0,20,1,work.margot/results/CMR2_0.35086797766032274_CMC_0.42008963309468755_S+Si_Edmund/pMetaData_0.07.csv,margot|S+Si_0.07|detJ0,696,24,29.0
margot,0.34020994235379814,0.4332501248500166,S+Si,0.07,S+Si_0.07,detJ0,>=1.5Mm,31,1500010.0,30,1,work.margot/results/CMR2_0.34020994235379814_CMC_0.43325012485001663_S+Si_Edmund/pMetaData_0.07.csv,margot|S+Si_0.07|detJ0,696,24,29.0
margot,0.3558613460819276,0.41419502742527703,S+Si,0.07,S+Si_0.07,detJ0,50km-1.45Mm,10,450010.0,9,1,work.margot/results/CMR2_0.35586134608192760_CMC_0.41419502742527703_S+Si_Edmund/pMetaData_0.07.csv,margot|S+Si_0.07|detJ0,696,24,29.0
margot,0.3442491745010978,0.42816660406989576,S+Si,0.07,S+Si_0.07,detJ0,50km-1.45Mm,28,1350010.0,27,1,work.margot/results/CMR2_0.34424917450109782_CMC_0.42816660406989576_S+Si_Edmund/pMetaData_0.07.csv,margot|S+Si_0.07|detJ0,696,24,29.0
margot,0.3395466697486273,0.43409643837508405,S+Si,0.07,S+Si_0.07,detJ0,>=1.5Mm,32,1550010.0,31,1,work.margot/results/CMR2_0.33954666974862729_CMC_0.43409643837508405_S+Si_Edmund/pMetaData_0.07.csv,margot|S+Si_0.07|detJ0,696,24,29.0
margot,0.3469570013882724,0.42482497661158936,S+Si,0.07,S+Si_0.07,detJ0,50km-1.45Mm,24,1150010.0,23,1,work.margot/results/CMR2_0.34695700138827240_CMC_0.42482497661158936_S+Si_Edmund/pMetaData_0.07.csv,margot|S+Si_0.07|detJ0,696,24,29.0
margot,0.36796133613865817,0.40057469501213316,S+Si,0.07,S+Si_0.07,detJ0,10m,1,10.0,0,1,work.margot/results/CMR2_0.36796133613865817_CMC_0.40057469501213316_S+Si_Edmund/pMetaData_0.07.csv,margot|S+Si_0.07|detJ0,696,24,29.0
margot,0.34015298717200393,0.43332266820713466,S+Si,0.07,S+Si_0.07,detJ0,>=1.5Mm,31,1500010.0,30,1,work.margot/results/CMR2_0.34015298717200393_CMC_0.43332266820713466_S+Si_Edmund/pMetaData_0.07.csv,margot|S+Si_0.07|detJ0,696,24,29.0
margot,0.33449404139174177,0.44065358948316086,S+Si,0.07,S+Si_0.07,detJ0,>=1.5Mm,34,1650010.0,33,1,work.margot/results/CMR2_0.33449404139174177_CMC_0.44065358948316086_S+Si_Edmund/pMetaData_0.07.csv,margot|S+Si_0.07|detJ0,696,24,29.0
margot,0.3660920985011399,0.4026199980919311,S+Si,0.07,S+Si_0.07,detJ0,10m,1,10.0,0,1,work.margot/results/CMR2_0.36609209850113988_CMC_0.40261999809193111_S+Si_Edmund/pMetaData_0.07.csv,margot|S+Si_0.07|detJ0,696,24,29.0
margot,0.37519247298632463,0.39285436306013644,S+Si,0.07,S+Si_0.07,detJ0,10m,1,10.0,0,1,work.margot/results/CMR2_0.37519247298632463_CMC_0.39285436306013644_S+Si_Edmund/pMetaData_0.07.csv,margot|S+Si_0.07|detJ0,696,24,29.0
margot,0.35069803823504525,0.42029319793688746,S+Si,0.07,S+Si_0.07,detJ0,50km-1.45Mm,20,950010.0,19,1,work.margot/results/CMR2_0.35069803823504525_CMC_0.42029319793688746_S+Si_Edmund/pMetaData_0.07.csv,margot|S+Si_0.07|detJ0,696,24,29.0
margot,0.3407608156898908,0.43254973345919456,S+Si,0.07,S+Si_0.07,detJ0,>=1.5Mm,31,1500010.0,30,1,work.margot/results/CMR2_0.34076081568989081_CMC_0.43254973345919456_S+Si_Edmund/pMetaData_0.07.csv,margot|S+Si_0.07|detJ0,696,24,29.0
margot,0.3441023525489073,0.4283492946449722,S+Si,0.07,S+Si_0.07,detJ0,50km-1.45Mm,28,1350010.0,27,1,work.margot/results/CMR2_0.34410235254890731_CMC_0.42834929464497218_S+Si_Edmund/pMetaData_0.07.csv,margot|S+Si_0.07|detJ0,696,24,29.0
margot,0.3512705079953616,0.41960824107085676,S+Si,0.07,S+Si_0.07,detJ0,50km-1.45Mm,19,900010.0,18,1,work.margot/results/CMR2_0.35127050799536158_CMC_0.41960824107085676_S+Si_Edmund/pMetaData_0.07.csv,margot|S+Si_0.07|detJ0,696,24,29.0
margot,0.3621790909988643,0.4069699319016243,S+Si,0.07,S+Si_0.07,detJ0,10m,1,10.0,0,1,work.margot/results/CMR2_0.36217909099886431_CMC_0.40696993190162428_S+Si_Edmund/pMetaData_0.07.csv,margot|S+Si_0.07|detJ0,696,24,29.0
margot,0.3404579836561656,0.43293447965919274,S+Si,0.07,S+Si_0.07,detJ0,50km-1.45Mm,29,1400010.0,28,1,work.margot/results/CMR2_0.34045798365616559_CMC_0.43293447965919274_S+Si_Edmund/pMetaData_0.07.csv,margot|S+Si_0.07|detJ0,696,24,29.0
margot,0.35900655272469145,0.41056632220591366,S+Si,0.07,S+Si_0.07,detJ0,10m,1,10.0,0,1,work.margot/results/CMR2_0.35900655272469145_CMC_0.41056632220591366_S+Si_Edmund/pMetaData_0.07.csv,margot|S+Si_0.07|detJ0,696,24,29.0
margot,0.34819037383216966,0.42332014632617604,S+Si,0.07,S+Si_0.07,detJ0,50km-1.45Mm,22,1050010.0,21,1,work.margot/results/CMR2_0.34819037383216966_CMC_0.42332014632617604_S+Si_Edmund/pMetaData_0.07.csv,margot|S+Si_0.07|detJ0,696,24,29.0
margot,0.3535949734993057,0.4168498170132767,S+Si,0.07,S+Si_0.07,detJ0,50km-1.45Mm,15,700010.0,14,1,work.margot/results/CMR2_0.35359497349930569_CMC_0.41684981701327672_S+Si_Edmund/pMetaData_0.07.csv,margot|S+Si_0.07|detJ0,696,24,29.0
margot,0.36940268970538903,0.39901171298333865,S+Si,0.07,S+Si_0.07,detJ0,10m,1,10.0,0,1,work.margot/results/CMR2_0.36940268970538903_CMC_0.39901171298333865_S+Si_Edmund/pMetaData_0.07.csv,margot|S+Si_0.07|detJ0,696,24,29.0
margot,0.35367820927534527,0.41675171422633334,S+Si,0.07,S+Si_0.07,detJ0,50km-1.45Mm,17,800010.0,16,1,work.margot/results/CMR2_0.35367820927534527_CMC_0.41675171422633334_S+Si_Edmund/pMetaData_0.07.csv,margot|S+Si_0.07|detJ0,696,24,29.0
margot,0.35661518914897317,0.41331946727155944,S+Si,0.07,S+Si_0.07,detJ0,10m,1,10.0,0,1,work.margot/results/CMR2_0.35661518914897317_CMC_0.41331946727155944_S+Si_Edmund/pMetaData_0.07.csv,margot|S+Si_0.07|detJ0,696,24,29.0
margot,0.3570837651717727,0.41277709707439697,S+Si,0.07,S+Si_0.07,detJ0,10m,1,10.0,0,1,work.margot/results/CMR2_0.35708376517177270_CMC_0.41277709707439697_S+Si_Edmund/pMetaData_0.07.csv,margot|S+Si_0.07|detJ0,696,24,29.0
margot,0.33852989523145927,0.435400246998046,S+Si,0.07,S+Si_0.07,newton_maxit,>=1.5Mm,31,1500010.0,30,1,work.margot/results/CMR2_0.33852989523145927_CMC_0.43540024699804603_S+Si_Edmund/pMetaData_0.07.csv,margot|S+Si_0.07|newton_maxit,27,8,3.375
margot,0.35504529596118445,0.4151470296232686,S+Si,0.07,S+Si_0.07,newton_maxit,50km-1.45Mm,7,300010.0,6,1,work.margot/results/CMR2_0.35504529596118445_CMC_0.41514702962326860_S+Si_Edmund/pMetaData_0.07.csv,margot|S+Si_0.07|newton_maxit,27,8,3.375
margot,0.35379452097446823,0.4166147050384562,S+Si,0.07,S+Si_0.07,newton_maxit,50km-1.45Mm,14,650010.0,13,1,work.margot/results/CMR2_0.35379452097446823_CMC_0.41661470503845621_S+Si_Edmund/pMetaData_0.07.csv,margot|S+Si_0.07|newton_maxit,27,8,3.375
margot,0.3366940972557771,0.4377742324601176,S+Si,0.07,S+Si_0.07,newton_maxit,>=1.5Mm,32,1550010.0,31,1,work.margot/results/CMR2_0.33669409725577709_CMC_0.43777423246011760_S+Si_Edmund/pMetaData_0.07.csv,margot|S+Si_0.07|newton_maxit,27,8,3.375
margot,0.3537577673401218,0.41665798918921126,S+Si,0.07,S+Si_0.07,newton_maxit,50km-1.45Mm,14,650010.0,13,1,work.margot/results/CMR2_0.35375776734012182_CMC_0.41665798918921126_S+Si_Edmund/pMetaData_0.07.csv,margot|S+Si_0.07|newton_maxit,27,8,3.375
margot,0.35275105209258617,0.4178470882669774,S+Si,0.07,S+Si_0.07,newton_maxit,50km-1.45Mm,16,750010.0,15,1,work.margot/results/CMR2_0.35275105209258617_CMC_0.41784708826697742_S+Si_Edmund/pMetaData_0.07.csv,margot|S+Si_0.07|newton_maxit,27,8,3.375
margot,0.35568589215471547,0.4143993429345407,S+Si,0.07,S+Si_0.07,newton_maxit,50km-1.45Mm,6,250010.0,5,1,work.margot/results/CMR2_0.35568589215471547_CMC_0.41439934293454073_S+Si_Edmund/pMetaData_0.07.csv,margot|S+Si_0.07|newton_maxit,27,8,3.375
margot,0.3355611336239682,0.43925230078991456,S+Si,0.07,S+Si_0.07,newton_maxit,>=1.5Mm,33,1600010.0,32,1,work.margot/results/CMR2_0.33556113362396822_CMC_0.43925230078991456_S+Si_Edmund/pMetaData_0.07.csv,margot|S+Si_0.07|newton_maxit,27,8,3.375
margot,0.3352117863946448,0.43971007578615007,S+Si,0.08,S+Si_0.08,crash_lt_1.95Mm,10m,1,10.0,0,1,work.margot/results/CMR2_0.33521178639464477_CMC_0.43971007578615007_S+Si_Edmund/pMetaData_0.08.csv,margot|S+Si_0.08|crash_lt_1.95Mm,315,15,21.0
margot,0.3455848051224438,0.426511807855025,S+Si,0.08,S+Si_0.08,crash_lt_1.95Mm,50km-1.45Mm,26,1250010.0,25,1,work.margot/results/CMR2_0.34558480512244377_CMC_0.42651180785502502_S+Si_Edmund/pMetaData_0.08.csv,margot|S+Si_0.08|crash_lt_1.95Mm,315,15,21.0
margot,0.3423380885028017,0.4305568236494775,S+Si,0.08,S+Si_0.08,crash_lt_1.95Mm,50km-1.45Mm,29,1400010.0,28,1,work.margot/results/CMR2_0.34233808850280167_CMC_0.43055682364947750_S+Si_Edmund/pMetaData_0.08.csv,margot|S+Si_0.08|crash_lt_1.95Mm,315,15,21.0
margot,0.3294923413512245,0.44734271939535697,S+Si,0.08,S+Si_0.08,crash_lt_1.95Mm,10m,1,10.0,0,1,work.margot/results/CMR2_0.32949234135122452_CMC_0.44734271939535697_S+Si_Edmund/pMetaData_0.08.csv,margot|S+Si_0.08|crash_lt_1.95Mm,315,15,21.0
margot,0.33345240873378684,0.4420300952681803,S+Si,0.08,S+Si_0.08,crash_lt_1.95Mm,10m,1,10.0,0,1,work.margot/results/CMR2_0.33345240873378684_CMC_0.44203009526818032_S+Si_Edmund/pMetaData_0.08.csv,margot|S+Si_0.08|crash_lt_1.95Mm,315,15,21.0
margot,0.3317345946060293,0.44431905021859025,S+Si,0.08,S+Si_0.08,crash_lt_1.95Mm,10m,1,10.0,0,1,work.margot/results/CMR2_0.33173459460602928_CMC_0.44431905021859025_S+Si_Edmund/pMetaData_0.08.csv,margot|S+Si_0.08|crash_lt_1.95Mm,315,15,21.0
margot,0.3397312319141903,0.4338606114295357,S+Si,0.08,S+Si_0.08,crash_lt_1.95Mm,>=1.5Mm,31,1500010.0,30,1,work.margot/results/CMR2_0.33973123191419030_CMC_0.43386061142953569_S+Si_Edmund/pMetaData_0.08.csv,margot|S+Si_0.08|crash_lt_1.95Mm,315,15,21.0
margot,0.3371109278016864,0.43723293386297235,S+Si,0.08,S+Si_0.08,crash_lt_1.95Mm,>=1.5Mm,33,1600010.0,32,1,work.margot/results/CMR2_0.33711092780168639_CMC_0.43723293386297235_S+Si_Edmund/pMetaData_0.08.csv,margot|S+Si_0.08|crash_lt_1.95Mm,315,15,21.0
margot,0.3410440203243698,0.43219054202976626,S+Si,0.08,S+Si_0.08,crash_lt_1.95Mm,50km-1.45Mm,30,1450010.0,29,1,work.margot/results/CMR2_0.34104402032436981_CMC_0.43219054202976626_S+Si_Edmund/pMetaData_0.08.csv,margot|S+Si_0.08|crash_lt_1.95Mm,315,15,21.0
margot,0.3311147686620511,0.44515078743116476,S+Si,0.08,S+Si_0.08,crash_lt_1.95Mm,10m,1,10.0,0,1,work.margot/results/CMR2_0.33111476866205108_CMC_0.44515078743116476_S+Si_Edmund/pMetaData_0.08.csv,margot|S+Si_0.08|crash_lt_1.95Mm,315,15,21.0
margot,0.3176452987813952,0.46402701555938514,S+Si,0.08,S+Si_0.08,crash_lt_1.95Mm,10m,1,10.0,0,1,work.margot/results/CMR2_0.31764529878139519_CMC_0.46402701555938514_S+Si_Edmund/pMetaData_0.08.csv,margot|S+Si_0.08|crash_lt_1.95Mm,315,15,21.0
margot,0.33393073258773626,0.4413969294104234,S+Si,0.08,S+Si_0.08,crash_lt_1.95Mm,10m,1,10.0,0,1,work.margot/results/CMR2_0.33393073258773626_CMC_0.44139692941042341_S+Si_Edmund/pMetaData_0.08.csv,margot|S+Si_0.08|crash_lt_1.95Mm,315,15,21.0
margot,0.3419041557514972,0.4311032712545629,S+Si,0.08,S+Si_0.08,crash_lt_1.95Mm,50km-1.45Mm,29,1400010.0,28,1,work.margot/results/CMR2_0.34190415575149719_CMC_0.43110327125456288_S+Si_Edmund/pMetaData_0.08.csv,margot|S+Si_0.08|crash_lt_1.95Mm,315,15,21.0
margot,0.3277732684888593,0.44968889830321795,S+Si,0.08,S+Si_0.08,crash_lt_1.95Mm,10m,1,10.0,0,1,work.margot/results/CMR2_0.32777326848885929_CMC_0.44968889830321795_S+Si_Edmund/pMetaData_0.08.csv,margot|S+Si_0.08|crash_lt_1.95Mm,315,15,21.0
margot,0.3334375148560798,0.44204983972370326,S+Si,0.08,S+Si_0.08,crash_lt_1.95Mm,10m,1,10.0,0,1,work.margot/results/CMR2_0.33343751485607981_CMC_0.44204983972370326_S+Si_Edmund/pMetaData_0.08.csv,margot|S+Si_0.08|crash_lt_1.95Mm,315,15,21.0
margot,0.3378779892125873,0.4362403136809863,S+Si,0.08,S+Si_0.08,detJ0,>=1.5Mm,33,1600010.0,32,1,work.margot/results/CMR2_0.33787798921258733_CMC_0.43624031368098631_S+Si_Edmund/pMetaData_0.08.csv,margot|S+Si_0.08|detJ0,681,24,28.375
margot,0.33704781928112987,0.43731480095130876,S+Si,0.08,S+Si_0.08,detJ0,>=1.5Mm,35,1700010.0,34,1,work.margot/results/CMR2_0.33704781928112987_CMC_0.43731480095130876_S+Si_Edmund/pMetaData_0.08.csv,margot|S+Si_0.08|detJ0,681,24,28.375
margot,0.3514006554841784,0.4194528316884042,S+Si,0.08,S+Si_0.08,detJ0,50km-1.45Mm,22,1050010.0,21,1,work.margot/results/CMR2_0.35140065548417843_CMC_0.41945283168840419_S+Si_Edmund/pMetaData_0.08.csv,margot|S+Si_0.08|detJ0,681,24,28.375
margot,0.3679924619888727,0.4005408132638786,S+Si,0.08,S+Si_0.08,detJ0,10m,1,10.0,0,1,work.margot/results/CMR2_0.36799246198887270_CMC_0.40054081326387858_S+Si_Edmund/pMetaData_0.08.csv,margot|S+Si_0.08|detJ0,681,24,28.375
margot,0.34542487863428156,0.42670927636354605,S+Si,0.08,S+Si_0.08,detJ0,50km-1.45Mm,28,1350010.0,27,1,work.margot/results/CMR2_0.34542487863428156_CMC_0.42670927636354605_S+Si_Edmund/pMetaData_0.08.csv,margot|S+Si_0.08|detJ0,681,24,28.375
margot,0.34198475643944715,0.431001666666679,S+Si,0.08,S+Si_0.08,detJ0,>=1.5Mm,31,1500010.0,30,1,work.margot/results/CMR2_0.34198475643944715_CMC_0.43100166666667900_S+Si_Edmund/pMetaData_0.08.csv,margot|S+Si_0.08|detJ0,681,24,28.375
margot,0.3535949734993057,0.4168498170132767,S+Si,0.08,S+Si_0.08,detJ0,50km-1.45Mm,17,800010.0,16,1,work.margot/results/CMR2_0.35359497349930569_CMC_0.41684981701327672_S+Si_Edmund/pMetaData_0.08.csv,margot|S+Si_0.08|detJ0,681,24,28.375
margot,0.3553752638157017,0.41476156336092046,S+Si,0.08,S+Si_0.08,detJ0,50km-1.45Mm,13,600010.0,12,1,work.margot/results/CMR2_0.35537526381570173_CMC_0.41476156336092046_S+Si_Edmund/pMetaData_0.08.csv,margot|S+Si_0.08|detJ0,681,24,28.375
margot,0.3478002477758511,0.42379498273098754,S+Si,0.08,S+Si_0.08,detJ0,50km-1.45Mm,24,1150010.0,23,1,work.margot/results/CMR2_0.34780024777585111_CMC_0.42379498273098754_S+Si_Edmund/pMetaData_0.08.csv,margot|S+Si_0.08|detJ0,681,24,28.375
margot,0.35506861378218063,0.4151197663740032,S+Si,0.08,S+Si_0.08,detJ0,50km-1.45Mm,16,750010.0,15,1,work.margot/results/CMR2_0.35506861378218063_CMC_0.41511976637400322_S+Si_Edmund/pMetaData_0.08.csv,margot|S+Si_0.08|detJ0,681,24,28.375
margot,0.35507506228578006,0.4151122274010029,S+Si,0.08,S+Si_0.08,detJ0,50km-1.45Mm,16,750010.0,15,1,work.margot/results/CMR2_0.35507506228578006_CMC_0.41511222740100290_S+Si_Edmund/pMetaData_0.08.csv,margot|S+Si_0.08|detJ0,681,24,28.375
margot,0.36246108178463227,0.4066533137137741,S+Si,0.08,S+Si_0.08,detJ0,10m,1,10.0,0,1,work.margot/results/CMR2_0.36246108178463227_CMC_0.40665331371377411_S+Si_Edmund/pMetaData_0.08.csv,margot|S+Si_0.08|detJ0,681,24,28.375
margot,0.36519151230789787,0.4036128853830766,S+Si,0.08,S+Si_0.08,detJ0,10m,1,10.0,0,1,work.margot/results/CMR2_0.36519151230789787_CMC_0.40361288538307660_S+Si_Edmund/pMetaData_0.08.csv,margot|S+Si_0.08|detJ0,681,24,28.375
margot,0.3596357608651997,0.4098480074545413,S+Si,0.08,S+Si_0.08,detJ0,10m,1,10.0,0,1,work.margot/results/CMR2_0.35963576086519972_CMC_0.40984800745454131_S+Si_Edmund/pMetaData_0.08.csv,margot|S+Si_0.08|detJ0,681,24,28.375
margot,0.3612748580236578,0.407988534841104,S+Si,0.08,S+Si_0.08,detJ0,10m,1,10.0,0,1,work.margot/results/CMR2_0.36127485802365777_CMC_0.40798853484110398_S+Si_Edmund/pMetaData_0.08.csv,margot|S+Si_0.08|detJ0,681,24,28.375
margot,0.3562387773453922,0.4137561921202414,S+Si,0.08,S+Si_0.08,detJ0,50km-1.45Mm,9,400010.0,8,1,work.margot/results/CMR2_0.35623877734539222_CMC_0.41375619212024140_S+Si_Edmund/pMetaData_0.08.csv,margot|S+Si_0.08|detJ0,681,24,28.375
margot,0.35606100858553724,0.41396276605948773,S+Si,0.08,S+Si_0.08,detJ0,50km-1.45Mm,10,450010.0,9,1,work.margot/results/CMR2_0.35606100858553724_CMC_0.41396276605948773_S+Si_Edmund/pMetaData_0.08.csv,margot|S+Si_0.08|detJ0,681,24,28.375
margot,0.3439499678823552,0.42853907185249507,S+Si,0.08,S+Si_0.08,detJ0,50km-1.45Mm,29,1400010.0,28,1,work.margot/results/CMR2_0.34394996788235521_CMC_0.42853907185249507_S+Si_Edmund/pMetaData_0.08.csv,margot|S+Si_0.08|detJ0,681,24,28.375
margot,0.340617293907098,0.4327319917003441,S+Si,0.08,S+Si_0.08,detJ0,>=1.5Mm,32,1550010.0,31,1,work.margot/results/CMR2_0.34061729390709800_CMC_0.43273199170034410_S+Si_Edmund/pMetaData_0.08.csv,margot|S+Si_0.08|detJ0,681,24,28.375
margot,0.35872703614629853,0.41088623144615155,S+Si,0.08,S+Si_0.08,detJ0,10m,1,10.0,0,1,work.margot/results/CMR2_0.35872703614629853_CMC_0.41088623144615155_S+Si_Edmund/pMetaData_0.08.csv,margot|S+Si_0.08|detJ0,681,24,28.375
margot,0.3581581473278506,0.41153887214263685,S+Si,0.08,S+Si_0.08,detJ0,10m,1,10.0,0,1,work.margot/results/CMR2_0.35815814732785062_CMC_0.41153887214263685_S+Si_Edmund/pMetaData_0.08.csv,margot|S+Si_0.08|detJ0,681,24,28.375
margot,0.33948524782225026,0.4341749779865972,S+Si,0.08,S+Si_0.08,detJ0,>=1.5Mm,33,1600010.0,32,1,work.margot/results/CMR2_0.33948524782225026_CMC_0.43417497798659721_S+Si_Edmund/pMetaData_0.08.csv,margot|S+Si_0.08|detJ0,681,24,28.375
margot,0.3379610561977453,0.43613309077172707,S+Si,0.08,S+Si_0.08,detJ0,>=1.5Mm,33,1600010.0,32,1,work.margot/results/CMR2_0.33796105619774530_CMC_0.43613309077172707_S+Si_Edmund/pMetaData_0.08.csv,margot|S+Si_0.08|detJ0,681,24,28.375
margot,0.34617317069821507,0.42578689649087814,S+Si,0.08,S+Si_0.08,detJ0,50km-1.45Mm,27,1300010.0,26,1,work.margot/results/CMR2_0.34617317069821507_CMC_0.42578689649087814_S+Si_Edmund/pMetaData_0.08.csv,margot|S+Si_0.08|detJ0,681,24,28.375
margot,0.34891202216183764,0.42244460103937764,S+Si,0.08,S+Si_0.08,newton_maxit,50km-1.45Mm,22,1050010.0,21,1,work.margot/results/CMR2_0.34891202216183764_CMC_0.42244460103937764_S+Si_Edmund/pMetaData_0.08.csv,margot|S+Si_0.08|newton_maxit,28,8,3.5
margot,0.35616492241665876,0.41384198926689675,S+Si,0.08,S+Si_0.08,newton_maxit,50km-1.45Mm,2,50010.0,1,1,work.margot/results/CMR2_0.35616492241665876_CMC_0.41384198926689675_S+Si_Edmund/pMetaData_0.08.csv,margot|S+Si_0.08|newton_maxit,28,8,3.5
margot,0.3371674597619703,0.4371596241940339,S+Si,0.08,S+Si_0.08,newton_maxit,>=1.5Mm,33,1600010.0,32,1,work.margot/results/CMR2_0.33716745976197032_CMC_0.43715962419403392_S+Si_Edmund/pMetaData_0.08.csv,margot|S+Si_0.08|newton_maxit,28,8,3.5
margot,0.3558499148904942,0.4142083328735886,S+Si,0.08,S+Si_0.08,newton_maxit,50km-1.45Mm,8,350010.0,7,1,work.margot/results/CMR2_0.35584991489049422_CMC_0.41420833287358860_S+Si_Edmund/pMetaData_0.08.csv,margot|S+Si_0.08|newton_maxit,28,8,3.5
margot,0.34398422793723293,0.4284963903254758,S+Si,0.08,S+Si_0.08,newton_maxit,50km-1.45Mm,27,1300010.0,26,1,work.margot/results/CMR2_0.34398422793723293_CMC_0.42849639032547582_S+Si_Edmund/pMetaData_0.08.csv,margot|S+Si_0.08|newton_maxit,28,8,3.5
margot,0.3501267719762153,0.42097894761961496,S+Si,0.08,S+Si_0.08,newton_maxit,50km-1.45Mm,21,1000010.0,20,1,work.margot/results/CMR2_0.35012677197621528_CMC_0.42097894761961496_S+Si_Edmund/pMetaData_0.08.csv,margot|S+Si_0.08|newton_maxit,28,8,3.5
margot,0.34926197760114613,0.4220213176721024,S+Si,0.08,S+Si_0.08,newton_maxit,50km-1.45Mm,22,1050010.0,21,1,work.margot/results/CMR2_0.34926197760114613_CMC_0.42202131767210238_S+Si_Edmund/pMetaData_0.08.csv,margot|S+Si_0.08|newton_maxit,28,8,3.5
margot,0.3531415553727132,0.4173850337280049,S+Si,0.08,S+Si_0.08,newton_maxit,50km-1.45Mm,17,800010.0,16,1,work.margot/results/CMR2_0.35314155537271319_CMC_0.41738503372800489_S+Si_Edmund/pMetaData_0.08.csv,margot|S+Si_0.08|newton_maxit,28,8,3.5
margot,0.3280810185535762,0.44926707631496204,S+Si,0.09,S+Si_0.09,crash_lt_1.95Mm,10m,1,10.0,0,1,work.margot/results/CMR2_0.32808101855357619_CMC_0.44926707631496204_S+Si_Edmund/pMetaData_0.09.csv,margot|S+Si_0.09|crash_lt_1.95Mm,340,16,21.25
margot,0.3252901054321115,0.4531216828873442,S+Si,0.09,S+Si_0.09,crash_lt_1.95Mm,10m,1,10.0,0,1,work.margot/results/CMR2_0.32529010543211151_CMC_0.45312168288734422_S+Si_Edmund/pMetaData_0.09.csv,margot|S+Si_0.09|crash_lt_1.95Mm,340,16,21.25
margot,0.34505621053164676,0.4271651849792792,S+Si,0.09,S+Si_0.09,crash_lt_1.95Mm,50km-1.45Mm,28,1350010.0,27,1,work.margot/results/CMR2_0.34505621053164676_CMC_0.42716518497927919_S+Si_Edmund/pMetaData_0.09.csv,margot|S+Si_0.09|crash_lt_1.95Mm,340,16,21.25
margot,0.32880589036163205,0.44827664078003226,S+Si,0.09,S+Si_0.09,crash_lt_1.95Mm,10m,1,10.0,0,1,work.margot/results/CMR2_0.32880589036163205_CMC_0.44827664078003226_S+Si_Edmund/pMetaData_0.09.csv,margot|S+Si_0.09|crash_lt_1.95Mm,340,16,21.25
margot,0.32930238555335584,0.44760076594136267,S+Si,0.09,S+Si_0.09,crash_lt_1.95Mm,10m,1,10.0,0,1,work.margot/results/CMR2_0.32930238555335584_CMC_0.44760076594136267_S+Si_Edmund/pMetaData_0.09.csv,margot|S+Si_0.09|crash_lt_1.95Mm,340,16,21.25
margot,0.33258733025057446,0.443179840581872,S+Si,0.09,S+Si_0.09,crash_lt_1.95Mm,10m,1,10.0,0,1,work.margot/results/CMR2_0.33258733025057446_CMC_0.44317984058187199_S+Si_Edmund/pMetaData_0.09.csv,margot|S+Si_0.09|crash_lt_1.95Mm,340,16,21.25
margot,0.3272449896175161,0.4504148411020026,S+Si,0.09,S+Si_0.09,crash_lt_1.95Mm,10m,1,10.0,0,1,work.margot/results/CMR2_0.32724498961751608_CMC_0.45041484110200258_S+Si_Edmund/pMetaData_0.09.csv,margot|S+Si_0.09|crash_lt_1.95Mm,340,16,21.25
margot,0.34237453424819775,0.43051099090549805,S+Si,0.09,S+Si_0.09,crash_lt_1.95Mm,50km-1.45Mm,30,1450010.0,29,1,work.margot/results/CMR2_0.34237453424819775_CMC_0.43051099090549805_S+Si_Edmund/pMetaData_0.09.csv,margot|S+Si_0.09|crash_lt_1.95Mm,340,16,21.25
margot,0.332990673363727,0.4426430281397064,S+Si,0.09,S+Si_0.09,crash_lt_1.95Mm,10m,1,10.0,0,1,work.margot/results/CMR2_0.33299067336372701_CMC_0.44264302813970641_S+Si_Edmund/pMetaData_0.09.csv,margot|S+Si_0.09|crash_lt_1.95Mm,340,16,21.25
margot,0.3366879262142187,0.4377822562791243,S+Si,0.09,S+Si_0.09,crash_lt_1.95Mm,10m,1,10.0,0,1,work.margot/results/CMR2_0.33668792621421872_CMC_0.43778225627912432_S+Si_Edmund/pMetaData_0.09.csv,margot|S+Si_0.09|crash_lt_1.95Mm,340,16,21.25
margot,0.3040027420725152,0.4848508898148061,S+Si,0.09,S+Si_0.09,crash_lt_1.95Mm,10m,1,10.0,0,1,work.margot/results/CMR2_0.30400274207251521_CMC_0.48485088981480612_S+Si_Edmund/pMetaData_0.09.csv,margot|S+Si_0.09|crash_lt_1.95Mm,340,16,21.25
margot,0.31840746904277484,0.4629162765657323,S+Si,0.09,S+Si_0.09,crash_lt_1.95Mm,10m,1,10.0,0,1,work.margot/results/CMR2_0.31840746904277484_CMC_0.46291627656573231_S+Si_Edmund/pMetaData_0.09.csv,margot|S+Si_0.09|crash_lt_1.95Mm,340,16,21.25
margot,0.34414057692924815,0.4283017170343825,S+Si,0.09,S+Si_0.09,crash_lt_1.95Mm,50km-1.45Mm,28,1350010.0,27,1,work.margot/results/CMR2_0.34414057692924815_CMC_0.42830171703438252_S+Si_Edmund/pMetaData_0.09.csv,margot|S+Si_0.09|crash_lt_1.95Mm,340,16,21.25
margot,0.31362956913404505,0.46996844209227945,S+Si,0.09,S+Si_0.09,crash_lt_1.95Mm,10m,1,10.0,0,1,work.margot/results/CMR2_0.31362956913404505_CMC_0.46996844209227945_S+Si_Edmund/pMetaData_0.09.csv,margot|S+Si_0.09|crash_lt_1.95Mm,340,16,21.25
margot,0.3237161500209568,0.4553248269833242,S+Si,0.09,S+Si_0.09,crash_lt_1.95Mm,10m,1,10.0,0,1,work.margot/results/CMR2_0.32371615002095683_CMC_0.45532482698332422_S+Si_Edmund/pMetaData_0.09.csv,margot|S+Si_0.09|crash_lt_1.95Mm,340,16,21.25
margot,0.3297285110104722,0.44702230798391196,S+Si,0.09,S+Si_0.09,crash_lt_1.95Mm,10m,1,10.0,0,1,work.margot/results/CMR2_0.32972851101047218_CMC_0.44702230798391196_S+Si_Edmund/pMetaData_0.09.csv,margot|S+Si_0.09|crash_lt_1.95Mm,340,16,21.25
margot,0.37293122591262184,0.39523641293189815,S+Si,0.09,S+Si_0.09,detJ0,10m,1,10.0,0,1,work.margot/results/CMR2_0.37293122591262184_CMC_0.39523641293189815_S+Si_Edmund/pMetaData_0.09.csv,margot|S+Si_0.09|detJ0,646,23,28.08695652173913
margot,0.34028378096937417,0.4331561133478347,S+Si,0.09,S+Si_0.09,detJ0,>=1.5Mm,33,1600010.0,32,1,work.margot/results/CMR2_0.34028378096937417_CMC_0.43315611334783471_S+Si_Edmund/pMetaData_0.09.csv,margot|S+Si_0.09|detJ0,646,23,28.08695652173913
margot,0.3481187243970762,0.4234072736399983,S+Si,0.09,S+Si_0.09,detJ0,50km-1.45Mm,27,1300010.0,26,1,work.margot/results/CMR2_0.34811872439707620_CMC_0.42340727363999831_S+Si_Edmund/pMetaData_0.09.csv,margot|S+Si_0.09|detJ0,646,23,28.08695652173913
margot,0.3419041557514972,0.4311032712545629,S+Si,0.09,S+Si_0.09,detJ0,>=1.5Mm,32,1550010.0,31,1,work.margot/results/CMR2_0.34190415575149719_CMC_0.43110327125456288_S+Si_Edmund/pMetaData_0.09.csv,margot|S+Si_0.09|detJ0,646,23,28.08695652173913
margot,0.33855461420927596,0.4353684570043634,S+Si,0.09,S+Si_0.09,detJ0,>=1.5Mm,35,1700010.0,34,1,work.margot/results/CMR2_0.33855461420927596_CMC_0.43536845700436339_S+Si_Edmund/pMetaData_0.09.csv,margot|S+Si_0.09|detJ0,646,23,28.08695652173913
margot,0.3491946688193746,0.4221026641052257,S+Si,0.09,S+Si_0.09,detJ0,50km-1.45Mm,26,1250010.0,25,1,work.margot/results/CMR2_0.34919466881937461_CMC_0.42210266410522568_S+Si_Edmund/pMetaData_0.09.csv,margot|S+Si_0.09|detJ0,646,23,28.08695652173913
margot,0.35367970725650655,0.4167499491089007,S+Si,0.09,S+Si_0.09,detJ0,50km-1.45Mm,21,1000010.0,20,1,work.margot/results/CMR2_0.35367970725650655_CMC_0.41674994910890067_S+Si_Edmund/pMetaData_0.09.csv,margot|S+Si_0.09|detJ0,646,23,28.08695652173913
margot,0.36206909345047134,0.40709357044351757,S+Si,0.09,S+Si_0.09,detJ0,10m,1,10.0,0,1,work.margot/results/CMR2_0.36206909345047134_CMC_0.40709357044351757_S+Si_Edmund/pMetaData_0.09.csv,margot|S+Si_0.09|detJ0,646,23,28.08695652173913
margot,0.34747871373072675,0.4241871348534525,S+Si,0.09,S+Si_0.09,detJ0,50km-1.45Mm,28,1350010.0,27,1,work.margot/results/CMR2_0.34747871373072675_CMC_0.42418713485345250_S+Si_Edmund/pMetaData_0.09.csv,margot|S+Si_0.09|detJ0,646,23,28.08695652173913
margot,0.34539884772087975,0.42674143522074565,S+Si,0.09,S+Si_0.09,detJ0,50km-1.45Mm,29,1400010.0,28,1,work.margot/results/CMR2_0.34539884772087975_CMC_0.42674143522074565_S+Si_Edmund/pMetaData_0.09.csv,margot|S+Si_0.09|detJ0,646,23,28.08695652173913
margot,0.36318773014762157,0.4058397015232021,S+Si,0.09,S+Si_0.09,detJ0,10m,1,10.0,0,1,work.margot/results/CMR2_0.36318773014762157_CMC_0.40583970152320209_S+Si_Edmund/pMetaData_0.09.csv,margot|S+Si_0.09|detJ0,646,23,28.08695652173913
margot,0.351855659789333,0.4189104136856875,S+Si,0.09,S+Si_0.09,detJ0,50km-1.45Mm,23,1100010.0,22,1,work.margot/results/CMR2_0.35185565978933298_CMC_0.41891041368568749_S+Si_Edmund/pMetaData_0.09.csv,margot|S+Si_0.09|detJ0,646,23,28.08695652173913
margot,0.3531016623773757,0.41743218938026755,S+Si,0.09,S+Si_0.09,detJ0,50km-1.45Mm,22,1050010.0,21,1,work.margot/results/CMR2_0.35310166237737572_CMC_0.41743218938026755_S+Si_Edmund/pMetaData_0.09.csv,margot|S+Si_0.09|detJ0,646,23,28.08695652173913
margot,0.3431379142630595,0.429553231727701,S+Si,0.09,S+Si_0.09,detJ0,>=1.5Mm,31,1500010.0,30,1,work.margot/results/CMR2_0.34313791426305951_CMC_0.42955323172770099_S+Si_Edmund/pMetaData_0.09.csv,margot|S+Si_0.09|detJ0,646,23,28.08695652173913
margot,0.3564964432244592,0.41345714046071347,S+Si,0.09,S+Si_0.09,detJ0,50km-1.45Mm,16,750010.0,15,1,work.margot/results/CMR2_0.35649644322445923_CMC_0.41345714046071347_S+Si_Edmund/pMetaData_0.09.csv,margot|S+Si_0.09|detJ0,646,23,28.08695652173913
margot,0.34024633368810075,0.4332037862165943,S+Si,0.09,S+Si_0.09,detJ0,>=1.5Mm,33,1600010.0,32,1,work.margot/results/CMR2_0.34024633368810075_CMC_0.43320378621659428_S+Si_Edmund/pMetaData_0.09.csv,margot|S+Si_0.09|detJ0,646,23,28.08695652173913
margot,0.3438872464627153,0.4286172328754299,S+Si,0.09,S+Si_0.09,detJ0,>=1.5Mm,31,1500010.0,30,1,work.margot/results/CMR2_0.34388724646271529_CMC_0.42861723287542991_S+Si_Edmund/pMetaData_0.09.csv,margot|S+Si_0.09|detJ0,646,23,28.08695652173913
margot,0.3660920985011399,0.4026199980919311,S+Si,0.09,S+Si_0.09,detJ0,10m,1,10.0,0,1,work.margot/results/CMR2_0.36609209850113988_CMC_0.40261999809193111_S+Si_Edmund/pMetaData_0.09.csv,margot|S+Si_0.09|detJ0,646,23,28.08695652173913
margot,0.34510626333618,0.42710323068351974,S+Si,0.09,S+Si_0.09,detJ0,50km-1.45Mm,30,1450010.0,29,1,work.margot/results/CMR2_0.34510626333618000_CMC_0.42710323068351974_S+Si_Edmund/pMetaData_0.09.csv,margot|S+Si_0.09|detJ0,646,23,28.08695652173913
margot,0.34223018455554666,0.43069257666860317,S+Si,0.09,S+Si_0.09,detJ0,50km-1.45Mm,30,1450010.0,29,1,work.margot/results/CMR2_0.34223018455554666_CMC_0.43069257666860317_S+Si_Edmund/pMetaData_0.09.csv,margot|S+Si_0.09|detJ0,646,23,28.08695652173913
margot,0.34904365401154075,0.42228528811793414,S+Si,0.09,S+Si_0.09,detJ0,50km-1.45Mm,26,1250010.0,25,1,work.margot/results/CMR2_0.34904365401154075_CMC_0.42228528811793414_S+Si_Edmund/pMetaData_0.09.csv,margot|S+Si_0.09|detJ0,646,23,28.08695652173913
margot,0.337775748459582,0.4363723585017451,S+Si,0.09,S+Si_0.09,detJ0,>=1.5Mm,34,1650010.0,33,1,work.margot/results/CMR2_0.33777574845958203_CMC_0.43637235850174511_S+Si_Edmund/pMetaData_0.09.csv,margot|S+Si_0.09|detJ0,646,23,28.08695652173913
margot,0.3515261617778415,0.4193030733603029,S+Si,0.09,S+Si_0.09,detJ0,50km-1.45Mm,24,1150010.0,23,1,work.margot/results/CMR2_0.35152616177784152_CMC_0.41930307336030292_S+Si_Edmund/pMetaData_0.09.csv,margot|S+Si_0.09|detJ0,646,23,28.08695652173913
margot,0.35606100858553724,0.41396276605948773,S+Si,0.09,S+Si_0.09,newton_maxit,50km-1.45Mm,13,600010.0,12,1,work.margot/results/CMR2_0.35606100858553724_CMC_0.41396276605948773_S+Si_Edmund/pMetaData_0.09.csv,margot|S+Si_0.09|newton_maxit,38,9,4.222222222222222
margot,0.3572651162035913,0.41256756765472963,S+Si,0.09,S+Si_0.09,newton_maxit,50km-1.45Mm,8,350010.0,7,1,work.margot/results/CMR2_0.35726511620359130_CMC_0.41256756765472963_S+Si_Edmund/pMetaData_0.09.csv,margot|S+Si_0.09|newton_maxit,38,9,4.222222222222222
margot,0.3394063046928694,0.4342759635339698,S+Si,0.09,S+Si_0.09,newton_maxit,>=1.5Mm,32,1550010.0,31,1,work.margot/results/CMR2_0.33940630469286942_CMC_0.43427596353396980_S+Si_Edmund/pMetaData_0.09.csv,margot|S+Si_0.09|newton_maxit,38,9,4.222222222222222
margot,0.3571119632402544,0.412744503607784,S+Si,0.09,S+Si_0.09,newton_maxit,50km-1.45Mm,3,100010.0,2,1,work.margot/results/CMR2_0.35711196324025440_CMC_0.41274450360778397_S+Si_Edmund/pMetaData_0.09.csv,margot|S+Si_0.09|newton_maxit,38,9,4.222222222222222
margot,0.35642396593299047,0.413541215204679,S+Si,0.09,S+Si_0.09,newton_maxit,50km-1.45Mm,12,550010.0,11,1,work.margot/results/CMR2_0.35642396593299047_CMC_0.41354121520467901_S+Si_Edmund/pMetaData_0.09.csv,margot|S+Si_0.09|newton_maxit,38,9,4.222222222222222
margot,0.3541461534712086,0.41620104737910985,S+Si,0.09,S+Si_0.09,newton_maxit,50km-1.45Mm,17,800010.0,16,1,work.margot/results/CMR2_0.35414615347120859_CMC_0.41620104737910985_S+Si_Edmund/pMetaData_0.09.csv,margot|S+Si_0.09|newton_maxit,38,9,4.222222222222222
margot,0.3412550560947502,0.43192327078393583,S+Si,0.09,S+Si_0.09,newton_maxit,>=1.5Mm,31,1500010.0,30,1,work.margot/results/CMR2_0.34125505609475021_CMC_0.43192327078393583_S+Si_Edmund/pMetaData_0.09.csv,margot|S+Si_0.09|newton_maxit,38,9,4.222222222222222
margot,0.354701888826714,0.41554895714696577,S+Si,0.09,S+Si_0.09,newton_maxit,50km-1.45Mm,16,750010.0,15,1,work.margot/results/CMR2_0.35470188882671400_CMC_0.41554895714696577_S+Si_Edmund/pMetaData_0.09.csv,margot|S+Si_0.09|newton_maxit,38,9,4.222222222222222
margot,0.353527537155154,0.4169293322554156,S+Si,0.09,S+Si_0.09,newton_maxit,50km-1.45Mm,18,850010.0,17,1,work.margot/results/CMR2_0.35352753715515400_CMC_0.41692933225541562_S+Si_Edmund/pMetaData_0.09.csv,margot|S+Si_0.09|newton_maxit,38,9,4.222222222222222
margot,0.33446543151975433,0.4406912825946093,S+Si,0.10,S+Si_0.10,crash_lt_1.95Mm,10m,1,10.0,0,1,work.margot/results/CMR2_0.33446543151975433_CMC_0.44069128259460932_S+Si_Edmund/pMetaData_0.10.csv,margot|S+Si_0.10|crash_lt_1.95Mm,373,17,21.941176470588236
margot,0.33571851678107,0.4390463815140719,S+Si,0.10,S+Si_0.10,crash_lt_1.95Mm,10m,1,10.0,0,1,work.margot/results/CMR2_0.33571851678107001_CMC_0.43904638151407188_S+Si_Edmund/pMetaData_0.10.csv,margot|S+Si_0.10|crash_lt_1.95Mm,373,17,21.941176470588236
margot,0.33429740297832744,0.44091278809472445,S+Si,0.10,S+Si_0.10,crash_lt_1.95Mm,10m,1,10.0,0,1,work.margot/results/CMR2_0.33429740297832744_CMC_0.44091278809472445_S+Si_Edmund/pMetaData_0.10.csv,margot|S+Si_0.10|crash_lt_1.95Mm,373,17,21.941176470588236
margot,0.3419570798187293,0.43103655019552245,S+Si,0.10,S+Si_0.10,crash_lt_1.95Mm,>=1.5Mm,31,1500010.0,30,1,work.margot/results/CMR2_0.34195707981872930_CMC_0.43103655019552245_S+Si_Edmund/pMetaData_0.10.csv,margot|S+Si_0.10|crash_lt_1.95Mm,373,17,21.941176470588236
margot,0.3342175541995807,0.4410181277072637,S+Si,0.10,S+Si_0.10,crash_lt_1.95Mm,10m,1,10.0,0,1,work.margot/results/CMR2_0.33421755419958071_CMC_0.44101812770726367_S+Si_Edmund/pMetaData_0.10.csv,margot|S+Si_0.10|crash_lt_1.95Mm,373,17,21.941176470588236
margot,0.31362956913404505,0.46996844209227945,S+Si,0.10,S+Si_0.10,crash_lt_1.95Mm,10m,1,10.0,0,1,work.margot/results/CMR2_0.31362956913404505_CMC_0.46996844209227945_S+Si_Edmund/pMetaData_0.10.csv,margot|S+Si_0.10|crash_lt_1.95Mm,373,17,21.941176470588236
margot,0.3280810185535762,0.44926707631496204,S+Si,0.10,S+Si_0.10,crash_lt_1.95Mm,10m,1,10.0,0,1,work.margot/results/CMR2_0.32808101855357619_CMC_0.44926707631496204_S+Si_Edmund/pMetaData_0.10.csv,margot|S+Si_0.10|crash_lt_1.95Mm,373,17,21.941176470588236
margot,0.32731490476469544,0.4503186315513558,S+Si,0.10,S+Si_0.10,crash_lt_1.95Mm,10m,1,10.0,0,1,work.margot/results/CMR2_0.32731490476469544_CMC_0.45031863155135582_S+Si_Edmund/pMetaData_0.10.csv,margot|S+Si_0.10|crash_lt_1.95Mm,373,17,21.941176470588236
margot,0.3285509669193916,0.4486244596448346,S+Si,0.10,S+Si_0.10,crash_lt_1.95Mm,10m,1,10.0,0,1,work.margot/results/CMR2_0.32855096691939162_CMC_0.44862445964483461_S+Si_Edmund/pMetaData_0.10.csv,margot|S+Si_0.10|crash_lt_1.95Mm,373,17,21.941176470588236
margot,0.3485529291151514,0.4228798202160705,S+Si,0.10,S+Si_0.10,crash_lt_1.95Mm,50km-1.45Mm,26,1250010.0,25,1,work.margot/results/CMR2_0.34855292911515140_CMC_0.42287982021607051_S+Si_Edmund/pMetaData_0.10.csv,margot|S+Si_0.10|crash_lt_1.95Mm,373,17,21.941176470588236
margot,0.33199735363443994,0.4439673942771747,S+Si,0.10,S+Si_0.10,crash_lt_1.95Mm,10m,1,10.0,0,1,work.margot/results/CMR2_0.33199735363443994_CMC_0.44396739427717469_S+Si_Edmund/pMetaData_0.10.csv,margot|S+Si_0.10|crash_lt_1.95Mm,373,17,21.941176470588236
margot,0.3229083544949506,0.45646387883192685,S+Si,0.10,S+Si_0.10,crash_lt_1.95Mm,10m,1,10.0,0,1,work.margot/results/CMR2_0.32290835449495059_CMC_0.45646387883192685_S+Si_Edmund/pMetaData_0.10.csv,margot|S+Si_0.10|crash_lt_1.95Mm,373,17,21.941176470588236
margot,0.33201448662222655,0.4439444841685792,S+Si,0.10,S+Si_0.10,crash_lt_1.95Mm,10m,1,10.0,0,1,work.margot/results/CMR2_0.33201448662222655_CMC_0.44394448416857918_S+Si_Edmund/pMetaData_0.10.csv,margot|S+Si_0.10|crash_lt_1.95Mm,373,17,21.941176470588236
margot,0.3259368745610505,0.4522225360309503,S+Si,0.10,S+Si_0.10,crash_lt_1.95Mm,10m,1,10.0,0,1,work.margot/results/CMR2_0.32593687456105053_CMC_0.45222253603095031_S+Si_Edmund/pMetaData_0.10.csv,margot|S+Si_0.10|crash_lt_1.95Mm,373,17,21.941176470588236
margot,0.34249852605675724,0.43035513669794373,S+Si,0.10,S+Si_0.10,crash_lt_1.95Mm,>=1.5Mm,31,1500010.0,30,1,work.margot/results/CMR2_0.34249852605675724_CMC_0.43035513669794373_S+Si_Edmund/pMetaData_0.10.csv,margot|S+Si_0.10|crash_lt_1.95Mm,373,17,21.941176470588236
margot,0.34138467534718486,0.4317592752225908,S+Si,0.10,S+Si_0.10,crash_lt_1.95Mm,>=1.5Mm,32,1550010.0,31,1,work.margot/results/CMR2_0.34138467534718486_CMC_0.43175927522259078_S+Si_Edmund/pMetaData_0.10.csv,margot|S+Si_0.10|crash_lt_1.95Mm,373,17,21.941176470588236
margot,0.3225509671143169,0.45696964209616103,S+Si,0.10,S+Si_0.10,crash_lt_1.95Mm,10m,1,10.0,0,1,work.margot/results/CMR2_0.32255096711431691_CMC_0.45696964209616103_S+Si_Edmund/pMetaData_0.10.csv,margot|S+Si_0.10|crash_lt_1.95Mm,373,17,21.941176470588236
margot,0.34685956774851345,0.4249443109116361,S+Si,0.10,S+Si_0.10,detJ0,50km-1.45Mm,27,1300010.0,26,1,work.margot/results/CMR2_0.34685956774851345_CMC_0.42494431091163609_S+Si_Edmund/pMetaData_0.10.csv,margot|S+Si_0.10|detJ0,630,23,27.391304347826086
margot,0.3458921051221342,0.4261328831080276,S+Si,0.10,S+Si_0.10,detJ0,50km-1.45Mm,30,1450010.0,29,1,work.margot/results/CMR2_0.34589210512213420_CMC_0.42613288310802760_S+Si_Edmund/pMetaData_0.10.csv,margot|S+Si_0.10|detJ0,630,23,27.391304347826086
margot,0.35047656550015444,0.4205587891152028,S+Si,0.10,S+Si_0.10,detJ0,50km-1.45Mm,24,1150010.0,23,1,work.margot/results/CMR2_0.35047656550015444_CMC_0.42055878911520278_S+Si_Edmund/pMetaData_0.10.csv,margot|S+Si_0.10|detJ0,630,23,27.391304347826086
margot,0.34760651259582664,0.42403118082940555,S+Si,0.10,S+Si_0.10,detJ0,50km-1.45Mm,26,1250010.0,25,1,work.margot/results/CMR2_0.34760651259582664_CMC_0.42403118082940555_S+Si_Edmund/pMetaData_0.10.csv,margot|S+Si_0.10|detJ0,630,23,27.391304347826086
margot,0.3452434216977483,0.42693355104399755,S+Si,0.10,S+Si_0.10,detJ0,>=1.5Mm,31,1500010.0,30,1,work.margot/results/CMR2_0.34524342169774830_CMC_0.42693355104399755_S+Si_Edmund/pMetaData_0.10.csv,margot|S+Si_0.10|detJ0,630,23,27.391304347826086
margot,0.36205467112720613,0.40710978687584215,S+Si,0.10,S+Si_0.10,detJ0,10m,1,10.0,0,1,work.margot/results/CMR2_0.36205467112720613_CMC_0.40710978687584215_S+Si_Edmund/pMetaData_0.10.csv,margot|S+Si_0.10|detJ0,630,23,27.391304347826086
margot,0.35197108637658875,0.41877303478926897,S+Si,0.10,S+Si_0.10,detJ0,50km-1.45Mm,25,1200010.0,24,1,work.margot/results/CMR2_0.35197108637658875_CMC_0.41877303478926897_S+Si_Edmund/pMetaData_0.10.csv,margot|S+Si_0.10|detJ0,630,23,27.391304347826086
margot,0.35367970725650655,0.4167499491089007,S+Si,0.10,S+Si_0.10,detJ0,50km-1.45Mm,20,950010.0,19,1,work.margot/results/CMR2_0.35367970725650655_CMC_0.41674994910890067_S+Si_Edmund/pMetaData_0.10.csv,margot|S+Si_0.10|detJ0,630,23,27.391304347826086
margot,0.3625528455684899,0.40655038789967357,S+Si,0.10,S+Si_0.10,detJ0,10m,1,10.0,0,1,work.margot/results/CMR2_0.36255284556848988_CMC_0.40655038789967357_S+Si_Edmund/pMetaData_0.10.csv,margot|S+Si_0.10|detJ0,630,23,27.391304347826086
margot,0.35862782676063554,0.4109998973905022,S+Si,0.10,S+Si_0.10,detJ0,50km-1.45Mm,12,550010.0,11,1,work.margot/results/CMR2_0.35862782676063554_CMC_0.41099989739050219_S+Si_Edmund/pMetaData_0.10.csv,margot|S+Si_0.10|detJ0,630,23,27.391304347826086
margot,0.360200859201693,0.40920502057288605,S+Si,0.10,S+Si_0.10,detJ0,10m,1,10.0,0,1,work.margot/results/CMR2_0.36020085920169298_CMC_0.40920502057288605_S+Si_Edmund/pMetaData_0.10.csv,margot|S+Si_0.10|detJ0,630,23,27.391304347826086
margot,0.34868408861931877,0.42272075156524236,S+Si,0.10,S+Si_0.10,detJ0,50km-1.45Mm,25,1200010.0,24,1,work.margot/results/CMR2_0.34868408861931877_CMC_0.42272075156524236_S+Si_Edmund/pMetaData_0.10.csv,margot|S+Si_0.10|detJ0,630,23,27.391304347826086
margot,0.34020155920885686,0.43326080086984703,S+Si,0.10,S+Si_0.10,detJ0,>=1.5Mm,33,1600010.0,32,1,work.margot/results/CMR2_0.34020155920885686_CMC_0.43326080086984703_S+Si_Edmund/pMetaData_0.10.csv,margot|S+Si_0.10|detJ0,630,23,27.391304347826086
margot,0.3600114342801107,0.4094203293701972,S+Si,0.10,S+Si_0.10,detJ0,10m,1,10.0,0,1,work.margot/results/CMR2_0.36001143428011068_CMC_0.40942032937019718_S+Si_Edmund/pMetaData_0.10.csv,margot|S+Si_0.10|detJ0,630,23,27.391304347826086
margot,0.35411920179925277,0.41623272404063977,S+Si,0.10,S+Si_0.10,detJ0,50km-1.45Mm,22,1050010.0,21,1,work.margot/results/CMR2_0.35411920179925277_CMC_0.41623272404063977_S+Si_Edmund/pMetaData_0.10.csv,margot|S+Si_0.10|detJ0,630,23,27.391304347826086
margot,0.3522848927864124,0.41840000243599734,S+Si,0.10,S+Si_0.10,detJ0,50km-1.45Mm,24,1150010.0,23,1,work.margot/results/CMR2_0.35228489278641240_CMC_0.41840000243599734_S+Si_Edmund/pMetaData_0.10.csv,margot|S+Si_0.10|detJ0,630,23,27.391304347826086
margot,0.34578673565028156,0.42626273596877334,S+Si,0.10,S+Si_0.10,detJ0,50km-1.45Mm,30,1450010.0,29,1,work.margot/results/CMR2_0.34578673565028156_CMC_0.42626273596877334_S+Si_Edmund/pMetaData_0.10.csv,margot|S+Si_0.10|detJ0,630,23,27.391304347826086
margot,0.3528424312388472,0.4177388742121671,S+Si,0.10,S+Si_0.10,detJ0,50km-1.45Mm,24,1150010.0,23,1,work.margot/results/CMR2_0.35284243123884718_CMC_0.41773887421216710_S+Si_Edmund/pMetaData_0.10.csv,margot|S+Si_0.10|detJ0,630,23,27.391304347826086
margot,0.34617317069821507,0.42578689649087814,S+Si,0.10,S+Si_0.10,detJ0,50km-1.45Mm,28,1350010.0,27,1,work.margot/results/CMR2_0.34617317069821507_CMC_0.42578689649087814_S+Si_Edmund/pMetaData_0.10.csv,margot|S+Si_0.10|detJ0,630,23,27.391304347826086
margot,0.36330052004534596,0.40571370495589304,S+Si,0.10,S+Si_0.10,detJ0,10m,1,10.0,0,1,work.margot/results/CMR2_0.36330052004534596_CMC_0.40571370495589304_S+Si_Edmund/pMetaData_0.10.csv,margot|S+Si_0.10|detJ0,630,23,27.391304347826086
margot,0.3615530246775947,0.40767464227809036,S+Si,0.10,S+Si_0.10,detJ0,10m,1,10.0,0,1,work.margot/results/CMR2_0.36155302467759470_CMC_0.40767464227809036_S+Si_Edmund/pMetaData_0.10.csv,margot|S+Si_0.10|detJ0,630,23,27.391304347826086
margot,0.36011839132329876,0.409298729393896,S+Si,0.10,S+Si_0.10,detJ0,10m,1,10.0,0,1,work.margot/results/CMR2_0.36011839132329876_CMC_0.40929872939389600_S+Si_Edmund/pMetaData_0.10.csv,margot|S+Si_0.10|detJ0,630,23,27.391304347826086
margot,0.36138975728972417,0.40785882008779084,S+Si,0.10,S+Si_0.10,detJ0,10m,1,10.0,0,1,work.margot/results/CMR2_0.36138975728972417_CMC_0.40785882008779084_S+Si_Edmund/pMetaData_0.10.csv,margot|S+Si_0.10|detJ0,630,23,27.391304347826086
margot,0.3464942305166991,0.42539236448526185,S+Si,0.10,S+Si_0.10,newton_maxit,50km-1.45Mm,27,1300010.0,26,1,work.margot/results/CMR2_0.34649423051669909_CMC_0.42539236448526185_S+Si_Edmund/pMetaData_0.10.csv,margot|S+Si_0.10|newton_maxit,21,8,2.625
margot,0.3387307292883794,0.43514209741069576,S+Si,0.10,S+Si_0.10,newton_maxit,>=1.5Mm,34,1650010.0,33,1,work.margot/results/CMR2_0.33873072928837938_CMC_0.43514209741069576_S+Si_Edmund/pMetaData_0.10.csv,margot|S+Si_0.10|newton_maxit,21,8,2.625
margot,0.3572651162035913,0.41256756765472963,S+Si,0.10,S+Si_0.10,newton_maxit,50km-1.45Mm,10,450010.0,9,1,work.margot/results/CMR2_0.35726511620359130_CMC_0.41256756765472963_S+Si_Edmund/pMetaData_0.10.csv,margot|S+Si_0.10|newton_maxit,21,8,2.625
margot,0.3396764177136913,0.43393062430444646,S+Si,0.10,S+Si_0.10,newton_maxit,>=1.5Mm,33,1600010.0,32,1,work.margot/results/CMR2_0.33967641771369128_CMC_0.43393062430444646_S+Si_Edmund/pMetaData_0.10.csv,margot|S+Si_0.10|newton_maxit,21,8,2.625
margot,0.3562387773453922,0.4137561921202414,S+Si,0.10,S+Si_0.10,newton_maxit,50km-1.45Mm,15,700010.0,14,1,work.margot/results/CMR2_0.35623877734539222_CMC_0.41375619212024140_S+Si_Edmund/pMetaData_0.10.csv,margot|S+Si_0.10|newton_maxit,21,8,2.625
margot,0.3397312319141903,0.4338606114295357,S+Si,0.10,S+Si_0.10,newton_maxit,>=1.5Mm,33,1600010.0,32,1,work.margot/results/CMR2_0.33973123191419030_CMC_0.43386061142953569_S+Si_Edmund/pMetaData_0.10.csv,margot|S+Si_0.10|newton_maxit,21,8,2.625
margot,0.3400309480032389,0.4334781903398864,S+Si,0.10,S+Si_0.10,newton_maxit,>=1.5Mm,33,1600010.0,32,1,work.margot/results/CMR2_0.34003094800323891_CMC_0.43347819033988638_S+Si_Edmund/pMetaData_0.10.csv,margot|S+Si_0.10|newton_maxit,21,8,2.625
margot,0.3400930510327932,0.4333990346241666,S+Si,0.10,S+Si_0.10,newton_maxit,>=1.5Mm,33,1600010.0,32,1,work.margot/results/CMR2_0.34009305103279319_CMC_0.43339903462416662_S+Si_Edmund/pMetaData_0.10.csv,margot|S+Si_0.10|newton_maxit,21,8,2.625
margot,0.3348955915300404,0.44012523224504274,S+Si,0.11,S+Si_0.11,crash_lt_1.95Mm,10m,1,10.0,0,1,work.margot/results/CMR2_0.33489559153004039_CMC_0.44012523224504274_S+Si_Edmund/pMetaData_0.11.csv,margot|S+Si_0.11|crash_lt_1.95Mm,394,17,23.176470588235293
margot,0.3379253055851373,0.43617923122027,S+Si,0.11,S+Si_0.11,crash_lt_1.95Mm,10m,1,10.0,0,1,work.margot/results/CMR2_0.33792530558513728_CMC_0.43617923122027003_S+Si_Edmund/pMetaData_0.11.csv,margot|S+Si_0.11|crash_lt_1.95Mm,394,17,23.176470588235293
margot,0.32751908166361826,0.4500379008493451,S+Si,0.11,S+Si_0.11,crash_lt_1.95Mm,10m,1,10.0,0,1,work.margot/results/CMR2_0.32751908166361826_CMC_0.45003790084934508_S+Si_Edmund/pMetaData_0.11.csv,margot|S+Si_0.11|crash_lt_1.95Mm,394,17,23.176470588235293
margot,0.34024633368810075,0.4332037862165943,S+Si,0.11,S+Si_0.11,crash_lt_1.95Mm,>=1.5Mm,34,1650010.0,33,1,work.margot/results/CMR2_0.34024633368810075_CMC_0.43320378621659428_S+Si_Edmund/pMetaData_0.11.csv,margot|S+Si_0.11|crash_lt_1.95Mm,394,17,23.176470588235293
margot,0.337644509833932,0.4365419715324133,S+Si,0.11,S+Si_0.11,crash_lt_1.95Mm,10m,1,10.0,0,1,work.margot/results/CMR2_0.33764450983393202_CMC_0.43654197153241331_S+Si_Edmund/pMetaData_0.11.csv,margot|S+Si_0.11|crash_lt_1.95Mm,394,17,23.176470588235293
margot,0.33570908966883173,0.4390587104609003,S+Si,0.11,S+Si_0.11,crash_lt_1.95Mm,10m,1,10.0,0,1,work.margot/results/CMR2_0.33570908966883173_CMC_0.43905871046090028_S+Si_Edmund/pMetaData_0.11.csv,margot|S+Si_0.11|crash_lt_1.95Mm,394,17,23.176470588235293
margot,0.3352067836025959,0.43971663823708645,S+Si,0.11,S+Si_0.11,crash_lt_1.95Mm,10m,1,10.0,0,1,work.margot/results/CMR2_0.33520678360259593_CMC_0.43971663823708645_S+Si_Edmund/pMetaData_0.11.csv,margot|S+Si_0.11|crash_lt_1.95Mm,394,17,23.176470588235293
margot,0.33621576035704287,0.43839705742370155,S+Si,0.11,S+Si_0.11,crash_lt_1.95Mm,10m,1,10.0,0,1,work.margot/results/CMR2_0.33621576035704287_CMC_0.43839705742370155_S+Si_Edmund/pMetaData_0.11.csv,margot|S+Si_0.11|crash_lt_1.95Mm,394,17,23.176470588235293
margot,0.32327842262000556,0.455941348653681,S+Si,0.11,S+Si_0.11,crash_lt_1.95Mm,10m,1,10.0,0,1,work.margot/results/CMR2_0.32327842262000556_CMC_0.45594134865368102_S+Si_Edmund/pMetaData_0.11.csv,margot|S+Si_0.11|crash_lt_1.95Mm,394,17,23.176470588235293
margot,0.33503355334194895,0.43994399524981787,S+Si,0.11,S+Si_0.11,crash_lt_1.95Mm,10m,1,10.0,0,1,work.margot/results/CMR2_0.33503355334194895_CMC_0.43994399524981787_S+Si_Edmund/pMetaData_0.11.csv,margot|S+Si_0.11|crash_lt_1.95Mm,394,17,23.176470588235293
margot,0.3277092627960393,0.44977672813519703,S+Si,0.11,S+Si_0.11,crash_lt_1.95Mm,10m,1,10.0,0,1,work.margot/results/CMR2_0.32770926279603929_CMC_0.44977672813519703_S+Si_Edmund/pMetaData_0.11.csv,margot|S+Si_0.11|crash_lt_1.95Mm,394,17,23.176470588235293
margot,0.34137447658687003,0.43177217428114295,S+Si,0.11,S+Si_0.11,crash_lt_1.95Mm,>=1.5Mm,33,1600010.0,32,1,work.margot/results/CMR2_0.34137447658687003_CMC_0.43177217428114295_S+Si_Edmund/pMetaData_0.11.csv,margot|S+Si_0.11|crash_lt_1.95Mm,394,17,23.176470588235293
margot,0.3366015813048872,0.43789455601663246,S+Si,0.11,S+Si_0.11,crash_lt_1.95Mm,10m,1,10.0,0,1,work.margot/results/CMR2_0.33660158130488721_CMC_0.43789455601663246_S+Si_Edmund/pMetaData_0.11.csv,margot|S+Si_0.11|crash_lt_1.95Mm,394,17,23.176470588235293
margot,0.3308458303950791,0.44551264201814866,S+Si,0.11,S+Si_0.11,crash_lt_1.95Mm,10m,1,10.0,0,1,work.margot/results/CMR2_0.33084583039507909_CMC_0.44551264201814866_S+Si_Edmund/pMetaData_0.11.csv,margot|S+Si_0.11|crash_lt_1.95Mm,394,17,23.176470588235293
margot,0.37771925987934724,0.3902263285358599,S+Si,0.11,S+Si_0.11,crash_lt_1.95Mm,10m,1,10.0,0,1,work.margot/results/CMR2_0.37771925987934724_CMC_0.39022632853585992_S+Si_Edmund/pMetaData_0.11.csv,margot|S+Si_0.11|crash_lt_1.95Mm,394,17,23.176470588235293
margot,0.32604922659461205,0.4520667064279297,S+Si,0.11,S+Si_0.11,crash_lt_1.95Mm,10m,1,10.0,0,1,work.margot/results/CMR2_0.32604922659461205_CMC_0.45206670642792968_S+Si_Edmund/pMetaData_0.11.csv,margot|S+Si_0.11|crash_lt_1.95Mm,394,17,23.176470588235293
margot,0.3304366246717696,0.44606435544610673,S+Si,0.11,S+Si_0.11,crash_lt_1.95Mm,10m,1,10.0,0,1,work.margot/results/CMR2_0.33043662467176960_CMC_0.44606435544610673_S+Si_Edmund/pMetaData_0.11.csv,margot|S+Si_0.11|crash_lt_1.95Mm,394,17,23.176470588235293
margot,0.34249852605675724,0.43035513669794373,S+Si,0.11,S+Si_0.11,detJ0,>=1.5Mm,34,1650010.0,33,1,work.margot/results/CMR2_0.34249852605675724_CMC_0.43035513669794373_S+Si_Edmund/pMetaData_0.11.csv,margot|S+Si_0.11|detJ0,597,22,27.136363636363637
margot,0.35447603533468697,0.4158137230936714,S+Si,0.11,S+Si_0.11,detJ0,50km-1.45Mm,23,1100010.0,22,1,work.margot/results/CMR2_0.35447603533468697_CMC_0.41581372309367137_S+Si_Edmund/pMetaData_0.11.csv,margot|S+Si_0.11|detJ0,597,22,27.136363636363637
margot,0.34681588038209427,0.42499783988441003,S+Si,0.11,S+Si_0.11,detJ0,>=1.5Mm,31,1500010.0,30,1,work.margot/results/CMR2_0.34681588038209427_CMC_0.42499783988441003_S+Si_Edmund/pMetaData_0.11.csv,margot|S+Si_0.11|detJ0,597,22,27.136363636363637
margot,0.3511205867576052,0.41978740512231566,S+Si,0.11,S+Si_0.11,detJ0,50km-1.45Mm,27,1300010.0,26,1,work.margot/results/CMR2_0.35112058675760521_CMC_0.41978740512231566_S+Si_Edmund/pMetaData_0.11.csv,margot|S+Si_0.11|detJ0,597,22,27.136363636363637
margot,0.3649719757946636,0.4038556650248847,S+Si,0.11,S+Si_0.11,detJ0,10m,1,10.0,0,1,work.margot/results/CMR2_0.36497197579466362_CMC_0.40385566502488468_S+Si_Edmund/pMetaData_0.11.csv,margot|S+Si_0.11|detJ0,597,22,27.136363636363637
margot,0.3573680304261481,0.4124487571656472,S+Si,0.11,S+Si_0.11,detJ0,50km-1.45Mm,15,700010.0,14,1,work.margot/results/CMR2_0.35736803042614812_CMC_0.41244875716564722_S+Si_Edmund/pMetaData_0.11.csv,margot|S+Si_0.11|detJ0,597,22,27.136363636363637
margot,0.3603954628909351,0.40898406105796564,S+Si,0.11,S+Si_0.11,detJ0,50km-1.45Mm,8,350010.0,7,1,work.margot/results/CMR2_0.36039546289093510_CMC_0.40898406105796564_S+Si_Edmund/pMetaData_0.11.csv,margot|S+Si_0.11|detJ0,597,22,27.136363636363637
margot,0.36188979894757806,0.4072952606805897,S+Si,0.11,S+Si_0.11,detJ0,10m,1,10.0,0,1,work.margot/results/CMR2_0.36188979894757806_CMC_0.40729526068058969_S+Si_Edmund/pMetaData_0.11.csv,margot|S+Si_0.11|detJ0,597,22,27.136363636363637
margot,0.3470142869863325,0.42475484591735363,S+Si,0.11,S+Si_0.11,detJ0,50km-1.45Mm,28,1350010.0,27,1,work.margot/results/CMR2_0.34701428698633252_CMC_0.42475484591735363_S+Si_Edmund/pMetaData_0.11.csv,margot|S+Si_0.11|detJ0,597,22,27.136363636363637
margot,0.35758778067934904,0.41219529291514245,S+Si,0.11,S+Si_0.11,detJ0,50km-1.45Mm,19,900010.0,18,1,work.margot/results/CMR2_0.35758778067934904_CMC_0.41219529291514245_S+Si_Edmund/pMetaData_0.11.csv,margot|S+Si_0.11|detJ0,597,22,27.136363636363637
margot,0.3610776550355388,0.40821135826168103,S+Si,0.11,S+Si_0.11,detJ0,10m,1,10.0,0,1,work.margot/results/CMR2_0.36107765503553879_CMC_0.40821135826168103_S+Si_Edmund/pMetaData_0.11.csv,margot|S+Si_0.11|detJ0,597,22,27.136363636363637
margot,0.3478476444690025,0.4237372376777293,S+Si,0.11,S+Si_0.11,detJ0,50km-1.45Mm,30,1450010.0,29,1,work.margot/results/CMR2_0.34784764446900251_CMC_0.42373723767772931_S+Si_Edmund/pMetaData_0.11.csv,margot|S+Si_0.11|detJ0,597,22,27.136363636363637
margot,0.3648049751143897,0.40404054235768555,S+Si,0.11,S+Si_0.11,detJ0,10m,1,10.0,0,1,work.margot/results/CMR2_0.36480497511438970_CMC_0.40404054235768555_S+Si_Edmund/pMetaData_0.11.csv,margot|S+Si_0.11|detJ0,597,22,27.136363636363637
margot,0.34785608327144196,0.4237269580390886,S+Si,0.11,S+Si_0.11,detJ0,50km-1.45Mm,30,1450010.0,29,1,work.margot/results/CMR2_0.34785608327144196_CMC_0.42372695803908861_S+Si_Edmund/pMetaData_0.11.csv,margot|S+Si_0.11|detJ0,597,22,27.136363636363637
margot,0.3583643976184847,0.4113020182236909,S+Si,0.11,S+Si_0.11,detJ0,50km-1.45Mm,13,600010.0,12,1,work.margot/results/CMR2_0.35836439761848471_CMC_0.41130201822369089_S+Si_Edmund/pMetaData_0.11.csv,margot|S+Si_0.11|detJ0,597,22,27.136363636363637
margot,0.35261851665544186,0.41800414055971635,S+Si,0.11,S+Si_0.11,detJ0,50km-1.45Mm,23,1100010.0,22,1,work.margot/results/CMR2_0.35261851665544186_CMC_0.41800414055971635_S+Si_Edmund/pMetaData_0.11.csv,margot|S+Si_0.11|detJ0,597,22,27.136363636363637
margot,0.34747871373072675,0.4241871348534525,S+Si,0.11,S+Si_0.11,detJ0,50km-1.45Mm,28,1350010.0,27,1,work.margot/results/CMR2_0.34747871373072675_CMC_0.42418713485345250_S+Si_Edmund/pMetaData_0.11.csv,margot|S+Si_0.11|detJ0,597,22,27.136363636363637
margot,0.35473923665810003,0.41550520711657624,S+Si,0.11,S+Si_0.11,detJ0,50km-1.45Mm,23,1100010.0,22,1,work.margot/results/CMR2_0.35473923665810003_CMC_0.41550520711657624_S+Si_Edmund/pMetaData_0.11.csv,margot|S+Si_0.11|detJ0,597,22,27.136363636363637
margot,0.36167641140679746,0.4075355631479532,S+Si,0.11,S+Si_0.11,detJ0,10m,1,10.0,0,1,work.margot/results/CMR2_0.36167641140679746_CMC_0.40753556314795319_S+Si_Edmund/pMetaData_0.11.csv,margot|S+Si_0.11|detJ0,597,22,27.136363636363637
margot,0.3443777768075085,0.42800671218220815,S+Si,0.11,S+Si_0.11,detJ0,>=1.5Mm,33,1600010.0,32,1,work.margot/results/CMR2_0.34437777680750847_CMC_0.42800671218220815_S+Si_Edmund/pMetaData_0.11.csv,margot|S+Si_0.11|detJ0,597,22,27.136363636363637
margot,0.35506861378218063,0.4151197663740032,S+Si,0.11,S+Si_0.11,detJ0,50km-1.45Mm,23,1100010.0,22,1,work.margot/results/CMR2_0.35506861378218063_CMC_0.41511976637400322_S+Si_Edmund/pMetaData_0.11.csv,margot|S+Si_0.11|detJ0,597,22,27.136363636363637
margot,0.3424814821056014,0.4303765537739399,S+Si,0.11,S+Si_0.11,detJ0,>=1.5Mm,34,1650010.0,33,1,work.margot/results/CMR2_0.34248148210560142_CMC_0.43037655377393991_S+Si_Edmund/pMetaData_0.11.csv,margot|S+Si_0.11|detJ0,597,22,27.136363636363637
margot,0.34777626854180044,0.4238242034685698,S+Si,0.11,S+Si_0.11,newton_maxit,50km-1.45Mm,27,1300010.0,26,1,work.margot/results/CMR2_0.34777626854180044_CMC_0.42382420346856980_S+Si_Edmund/pMetaData_0.11.csv,margot|S+Si_0.11|newton_maxit,33,9,3.6666666666666665
margot,0.3584082732286615,0.41125166746907815,S+Si,0.11,S+Si_0.11,newton_maxit,50km-1.45Mm,12,550010.0,11,1,work.margot/results/CMR2_0.35840827322866148_CMC_0.41125166746907815_S+Si_Edmund/pMetaData_0.11.csv,margot|S+Si_0.11|newton_maxit,33,9,3.6666666666666665
margot,0.3423380885028017,0.4305568236494775,S+Si,0.11,S+Si_0.11,newton_maxit,>=1.5Mm,32,1550010.0,31,1,work.margot/results/CMR2_0.34233808850280167_CMC_0.43055682364947750_S+Si_Edmund/pMetaData_0.11.csv,margot|S+Si_0.11|newton_maxit,33,9,3.6666666666666665
margot,0.3505374004779129,0.4204858020828717,S+Si,0.11,S+Si_0.11,newton_maxit,50km-1.45Mm,24,1150010.0,23,1,work.margot/results/CMR2_0.35053740047791287_CMC_0.42048580208287167_S+Si_Edmund/pMetaData_0.11.csv,margot|S+Si_0.11|newton_maxit,33,9,3.6666666666666665
margot,0.3522846912006017,0.4184002418545863,S+Si,0.11,S+Si_0.11,newton_maxit,50km-1.45Mm,22,1050010.0,21,1,work.margot/results/CMR2_0.35228469120060169_CMC_0.41840024185458630_S+Si_Edmund/pMetaData_0.11.csv,margot|S+Si_0.11|newton_maxit,33,9,3.6666666666666665
margot,0.3514006554841784,0.4194528316884042,S+Si,0.11,S+Si_0.11,newton_maxit,50km-1.45Mm,23,1100010.0,22,1,work.margot/results/CMR2_0.35140065548417843_CMC_0.41945283168840419_S+Si_Edmund/pMetaData_0.11.csv,margot|S+Si_0.11|newton_maxit,33,9,3.6666666666666665
margot,0.3477647691861882,0.42383821784168807,S+Si,0.11,S+Si_0.11,newton_maxit,50km-1.45Mm,27,1300010.0,26,1,work.margot/results/CMR2_0.34776476918618821_CMC_0.42383821784168807_S+Si_Edmund/pMetaData_0.11.csv,margot|S+Si_0.11|newton_maxit,33,9,3.6666666666666665
margot,0.3572921820790077,0.4125363145152906,S+Si,0.11,S+Si_0.11,newton_maxit,50km-1.45Mm,15,700010.0,14,1,work.margot/results/CMR2_0.35729218207900770_CMC_0.41253631451529060_S+Si_Edmund/pMetaData_0.11.csv,margot|S+Si_0.11|newton_maxit,33,9,3.6666666666666665
margot,0.353527537155154,0.4169293322554156,S+Si,0.11,S+Si_0.11,newton_maxit,50km-1.45Mm,21,1000010.0,20,1,work.margot/results/CMR2_0.35352753715515400_CMC_0.41692933225541562_S+Si_Edmund/pMetaData_0.11.csv,margot|S+Si_0.11|newton_maxit,33,9,3.6666666666666665
margot,0.3318060861455647,0.44422331643228735,S+Si,0.12,S+Si_0.12,crash_lt_1.95Mm,10m,1,10.0,0,1,work.margot/results/CMR2_0.33180608614556473_CMC_0.44422331643228735_S+Si_Edmund/pMetaData_0.12.csv,margot|S+Si_0.12|crash_lt_1.95Mm,434,18,24.11111111111111
margot,0.33273189338820747,0.4429872907555304,S+Si,0.12,S+Si_0.12,crash_lt_1.95Mm,10m,1,10.0,0,1,work.margot/results/CMR2_0.33273189338820747_CMC_0.44298729075553039_S+Si_Edmund/pMetaData_0.12.csv,margot|S+Si_0.12|crash_lt_1.95Mm,434,18,24.11111111111111
margot,0.3371109278016864,0.43723293386297235,S+Si,0.12,S+Si_0.12,crash_lt_1.95Mm,10m,1,10.0,0,1,work.margot/results/CMR2_0.33711092780168639_CMC_0.43723293386297235_S+Si_Edmund/pMetaData_0.12.csv,margot|S+Si_0.12|crash_lt_1.95Mm,434,18,24.11111111111111
margot,0.3482234632968925,0.4232799209004804,S+Si,0.12,S+Si_0.12,crash_lt_1.95Mm,50km-1.45Mm,28,1350010.0,27,1,work.margot/results/CMR2_0.34822346329689252_CMC_0.42327992090048039_S+Si_Edmund/pMetaData_0.12.csv,margot|S+Si_0.12|crash_lt_1.95Mm,434,18,24.11111111111111
margot,0.3452474403943277,0.4269285815172163,S+Si,0.12,S+Si_0.12,crash_lt_1.95Mm,>=1.5Mm,31,1500010.0,30,1,work.margot/results/CMR2_0.34524744039432770_CMC_0.42692858151721630_S+Si_Edmund/pMetaData_0.12.csv,margot|S+Si_0.12|crash_lt_1.95Mm,434,18,24.11111111111111
margot,0.32731490476469544,0.4503186315513558,S+Si,0.12,S+Si_0.12,crash_lt_1.95Mm,10m,1,10.0,0,1,work.margot/results/CMR2_0.32731490476469544_CMC_0.45031863155135582_S+Si_Edmund/pMetaData_0.12.csv,margot|S+Si_0.12|crash_lt_1.95Mm,434,18,24.11111111111111
margot,0.33561199610092474,0.4391857314768787,S+Si,0.12,S+Si_0.12,crash_lt_1.95Mm,10m,1,10.0,0,1,work.margot/results/CMR2_0.33561199610092474_CMC_0.43918573147687873_S+Si_Edmund/pMetaData_0.12.csv,margot|S+Si_0.12|crash_lt_1.95Mm,434,18,24.11111111111111
margot,0.3260043718334302,0.45212890603599337,S+Si,0.12,S+Si_0.12,crash_lt_1.95Mm,10m,1,10.0,0,1,work.margot/results/CMR2_0.32600437183343017_CMC_0.45212890603599337_S+Si_Edmund/pMetaData_0.12.csv,margot|S+Si_0.12|crash_lt_1.95Mm,434,18,24.11111111111111
margot,0.31778766832168753,0.4638191304855642,S+Si,0.12,S+Si_0.12,crash_lt_1.95Mm,10m,1,10.0,0,1,work.margot/results/CMR2_0.31778766832168753_CMC_0.46381913048556422_S+Si_Edmund/pMetaData_0.12.csv,margot|S+Si_0.12|crash_lt_1.95Mm,434,18,24.11111111111111
margot,0.3220123548762813,0.45773398991672304,S+Si,0.12,S+Si_0.12,crash_lt_1.95Mm,10m,1,10.0,0,1,work.margot/results/CMR2_0.32201235487628133_CMC_0.45773398991672304_S+Si_Edmund/pMetaData_0.12.csv,margot|S+Si_0.12|crash_lt_1.95Mm,434,18,24.11111111111111
margot,0.32309560390322517,0.4561993361077999,S+Si,0.12,S+Si_0.12,crash_lt_1.95Mm,10m,1,10.0,0,1,work.margot/results/CMR2_0.32309560390322517_CMC_0.45619933610779989_S+Si_Edmund/pMetaData_0.12.csv,margot|S+Si_0.12|crash_lt_1.95Mm,434,18,24.11111111111111
margot,0.33449404139174177,0.44065358948316086,S+Si,0.12,S+Si_0.12,crash_lt_1.95Mm,10m,1,10.0,0,1,work.margot/results/CMR2_0.33449404139174177_CMC_0.44065358948316086_S+Si_Edmund/pMetaData_0.12.csv,margot|S+Si_0.12|crash_lt_1.95Mm,434,18,24.11111111111111
margot,0.3320257887735956,0.4439293723070034,S+Si,0.12,S+Si_0.12,crash_lt_1.95Mm,10m,1,10.0,0,1,work.margot/results/CMR2_0.33202578877359562_CMC_0.44392937230700341_S+Si_Edmund/pMetaData_0.12.csv,margot|S+Si_0.12|crash_lt_1.95Mm,434,18,24.11111111111111
margot,0.34784001485415456,0.4237465320423284,S+Si,0.12,S+Si_0.12,crash_lt_1.95Mm,50km-1.45Mm,29,1400010.0,28,1,work.margot/results/CMR2_0.34784001485415456_CMC_0.42374653204232843_S+Si_Edmund/pMetaData_0.12.csv,margot|S+Si_0.12|crash_lt_1.95Mm,434,18,24.11111111111111
margot,0.3379610561977453,0.43613309077172707,S+Si,0.12,S+Si_0.12,crash_lt_1.95Mm,10m,1,10.0,0,1,work.margot/results/CMR2_0.33796105619774530_CMC_0.43613309077172707_S+Si_Edmund/pMetaData_0.12.csv,margot|S+Si_0.12|crash_lt_1.95Mm,434,18,24.11111111111111
margot,0.3334375148560798,0.44204983972370326,S+Si,0.12,S+Si_0.12,crash_lt_1.95Mm,10m,1,10.0,0,1,work.margot/results/CMR2_0.33343751485607981_CMC_0.44204983972370326_S+Si_Edmund/pMetaData_0.12.csv,margot|S+Si_0.12|crash_lt_1.95Mm,434,18,24.11111111111111
margot,0.33359178211767987,0.44184541676750205,S+Si,0.12,S+Si_0.12,crash_lt_1.95Mm,10m,1,10.0,0,1,work.margot/results/CMR2_0.33359178211767987_CMC_0.44184541676750205_S+Si_Edmund/pMetaData_0.12.csv,margot|S+Si_0.12|crash_lt_1.95Mm,434,18,24.11111111111111
margot,0.32866346690777587,0.4484708975620945,S+Si,0.12,S+Si_0.12,crash_lt_1.95Mm,10m,1,10.0,0,1,work.margot/results/CMR2_0.32866346690777587_CMC_0.44847089756209452_S+Si_Edmund/pMetaData_0.12.csv,margot|S+Si_0.12|crash_lt_1.95Mm,434,18,24.11111111111111
margot,0.3572651162035913,0.41256756765472963,S+Si,0.12,S+Si_0.12,detJ0,50km-1.45Mm,22,1050010.0,21,1,work.margot/results/CMR2_0.35726511620359130_CMC_0.41256756765472963_S+Si_Edmund/pMetaData_0.12.csv,margot|S+Si_0.12|detJ0,557,21,26.523809523809526
margot,0.3739645448015623,0.3941443167512393,S+Si,0.12,S+Si_0.12,detJ0,10m,1,10.0,0,1,work.margot/results/CMR2_0.37396454480156233_CMC_0.39414431675123929_S+Si_Edmund/pMetaData_0.12.csv,margot|S+Si_0.12|detJ0,557,21,26.523809523809526
margot,0.364170902670355,0.4047440334172493,S+Si,0.12,S+Si_0.12,detJ0,10m,1,10.0,0,1,work.margot/results/CMR2_0.36417090267035501_CMC_0.40474403341724929_S+Si_Edmund/pMetaData_0.12.csv,margot|S+Si_0.12|detJ0,557,21,26.523809523809526
margot,0.34957915726685085,0.4216384098880513,S+Si,0.12,S+Si_0.12,detJ0,50km-1.45Mm,30,1450010.0,29,1,work.margot/results/CMR2_0.34957915726685085_CMC_0.42163840988805129_S+Si_Edmund/pMetaData_0.12.csv,margot|S+Si_0.12|detJ0,557,21,26.523809523809526
margot,0.35819800294759024,0.4114930814440254,S+Si,0.12,S+Si_0.12,detJ0,50km-1.45Mm,16,750010.0,15,1,work.margot/results/CMR2_0.35819800294759024_CMC_0.41149308144402541_S+Si_Edmund/pMetaData_0.12.csv,margot|S+Si_0.12|detJ0,557,21,26.523809523809526
margot,0.3592384866126079,0.4103012497069877,S+Si,0.12,S+Si_0.12,detJ0,50km-1.45Mm,18,850010.0,17,1,work.margot/results/CMR2_0.35923848661260788_CMC_0.41030124970698773_S+Si_Edmund/pMetaData_0.12.csv,margot|S+Si_0.12|detJ0,557,21,26.523809523809526
margot,0.3474798893076482,0.4241856997643395,S+Si,0.12,S+Si_0.12,detJ0,>=1.5Mm,32,1550010.0,31,1,work.margot/results/CMR2_0.34747988930764823_CMC_0.42418569976433951_S+Si_Edmund/pMetaData_0.12.csv,margot|S+Si_0.12|detJ0,557,21,26.523809523809526
margot,0.3621102602239098,0.40704728970910165,S+Si,0.12,S+Si_0.12,detJ0,10m,1,10.0,0,1,work.margot/results/CMR2_0.36211026022390980_CMC_0.40704728970910165_S+Si_Edmund/pMetaData_0.12.csv,margot|S+Si_0.12|detJ0,557,21,26.523809523809526
margot,0.3490180956501649,0.42231621178674084,S+Si,0.12,S+Si_0.12,detJ0,50km-1.45Mm,30,1450010.0,29,1,work.margot/results/CMR2_0.34901809565016489_CMC_0.42231621178674084_S+Si_Edmund/pMetaData_0.12.csv,margot|S+Si_0.12|detJ0,557,21,26.523809523809526
margot,0.3582265993071813,0.4114602329505049,S+Si,0.12,S+Si_0.12,detJ0,50km-1.45Mm,20,950010.0,19,1,work.margot/results/CMR2_0.35822659930718131_CMC_0.41146023295050488_S+Si_Edmund/pMetaData_0.12.csv,margot|S+Si_0.12|detJ0,557,21,26.523809523809526
margot,0.3574367352242221,0.41236947821699876,S+Si,0.12,S+Si_0.12,detJ0,50km-1.45Mm,21,1000010.0,20,1,work.margot/results/CMR2_0.35743673522422209_CMC_0.41236947821699876_S+Si_Edmund/pMetaData_0.12.csv,margot|S+Si_0.12|detJ0,557,21,26.523809523809526
margot,0.3610514746541231,0.40824095827665885,S+Si,0.12,S+Si_0.12,detJ0,50km-1.45Mm,13,600010.0,12,1,work.margot/results/CMR2_0.36105147465412307_CMC_0.40824095827665885_S+Si_Edmund/pMetaData_0.12.csv,margot|S+Si_0.12|detJ0,557,21,26.523809523809526
margot,0.3509257653548254,0.4200204560385188,S+Si,0.12,S+Si_0.12,detJ0,50km-1.45Mm,29,1400010.0,28,1,work.margot/results/CMR2_0.35092576535482539_CMC_0.42002045603851879_S+Si_Edmund/pMetaData_0.12.csv,margot|S+Si_0.12|detJ0,557,21,26.523809523809526
margot,0.35568331918433116,0.41440234064958426,S+Si,0.12,S+Si_0.12,detJ0,50km-1.45Mm,24,1150010.0,23,1,work.margot/results/CMR2_0.35568331918433116_CMC_0.41440234064958426_S+Si_Edmund/pMetaData_0.12.csv,margot|S+Si_0.12|detJ0,557,21,26.523809523809526
margot,0.35086797766032274,0.42008963309468755,S+Si,0.12,S+Si_0.12,detJ0,50km-1.45Mm,29,1400010.0,28,1,work.margot/results/CMR2_0.35086797766032274_CMC_0.42008963309468755_S+Si_Edmund/pMetaData_0.12.csv,margot|S+Si_0.12|detJ0,557,21,26.523809523809526
margot,0.3445431964440526,0.4278012206342735,S+Si,0.12,S+Si_0.12,detJ0,>=1.5Mm,34,1650010.0,33,1,work.margot/results/CMR2_0.34454319644405262_CMC_0.42780122063427350_S+Si_Edmund/pMetaData_0.12.csv,margot|S+Si_0.12|detJ0,557,21,26.523809523809526
margot,0.35106408191521515,0.4198549711946816,S+Si,0.12,S+Si_0.12,detJ0,50km-1.45Mm,26,1250010.0,25,1,work.margot/results/CMR2_0.35106408191521515_CMC_0.41985497119468163_S+Si_Edmund/pMetaData_0.12.csv,margot|S+Si_0.12|detJ0,557,21,26.523809523809526
margot,0.3660071511717031,0.4027134429700059,S+Si,0.12,S+Si_0.12,detJ0,10m,1,10.0,0,1,work.margot/results/CMR2_0.36600715117170313_CMC_0.40271344297000589_S+Si_Edmund/pMetaData_0.12.csv,margot|S+Si_0.12|detJ0,557,21,26.523809523809526
margot,0.35638435011899744,0.4135871845965856,S+Si,0.12,S+Si_0.12,detJ0,50km-1.45Mm,23,1100010.0,22,1,work.margot/results/CMR2_0.35638435011899744_CMC_0.41358718459658561_S+Si_Edmund/pMetaData_0.12.csv,margot|S+Si_0.12|detJ0,557,21,26.523809523809526
margot,0.37036416948413053,0.39797586306824334,S+Si,0.12,S+Si_0.12,detJ0,10m,1,10.0,0,1,work.margot/results/CMR2_0.37036416948413053_CMC_0.39797586306824334_S+Si_Edmund/pMetaData_0.12.csv,margot|S+Si_0.12|detJ0,557,21,26.523809523809526
margot,0.3677164430320835,0.400841471174406,S+Si,0.12,S+Si_0.12,detJ0,10m,1,10.0,0,1,work.margot/results/CMR2_0.36771644303208351_CMC_0.40084147117440599_S+Si_Edmund/pMetaData_0.12.csv,margot|S+Si_0.12|detJ0,557,21,26.523809523809526
margot,0.3584082732286615,0.41125166746907815,S+Si,0.12,S+Si_0.12,newton_maxit,50km-1.45Mm,15,700010.0,14,1,work.margot/results/CMR2_0.35840827322866148_CMC_0.41125166746907815_S+Si_Edmund/pMetaData_0.12.csv,margot|S+Si_0.12|newton_maxit,33,9,3.6666666666666665
margot,0.3530020177878555,0.4175500211689468,S+Si,0.12,S+Si_0.12,newton_maxit,50km-1.45Mm,23,1100010.0,22,1,work.margot/results/CMR2_0.35300201778785550_CMC_0.41755002116894679_S+Si_Edmund/pMetaData_0.12.csv,margot|S+Si_0.12|newton_maxit,33,9,3.6666666666666665
margot,0.3501267719762153,0.42097894761961496,S+Si,0.12,S+Si_0.12,newton_maxit,50km-1.45Mm,26,1250010.0,25,1,work.margot/results/CMR2_0.35012677197621528_CMC_0.42097894761961496_S+Si_Edmund/pMetaData_0.12.csv,margot|S+Si_0.12|newton_maxit,33,9,3.6666666666666665
margot,0.35885681980894596,0.41073763089823145,S+Si,0.12,S+Si_0.12,newton_maxit,50km-1.45Mm,14,650010.0,13,1,work.margot/results/CMR2_0.35885681980894596_CMC_0.41073763089823145_S+Si_Edmund/pMetaData_0.12.csv,margot|S+Si_0.12|newton_maxit,33,9,3.6666666666666665
margot,0.34414057692924815,0.4283017170343825,S+Si,0.12,S+Si_0.12,newton_maxit,>=1.5Mm,32,1550010.0,31,1,work.margot/results/CMR2_0.34414057692924815_CMC_0.42830171703438252_S+Si_Edmund/pMetaData_0.12.csv,margot|S+Si_0.12|newton_maxit,33,9,3.6666666666666665
margot,0.3507970331551959,0.42017459119955164,S+Si,0.12,S+Si_0.12,newton_maxit,50km-1.45Mm,25,1200010.0,24,1,work.margot/results/CMR2_0.35079703315519589_CMC_0.42017459119955164_S+Si_Edmund/pMetaData_0.12.csv,margot|S+Si_0.12|newton_maxit,33,9,3.6666666666666665
margot,0.3520761133348673,0.41864811163661203,S+Si,0.12,S+Si_0.12,newton_maxit,50km-1.45Mm,24,1150010.0,23,1,work.margot/results/CMR2_0.35207611333486732_CMC_0.41864811163661203_S+Si_Edmund/pMetaData_0.12.csv,margot|S+Si_0.12|newton_maxit,33,9,3.6666666666666665
margot,0.35010483871485554,0.4210053209805744,S+Si,0.12,S+Si_0.12,newton_maxit,50km-1.45Mm,26,1250010.0,25,1,work.margot/results/CMR2_0.35010483871485554_CMC_0.42100532098057442_S+Si_Edmund/pMetaData_0.12.csv,margot|S+Si_0.12|newton_maxit,33,9,3.6666666666666665
margot,0.3436223818502026,0.4289476116379847,S+Si,0.12,S+Si_0.12,newton_maxit,>=1.5Mm,32,1550010.0,31,1,work.margot/results/CMR2_0.34362238185020261_CMC_0.42894761163798473_S+Si_Edmund/pMetaData_0.12.csv,margot|S+Si_0.12|newton_maxit,33,9,3.6666666666666665
margot,0.32470553969263344,0.45393743555938465,Si,0.00,Si,crash_at_1.95Mm,>=1.5Mm,40,1950010.0,39,1,work.margot/results/CMR2_0.32470553969263344_CMC_0.45393743555938465_Si_Edmund/pMetaData_0.00.csv,margot|Si|crash_at_1.95Mm,127,11,11.545454545454545
margot,0.32048755119140454,0.4599117795747729,Si,0.00,Si,crash_at_1.95Mm,>=1.5Mm,40,1950010.0,39,1,work.margot/results/CMR2_0.32048755119140454_CMC_0.45991177957477292_Si_Edmund/pMetaData_0.00.csv,margot|Si|crash_at_1.95Mm,127,11,11.545454545454545
margot,0.32656220561348254,0.4513565791335241,Si,0.00,Si,crash_at_1.95Mm,>=1.5Mm,40,1950010.0,39,1,work.margot/results/CMR2_0.32656220561348254_CMC_0.45135657913352412_Si_Edmund/pMetaData_0.00.csv,margot|Si|crash_at_1.95Mm,127,11,11.545454545454545
margot,0.33093239281079495,0.44539610869786084,Si,0.00,Si,crash_at_1.95Mm,>=1.5Mm,40,1950010.0,39,1,work.margot/results/CMR2_0.33093239281079495_CMC_0.44539610869786084_Si_Edmund/pMetaData_0.00.csv,margot|Si|crash_at_1.95Mm,127,11,11.545454545454545
margot,0.32613458141095153,0.4519483930907379,Si,0.00,Si,crash_at_1.95Mm,>=1.5Mm,40,1950010.0,39,1,work.margot/results/CMR2_0.32613458141095153_CMC_0.45194839309073792_Si_Edmund/pMetaData_0.00.csv,margot|Si|crash_at_1.95Mm,127,11,11.545454545454545
margot,0.32369988789716986,0.4553477017169171,Si,0.00,Si,crash_at_1.95Mm,>=1.5Mm,40,1950010.0,39,1,work.margot/results/CMR2_0.32369988789716986_CMC_0.45534770171691707_Si_Edmund/pMetaData_0.00.csv,margot|Si|crash_at_1.95Mm,127,11,11.545454545454545
margot,0.32407158661255153,0.45482543391322183,Si,0.00,Si,crash_at_1.95Mm,>=1.5Mm,40,1950010.0,39,1,work.margot/results/CMR2_0.32407158661255153_CMC_0.45482543391322183_Si_Edmund/pMetaData_0.00.csv,margot|Si|crash_at_1.95Mm,127,11,11.545454545454545
margot,0.3256157758209559,0.4526684852058508,Si,0.00,Si,crash_at_1.95Mm,>=1.5Mm,40,1950010.0,39,1,work.margot/results/CMR2_0.32561577582095591_CMC_0.45266848520585079_Si_Edmund/pMetaData_0.00.csv,margot|Si|crash_at_1.95Mm,127,11,11.545454545454545
margot,0.3229083544949506,0.45646387883192685,Si,0.00,Si,crash_at_1.95Mm,>=1.5Mm,40,1950010.0,39,1,work.margot/results/CMR2_0.32290835449495059_CMC_0.45646387883192685_Si_Edmund/pMetaData_0.00.csv,margot|Si|crash_at_1.95Mm,127,11,11.545454545454545
margot,0.3271985160732384,0.4504788156404953,Si,0.00,Si,crash_at_1.95Mm,>=1.5Mm,40,1950010.0,39,1,work.margot/results/CMR2_0.32719851607323841_CMC_0.45047881564049530_Si_Edmund/pMetaData_0.00.csv,margot|Si|crash_at_1.95Mm,127,11,11.545454545454545
margot,0.3237161500209568,0.4553248269833242,Si,0.00,Si,crash_at_1.95Mm,>=1.5Mm,40,1950010.0,39,1,work.margot/results/CMR2_0.32371615002095683_CMC_0.45532482698332422_Si_Edmund/pMetaData_0.00.csv,margot|Si|crash_at_1.95Mm,127,11,11.545454545454545
margot,0.35876415323572125,0.41084372190093194,Si,0.00,Si,crash_lt_1.95Mm,10m,1,10.0,0,1,work.margot/results/CMR2_0.35876415323572125_CMC_0.41084372190093194_Si_Edmund/pMetaData_0.00.csv,margot|Si|crash_lt_1.95Mm,445,18,24.72222222222222
margot,0.37284941463603494,0.3953231364031611,Si,0.00,Si,crash_lt_1.95Mm,10m,1,10.0,0,1,work.margot/results/CMR2_0.37284941463603494_CMC_0.39532313640316108_Si_Edmund/pMetaData_0.00.csv,margot|Si|crash_lt_1.95Mm,445,18,24.72222222222222
margot,0.36318773014762157,0.4058397015232021,Si,0.00,Si,crash_lt_1.95Mm,10m,1,10.0,0,1,work.margot/results/CMR2_0.36318773014762157_CMC_0.40583970152320209_Si_Edmund/pMetaData_0.00.csv,margot|Si|crash_lt_1.95Mm,445,18,24.72222222222222
margot,0.3574957774418243,0.4123013733329645,Si,0.00,Si,crash_lt_1.95Mm,10m,1,10.0,0,1,work.margot/results/CMR2_0.35749577744182431_CMC_0.41230137333296452_Si_Edmund/pMetaData_0.00.csv,margot|Si|crash_lt_1.95Mm,445,18,24.72222222222222
margot,0.35674090704339484,0.4131738107120706,Si,0.00,Si,crash_lt_1.95Mm,10m,1,10.0,0,1,work.margot/results/CMR2_0.35674090704339484_CMC_0.41317381071207060_Si_Edmund/pMetaData_0.00.csv,margot|Si|crash_lt_1.95Mm,445,18,24.72222222222222
margot,0.36940268970538903,0.39901171298333865,Si,0.00,Si,crash_lt_1.95Mm,10m,1,10.0,0,1,work.margot/results/CMR2_0.36940268970538903_CMC_0.39901171298333865_Si_Edmund/pMetaData_0.00.csv,margot|Si|crash_lt_1.95Mm,445,18,24.72222222222222
margot,0.3587435853231196,0.4108672768803398,Si,0.00,Si,crash_lt_1.95Mm,10m,1,10.0,0,1,work.margot/results/CMR2_0.35874358532311962_CMC_0.41086727688033980_Si_Edmund/pMetaData_0.00.csv,margot|Si|crash_lt_1.95Mm,445,18,24.72222222222222
margot,0.35995954957561704,0.4094793433700427,Si,0.00,Si,crash_lt_1.95Mm,10m,1,10.0,0,1,work.margot/results/CMR2_0.35995954957561704_CMC_0.40947934337004271_Si_Edmund/pMetaData_0.00.csv,margot|Si|crash_lt_1.95Mm,445,18,24.72222222222222
margot,0.35638435011899744,0.4135871845965856,Si,0.00,Si,crash_lt_1.95Mm,10m,1,10.0,0,1,work.margot/results/CMR2_0.35638435011899744_CMC_0.41358718459658561_Si_Edmund/pMetaData_0.00.csv,margot|Si|crash_lt_1.95Mm,445,18,24.72222222222222
margot,0.36320439939921423,0.40582107552609914,Si,0.00,Si,crash_lt_1.95Mm,10m,1,10.0,0,1,work.margot/results/CMR2_0.36320439939921423_CMC_0.40582107552609914_Si_Edmund/pMetaData_0.00.csv,margot|Si|crash_lt_1.95Mm,445,18,24.72222222222222
margot,0.3498737134984066,0.4212834354606959,Si,0.00,Si,crash_lt_1.95Mm,10m,1,10.0,0,1,work.margot/results/CMR2_0.34987371349840662_CMC_0.42128343546069591_Si_Edmund/pMetaData_0.00.csv,margot|Si|crash_lt_1.95Mm,445,18,24.72222222222222
margot,0.3603246628272236,0.40906442218937616,Si,0.00,Si,crash_lt_1.95Mm,10m,1,10.0,0,1,work.margot/results/CMR2_0.36032466282722359_CMC_0.40906442218937616_Si_Edmund/pMetaData_0.00.csv,margot|Si|crash_lt_1.95Mm,445,18,24.72222222222222
margot,0.3558499148904942,0.4142083328735886,Si,0.00,Si,crash_lt_1.95Mm,10m,1,10.0,0,1,work.margot/results/CMR2_0.35584991489049422_CMC_0.41420833287358860_Si_Edmund/pMetaData_0.00.csv,margot|Si|crash_lt_1.95Mm,445,18,24.72222222222222
margot,0.3750501784128899,0.3930034125666589,Si,0.00,Si,crash_lt_1.95Mm,10m,1,10.0,0,1,work.margot/results/CMR2_0.37505017841288990_CMC_0.39300341256665888_Si_Edmund/pMetaData_0.00.csv,margot|Si|crash_lt_1.95Mm,445,18,24.72222222222222
margot,0.3645162695565965,0.4043605520798698,Si,0.00,Si,crash_lt_1.95Mm,10m,1,10.0,0,1,work.margot/results/CMR2_0.36451626955659649_CMC_0.40436055207986982_Si_Edmund/pMetaData_0.00.csv,margot|Si|crash_lt_1.95Mm,445,18,24.72222222222222
margot,0.35197108637658875,0.41877303478926897,Si,0.00,Si,crash_lt_1.95Mm,10m,1,10.0,0,1,work.margot/results/CMR2_0.35197108637658875_CMC_0.41877303478926897_Si_Edmund/pMetaData_0.00.csv,margot|Si|crash_lt_1.95Mm,445,18,24.72222222222222
margot,0.3511885096676592,0.4197062145896672,Si,0.00,Si,crash_lt_1.95Mm,10m,1,10.0,0,1,work.margot/results/CMR2_0.35118850966765919_CMC_0.41970621458966723_Si_Edmund/pMetaData_0.00.csv,margot|Si|crash_lt_1.95Mm,445,18,24.72222222222222
margot,0.3826556942738639,0.3851922294785185,Si,0.00,Si,crash_lt_1.95Mm,10m,1,10.0,0,1,work.margot/results/CMR2_0.38265569427386392_CMC_0.38519222947851850_Si_Edmund/pMetaData_0.00.csv,margot|Si|crash_lt_1.95Mm,445,18,24.72222222222222
margot,0.34410506644573674,0.4283459163285625,Si,0.00,Si,newton_maxit,50km-1.45Mm,6,250010.0,5,1,work.margot/results/CMR2_0.34410506644573674_CMC_0.42834591632856250_Si_Edmund/pMetaData_0.00.csv,margot|Si|newton_maxit,194,12,16.166666666666668
margot,0.3481864350298463,0.4233249350663684,Si,0.00,Si,newton_maxit,10m,1,10.0,0,1,work.margot/results/CMR2_0.34818643502984631_CMC_0.42332493506636842_Si_Edmund/pMetaData_0.00.csv,margot|Si|newton_maxit,194,12,16.166666666666668
margot,0.3482234632968925,0.4232799209004804,Si,0.00,Si,newton_maxit,10m,1,10.0,0,1,work.margot/results/CMR2_0.34822346329689252_CMC_0.42327992090048039_Si_Edmund/pMetaData_0.00.csv,margot|Si|newton_maxit,194,12,16.166666666666668
margot,0.3449974036691366,0.42723799782956456,Si,0.00,Si,newton_maxit,10m,1,10.0,0,1,work.margot/results/CMR2_0.34499740366913662_CMC_0.42723799782956456_Si_Edmund/pMetaData_0.00.csv,margot|Si|newton_maxit,194,12,16.166666666666668
margot,0.34549859646944514,0.42661823088776357,Si,0.00,Si,newton_maxit,10m,1,10.0,0,1,work.margot/results/CMR2_0.34549859646944514_CMC_0.42661823088776357_Si_Edmund/pMetaData_0.00.csv,margot|Si|newton_maxit,194,12,16.166666666666668
margot,0.34549347987181656,0.4266245489051956,Si,0.00,Si,newton_maxit,10m,1,10.0,0,1,work.margot/results/CMR2_0.34549347987181656_CMC_0.42662454890519558_Si_Edmund/pMetaData_0.00.csv,margot|Si|newton_maxit,194,12,16.166666666666668
margot,0.3481187243970762,0.4234072736399983,Si,0.00,Si,newton_maxit,10m,1,10.0,0,1,work.margot/results/CMR2_0.34811872439707620_CMC_0.42340727363999831_Si_Edmund/pMetaData_0.00.csv,margot|Si|newton_maxit,194,12,16.166666666666668
margot,0.34733700599825656,0.424360196162743,Si,0.00,Si,newton_maxit,10m,1,10.0,0,1,work.margot/results/CMR2_0.34733700599825656_CMC_0.42436019616274301_Si_Edmund/pMetaData_0.00.csv,margot|Si|newton_maxit,194,12,16.166666666666668
margot,0.3478476444690025,0.4237372376777293,Si,0.00,Si,newton_maxit,10m,1,10.0,0,1,work.margot/results/CMR2_0.34784764446900251_CMC_0.42373723767772931_Si_Edmund/pMetaData_0.00.csv,margot|Si|newton_maxit,194,12,16.166666666666668
margot,0.3431841102977075,0.4294954095401911,Si,0.00,Si,newton_maxit,50km-1.45Mm,18,850010.0,17,1,work.margot/results/CMR2_0.34318411029770751_CMC_0.42949540954019111_Si_Edmund/pMetaData_0.00.csv,margot|Si|newton_maxit,194,12,16.166666666666668
margot,0.34548953945350086,0.4266294146941543,Si,0.00,Si,newton_maxit,10m,1,10.0,0,1,work.margot/results/CMR2_0.34548953945350086_CMC_0.42662941469415427_Si_Edmund/pMetaData_0.00.csv,margot|Si|newton_maxit,194,12,16.166666666666668
margot,0.3480817648697095,0.4234522312743726,Si,0.00,Si,newton_maxit,10m,1,10.0,0,1,work.margot/results/CMR2_0.34808176486970949_CMC_0.42345223127437259_Si_Edmund/pMetaData_0.00.csv,margot|Si|newton_maxit,194,12,16.166666666666668
