chi_Si_icb,rhom,mass,moi,cmc,Picb,Tcmb,isnow,isnowcmb,chi_li_in,chi_S_bulk,Pcmb,chi_li_eut_icb,chi_li_eut_cmb,ricb,rcmb,core_mass,chi_li_icb,error_code,weight
0.01,3197.049336650539,0.9979917715504298,0.3344321389437317,0.4365358593388743,21153695777.04872,1410.8371308943722,0,0,0.1054483024282129,0.0959940287645391,5296678719.914446,0.1572814665655377,0.2425320496145055,1350010.0,2006522.688227488,2.436655434471292e+23,0.1516290786171362,0.0,17.153846153846153
0.01,3130.684737711868,0.9973228669839012,0.3312795563970193,0.4384372858111192,18866954597.88379,1432.5351018247916,0,0,0.0963996950180995,0.0856288406664059,5331152876.984843,0.1648584684663784,0.2422354016108629,1450010.0,1996975.078544946,2.4360134631715887e+23,0.1561939066555242,0.0,17.153846153846153
0.01,3162.58435497349,0.9977851594018006,0.3328262270813245,0.437630002074871,20044351121.111607,1421.3422026533108,0,0,0.1001810584127666,0.0901531426179894,5317132275.402108,0.1608167382783859,0.2423559678331475,1400010.0,2001402.89972144,2.4364319371851133e+23,0.1523171816544702,0.0,17.153846153846153
0.01,3139.333956901246,0.9978055085765064,0.3322089017240634,0.4385577453392334,20129930887.136,1423.0922466624295,0,0,0.0912157269184117,0.0823309860159579,5347530452.584945,0.1605348455483023,0.2420947063185549,1400010.0,1996609.647045617,2.4348246000984684e+23,0.1392091454247335,0.0,17.153846153846153
0.01,3225.77461574672,0.9983642075816797,0.3365911741012249,0.435346791824772,23357893676.01905,1394.7176725013485,0,0,0.1029079793133105,0.095821718816276,5295577435.290652,0.150970222728052,0.2425415370621198,1250010.0,2009503.554639372,2.435564461332972e+23,0.1355298719217234,0.0,17.153846153846153
0.01,3054.8968821040585,0.9969121108662106,0.3281679231017596,0.4393623432719394,16378972124.142218,1458.8748444060404,0,0,0.0855720221713788,0.0737284841036073,5362375733.881638,0.174487759383084,0.2419673038967444,1550010.0,1986348.03320873,2.437815728796636e+23,0.1630431992624282,0.0,17.153846153846153
0.01,3206.150405067089,0.9980277382798944,0.3353416794030329,0.4362561068670043,22303666233.542496,1402.807552799152,0,0,0.1018763186043933,0.0939320781645148,5303971002.043687,0.1538761245257595,0.2424692445291323,1300010.0,2006882.668211397,2.435079378319041e+23,0.1399045311359455,0.0,17.153846153846153
0.01,3167.206065775812,0.9977807227278664,0.3329461937932078,0.4374515466841548,20027842056.467445,1420.9623519950649,0,0,0.1020250139443678,0.0917593753477549,5311234772.6703005,0.1608712984402314,0.2424067145884191,1400010.0,2002338.9408222176,2.4367410980129635e+23,0.1550076876403122,0.0,17.153846153846153
0.01,2670.625123117469,0.9926774817652012,0.3179325706141157,0.4321765723403428,6261333429.765698,1613.8796072344787,1,0,0.0049696825703179,0.0038372104718994,5507432406.854032,0.2344771224900613,0.2407288734829132,1900010.0,1926973.908865716,2.447645064801696e+23,0.1199468787298091,0.0,17.153846153846153
0.01,3169.945486352338,0.9977780325516789,0.3330168770940685,0.4373466845349053,20018133791.762688,1420.7321360252477,0,0,0.1031270059219428,0.0927188731815295,5307761232.555654,0.1609034102530637,0.242436612765746,1400010.0,2002891.196195247,2.4369227677288517e+23,0.156614697780045,0.0,17.153846153846153
0.01,3279.393587500274,0.9984938070067338,0.338784305212102,0.4330565479625451,24205629736.3892,1385.7075694895211,0,0,0.1156828881255735,0.1084724913611224,5247175020.445333,0.1487737194739271,0.2429591901987501,1200010.0,2018485.0596810104,2.437660677824821e+23,0.146457231760207,0.0,29.4
0.01,3143.67620438633,0.9978019581497576,0.3323259535787441,0.438380632298634,20113623939.31285,1422.7854085919862,0,0,0.0928493903722937,0.0837579140781954,5341758968.691357,0.1605884384370435,0.2421442704754289,1400010.0,1997515.7029867645,2.435131486965097e+23,0.1416010287727629,0.0,29.4
0.01,3256.818359828955,0.9985173137518988,0.3381471449359059,0.4339056881713167,24303756243.856693,1386.8235296947546,0,0,0.1081090245995161,0.1014987290707982,5272102786.186237,0.1485271990619676,0.2427439302287092,1200010.0,2014380.9153368664,2.4364238614567814e+23,0.1370919107157925,0.0,29.4
0.01,3223.315761128272,0.9980152742378862,0.335813245644615,0.4355980408829116,22234796146.94951,1401.7665116188668,0,0,0.1080257444682955,0.0994580799020207,5283600972.488905,0.1540729787236087,0.2426447568549076,1300010.0,2010178.0924593792,2.43612826926686e+23,0.1480780042985958,0.0,29.4
0.01,3137.92078616406,0.9978066384577188,0.3321706519609063,0.4386154970277609,20135267158.501743,1423.1900515554914,0,0,0.0906885570045992,0.0818703768588825,5349413310.939165,0.1605173201906775,0.2420785407924034,1400010.0,1996314.0673084063,2.434724659089366e+23,0.138436962557039,0.0,29.4
0.01,3154.647088218024,0.9977924748405966,0.3326180832131278,0.4379410506391623,20073089121.92794,1421.969562248293,0,0,0.0970608659806029,0.0874331902077824,5327371310.976903,0.1607219027356404,0.2422679093044095,1400010.0,1999782.531747021,2.4358930665160868e+23,0.1477602564533438,0.0,29.4
0.01,3129.4433750638373,0.9973237837778228,0.3312479812317088,0.4384867357961489,18871174914.276672,1432.6505195749496,0,0,0.0958813657598742,0.0851850120419169,5332829786.3974695,0.1648434217241939,0.2422209888550391,1450010.0,1996713.0930216112,2.4359224707239717e+23,0.155392016084738,0.0,29.4
0.01,3301.4976312955832,0.9986094386978432,0.3407195858772173,0.4314914944071633,26093520717.043324,1373.9988452334308,0,0,0.113620557458315,0.1083164899740107,5241084930.13546,0.1442960357004773,0.2430118332935311,1100010.0,2021075.2815939968,2.437026279766548e+23,0.1354607164996174,0.0,29.4
0.01,3146.894960103838,0.9977992512762368,0.3324121968221525,0.438250493123983,20101632861.09893,1422.5521311546877,0,0,0.0940725873227344,0.084825854835434,5337509093.26575,0.1606278834520963,0.2421807793025331,1400010.0,1998184.0733728707,2.435356962956694e+23,0.143390954522379,0.0,7.333333333333333
0.01,3105.873191937601,0.9973393030217504,0.3306358441253663,0.4394563559801286,18953532102.343235,1434.6755488816004,0,0,0.086346661401238,0.0770053085629163,5365435380.608305,0.1645506173962042,0.2419410612399511,1450010.0,1991652.972225336,2.4341379580485357e+23,0.1406062733863261,0.0,7.333333333333333
0.01,3057.2968041778668,0.9969097329170168,0.3282253960136996,0.4392570705926273,16371722594.811218,1458.573686996648,0,0,0.086696888479825,0.0746523734698403,5358643502.808052,0.1745181544275929,0.2419993223910506,1550010.0,1986907.308959687,2.438030732506716e+23,0.1650602909574031,0.0,7.333333333333333
0.02,2813.0305167783745,0.9940150550613118,0.3215358821994074,0.4364837055912162,9508074469.585249,1533.1807829515335,0,0,0.0268717909891672,0.0216871443200254,5466828443.463707,0.2107944985561169,0.2410743563670793,1800010.0,1949272.1317323048,2.440505246820132e+23,0.1264088583677223,0.0,19.571428571428573
0.02,2780.2218555491518,0.9938131589265348,0.3214682891091289,0.4359370732807522,8064242414.809394,1667.6534409616822,3,0,0.0127068068907396,0.0103258611471329,5508311601.08674,0.2207120691915172,0.2407214028517247,1850010.0,1941628.5981428088,2.4388701544811805e+23,0.0899447468764022,0.0,19.571428571428573
0.02,2750.9603942769068,0.993080298086324,0.3211906975318423,0.4357492461936844,6547256399.247943,1751.4836263403763,2,0,0.0033934700965497,0.0028016593472904,5547417605.2695465,0.2321850807998868,0.2403895453408616,1900010.0,1934540.804899844,2.4355042846603827e+23,0.0639279010213908,0.0,19.571428571428573
0.02,2828.155884434477,0.994010159300638,0.3218755986833402,0.4333059629427266,9471105358.572392,1528.0832423489446,0,0,0.0399725441805129,0.0312221670352591,5381594844.235876,0.2110369981972311,0.2418025477068731,1800010.0,1958192.3972264775,2.4483771323863094e+23,0.1790159554054223,0.0,19.571428571428573
0.02,2787.837545183216,0.993836703584117,0.3218173464461758,0.4369455378475373,8099349244.519751,1712.7374967096605,2,0,0.0106054521566185,0.0087502056323732,5529229680.91158,0.2204597184916968,0.2405437849823151,1850010.0,1940893.406765381,2.4358283290092347e+23,0.0765667716173631,0.0,19.571428571428573
0.02,2762.5156471127807,0.9930862902908832,0.32153383519987,0.4371849485929689,6572551172.12769,1786.2393540806486,2,0,0.0027116953979174,0.0022760360439818,5571165578.5366,0.2319843540071822,0.2401884289208765,1900010.0,1934108.691511907,2.4316635682343585e+23,0.0520005122923229,0.0,19.571428571428573
0.02,3188.8600836614078,0.9978485839641228,0.3341118350529428,0.4361384240558755,19986285131.102028,1400.160801862473,0,0,0.0990811793991726,0.089429970435397,5290130894.81998,0.161008897757127,0.2425884684040344,1400010.0,2006195.696248577,2.437705806775923e+23,0.1500864427802397,0.0,19.571428571428573
0.02,3191.762463176296,0.9978457083175624,0.334186145333724,0.436028462857025,19976145761.778576,1399.9849964117443,0,0,0.1001538725391501,0.0903665269462799,5286534007.726239,0.1610425267110965,0.2426194709018497,1400010.0,2006769.2965725744,2.437895341108425e+23,0.1516444191222662,0.0,19.571428571428573
0.02,3245.2186819452613,0.9984233717398184,0.3375999441937303,0.4341614139576174,23280114407.278976,1373.941333492976,0,0,0.1006532475774989,0.093940633567576,5276159602.194064,0.1511778784108888,0.2427089311928421,1250010.0,2012927.4071236784,2.436568420133333e+23,0.1323466702055198,0.0,19.571428571428573
0.02,3082.590448246221,0.9969780344507568,0.3295749463055626,0.4378309183165887,16373124268.786535,1436.796335892707,0,0,0.084338560742441,0.072988670288953,5333571464.098929,0.1745122765231916,0.2422146147603435,1550010.0,1991645.19374619,2.438937089466268e+23,0.1595436090241665,0.0,19.571428571428573
0.02,3308.669597424072,0.9985195820888174,0.3406525309985009,0.431248835272382,25083070693.163326,1359.268065261787,0,0,0.1117605514098748,0.1059205730128813,5227409588.654484,0.1466241925910611,0.2431301197036562,1150010.0,2022797.2562068845,2.4379140788692703e+23,0.1369209620424255,0.0,27.958333333333332
0.02,3079.756011724657,0.9969810291812284,0.3295077486238698,0.437953687332607,16381541721.06078,1437.059804365354,0,0,0.0831254241575362,0.0719882849805072,5337861750.453743,0.174476989291933,0.2421777493946342,1550010.0,1991000.2668100167,2.4386881294361612e+23,0.1573851358463898,0.0,27.958333333333332
0.02,3329.1606663553425,0.9986094524886906,0.3418582255026173,0.4301040275160381,25945965831.12387,1353.3468876468187,0,0,0.1141841442365703,0.1089844578144385,5213651294.102591,0.1446265537737058,0.2432492297761803,1100010.0,2025776.9579430344,2.438358204216736e+23,0.1359511029907704,0.0,27.958333333333332
0.02,3324.1360856333813,0.9985056030840506,0.3410869408797159,0.430682955877004,25015171371.422607,1358.773393099295,0,0,0.1165287307067127,0.1103635839034732,5211298992.865825,0.1467861890696192,0.2432696050851487,1150010.0,2025482.044123684,2.4387186042146464e+23,0.1426350699559546,0.0,27.958333333333332
0.02,3245.6583671461653,0.9981348647889852,0.3369368859783897,0.4342814245595304,22160312883.28295,1381.140762960452,0,0,0.1059579750171928,0.0977946469820566,5261483230.435698,0.1542868715316011,0.2428355911624122,1300010.0,2014095.3721910224,2.4374386997487995e+23,0.1449306510619091,0.0,27.958333333333332
0.02,3224.764426640265,0.9981497162278938,0.3363683441198909,0.4350712915095439,22242749961.956665,1382.043835464973,0,0,0.0989884452891253,0.0915185948197391,5285718073.9275255,0.154050198971886,0.242626504654432,1300010.0,2010160.2248468727,2.4361827572590047e+23,0.1356913245365902,0.0,27.958333333333332
0.02,3143.849282966216,0.9975003113986594,0.332282434858882,0.4374335750095791,18870710645.766563,1412.0408002027325,0,0,0.0900277065668287,0.0803967770229553,5321504669.340779,0.1648450767839566,0.2423183568699764,1450010.0,1999111.2886430933,2.436608836144442e+23,0.1455803721756731,0.0,27.958333333333332
0.02,3317.839289939596,0.9986204462286756,0.3415308959337249,0.4305260004809452,25998825728.540413,1353.6416824612916,0,0,0.1108527124410478,0.1058492407975704,5225343383.679762,0.1445077847841143,0.2431480007218845,1100010.0,2023824.166732922,2.4377799110403044e+23,0.1320575414497369,0.0,27.958333333333332
0.02,3182.816510040672,0.99785444897947,0.3339560709546083,0.4363695823199732,20007585336.890278,1400.518106124929,0,0,0.0968647135895489,0.0874936892667455,5297676032.631933,0.1609383241222194,0.2425234584595647,1400010.0,2004994.7771228943,2.437307351767143e+23,0.1468649116608871,0.0,27.958333333333332
0.02,3160.3078698727545,0.997488173149258,0.3326980012838022,0.436784151798452,18815545574.60972,1410.9287765097972,0,0,0.0963301465207949,0.0858101595378864,5299774180.569204,0.1650420894064854,0.2425053861935715,1450010.0,2002515.6190968747,2.43779854518721e+23,0.1552839491277402,0.0,7.9
0.02,3163.1926410332217,0.9974859077493662,0.3327697742481432,0.4366728687415665,18806063163.72423,1410.7237822138604,0,0,0.0974529770168618,0.086773027900474,5296031228.367728,0.165076025424761,0.2425376276017016,1450010.0,2003104.8006609024,2.4380023422115737e+23,0.1570091845777957,0.0,7.9
0.02,3134.7582834458663,0.9975064203243266,0.332048355039846,0.4378032437913073,18901980846.404488,1412.6121270654585,0,0,0.0866329419299823,0.0774747839115398,5333790681.312256,0.1647337139222372,0.2422127308320041,1450010.0,1997198.7903367176,2.4359312906414063e+23,0.140339843286722,0.0,7.9
0.02,3029.3921141890705,0.996525631906713,0.3277461767991247,0.4384447013955995,15109112410.86664,1452.7912436590648,0,0,0.0728052455324102,0.0621827604731952,5365818117.607491,0.1800364842714922,0.2419377788636005,1600010.0,1983244.568939865,2.4385296327650165e+23,0.1533054034775771,0.0,7.9
0.02,3164.6426889483146,0.9978710600927796,0.3334791735577314,0.4370826867350736,20073191866.28049,1401.520572831196,0,0,0.0903522548783202,0.0817958581188392,5320823311.814549,0.1607215639964828,0.2423242171467864,1400010.0,2001329.6012162145,2.436078034026385e+23,0.1373811381701876,0.0,7.9
0.02,2991.5623319912534,0.9957942851487992,0.3263186099323411,0.437833692916604,13746473012.796572,1468.3127764014257,0,0,0.0688606972528458,0.0576236250362832,5364991816.674962,0.1865227338368468,0.2419448653740367,1650010.0,1979040.0849183863,2.4398243208396013e+23,0.1637811872372368,0.0,7.9
0.02,3163.6280814242377,0.9974855642071614,0.3327805813265752,0.4366561347478459,18804636565.03873,1410.692585658622,0,0,0.0976228735153217,0.0869186780427918,5295467914.284955,0.1650811328016138,0.2425424806108366,1450010.0,2003193.5435234988,2.438032991375085e+23,0.1572701365862105,0.0,7.9
0.03,2866.2378430555755,0.9938477841852542,0.3252575968552794,0.4444127645973693,8417619574.757006,1943.2299027327304,0,0,0.0004302663541221,0.0003951016855581,5673555669.763859,0.2181980500461516,0.2393248554703866,1850010.0,1939166.8781692565,2.411374717434704e+23,0.0032673595474119,0.0,21.533333333333335
0.03,3334.0536098743114,0.9984625221162718,0.3411129821950466,0.4302569818460423,23967437738.723656,1343.819277356762,0,0,0.1151735724215909,0.1083586249281677,5193933937.235759,0.1493787040501988,0.2434201152286187,1200010.0,2027726.0462278335,2.4400505676020463e+23,0.1452864158744835,0.0,21.533333333333335
0.03,3033.560734441462,0.9960010771976676,0.328096781988226,0.4356375467280806,13745285578.443354,1443.258270561077,0,0,0.0737822055281486,0.06174911157096,5312236398.486985,0.1865286403367776,0.2423980944400962,1650010.0,1987964.7595036523,2.4428000419697983e+23,0.1723022680625172,0.0,21.533333333333335
0.03,2863.9665818633525,0.993841546506333,0.3251737797335484,0.4439948114028684,8409933867.918186,1932.6511212917428,0,0,0.0007709618413857,0.0007049220361692,5665158756.797225,0.218252116152012,0.2393954601577574,1850010.0,1939558.5140365008,2.412527783721274e+23,0.0058312483831955,0.0,21.533333333333335
0.03,2838.716756208076,0.9937639078028286,0.3242000246929045,0.4392594206841529,8317141938.217088,1807.9042424434592,0,0,0.0055113508113571,0.0047902132663357,5568869633.564331,0.2189070091310017,0.240207859226169,1850010.0,1944179.1039322077,2.4256364318877823e+23,0.0398263088157753,0.0,21.533333333333335
0.03,2823.2103790260594,0.993312957579806,0.3240271869439479,0.4398190638523586,6788374019.00951,1852.0394059918103,0,0,0.0013831253790479,0.0012182728531677,5603357242.726693,0.2302850455509598,0.2399162998874352,1900010.0,1939383.8681844573,2.4220900328970383e+23,0.0231762401225102,0.0,21.533333333333335
0.03,3255.813236858583,0.9978786041161488,0.3370333548547799,0.4334528653231584,20984296805.312664,1367.9535888932994,0,0,0.1054358590971968,0.0964497108102122,5236934784.5586405,0.1578049564005143,0.2430477193342676,1350010.0,2016972.8577688131,2.4388717463738026e+23,0.150591387580613,0.0,21.533333333333335
0.03,2830.123852551389,0.9937311965807344,0.3238348245694883,0.4376814812421418,8280416752.552531,1760.0841050176975,2,0,0.0076776683598057,0.0065484633554243,5536017924.479688,0.2191672956356646,0.2404861970926001,1850010.0,1945770.7636607927,2.4300841119976672e+23,0.0542132173849422,0.0,21.533333333333335
0.03,2810.861095181577,0.9933009246583328,0.3236689916031618,0.4381799548639793,6763287602.420922,1816.041744953002,0,0,0.0020611698396893,0.0017848481191586,5575656101.563049,0.2304813444011279,0.2401504345471611,1900010.0,1940059.6471613257,2.4264461686703893e+23,0.0339785717837999,0.0,21.533333333333335
0.03,3113.595192929206,0.9969638381386768,0.3310192459795462,0.4362170441612435,16356592894.353231,1413.8149740994882,0,0,0.0843752616123791,0.0732902832823788,5300860312.099057,0.1745816347595134,0.2424960318357192,1550010.0,1997536.420638696,2.4400656458138613e+23,0.1583672685268697,0.0,21.533333333333335
0.03,3216.659439966831,0.9978690284170462,0.3354085776915623,0.4346314003732366,19923493785.2951,1378.1492963982298,0,0,0.0984202979623151,0.0890828528461353,5262080216.268799,0.161217512819188,0.2428304366996263,1400010.0,2011168.249750444,2.438917943234228e+23,0.1485196515439204,0.0,21.533333333333335
0.03,2792.013148469343,0.9935564729436904,0.3220882921978429,0.4305615392043662,8097099620.689104,1527.589953920211,0,0,0.0231424731400731,0.0180295923156734,5385054583.507079,0.2204758717056523,0.2417729108801355,1850010.0,1953345.1438335527,2.450286780829318e+23,0.1538143336692237,0.0,21.533333333333335
0.03,2756.166110247525,0.9932371847709044,0.3219610365654543,0.4315528883284459,6632440104.151278,1638.7866467362746,3,0,0.0060973925561157,0.0048824340194113,5464342574.8329735,0.2315104187441375,0.2410955372642544,1900010.0,1942125.63338128,2.444405873620446e+23,0.0934878668400227,0.0,21.533333333333335
0.03,3073.3937936693346,0.9966650868258284,0.3295525845388033,0.4361795664764425,15077338954.580835,1428.0664716302003,0,0,0.0785576152304911,0.0670876451106344,5311242970.376059,0.1801812783159027,0.2424066440354043,1600010.0,1992408.7391649012,2.441445693806281e+23,0.1629435037998196,0.0,27.26086956521739
0.03,3178.190661629709,0.9976196916867952,0.3337967354628403,0.4356265267252402,18802658346.38355,1389.2894804136113,0,0,0.0918262847241312,0.0821719185863291,5284356920.568537,0.165088215821076,0.2426382392993351,1450010.0,2005553.1067401825,2.43859091760673e+23,0.1476138896406098,0.0,27.26086956521739
0.03,3387.479335866618,0.9985851787048524,0.3444131656403965,0.4272493202684881,26551694558.523376,1326.505969456983,0,0,0.1200815051513827,0.1154392491335073,5162916478.684905,0.143289714338525,0.2436893795120638,1050010.0,2034980.388340228,2.4403999350769945e+23,0.139204346242443,0.0,27.26086956521739
0.03,3300.256695270707,0.9984313241218454,0.3395653397481745,0.4316885837620422,23059161783.470783,1351.3443059878446,0,0,0.1092320110298351,0.1019449967436915,5218245281.889534,0.1517735390053937,0.2432094462696128,1250010.0,2022691.3970585624,2.439479785642791e+23,0.1429778614379763,0.0,27.26086956521739
0.03,3159.36857152786,0.9970921782270245,0.3326577179192489,0.4356368015326654,17565067837.966606,1400.2702490802435,0,0,0.092853468739305,0.0817800397700036,5277223379.41213,0.1697028171296609,0.2426997552821359,1500010.0,2004171.8735973772,2.4393675111209623e+23,0.1598866358021443,0.0,7.4
0.03,3079.1758737247533,0.9966602243699986,0.3296820611800126,0.435917375075647,15061853205.42145,1427.568218484955,0,0,0.0809887917858311,0.0690454705694179,5302113948.484811,0.1802519565100002,0.2424852356555749,1600010.0,1993754.5271013067,2.442009443585837e+23,0.167621856324402,0.0,7.4
0.03,3069.503848588384,0.9966683037142036,0.3294648279770724,0.4363585691629993,15087859642.54473,1428.3964936451007,0,0,0.0769243168259031,0.0657694966488693,5317457188.315253,0.180133301625621,0.2423531725920641,1600010.0,1991495.8217155775,2.4410606699456653e+23,0.1597918921260461,0.0,7.4
0.03,3055.641324908701,0.9966793473688608,0.3291476283466012,0.4370141208826419,15126055757.031548,1429.531848712806,0,0,0.0711517509373689,0.061093232775626,5340090363.009026,0.1799593943237213,0.2421586035369315,1600010.0,1988192.0613067176,2.4396498163306085e+23,0.148600108216027,0.0,7.4
0.03,3129.666395419223,0.9971087005725494,0.3319375014093635,0.4368320934294919,17656906259.34389,1402.019214474222,0,0,0.0817867809825663,0.0724263248870593,5317673070.375099,0.1693474829570569,0.2423513153811855,1500010.0,1997920.2388847144,2.4370494572247357e+23,0.1417945696508198,0.0,7.4
0.03,3075.711711184314,0.9966631460545096,0.3296046247628998,0.4360739158772525,15071109522.225817,1427.8677742116186,0,0,0.0795320284840257,0.0678729592260955,5307568103.393218,0.1802097013891325,0.2424382753053677,1600010.0,1992949.822599301,2.441672882144253e+23,0.1648204567299185,0.0,7.4
0.04,2861.675291359675,0.9936229784412048,0.3253656940002739,0.436705473326707,8407768518.452655,1746.2725065054774,2,0,0.0075371096924613,0.0064911809883078,5508067747.689708,0.2182673534623156,0.2407234748639256,1850010.0,1952019.400261513,2.4294207858104556e+23,0.0505969799736519,0.0,23.41176470588235
0.04,2843.5045715395595,0.9932906013901588,0.3252526110204988,0.437250026612773,6914735305.043164,1800.4504681984708,0,0,0.0021675212155071,0.0018941158411022,5547210000.85319,0.2293011325110786,0.2403913048666882,1900010.0,1946551.7468071391,2.425937327475406e+23,0.0309521388540002,0.0,23.41176470588235
0.04,3251.887470115369,0.9978385386012448,0.3368597994060684,0.4329000088393823,19836891122.250156,1355.3089279427195,0,0,0.0999869165221063,0.0906812761590462,5226284518.211596,0.1615066380690584,0.2431398558092284,1400010.0,2017404.3964334517,2.440419158223007e+23,0.1501770053687413,0.0,23.41176470588235
0.04,2897.314871491624,0.9947710690401104,0.3264889646781114,0.4382524438320658,9922349018.06284,1768.7177260269425,0,0,0.010222920087016,0.0089486939876942,5519010811.111483,0.208116537532889,0.2406305244326749,1800010.0,1955527.257276798,2.428205757561849e+23,0.0464445130990197,0.0,23.41176470588235
0.04,2879.4646455162083,0.993616886050557,0.3260941444853322,0.4402133981714738,8484162436.58824,1846.6064384707036,0,0,0.0030990261743448,0.0027751198456774,5580390259.313995,0.2177310731653082,0.2401103907838631,1850010.0,1948361.406768235,2.4194349919446547e+23,0.0215327777224908,0.0,23.41176470588235
0.04,2868.487775469532,0.9933294108019228,0.3259963742747244,0.4406141815230195,6967614479.663577,1876.4220493477144,0,0,0.0006467217619602,0.0005850922223307,5605027178.499758,0.2288917809624746,0.2399021987807726,1900010.0,1944996.0184733728,2.4169511390828464e+23,0.0095393973819405,0.0,23.41176470588235
0.04,3256.432685653278,0.997833469050924,0.3369711254739915,0.4327382640175258,19822028286.26192,1355.156332971644,0,0,0.1014477849732116,0.0919603545969609,5221072650.993764,0.1615564218692664,0.2431849674213004,1400010.0,2018247.6444168123,2.4406945015634685e+23,0.1522754118770517,0.0,23.41176470588235
0.04,3196.9917396828605,0.9977070126997256,0.3348944085026667,0.4344663792233599,18785903487.62958,1366.7491035643295,0,0,0.0880411488929043,0.0791273102216733,5268037196.192979,0.1651482431949044,0.2427790142198478,1450010.0,2008729.5167822847,2.4393033007228505e+23,0.1411230683743594,0.0,23.41176470588235
0.04,2869.37200323772,0.9936200177803592,0.3256894897470127,0.4381952858772902,8442070320.612824,1791.0485025452922,0,0,0.0054659715477862,0.0047884129940739,5538925211.0506735,0.21802622762433,0.2404615409723988,1850010.0,1950468.083890068,2.4251475981175512e+23,0.0372614848047533,0.0,23.41176470588235
0.04,2854.5440502117085,0.9933081353798584,0.3255833991859349,0.438738455919602,6938481675.2631855,1834.336372276576,0,0,0.0014490238607955,0.0012861179701377,5572844577.593078,0.2291171315757073,0.2401742215899427,1900010.0,1945856.2022232024,2.421960952072509e+23,0.0209910528932356,0.0,23.41176470588235
0.04,3212.3939268808394,0.9976943894135808,0.3352719993370721,0.4338837445774086,18736640405.432835,1366.1819498223258,0,0,0.093132212081969,0.0835221561436188,5248910164.642527,0.1653251164351445,0.2429441953254827,1450010.0,2011756.22970225,2.440359792826545e+23,0.1488791070653883,0.0,23.41176470588235
0.04,3018.2642258577434,0.9986653923627236,0.3324796687063884,0.443600609165977,31650704724.24674,2158.755325561916,0,0,0.0001995521618206,0.0001977516227678,5627119556.968623,0.133898431036603,0.2397157924978838,900010.0,1961295.675660726,2.4161258388104168e+23,0.0002208975301045,0.0,23.41176470588235
0.04,3019.126475811021,0.9987063004359512,0.3324959876200365,0.4435394244658172,30759607066.11175,2145.990444487219,0,0,0.0008663690892019,0.0008568036638971,5624930501.164463,0.1353235339129149,0.2397342508931123,950010.0,1961568.3741110223,2.4164237230449064e+23,0.0009774007527983,0.0,23.41176470588235
0.04,3020.1984427052794,0.998694335773188,0.3325070636455465,0.4434706008616049,29824147103.811268,2132.263095913517,0,0,0.0016300725609711,0.0016084708152893,5622101420.231611,0.1369111057645219,0.2397581099519795,1000010.0,1961915.7721889615,2.416599386259074e+23,0.0018788850421434,0.0,23.41176470588235
0.04,3021.51987790994,0.9987054378740888,0.33252012331143,0.4433795113916642,28844881132.62211,2117.383580752195,0,0,0.0025102060222978,0.0024705447184532,5618464775.120156,0.1386797512738568,0.2397887860502291,1050010.0,1962355.6028628016,2.4169189481119868e+23,0.0029643291265217,0.0,23.41176470588235
0.04,3023.1404573870595,0.9986954597287088,0.3325296690495992,0.4432667320808415,27822355725.74736,2101.0980446001736,0,0,0.0035324021117704,0.003466418366671,5613801082.801847,0.140650699817947,0.2398281361869209,1100010.0,1962910.797846075,2.417257252775459e+23,0.004286844198065,0.0,23.41176470588235
0.04,3025.1286637808007,0.9986273062149582,0.3325314549227003,0.4431287861839468,26757051789.370934,2083.0536454126645,0,0,0.0047320212052036,0.0046283180068075,5607813453.288627,0.142848308453001,0.2398786746016475,1150010.0,1963612.4918393996,2.4175196812622584e+23,0.0059215429149983,0.0,23.41176470588235
0.04,3027.575069425703,0.998635138305875,0.3325417792710265,0.442931037197985,25649370683.078514,2062.7469557299205,0,0,0.0061592083550736,0.0060003573201992,5600094199.777948,0.145300584520427,0.2399438577701228,1200010.0,1964502.983873293,2.418187898855811e+23,0.0079774988438221,0.0,23.41176470588235
0.04,3030.6157754092524,0.9985328362292804,0.3325345243091981,0.4426900697910232,24499488649.02637,2039.4251418841816,0,0,0.0078891083539929,0.0076507734073661,5590061201.860091,0.1480401375905743,0.2400286276277711,1250010.0,1965643.365547445,2.418702597530939e+23,0.0106203922540707,0.0,23.41176470588235
0.04,3034.457436519244,0.9983003263936449,0.3325047938091583,0.4423853920306368,23307214898.769836,2011.9034493989573,0,0,0.0100405874192188,0.0096853332481836,5576853626.048026,0.1511054061124368,0.2401403041498501,1300010.0,1967124.43634614,2.4190790743955764e+23,0.0141144785246209,0.0,23.41176470588235
0.04,3039.4518980384423,0.9981366483045108,0.3324850292692748,0.4419318689242789,22071538338.248894,1978.1421819847608,0,0,0.0128212413453839,0.0122834674762385,5559105371.972394,0.1545431608059142,0.2402905253904734,1350010.0,1969092.7191994975,2.4201025929728905e+23,0.0189177654230075,0.0,23.41176470588235
0.04,3046.2285241436284,0.9980431664761652,0.3324723293223259,0.4412630268969055,20789822368.701626,1934.2509572831805,0,0,0.0166298335783379,0.0157891628879325,5534505076.357462,0.1584130866685588,0.2404990291003944,1400010.0,1971799.2622010843,2.421993947020139e+23,0.0259005833673592,0.0,23.41176470588235
0.04,3056.2613755117354,0.9977689381076336,0.3324201187742954,0.4403073625549735,19454447107.502068,1870.8539597208533,0,0,0.0224338638408495,0.0210380867149605,5498367490.41718,0.1628030817173001,0.2408059241909869,1450010.0,1975773.4867010012,2.4243497573364556e+23,0.0370977512362091,0.0,23.41176470588235
0.04,3074.757074086802,0.9972850870903572,0.3323182839482685,0.438785352956036,18039797628.30636,1757.8626569619814,2,0,0.0336265472709056,0.0309116076056461,5438093490.130514,0.1678886750823182,0.2413194021490321,1500010.0,1982568.231900068,2.428122044439377e+23,0.0584566981146331,0.0,23.41176470588235
0.04,3135.9901108658805,0.9968814416215972,0.3322228778307282,0.4350205851814906,16363728007.94896,1390.8715890799433,0,0,0.0810321183097073,0.0707866899465077,5281447595.184941,0.1745516898794906,0.2426633243778995,1550010.0,2001413.4336022616,2.440193037286838e+23,0.1513227039593979,0.0,23.41176470588235
0.04,2897.041802771452,0.9947706288982436,0.3264650631796473,0.4381286011405763,9918436174.236317,1764.0526225274257,0,0,0.0105212829555339,0.0091963910645961,5515964256.885091,0.2081414951612826,0.2406563952375965,1800010.0,1955740.2675472395,2.4285761249965697e+23,0.0477447587702444,0.0,23.41176470588235
0.04,2878.858620705348,0.993617046287724,0.3260703907854617,0.4400916931169065,8481723242.364521,1843.3630383276416,0,0,0.0032302243254677,0.0028888597349555,5577900394.2945175,0.2177481550251562,0.240131449713113,1850010.0,1948487.6188458025,2.419777924231566e+23,0.0224184625788133,0.0,23.41176470588235
0.04,2867.66735165426,0.9933281964004524,0.325972151423166,0.4405044142306816,6965915227.027878,1873.9561678727623,0,0,0.0006910107092366,0.0006244682012263,5603148095.377016,0.228904913453903,0.2399180660566774,1900010.0,1945045.3828693512,2.41724461771031e+23,0.010182016916159,0.0,23.41176470588235
0.04,3324.44346463616,0.9984585382554936,0.3412541005492624,0.4302056160512389,24000418086.43731,1322.3962841015282,0,0,0.1042226891293802,0.0984040888182617,5205956758.338009,0.1492943774510252,0.2433158903574306,1200010.0,2025915.2543042805,2.439231893001082e+23,0.1315646761629545,0.0,26.80952380952381
0.04,3347.170968606474,0.9984228916133788,0.3412486791981328,0.4296173337392722,22881384330.80735,1328.7383724893014,0,0,0.1144252311799764,0.1068620938354919,5172214389.465703,0.1522590543654992,0.243608606847578,1250010.0,2030586.6992216252,2.4417318220467384e+23,0.1492397464910644,0.0,26.80952380952381
0.04,3055.90990909538,0.9962478843388648,0.3294356891002025,0.4344995658684777,13791745086.25408,1419.9708560105685,0,0,0.0695574308592076,0.0586815923225511,5296310374.821107,0.1862978825485514,0.2425352227919542,1650010.0,1991686.3535947967,2.443469444406494e+23,0.16123163273835,0.0,7.0
0.04,3241.711109999309,0.9976688558212184,0.3359708424078823,0.4328195150256996,18646336164.22182,1365.0111637233772,0,0,0.1029238988172253,0.0919391182502237,5213774804.509344,0.1656508174187251,0.2432481600321474,1450010.0,2017366.4031114583,2.442287774332428e+23,0.1637165814211179,0.0,7.0
0.04,3091.507616944545,0.996744600244578,0.3307281459171504,0.4351865108801573,15115011716.754704,1405.176135627985,0,0,0.0732346248850839,0.0630344184450664,5299767407.234066,0.1800096335879713,0.2425054445313046,1600010.0,1995266.514525252,2.4414577569552897e+23,0.1512056959901325,0.0,7.0
0.04,3182.016650912892,0.997286165343841,0.3338994376165139,0.4343189187788648,17553705703.95142,1377.6571805210226,0,0,0.0896355579027822,0.0792954507461189,5256973206.106578,0.1697469262574105,0.242874537834387,1500010.0,2008066.1528313896,2.440577007228949e+23,0.1537013240178804,0.0,7.0
0.04,3092.7120292336776,0.9967435127243054,0.330755218181097,0.4351311498183879,15111779319.80696,1405.1003320322905,0,0,0.0736982950551832,0.0634112705918578,5297874246.662969,0.1800243445635328,0.2425217510499847,1600010.0,1995544.5853294749,2.4415760694217824e+23,0.1520953399256388,0.0,7.0
0.05,2917.7543720403005,0.9940847633130072,0.3281044099521467,0.440566640751011,8638630689.468672,1876.5744100133088,0,0,0.0010656311066403,0.0009779829005812,5586763551.733345,0.2166548182488725,0.2400565018948753,1850010.0,1952559.1440190168,2.416153006239854e+23,0.0071312664942204,0.0,26.6
0.05,3365.741433577183,0.9984206815528256,0.3421727978267079,0.4285610172658608,22812553190.4274,1306.2829151647384,0,0,0.1109326436291712,0.1038470529595421,5156170900.299561,0.1524485459731433,0.243748010157068,1250010.0,2033505.4734630776,2.4424009969899373e+23,0.1444954831549984,0.0,26.6
0.05,3208.918783069176,0.9974307924334304,0.3352143614172578,0.4328762479277799,17529014785.152298,1354.2788384542962,0,0,0.0880054128437921,0.0781372619426806,5231824095.867313,0.1698428916675286,0.2430919244320616,1500010.0,2012726.5740182728,2.441934937630033e+23,0.1501622453299204,0.0,26.6
0.05,2929.489063673184,0.994868288882636,0.3267924385787817,0.4287623277559221,9738231139.41269,1449.241349991583,0,0,0.0429274785127568,0.0340788320189605,5274206043.488,0.2092978175829273,0.2427257838175174,1800010.0,1979194.704826617,2.453384414923382e+23,0.1732656991718379,0.0,26.6
0.05,2882.066477440794,0.9940703850407734,0.3265093980997626,0.4331773681991959,8464062883.27277,1649.8940853829426,2,0,0.0118157057945468,0.0099557821796653,5430891409.107494,0.2178719126658077,0.2413808917839636,1850010.0,1960812.619646425,2.437434240190341e+23,0.0718478286670423,0.0,26.6
0.05,2857.460265071926,0.9930113151266656,0.326140988750108,0.4338701833597307,7015438031.784809,1723.077222350883,0,0,0.0038278319715255,0.0032842752445305,5474396833.027204,0.2285227760178119,0.2410098908087442,1900010.0,1954239.216834987,2.4316108574398343e+23,0.0472806239770629,0.0,26.6
0.05,2868.138302214528,0.9940602358067344,0.3255060905867752,0.4247511026972013,8301019053.647448,1469.6831608271516,0,0,0.034749979110477,0.0265155277370413,5240237468.942763,0.2190212021408815,0.2430191604491849,1850010.0,1974711.183271366,2.460599692856361e+23,0.1955149827639038,0.0,26.6
0.05,2827.1104823915257,0.992920104186478,0.3251068648020837,0.4300812398747853,6933002273.547617,1612.3716631038092,2,0,0.0071916494836707,0.0058885169135505,5407428143.222732,0.2291595640216344,0.2415814152672565,1900010.0,1955936.2327828945,2.441995604414359e+23,0.0842646340433495,0.0,26.6
0.05,2966.412215468508,0.9956771378751332,0.3296428401654029,0.4415164746081287,13012075294.009771,1892.4823796503288,0,0,0.0048065132659159,0.0044582244748373,5576888971.550975,0.1902642023554821,0.2401400051583508,1700010.0,1959197.5614667048,2.4173994486814425e+23,0.0138640346808342,0.0,26.6
0.05,3398.707380544549,0.9985577602389804,0.3447927167534274,0.4265923777070166,25579882437.917145,1287.279516399227,0,0,0.1109919347113985,0.106365304774546,5148892586.009261,0.1454603885637279,0.2438113000302899,1100010.0,2037044.6889658368,2.441316748861671e+23,0.1317359337567485,0.0,26.6
0.05,3419.8515568809858,0.9985413933691866,0.3447925043445056,0.4262172480863719,24578644076.57572,1292.7424959001978,0,0,0.1189890093777837,0.1130958049095522,5122497737.986249,0.1478449198109212,0.2440410724605247,1150010.0,2040905.717386668,2.4431982704972617e+23,0.1449160182452339,0.0,26.6
0.05,2862.837995132126,0.99406045736275,0.3255098909680294,0.4307118370010304,8357974504.801981,1511.7244333184924,2,0,0.0190510564172992,0.0154206976335476,5377130906.778819,0.2186183404550298,0.2418407965470956,1850010.0,1962848.079555628,2.445469054190664e+23,0.1105740328035152,0.0,26.6
0.05,2827.2337855394358,0.9929204964724226,0.3251112785713608,0.430094820487274,6933366006.432473,1612.8495802123932,2,0,0.007176897720683,0.0058775166629984,5407665154.295914,0.2291567468085591,0.2415793881764621,1900010.0,1955932.1884282173,2.441957451545697e+23,0.0841058920736081,0.0,26.6
0.05,3128.0797640537817,0.996724687312424,0.332274712922484,0.433411522130558,15101866182.94626,1380.6555443642576,0,0,0.0750701047247032,0.0647768198811452,5260329368.160492,0.180069479562658,0.2428455543445661,1600010.0,2002236.723336892,2.4429735176406053e+23,0.1532967738258239,0.0,26.6
0.05,2903.61132312984,0.994080092801464,0.3275240887000894,0.4375846219707437,8577237041.158204,1795.2771107827054,0,0,0.0044114564903971,0.0039226602641225,5525023852.587741,0.217081283953345,0.2405794777695639,1850010.0,1955809.8510344147,2.4245842864822545e+23,0.0287082852440799,0.0,26.6
0.05,2890.773698777645,0.9930911813953064,0.3271819872405963,0.4384255941105326,7092368746.673903,1831.6993318765465,0,0,0.0011415453887524,0.0010278661046253,5554361201.032831,0.2279315826570351,0.2403307094200287,1900010.0,1951866.2772547728,2.419386641447897e+23,0.0147099051514803,0.0,26.6
0.05,3274.680725143093,0.9977776150766288,0.3379741312819407,0.431661310110644,19792239446.64669,1332.4101128490215,0,0,0.0973694832605367,0.0886074016352247,5205786916.171559,0.1616563459671351,0.2433173621384313,1400010.0,2021186.5148619453,2.4409832174098048e+23,0.1458355274578673,0.0,26.6
0.05,2856.6792615426534,0.9940668182815352,0.3252649202829454,0.4285285641632312,8325793076.151185,1473.3288669123958,0,0,0.0236756170856183,0.0187948268077879,5331684415.157597,0.2188457853251527,0.2422308329591433,1850010.0,1965817.3581312108,2.451278224657822e+23,0.1421748021993218,0.0,26.6
0.05,2820.16827247952,0.9928961370362366,0.3248548772185894,0.4293503599354566,6912141436.286435,1585.0985470349376,1,0,0.0080222208832742,0.0065024386437002,5394735002.964483,0.2293212485530452,0.2416900218526096,1900010.0,1956109.6211956483,2.4440630835415e+23,0.0932266009172041,0.0,26.6
0.05,3219.770069970023,0.9977467169206952,0.3360657215998719,0.4331878795778774,18755608122.580723,1343.4614181011868,0,0,0.0857569353372838,0.0773611135120301,5247105253.261006,0.1652569480408596,0.2429597931523587,1450010.0,2012632.3832121524,2.4401405354082864e+23,0.1369821151164126,0.0,26.6
0.05,3242.851855852836,0.9974079101741152,0.3359878724955585,0.4316328194842973,17433163857.48934,1353.105620853634,0,0,0.0988658606793086,0.0873033894979954,5190350603.338046,0.1702168953213601,0.2434511946213329,1500010.0,2019276.9258745252,2.444318592379224e+23,0.1675453866915993,0.0,26.6
0.05,3089.2210412199697,0.9964030143754852,0.3309691450169951,0.4328575106273332,13808956181.281704,1395.3571165777705,0,0,0.0699457404499306,0.0592343391114945,5262210833.1681385,0.1862125742186145,0.2428293089609279,1650010.0,1997978.9166342104,2.445113305068588e+23,0.1601437812497661,0.0,24.88888888888889
0.05,3166.9173111999016,0.9966844673982966,0.3331041674209916,0.4317831893195726,15004719203.948357,1378.7152117203882,0,0,0.0886631769200997,0.0757349072523559,5204655611.109928,0.1805133369553316,0.2433271659683167,1600010.0,2010592.1744976167,2.4464184160682563e+23,0.1787420155084402,0.0,24.88888888888889
0.05,3272.9062267759373,0.9977796845147404,0.3379309488166913,0.4317240116223251,19797976294.860023,1332.450643688206,0,0,0.0968409331214959,0.0881431170741103,5207784619.385853,0.1616370871580719,0.2433000519083422,1400010.0,2020862.706648788,2.440877134363312e+23,0.1450786078253536,0.0,24.88888888888889
0.05,3316.115867580489,0.9983614449096886,0.3402876329771823,0.4303767740892628,21928848328.50231,1314.4782530033494,0,0,0.1008571344258953,0.0937342335788496,5194574897.840627,0.1549582137709296,0.2434145567369554,1300010.0,2025992.557874896,2.44104625710369e+23,0.1370706869855086,0.0,24.88888888888889
0.05,3340.4719613023703,0.9980736448587254,0.3402360055986583,0.429562989094005,20736097132.81447,1322.1581952330152,0,0,0.1119186522109217,0.102595587984853,5153989770.449199,0.158582447504933,0.2437669734168093,1350010.0,2031341.693015241,2.4434810521086927e+23,0.1584209817452337,0.0,24.88888888888889
0.05,3239.8601305809384,0.9974099648628127,0.3359208340799091,0.4317396079034679,17441419756.865498,1353.2115694421846,0,0,0.0979189383672992,0.0865075709511566,5193918487.37877,0.1701845895894501,0.2434202492145964,1500010.0,2018709.9445259687,2.444114077077316e+23,0.1660378756423182,0.0,24.88888888888889
0.05,3332.386578948018,0.9983485927977248,0.3407034231926573,0.4298120952508008,21870506246.05349,1314.233339283947,0,0,0.1053945348100458,0.0978359196915144,5177567003.077909,0.1551290295810453,0.2435621298420822,1300010.0,2028807.4808905297,2.4419368340921344e+23,0.1430238166078859,0.0,24.88888888888889
0.05,3253.356396591584,0.9978021395974314,0.3374492168949137,0.432426766348583,19862257964.94551,1332.8772715072505,0,0,0.0910422335073864,0.0830415095498588,5230135064.274988,0.1614217815947922,0.2431065370044108,1400010.0,2017253.159705231,2.4396877076921195e+23,0.1367578316428413,0.0,24.88888888888889
0.05,3277.184666367757,0.9976949740496036,0.3374249005197782,0.4311215970755307,18580944257.58198,1341.8582104484371,0,0,0.1034417522893574,0.0926148114532295,5179696873.360575,0.1658878631889859,0.2435436405712229,1450010.0,2023419.412566994,2.4438628998728787e+23,0.1636752906349815,0.0,24.88888888888889
0.05,3120.4525110259483,0.9967325107029305,0.3321069384748841,0.4337497684754908,15121717092.304785,1381.0246274570404,0,0,0.0723534441283571,0.0625637187976608,5271808376.712269,0.1799791265791386,0.2427464705226091,1600010.0,2000537.2484499733,2.4422562914296662e+23,0.1481429778430545,0.0,4.888888888888889
0.05,3153.668776255671,0.9968678584000676,0.3333131941078593,0.434025043470397,16382569767.849026,1367.510021663515,0,0,0.0763683426449518,0.0671427269646706,5269012385.573992,0.1744726808873708,0.2427705979820872,1550010.0,2004221.858328604,2.4401405433990167e+23,0.1420959483094437,0.0,4.888888888888889
0.05,3152.075286775978,0.9968684827702652,0.3332762329255306,0.4340917567168658,16387073761.44623,1367.5707178220018,0,0,0.0758337651672138,0.066695928740348,5271247392.023421,0.1744538086547948,0.2427513110787966,1550010.0,2003882.849541608,2.4400041447259395e+23,0.141162950454456,0.0,4.888888888888889
0.06,2894.12809628077,0.9943332166440498,0.3270463228967541,0.429240232793569,8459046413.061398,1478.1709831431472,2,0,0.020209600818474,0.0164276929224885,5342083018.368604,0.217907092256385,0.2421414871197094,1850010.0,1969499.2316725585,2.4472094655390208e+23,0.1122216730334708,0.0,28.0
0.06,2857.7267681553976,0.9932563181310624,0.3266513247213801,0.4285392909573011,7058052191.317209,1579.137090113208,2,0,0.0082425255267803,0.0067659136650668,5370277243.617699,0.2281949316272999,0.2418995431382556,1900010.0,1962782.4872661491,2.4441141427309152e+23,0.0863994431549542,0.0,28.0
0.06,2964.529297712174,0.9948566820707416,0.3283191642107312,0.427352863165385,9816988451.518194,1422.8602967677252,0,0,0.043876968334171,0.0350126095339035,5238838826.305857,0.2087907885893356,0.2430312540064064,1800010.0,1986091.2833718385,2.454193711217204e+23,0.1716865474114042,0.0,28.0
0.06,2914.1359989278194,0.9943660116752157,0.328138555955688,0.4318597525287136,8575467821.396939,1630.673427043458,2,0,0.012021849100481,0.0101994838633798,5400400150.396251,0.2170935989324744,0.2416415379595898,1850010.0,1967157.2375277628,2.4386172638635707e+23,0.0698145874786345,0.0,28.0
0.06,2889.436071248272,0.9932592304035875,0.3277348039482144,0.4326225800103547,7149651760.407008,1701.8314753146008,0,0,0.0041282706495761,0.0035644302979855,5443054484.131331,0.2274932931555793,0.2412770631160125,1900010.0,1960721.6870616504,2.4326178281544697e+23,0.0458466299231124,0.0,28.0
0.06,2941.5554318107856,0.9944037120284624,0.3294700587879382,0.437947164207967,8726617171.683628,1825.2223284305944,0,0,0.0021770220584069,0.0019835778396839,5531201807.490282,0.2160465873324475,0.2405270518784084,1850010.0,1959892.1798013104,2.4209869191622532e+23,0.013696915884701,0.0,28.0
0.06,2931.9602384834093,0.99326617474921,0.3290577411170043,0.4386158600164151,7252363605.94668,1846.9208204189329,0,0,0.0003610515421665,0.0003318899123213,5548881213.174091,0.2267114888840776,0.2403771413848932,1900010.0,1957322.665572906,2.4162238689531347e+23,0.0042329044109137,0.0,28.0
0.06,2890.1422882463976,0.9943326376382376,0.32686395860101,0.4271207048725893,8430193631.742586,1445.9450571834366,0,0,0.0248214009098478,0.0198066732062328,5297112246.593857,0.2181096544254928,0.2425283150154648,1850010.0,1972688.8486174184,2.452779576314761e+23,0.1416712946311592,0.0,28.0
0.06,2987.8156931792137,0.9948352898857324,0.3287371234817946,0.4249286544518348,9774380561.800789,1420.354839040607,0,0,0.0545799545825571,0.0425019296384466,5170161058.610476,0.209064770168606,0.2436264403115092,1800010.0,1994248.0778739816,2.460184235379776e+23,0.2062253877430405,0.0,28.0
0.06,2921.874785096529,0.9943805905390928,0.3285673640846146,0.4335590067840389,8625896386.359743,1694.329631925564,0,0,0.0083999528194623,0.007291176320001,5438233236.901015,0.2167431361564423,0.2413182093093966,1850010.0,1965022.3287959732,2.4335464447433214e+23,0.0507511234519562,0.0,28.0
0.06,2902.853716443973,0.993260749810604,0.3281597704203025,0.4345089616430222,7183396564.2913065,1748.7996501955008,0,0,0.0027615670420427,0.002433316977197,5476491661.761157,0.2272358643537405,0.2409920532097496,1900010.0,1959640.8397880185,2.427444395000342e+23,0.0311904942789915,0.0,28.0
0.06,2976.343374740469,0.9948454593656724,0.3285339862073383,0.4260734372029644,9794985996.233397,1421.5375159753748,0,0,0.0495641118802632,0.0390455080346774,5202772553.027674,0.208932176262757,0.2433434860489102,1800010.0,1990336.6807794129,2.457354446117683e+23,0.1903984056215202,0.0,28.0
0.06,2918.0224301538915,0.9943737972342592,0.3283591604152643,0.4326908459832485,8601396091.961552,1663.3806106916818,2,0,0.0101261704295023,0.0086909971587826,5419042425.09011,0.2169132620718284,0.241482118216098,1850010.0,1966112.906120597,2.436112844980341e+23,0.0600348857335343,0.0,28.0
0.06,2896.2928962683795,0.993259922923037,0.3279532830082634,0.4335808933597251,7167103907.811817,1726.0292435265624,0,0,0.0034085296663469,0.0029737849482358,5460045561.0305605,0.2273600855568903,0.2411321581348778,1900010.0,1960176.599440621,2.429985460882624e+23,0.0381754517152706,0.0,28.0
0.06,3272.314357406412,0.9977126730051672,0.3379192740970541,0.4308644143095926,18633933663.37634,1319.1819009824883,0,0,0.0920812995622976,0.083050209300826,5191800801.687793,0.1656956991124206,0.2434386157185603,1450010.0,2022026.467928079,2.442755278646335e+23,0.1458753792260861,0.0,28.0
0.06,2937.9020756352907,0.9948835353327508,0.3278036242805413,0.4308394748812005,9870784115.653463,1426.07342990872,0,0,0.0297626143350904,0.024569876931587,5334382002.568486,0.208445948299983,0.2422076492167874,1800010.0,1975305.2641998297,2.4455996569089676e+23,0.1223274310302699,0.0,28.0
0.06,2873.6644298531537,0.9932576055379628,0.327210598727766,0.4304825053667319,7106151716.224248,1642.863874427596,2,0,0.0060502831161303,0.0050937312556069,5404828276.646015,0.227825975888451,0.2416036532642564,1900010.0,1961909.988597325,2.438569413316092e+23,0.0652558241965774,0.0,28.0
0.06,3306.951352776676,0.9976790937457826,0.3387149674049812,0.4296697871505746,18533039312.997944,1318.488296859717,0,0,0.1019464282546589,0.0915563933396075,5153143267.902803,0.1660621592358208,0.2437743338347377,1450010.0,2028273.1509833413,2.4448918488341795e+23,0.1606393235102341,0.0,28.0
0.06,3005.470513904679,0.9969612839808192,0.3319321280673601,0.4414439440956271,15854906811.29828,1941.8735328909067,0,0,0.0012633899954714,0.0012001945338924,5582887257.550997,0.1767223296408415,0.2400892749454451,1600010.0,1963305.757629025,2.416913452329209e+23,0.002754031233337,0.0,28.0
0.06,3016.4540461626384,0.9966175677792624,0.3318399066768212,0.4390882617542425,14380008344.46393,1847.1612012599692,0,0,0.00888397632944,0.0082421861516919,5512551431.712106,0.1834355443946635,0.2406853824358996,1650010.0,1970143.4089255848,2.4228190429729923e+23,0.0215339702881381,0.0,28.0
0.06,3106.1270113192363,0.9959458616183176,0.3316467755035601,0.4288975478103494,12459758127.584248,1384.6555881583934,0,0,0.0736394553689455,0.0606086690836054,5181051123.7890415,0.19319808565113,0.2435318857389875,1700010.0,2006160.729603628,2.452099207416845e+23,0.1880934304354889,0.0,28.0
0.06,2930.250387266078,0.9943908412162944,0.3289649614036111,0.4353881819395715,8670559163.56363,1752.0760028942973,0,0,0.0054932428233246,0.0048687175745992,5477225639.762539,0.216433701611432,0.2409858039152715,1850010.0,1962878.837423009,2.4282664975914485e+23,0.0337472848538227,0.0,28.0
0.06,2915.58382588908,0.9932627620779344,0.328555130403277,0.4363174244228133,7214097881.204917,1792.1572166076548,0,0,0.0016217235371719,0.0014562148416195,5508464666.217625,0.2270021434337193,0.2407201022804331,1900010.0,1958599.3147213503,2.4225039680558403e+23,0.0186225410851793,0.0,28.0
0.06,3111.8167117166267,0.995943344238982,0.3317554348834943,0.4286039312284294,12448140541.62008,1384.3373834675897,0,0,0.0755582445755771,0.0620393232365361,5171467712.449454,0.1932609358378723,0.2436150915658753,1700010.0,2007509.8362099656,2.4527898922200212e+23,0.1923920378655679,0.0,23.0625
0.06,3287.5264367408386,0.9978247790038636,0.3388491696287831,0.4307719684466853,19779383789.361053,1309.1449787890322,0,0,0.092082974357091,0.0841503461919468,5196744646.19772,0.1616995289650865,0.2433957421227394,1400010.0,2023110.545375837,2.4412687218237163e+23,0.1377222402738057,0.0,23.0625
0.06,3311.5999721824405,0.997674570148192,0.3388196487285282,0.4295139380797066,18519862532.248203,1318.3921216589313,0,0,0.1032502889380011,0.0926759807355832,5148097187.683944,0.1661101965253707,0.2438182183725875,1450010.0,2029093.8607833616,2.4451702741350243e+23,0.1625803156502883,0.0,23.0625
0.06,3387.908837273,0.9983927859676438,0.3431720736651992,0.4274078681619966,22731351004.6063,1283.1987717636157,0,0,0.1085175427261211,0.1018042506685892,5136931255.04595,0.1526731877539073,0.2439153769652628,1250010.0,2036966.2695597056,2.443168180746704e+23,0.1411324189560669,0.0,23.0625
0.06,3159.062668126048,0.9964410083005906,0.3331937417545239,0.4296285744455717,13742212559.576654,1368.867772093813,0,0,0.0823208343475626,0.069173086448163,5173969759.502014,0.1865439281706842,0.2435933631018145,1650010.0,2012183.1414766875,2.4501204530609e+23,0.1835011349738888,0.0,23.0625
0.06,3205.411700197364,0.9965709397832144,0.3346186014794277,0.4300784186245316,14990120241.12385,1354.49011088394,0,0,0.0893974617654063,0.0765877229308828,5167132286.720516,0.1805802811160706,0.243652749961618,1600010.0,2017376.1187080585,2.447568263745472e+23,0.1783999682569734,0.0,4.333333333333333
0.06,3203.9862157951816,0.9965725411544464,0.3345895216336447,0.430133815413325,14993465251.839205,1354.542772263535,0,0,0.0889606184990463,0.0762389716456572,5169010555.29357,0.1805649368174728,0.2436364336332507,1600010.0,2017089.1021670816,2.447452367081377e+23,0.1776037024723737,0.0,4.333333333333333
0.06,3238.779199830486,0.9970555878960856,0.3359412767578424,0.430348381718706,16220604947.76776,1341.58098553399,0,0,0.0930063374002482,0.0811558030449293,5169108338.679826,0.175155016200976,0.2436355842534545,1550010.0,2020511.2874748604,2.44619858381431e+23,0.1695526386298098,0.0,4.333333333333333
0.06,3150.427747156956,0.9966340825577686,0.3334638771277998,0.4323286293740123,15124409931.062906,1356.5367321901765,0,0,0.0717274229524889,0.0622946238649087,5243243043.78837,0.179966878888274,0.2429931760496835,1600010.0,2005895.0499719672,2.4428471883181192e+23,0.1456420031305883,0.0,4.333333333333333
0.06,3160.2407107195872,0.996622742779662,0.3336754715363707,0.4319069786606764,15099571639.259363,1356.1771288175594,0,0,0.0749607894118254,0.0649363993463563,5229049249.82816,0.1800799308783495,0.2431159317209918,1600010.0,2008010.8334618628,2.443733925968357e+23,0.151713658082929,0.0,4.333333333333333
0.06,3273.0083450538614,0.9975009843571884,0.3373362349081469,0.4301390203857199,17401198623.73437,1329.5698017048564,0,0,0.0973429062858105,0.0862465337304996,5163335005.638636,0.1703421404534972,0.2436857426419643,1500010.0,2024268.572359933,2.4456627869253047e+23,0.1641231265215054,0.0,4.333333333333333
0.06,3184.73375640018,0.997081240881917,0.3347512636051196,0.4324248319947896,16362548866.636091,1343.2018507921546,0,0,0.0763205498581057,0.0673073884554656,5238481876.682484,0.1745566375807774,0.2430343405968543,1550010.0,2009775.4692898316,2.4419831148830948e+23,0.1410037615074675,0.0,4.333333333333333
0.06,3205.819931399009,0.996570481048328,0.3346269217703415,0.4300625786800269,14989163484.705246,1354.4750502611578,0,0,0.0895222731066631,0.0766873175132073,5166595227.810635,0.1805846705814618,0.2436574157040681,1600010.0,2017458.21832703,2.4476013975849765e+23,0.1786273292616123,0.0,4.333333333333333
0.06,3095.7717156332537,0.9978031882144665,0.3360855815574985,0.4389328435526957,38344283379.26089,2215.878091841792,0,0,8.15761668522917e-05,8.182060644049137e-05,5516866632.444173,0.1254673321596594,0.2406487318883929,50010.0,1978709.1843309165,2.418429401771378e+23,8.157748388014866e-05,0.0,4.333333333333333
0.06,3095.4793860331124,0.9978654292897822,0.3361032638506125,0.4389097504965544,38272552130.16332,2210.551784963094,0,0,0.0001790008687993,0.0001795195194584,5517266752.10448,0.1255396174635908,0.2406453340493737,100010.0,1978645.68574214,2.418615407156734e+23,0.0001790239861152,0.0,4.333333333333333
0.06,3095.195877104261,0.9979275701845208,0.3361209468424184,0.4388866534162335,38154721699.57086,2204.9570938827846,0,0,0.0002875650254535,0.0002883630096396,5517656845.997244,0.1256590919940637,0.2406420214348209,150010.0,1978584.0931490995,2.418801676955405e+23,0.0002876904037802,0.0,4.333333333333333
0.06,3094.9302793177144,0.9979896628718548,0.3361386537862714,0.4388635093329386,37990579516.26327,2199.078108694332,0,0,0.0004100876404419,0.000411160985199,5518021074.268985,0.1258270570714154,0.2406389285427834,200010.0,1978526.4054308904,2.4189890206430045e+23,0.0004105117276238,0.0,4.333333333333333
0.06,3094.691795635295,0.998051657161825,0.336156383979608,0.4388402934800151,37779955409.32457,2192.8977556167624,0,0,0.0005495296864095,0.0005508558472559,5518347247.969903,0.1260452284934445,0.2406361588582615,250010.0,1978474.6697889727,2.4191779516939136e+23,0.0005506407758637,0.0,4.333333333333333
0.06,3094.489883800736,0.9981134151372204,0.3361741395018986,0.4388169580391701,37522727480.96223,2186.397847906175,0,0,0.0007089421814772,0.0007104675880545,5518621361.676967,0.1263157570424838,0.2406338312834814,300010.0,1978431.0228064216,2.4193687606465195e+23,0.0007114228702162,0.0,4.333333333333333
0.06,3094.3343662370385,0.9981749404483602,0.3361919215199099,0.4387934288870923,37218828801.61165,2179.558625724583,0,0,0.000891531398328,0.0008931552944826,5518828343.664792,0.1266412531948846,0.2406320737700492,350010.0,1978397.7271537732,2.4195622995876425e+23,0.0008964955918434,0.0,4.333333333333333
0.06,3094.2354749300457,0.9982361771385742,0.3362097290620418,0.4387695968318148,36868243519.11607,2172.358398471402,0,0,0.0011006827823153,0.001102236690866,5518951721.666213,0.127024828662564,0.2406310261611779,400010.0,1978377.1976971533,2.419759347031744e+23,0.0011098566429463,0.0,4.333333333333333
0.06,3094.2040063402656,0.9982970274160976,0.3362275588744391,0.438745304455619,36471009670.33583,2164.772975343154,0,0,0.0013400228103193,0.0013412445445333,5518973115.5492525,0.1274701373870099,0.2406308445054861,450010.0,1978372.056164108,2.419960710316888e+23,0.0013559814673178,0.0,4.333333333333333
0.06,3094.2510164823,0.9983540476621678,0.3362453285210061,0.4387204293906853,36027209231.35444,2156.7756956170338,0,0,0.0016133422558853,0.0016138505720995,5518872555.59422,0.1279814382376798,0.2406316983633469,500010.0,1978385.0915264727,2.4201563414821043e+23,0.0016398149672499,0.0,4.333333333333333
0.06,3094.39003636007,0.9984135619284892,0.3362631691245662,0.4386944798688172,35537009888.75435,2148.3334135703685,0,0,0.001925330345519,0.001924563171057,5518624589.224324,0.128563605569436,0.2406338038777373,550010.0,1978419.7770866584,2.420368828768492e+23,0.0019676064199351,0.0,4.333333333333333
0.06,3094.633597047548,0.9984682228129677,0.3362808771698428,0.4386672825453303,35000585121.8816,2139.4112760406592,0,0,0.0022804812478374,0.0022776752922191,5518202691.093926,0.1292222907836039,0.2406373863471043,600010.0,1978479.55707819,2.420575860957944e+23,0.0023459136378872,0.0,4.333333333333333
0.06,3094.997845362714,0.9985229534209784,0.3362985496758091,0.4386381157930947,34418191398.37016,2129.964413958763,0,0,0.0026846429602502,0.0026787356899888,5517572227.294409,0.1299639106483865,0.2406427399960923,650010.0,1978568.909491448,2.4207962641174287e+23,0.0027833326272035,0.0,4.333333333333333
0.06,3095.499321309159,0.9985754894686636,0.3363161296016367,0.4386062573910314,33790110779.19371,2119.9419702744126,0,0,0.0031440217108549,0.0031335870085509,5516693868.116894,0.1307958077561248,0.2406501990402485,700010.0,1978692.7145761328,2.4210256692565743e+23,0.0032896786377937,0.0,4.333333333333333
0.06,3096.159668796095,0.998620296404032,0.3363332307500632,0.4385711491392846,33116678956.38047,2109.27762966466,0,0,0.0036668069220786,0.0036499603149991,5515515851.491456,0.1317263212142952,0.240660203450196,750010.0,1978857.3753777863,2.4212499142825424e+23,0.0038779412784487,0.0,4.333333333333333
0.06,3097.001026056328,0.9986401648505352,0.336348835196788,0.4385327154935348,32398252928.681725,2097.8952293358216,0,0,0.0042617734826517,0.0042361136651132,5513978847.3318205,0.1327649523689206,0.2406732577452346,800010.0,1979069.928828347,2.4214171804643712e+23,0.0045631932189979,0.0,4.333333333333333
0.06,3098.046499156092,0.998689009741277,0.3363659895338864,0.4384851357482107,31635237130.429348,2085.705146933117,0,0,0.0049386427844591,0.0049006572646658,5512013185.809838,0.1339224704486831,0.2406899546725341,850010.0,1979338.3073982964,2.4217116041000108e+23,0.0053634121489705,0.0,4.333333333333333
0.06,3099.3296393752385,0.9987062544586388,0.3363805785609683,0.4384313332406822,30828064354.25354,2072.583892047359,0,0,0.0057113779114496,0.0056568376255716,5509523034.886907,0.1352111015152227,0.2407111098358042,900010.0,1979673.611377574,2.421941550763233e+23,0.0063036982395672,0.0,4.333333333333333
0.06,3100.8897709530806,0.998715228152269,0.3363943248534489,0.4383658451908679,29977178182.80646,2058.3761327026205,0,0,0.0065970111916642,0.0065201081148925,5506389303.619894,0.1366447473859055,0.2407377374246022,950010.0,1980089.354237552,2.4221946586172384e+23,0.0074160464653378,0.0,4.333333333333333
0.06,3102.774656176808,0.9987398688643572,0.3364086909094623,0.4382824811185781,29083032151.748795,2042.880459080463,0,0,0.0076172321624769,0.0075099335128225,5502460374.07252,0.138239212520672,0.2407711295466368,1000010.0,1980602.462916365,2.422563769947565e+23,0.0087425024368215,0.0,4.333333333333333
0.06,3105.0459717345943,0.998705080483656,0.3364165057358919,0.4381848960433822,28146059707.5026,2025.8276408620711,0,0,0.0088007800159585,0.0086530467719893,5497538499.750866,0.1400125232392743,0.240812972778756,1050010.0,1981234.9123618328,2.42281917623081e+23,0.0103399676629495,0.0,4.333333333333333
0.06,3107.786117564892,0.9987170604920126,0.3364289475496806,0.4380508299439295,27166643191.232067,2006.8452106831517,0,0,0.0101873877730884,0.0099839651556234,5491359222.362833,0.1419853123837444,0.2408655247587895,1100010.0,1982016.0344595625,2.423335906428045e+23,0.0122880217189811,0.0,4.333333333333333
0.06,3111.1039140708904,0.9986875369907876,0.3364349896267412,0.4378840725212105,26145086684.935085,1985.4102350242515,0,0,0.0118323716996488,0.0115530546139667,5483568079.749196,0.144181275096596,0.2409318150207008,1150010.0,1982984.8847428584,2.423855771417502e+23,0.0146995170103621,0.0,4.333333333333333
0.06,3115.157975139463,0.9986003885501096,0.3364325504180952,0.4376726461875864,25081495403.51598,1960.745238351269,0,0,0.0138182412303199,0.0134339314232484,5473667731.287242,0.1466279428743037,0.2410160997259255,1200010.0,1984196.7875778708,2.424371929665865e+23,0.0177431677144956,0.0,4.333333333333333
0.06,3120.178869930212,0.9985969439644474,0.3364402602814492,0.437370907958225,23975669618.44389,1931.6372985183707,0,0,0.0162737627600753,0.0157372628119335,5460941834.553688,0.1493576392372059,0.2411245188891139,1250010.0,1985731.443460957,2.4254181511965854e+23,0.0216823738117232,0.0,4.333333333333333
0.06,3126.5479522756377,0.9984749118396202,0.3364273268910476,0.4369870200282207,22826700812.315277,1896.0205396582987,0,0,0.0194189224783029,0.0186594598646487,5444289664.679731,0.1524095284274935,0.2412665237322417,1300010.0,1987713.8637257428,2.426428556303136e+23,0.0269615662297157,0.0,4.333333333333333
0.06,3134.954814489886,0.9982139136990846,0.336388254910659,0.4364766944945054,21632168107.360653,1849.9087195397608,0,0,0.0236772765728606,0.0225708109953299,5421872029.350957,0.1558336111500666,0.241457937686334,1350010.0,1990357.749257461,2.4275034360927916e+23,0.034416907934421,0.0,4.333333333333333
0.06,3146.961173513704,0.997962530775644,0.3363487486326472,0.4357113765471486,20385164011.824177,1783.55128842028,0,0,0.0300732532131795,0.0283571588090454,5389994621.099974,0.1597033808572632,0.241730605069073,1400010.0,1994109.2616740875,2.4294582216687863e+23,0.0459875153471726,0.0,4.333333333333333
0.06,3167.3129892219526,0.997851220967784,0.3363289185930482,0.4345258134380214,19070764982.258926,1676.941584439013,3,0,0.0413488515487209,0.0383349825266218,5340606173.359644,0.1641365139738373,0.2421541726407949,1450010.0,2000071.619283096,2.433332738199332e+23,0.0651055535050015,0.0,4.333333333333333
0.06,3225.1845234043917,0.9975348859708336,0.3362555267893685,0.4318718096493903,17534297479.088814,1330.7342437808236,0,0,0.0831746918724568,0.0742430906197288,5220469121.621252,0.1698223466357945,0.243190192291372,1500010.0,2015221.634415096,2.442358584693722e+23,0.141548787663667,0.0,4.333333333333333
0.06,3248.088883563813,0.9970510995131924,0.3361394750879423,0.4300099157782695,16197257680.113785,1341.2967692156867,0,0,0.0957704819801255,0.0834239363170769,5157774353.685964,0.1752539687199367,0.24373407106799,1550010.0,2022289.0618822072,2.446884026068528e+23,0.1742139314596961,0.0,4.333333333333333
0.06,3271.0234917938938,0.9975024116703628,0.3372924565376212,0.4302083401238146,17406542729.400547,1329.6197287598511,0,0,0.0967656848876755,0.085760505577987,5165623972.830421,0.170321183233274,0.2436658539734179,1500010.0,2023902.965031332,2.445530811238901e+23,0.1632106034905366,0.0,4.333333333333333
0.07,3013.07926766328,0.9946740342414632,0.3300077024303398,0.4247383458605022,9868011108.089865,1395.3433851924017,0,0,0.0502828509508574,0.0398269552972006,5167857624.09975,0.2084636943376073,0.2436464487933596,1800010.0,1997227.4520950897,2.457663417008188e+23,0.1876592747303041,0.0,29.583333333333332
0.07,2950.2565217758474,0.9945238940442794,0.3299444125237756,0.4315428216929124,8710858464.236813,1648.111351782093,2,0,0.0099700909942219,0.0086273337851033,5391821613.379019,0.2161552681991773,0.2417149623960158,1850010.0,1972118.1868069589,2.436524062848816e+23,0.0568755974701527,0.0,29.583333333333332
0.07,2929.157687601667,0.9936907298995344,0.3296349308990554,0.4323608095583225,7297801505.618611,1708.2979533356706,0,0,0.0035023435756312,0.0030773169108697,5431802213.050377,0.2263672942973865,0.2413731139689713,1900010.0,1966409.2078976145,2.43126844497617e+23,0.0357680868647497,0.0,29.583333333333332
0.07,2912.93175196624,0.9923133149837926,0.3291125380344092,0.4326963139172449,5825382636.746855,1734.3872977352485,0,0,0.000475423559525,0.0004214100392129,5448634909.995077,0.2380548573897925,0.2412294539264285,1950010.0,1963110.4101008049,2.426445792120613e+23,0.0239067575375207,0.0,29.583333333333332
0.07,3029.195927907364,0.9968878871794812,0.3332230238880822,0.4400196798640045,15858172063.55019,1923.486801065752,0,0,0.0004768750788472,0.000454577057801,5553815502.107878,0.1767081699031236,0.2403353323883388,1600010.0,1968339.4766539845,2.417627727346801e+23,0.0010302258670133,0.0,29.583333333333332
0.07,3038.3375796704595,0.99667981691463,0.3331678256529209,0.4380114775043472,14422882267.753237,1843.2646683497287,0,0,0.0067909005814336,0.0063456681007303,5495668426.64351,0.1832311787472219,0.2408288746836742,1650010.0,1973969.160893608,2.4228302814137528e+23,0.0163256413548051,0.0,29.583333333333332
0.07,2971.191601725317,0.994574967326214,0.3309986287209263,0.4365674986304511,8832697278.54604,1805.1100862264648,0,0,0.0020528010580231,0.0018797023758174,5500251442.124701,0.2153178893157722,0.2407899070888338,1850010.0,1965876.6560107523,2.4220576478396097e+23,0.0123217257851019,0.0,29.583333333333332
0.07,2961.789614041506,0.9937082311126322,0.3306790894963604,0.4370800365266797,7380571444.84633,1825.1475938083731,0,0,0.0003173604289932,0.0002928919161636,5516405819.425152,0.2257429139988063,0.2406526452483779,1900010.0,1963479.9826551224,2.418297022341637e+23,0.0033806788506129,0.0,29.583333333333332
0.07,2923.6956402594183,0.9944400680807012,0.3283916294119873,0.4258966018766739,8530185897.291574,1418.7266756422453,0,0,0.0255995154821355,0.0205572464290635,5265818721.746111,0.21740927454679,0.242798162445668,1850010.0,1979199.4949639684,2.45350738301023e+23,0.1396461590922955,0.0,29.583333333333332
0.07,2852.3101164758127,0.9923083500924136,0.3275837754186353,0.4259610040218554,5725793818.178407,1593.9892797086914,2,0,0.0015389753695773,0.001272056853568,5348577912.884495,0.2388864802240853,0.242085712967272,1950010.0,1963896.4046999735,2.443997493642592e+23,0.0727695156281775,0.0,29.583333333333332
0.07,2990.0937071351486,0.99470051119573,0.329597163174586,0.4271082878436048,9909930159.688684,1397.39431951266,0,0,0.0401058670578325,0.032513430448527,5234427521.563753,0.2081957717084676,0.2430694041667415,1800010.0,1989335.3414433217,2.4518315893122843e+23,0.1547292069042281,0.0,29.583333333333332
0.07,2916.4571799955647,0.993684220555948,0.3292140023088632,0.4305460143798673,7263209398.660811,1660.6211205569316,0,0,0.0050595356729593,0.0043579080502585,5399059531.149816,0.2266292390195693,0.2416530097360715,1900010.0,1967542.714535807,2.436286940899154e+23,0.0508617244169424,0.0,29.583333333333332
0.07,2896.0671544686275,0.9923110029416632,0.3286926534721676,0.4307948529597679,5798710478.835283,1696.115171809415,0,0,0.0007304853651671,0.0006353015907538,5420288744.095668,0.2382770574066872,0.2414714671844443,1950010.0,1963374.131943314,2.4313932672212695e+23,0.0360173741987669,0.0,29.583333333333332
0.07,2977.4501375962845,0.9947159094128718,0.3293598338490512,0.4286184942089911,9934533586.888716,1398.6049330008443,0,0,0.0340271613214013,0.0279883831184528,5275957629.268952,0.2080388602962233,0.2427106734389947,1800010.0,1984571.3003078557,2.448119958931126e+23,0.1340429927124957,0.0,29.583333333333332
0.07,2909.4254297014613,0.993680112177137,0.3289705441138819,0.4295590112842997,7242480283.006659,1632.637746028785,2,0,0.0060606486890032,0.0051591455996355,5381052692.394095,0.2267864902993568,0.2418071924933229,1900010.0,1968162.4908652536,2.4390475389157705e+23,0.0600221560257927,0.0,29.583333333333332
0.07,2886.351527897753,0.9923100210768152,0.3284500338867646,0.429700191073283,5783168670.578954,1673.96119202684,0,0,0.0008919796414419,0.0007671761809256,5403973237.352316,0.2384067106175781,0.2416109676766709,1950010.0,1963523.7697615395,2.434239528226894e+23,0.0434996492357202,0.0,29.583333333333332
0.07,2973.0862571499188,0.9945789127841258,0.3310859137175329,0.437017510220247,8842500760.98273,1817.9711576454608,0,0,0.0015029655532464,0.001382785041967,5509797417.746443,0.2152507993587054,0.2407087786388668,1850010.0,1965336.5097671973,2.420778400581224e+23,0.0090587684773438,0.0,29.583333333333332
0.07,2964.5344294568517,0.9937097775288402,0.3307656753577651,0.4374667562204791,7387269687.854495,1834.762133757754,0,0,9.78062814059072e-05,9.061912609799536e-05,5523280820.333595,0.2256925321466852,0.2405942728833661,1900010.0,1963254.2710013024,2.41723221896526e+23,0.0010453610528391,0.0,29.583333333333332
0.07,2974.522250267885,0.9945818275298062,0.3311511007252324,0.4373543005738677,8849754083.849937,1827.5335484933253,0,0,0.0011051069040301,0.0010203263715953,5516917556.438614,0.2152011888825147,0.2406482994340144,1850010.0,1964936.6449747956,2.4198219518692497e+23,0.0066812798049506,0.0,29.583333333333332
0.07,2985.332159400825,0.9947725394950012,0.3299823768555558,0.4304905613938004,10014861394.411636,1504.746558106837,3,0,0.0258173997758039,0.0217097073065481,5321349610.432942,0.2075283033081614,0.2423196904907907,1800010.0,1981823.876333017,2.442192950797504e+23,0.0958977794987549,0.0,29.583333333333332
0.07,2949.339486941744,0.9945204827605058,0.3298876467183251,0.4313123404156239,8703928865.409327,1639.4376612331805,2,0,0.0104862150025054,0.0090458720123941,5386583569.58636,0.2162030938417084,0.241759815399374,1850010.0,1972432.502789872,2.437211252791115e+23,0.0594674609871894,0.0,29.583333333333332
0.07,2927.4483327004937,0.993689847015961,0.3295789527491757,0.4321131167802935,7293244676.139379,1701.9776310302111,0,0,0.0037014838597671,0.0032436103395199,5427335414.8143215,0.2264017666870002,0.2414112626243729,1900010.0,1966566.332793339,2.4319510635702232e+23,0.0377185460796799,0.0,29.583333333333332
0.07,2910.688010085425,0.9923129628948036,0.3290566897591191,0.4324438276440968,5821844095.439198,1729.2974342535351,0,0,0.0005075554202073,0.0004487658924374,5444872545.110678,0.2380843140584197,0.2412615505017384,1950010.0,1963144.9136896771,2.4271033002828252e+23,0.0254563625474102,0.0,29.583333333333332
0.07,3027.4900167230603,0.996692235040584,0.3330205523249041,0.4391018830569247,14481686222.786367,1884.18758893809,0,0,0.0028205183137453,0.0026604729265144,5530566336.660941,0.1829518046159919,0.2405324434884635,1650010.0,1969980.5178054369,2.4198622397190304e+23,0.006839101985183,0.0,29.583333333333332
0.07,3124.338033844438,0.9961092612013968,0.3328544493954929,0.428226797999894,12526940332.544136,1360.4274157569123,0,0,0.0676930664043536,0.0563633370925776,5177428942.419647,0.1928355647584236,0.2435633284263719,1700010.0,2008343.807612848,2.451528751310025e+23,0.1720338855513495,0.0,29.583333333333332
0.07,3312.8014518380023,0.9976393584162724,0.3394363206148359,0.4290632762042771,18552982181.51709,1295.0464883043924,0,0,0.0940722107029276,0.0849834180905612,5153062341.477367,0.1659895337001545,0.2437750375187009,1450010.0,2028829.726540012,2.4443144112994736e+23,0.1481615558072047,0.0,29.583333333333332
0.07,3033.216663069749,0.9968810374497694,0.3333000822920573,0.4396888329035603,15837692012.28549,1911.7682648336092,0,0,0.0016771907800879,0.0015948249615359,5542962936.747267,0.1767970311742715,0.2404273055506096,1600010.0,1969655.043816328,2.418466250140857e+23,0.0036149505406567,0.0,29.583333333333332
0.07,3044.4085729217204,0.9966724201625232,0.3332448447736008,0.4374311946391475,14390552423.51939,1820.2190528311376,0,0,0.0091005750785658,0.0084604616901285,5476870360.670191,0.1833852314759306,0.2409888288238378,1650010.0,1976137.3632193943,2.424423087554259e+23,0.0217776707480576,0.0,29.583333333333332
0.07,3136.253212935903,0.996102570228662,0.3330808201251665,0.4276174881941607,12502794244.34611,1359.8979552259448,0,0,0.0715563532059943,0.0592905498936504,5157706386.580042,0.1929656769023604,0.2437346618879504,1700010.0,2011120.9086987544,2.4529548923895795e+23,0.1806997311969158,0.0,29.583333333333332
0.07,3005.4612042791587,0.9946825288064978,0.3298740620039981,0.4254825352134738,9881572634.839642,1395.99504273645,0,0,0.0470697994785337,0.0375565897792483,5188912554.140053,0.2083769369099267,0.2434636693142692,1800010.0,1994699.8984783187,2.455831601784501e+23,0.1775138773403806,0.0,29.583333333333332
0.07,2948.026768960866,0.9945155023809308,0.3298054702042188,0.4309908316784434,8693944036.369408,1626.922854915808,2,0,0.0112376521738303,0.0096514408726692,5379247131.932489,0.2162720434967388,0.241822662481691,1850010.0,1972869.6880476484,2.438176004689201e+23,0.0632028528073995,0.0,29.583333333333332
0.07,2924.9849559463064,0.9936885801516842,0.3294979403682012,0.4317575621862211,7286626210.647094,1692.8196126244854,0,0,0.003994325879093,0.0034867466838218,5420921336.380904,0.2264518535298579,0.2414660613862527,1900010.0,1966791.0611027728,2.432931990393797e+23,0.0405748346154919,0.0,29.583333333333332
0.07,2907.4406384598938,0.992312478216194,0.3289758701726881,0.4320780041473497,5816720158.971134,1721.9323968774868,0,0,0.0005550206034792,0.0004889506733234,5439420035.611069,0.2381269803958688,0.2413080795618238,1950010.0,1963195.3606390995,2.4280555833758612e+23,0.0277318896328251,0.0,29.583333333333332
0.07,3348.838972513503,0.9982669661336866,0.3415058090332525,0.4283634037313389,20741626992.24002,1275.8701901159238,0,0,0.0965007066531335,0.0892095841458016,5153266796.746305,0.1585649881260867,0.2437732597147813,1350010.0,2032170.1920284785,2.4435698181853503e+23,0.1365275084430518,0.0,19.466666666666665
0.07,3373.0085064293103,0.9979366782551136,0.341443212946352,0.4274265262719162,19544232059.521225,1284.659791639138,0,0,0.1058651460300617,0.0964331706101022,5111559559.82076,0.1624958192443495,0.2441364070806725,1400010.0,2037522.12748277,2.4461383210103417e+23,0.1566989306377496,0.0,19.466666666666665
0.07,3191.2714363153827,0.9964139935055272,0.3345971468088146,0.428230604123118,13761086086.231344,1344.3551949542048,0,0,0.0808424966481843,0.0682800961185927,5146497340.425326,0.1864500832444991,0.2438321348623014,1650010.0,2017567.1583403256,2.450824522967428e+23,0.1784545033873306,0.0,19.466666666666665
0.07,3189.269725592217,0.9966134752563156,0.3350073113552006,0.4305409189159943,15104016802.062489,1331.57120059551,0,0,0.0736847595068909,0.0641228337112977,5203234377.242238,0.1800596852177071,0.2433394833276922,1600010.0,2012965.95454422,2.4444837331774288e+23,0.1480146539399274,0.0,19.466666666666665
0.07,3334.728256309527,0.9979560940721776,0.3405567711425566,0.4286861215949322,19658287091.696007,1285.0364952109303,0,0,0.09611350428595,0.0878734364509494,5150807561.151067,0.162108076497676,0.2437946451214965,1400010.0,2031049.204186848,2.443952475886884e+23,0.142923038505379,0.0,19.466666666666665
0.07,3359.9951692106533,0.9975908727220344,0.340485451504797,0.4275077303906869,18421822168.76939,1294.4183521468008,0,0,0.1062971514848435,0.095507565839598,5103230032.807953,0.1664689074402938,0.2442090507779479,1450010.0,2036966.2009305595,2.4470737492512167e+23,0.1662744808779537,0.0,19.466666666666665
0.07,3309.1382578983867,0.9979684491996624,0.339945107301527,0.4295655106842059,19737908610.328796,1285.2589879271554,0,0,0.0894937281174604,0.082033096823856,5178185966.822796,0.1618390930743491,0.2435567563926329,1400010.0,2026577.1796890097,2.4424248610623837e+23,0.1335106818709204,0.0,2.75
0.07,3332.386089952156,0.997619137058874,0.3398772991409238,0.4284061782070332,18497589990.341824,1294.7896381096457,0,0,0.0992241113624245,0.0894315383388329,5131999532.156669,0.1661914869395845,0.2439583120260067,1450010.0,2032254.7540504,2.445480981789972e+23,0.155823451363592,0.0,2.75
0.07,3185.245247693687,0.9966146528073674,0.334921285959781,0.4307095982533192,15113915856.03144,1331.6810756980458,0,0,0.0724573622808244,0.0631178141502541,5208825095.741928,0.1800146206180851,0.2432910370022912,1600010.0,2012126.718427376,2.444121553227197e+23,0.1457331375981967,0.0,2.75
0.07,3205.2112826822804,0.996401978268916,0.3348661545905668,0.427647270752179,13731536619.718687,1343.8910751946555,0,0,0.0848630203468776,0.0713884940325324,5127094476.561157,0.1865970631989956,0.2440010285781924,1650010.0,2020455.3942270784,2.452114951743673e+23,0.1863659080206925,0.0,2.75
0.07,3195.7569513920203,0.996611533272228,0.33514512193649,0.4302720711558494,15088192855.377337,1331.3930339602714,0,0,0.0756551249542615,0.0657326322766763,5194313943.185237,0.1801317826365247,0.2434168197408769,1600010.0,2014308.7369078505,2.445060713514961e+23,0.151666870974631,0.0,2.75
0.07,3222.176309278731,0.9972403413802784,0.3362992094655125,0.430624121071348,16325287462.278175,1318.5312994258804,0,0,0.0779145978994441,0.0688425141674402,5200815214.596569,0.1747131826931988,0.2433604520195878,1550010.0,2016437.635773046,2.444127009979811e+23,0.1427535625166235,0.0,2.75
0.07,3243.8810677206952,0.9965970607585136,0.3361379181281658,0.4283801915051941,14975418970.111496,1330.074641829176,0,0,0.0896844616365583,0.0770555302349631,5131348235.452446,0.1806477586407637,0.2439639831755111,1600010.0,2023911.5278811145,2.449111991154322e+23,0.1772685488669046,0.0,2.75
0.07,3197.915823551933,0.9964082089941706,0.3347258163931115,0.4279507252599378,13746931602.204107,1344.1317665594495,0,0,0.0827814784999843,0.0697829453470811,5137186975.238429,0.1865204528573567,0.2439131510674738,1650010.0,2018950.7217126407,2.451443872083637e+23,0.1822825046552308,0.0,2.75
0.07,3223.4544027973047,0.9972396877937744,0.3363274637330809,0.4305745664697111,16321922251.395948,1318.50448656599,0,0,0.0782858047737909,0.0691532917268697,5199179185.652885,0.1747273395193957,0.2433746345750383,1550010.0,2016690.1497952812,2.4442272235358987e+23,0.1433888629844359,0.0,2.75
0.07,3245.286906688632,0.9965966583916124,0.3361662225932819,0.4283271831235086,14972234327.674814,1330.0372233876426,0,0,0.0900729225087302,0.0773652404171255,5129584609.465063,0.1806623843647513,0.2439793411093145,1600010.0,2024183.349527744,2.4492252691324265e+23,0.1779663657556495,0.0,2.75
0.07,3223.051962566051,0.9972398929759588,0.3363185714010814,0.430590157264064,16322981159.172895,1318.5129371042924,0,0,0.078168941847229,0.0690554666776959,5199693937.852372,0.174722884554305,0.2433701720820711,1550010.0,2016610.684049191,2.444195693548772e+23,0.1431888934272225,0.0,2.75
0.07,3244.8442611069386,0.9965967863370208,0.3361573148422308,0.4283438606869509,14973236432.166435,1330.0489934127334,0,0,0.089950767034386,0.0772678728936694,5130139474.690212,0.1806577817936219,0.2439745090654294,1600010.0,2024097.8135552148,2.4491896349147425e+23,0.1777470003891118,0.0,2.75
0.07,3178.0870460446595,0.9966167111727994,0.3347672422906178,0.4310133614982039,15131683698.535051,1331.8748772211843,0,0,0.07026737341581,0.0613204352460931,5218879906.82273,0.179933806724559,0.2432039514106106,1600010.0,2010621.9396226627,2.4434690621795e+23,0.1416502962365201,0.0,2.75
0.07,3197.267070971819,0.9964087740216264,0.334713290951232,0.4279779002814995,13748307957.019823,1344.1534120283534,0,0,0.0825939443368829,0.06963789382511,5138090984.67473,0.1865136074094723,0.243905282479764,1650010.0,2018816.1912008305,2.4513837649098112e+23,0.1819132749151819,0.0,2.75
0.08,3064.178986985703,0.9968189720654104,0.3347105688651587,0.4377511668581638,15805597664.367395,1874.004245992906,0,0,0.0029052226206018,0.0027608624119396,5497078767.520013,0.1769365240893387,0.2408168818682496,1600010.0,1976759.948260269,2.420593657858716e+23,0.0061850261966744,0.0,30.346153846153847
0.08,3077.1920304416385,0.996632082294958,0.3346656676233899,0.4354487079391642,14376540780.08854,1777.0740078087676,0,0,0.0109830855360669,0.010197368173564,5429395747.070192,0.1834520980211643,0.2413936649966443,1650010.0,1983519.589499264,2.4267743093163508e+23,0.0258814707319566,0.0,30.346153846153847
0.08,3169.6820215648445,0.996161843510016,0.334530002036712,0.4262330274913174,12536941082.42263,1334.7478136025477,0,0,0.0705052166670961,0.0587358066228803,5129882064.043486,0.192781735101597,0.243976750704409,1700010.0,2016695.8394192727,2.453864527548212e+23,0.1758273527368153,0.0,30.346153846153847
0.08,2966.110963913853,0.9944094790152882,0.3302876235813869,0.4269811747948593,8678061662.002848,1457.6920256698045,2,1,0.020721723520122,0.0171135257619792,5282164548.090825,0.2163818105509055,0.2426571421538179,1850010.0,1982779.533788652,2.4474442416063087e+23,0.1035779184197814,0.0,30.346153846153847
0.08,2930.223014876464,0.993924267604994,0.3301013953102232,0.4266250195120926,7323611177.212682,1556.54266380614,2,0,0.0086229770675115,0.0072275468267477,5319246223.837642,0.2261722368528567,0.2423377824926457,1900010.0,1975630.7953751676,2.444943063007287e+23,0.0764649898321729,0.0,30.346153846153847
0.08,2901.9455471842466,0.9928636134695789,0.3296903587341727,0.4263783011294806,5897843503.268988,1608.8444364955913,2,0,0.0017635000064175,0.0014937381866533,5343224932.779434,0.2374531427416283,0.2421316793562551,1950010.0,1970341.2544773452,2.441448718868916e+23,0.0574819128264167,0.0,30.346153846153847
0.08,3037.521626504169,0.9947154780925176,0.3313068446729925,0.4245065356003819,9959012924.413725,1369.9781472637517,0,0,0.0459671618246504,0.0370095489842962,5166768108.409492,0.2078829891239937,0.2436559137721925,1800010.0,1999981.7410749083,2.4557651365777485e+23,0.1696406278805727,0.0,30.346153846153847
0.08,2979.445979039506,0.994499478062139,0.3312372891822417,0.4295798625869972,8787559022.89099,1598.1730899049967,2,0,0.0119058888012809,0.0102617250212639,5344624035.396068,0.2156273443400768,0.2421196636270374,1850010.0,1979286.515347723,2.439111564276052e+23,0.0640513797638832,0.0,30.346153846153847
0.08,2955.7433238350613,0.9939548655721416,0.3310301174452629,0.4302418936766538,7404512535.334962,1665.3107977577893,0,0,0.0044147704085895,0.0038658986989949,5386391329.830353,0.2255629383190475,0.2417614618255202,1900010.0,1973195.5495326004,2.4347351718696025e+23,0.0411850055938552,0.0,30.346153846153847
0.08,2937.925254566947,0.9928747018451256,0.3306130845891599,0.4304495964953707,5958478447.561129,1694.8768208959875,0,0,0.0008359565406622,0.0007384322889168,5405001346.762034,0.2369518039231139,0.2416021727897138,1950010.0,1969608.4483747573,2.430779606707779e+23,0.0282845476395301,0.0,30.346153846153847
0.08,2989.3367546872114,0.9945480344951828,0.3318413430190316,0.4321526104980323,8860390651.688385,1690.6032450685434,0,0,0.0065786933594186,0.0058525331668354,5402289183.324665,0.215128480347067,0.2416253750639111,1850010.0,1975805.1597792164,2.4315465448699404e+23,0.0367318113880773,0.0,30.346153846153847
0.08,2973.327537582766,0.9939727202275018,0.3316241647350184,0.4328762217633496,7453759684.596664,1733.6437976668071,0,0,0.0021804301517321,0.001964062658806,5434628726.713397,0.2251936053211191,0.2413489798724351,1900010.0,1971372.081554985,2.427449333471275e+23,0.0208227437358626,0.0,30.346153846153847
0.08,2961.141039768461,0.9928829958636244,0.3312043241057287,0.4330713441220366,5996657541.30136,1749.829739599378,0,0,0.0003530433881817,0.0003200759085852,5444732521.849037,0.2366371457055211,0.2412627451857529,1950010.0,1969142.0939357544,2.423895285171737e+23,0.0122306009678927,0.0,30.346153846153847
0.08,3034.4220198431785,0.9947158503327442,0.3312517044909482,0.42480455842838,9964484868.012545,1370.1965479307614,0,0,0.0447212229826565,0.0361095320904185,5175103052.924349,0.2078481806519104,0.2435835224330922,1800010.0,1998980.2427052984,2.455025940380168e+23,0.1657129719018043,0.0,30.346153846153847
0.08,2954.123654450366,0.9939531767192784,0.3309743329751708,0.4300024394762551,7399819002.7184,1658.864068095019,0,0,0.0046415879262288,0.0040538221566731,5381995142.867377,0.2255981995948396,0.2417991183268226,1900010.0,1973360.3073652752,2.435400160685641e+23,0.0432108287947285,0.0,30.346153846153847
0.08,2935.7445467623943,0.9928739595648268,0.3305575795309989,0.4302015583704768,5954885140.416164,1689.7218848709294,0,0,0.0008857195799734,0.0007804424771358,5401235684.991291,0.2369814588797252,0.2416343887348858,1950010.0,1969654.8013021904,2.4314295067849145e+23,0.0298989684181328,0.0,30.346153846153847
0.08,3024.1172643331765,0.9947171978256568,0.3310656383242111,0.4258382053732441,9983041371.91385,1370.9445715186466,0,0,0.0404405512540823,0.0329776846938857,5203859500.807502,0.2077302299911569,0.2433340654503069,1800010.0,1995558.858821139,2.4524631594276335e+23,0.1519694557380148,0.0,30.346153846153847
0.08,2948.705282283466,0.9939474693100466,0.3307860603198016,0.4292114205426204,7383894984.249416,1637.0723801708884,0,0,0.005424562064422,0.0046960899115187,5367468001.851184,0.2257179127506194,0.2419236302882161,1900010.0,1973897.699540424,2.4376030887006613e+23,0.0501595923774271,0.0,30.346153846153847
0.08,2928.3921057238085,0.992871567507522,0.3303702937270973,0.4293646323937302,5942728588.361988,1672.319360723075,0,0,0.0010594465984634,0.0009256599977121,5388526434.10301,0.2370818362188399,0.2417431770044421,1950010.0,1969811.946555734,2.433621593111906e+23,0.0354852484213329,0.0,30.346153846153847
0.08,2975.5003503242974,0.9943659475747224,0.3301693107971646,0.4212248701941443,8593603495.17544,1389.2243701530997,0,0,0.0366478940277595,0.0285827097688337,5147828809.903083,0.2169674293653032,0.2438205527923205,1850010.0,1994674.521820036,2.4624288720224152e+23,0.1812656515349908,0.0,30.346153846153847
0.08,2989.2390767946067,0.9945476327927428,0.3318358974253319,0.432126792620802,8859739926.938444,1689.7715703187455,0,0,0.0066233343570509,0.0058905260755234,5401723164.189968,0.2151329270718737,0.2416302178142543,1850010.0,1975839.1704307443,2.431621046126901e+23,0.0369723114355386,0.0,30.346153846153847
0.08,2973.1660283903198,0.9939725599545632,0.3316187968824001,0.4328519980794452,7453321447.677153,1733.0295285520383,0,0,0.0021989991508079,0.001980286077124,5434186835.419168,0.2251968867037529,0.2413527526547138,1900010.0,1971388.684750756,2.427516174981269e+23,0.0209955391117081,0.0,30.346153846153847
0.08,2960.931703649266,0.992882915941325,0.3311989795511861,0.4330479298110634,5996312406.139395,1749.3321985988896,0,0,0.000357040028786,0.0003236248890292,5444378455.248278,0.2366399866879546,0.2412657661445251,1950010.0,1969145.977680288,2.423956926044877e+23,0.0123665961928983,0.0,30.346153846153847
0.08,2989.763698887125,0.9945498108907108,0.3318651008062329,0.4322656758866836,8863229232.27175,1694.231344369355,0,0,0.0063845377329314,0.0056870628387896,5404767114.660225,0.2151090851183072,0.2416041764594466,1850010.0,1975656.211366481,2.4312205290550524e+23,0.0356847488911542,0.0,30.346153846153847
0.08,2974.032380641189,0.9939734216887118,0.3316475767904534,0.432981891236858,7455669652.789053,1736.322287100871,0,0,0.0020997978131353,0.0018935262099253,5436555937.793198,0.2251793051608666,0.2413325269843662,1900010.0,1971299.731671679,2.427157768000363e+23,0.0200716140407743,0.0,30.346153846153847
0.08,2962.053877867497,0.9928833512193465,0.3312276359840134,0.4331733828654182,5998163017.224593,1752.000025159307,0,0,0.0003356860026361,0.000304644480849,5446275376.625347,0.2366247541155263,0.2412495820878298,1950010.0,1969125.243756131,2.423626628769504e+23,0.0116393359325451,0.0,30.346153846153847
0.08,2909.659800949858,0.993894534326575,0.3292862513597652,0.4243518441156232,7250710863.866696,1460.6482961929094,3,1,0.012437926545531,0.0100824775858426,5277226183.92956,0.2267240276668534,0.2426997310918175,1900010.0,1976625.354359785,2.45173028444027e+23,0.1065254383451758,0.0,30.346153846153847
0.08,2871.6595848128663,0.9928556046231664,0.3288824715238895,0.4231532934259627,5841581220.340231,1532.0130696144631,2,0,0.0027018238769389,0.0022072109878145,5294894912.581642,0.2379200983713842,0.242547417262134,1950010.0,1970651.7464408623,2.44998510423572e+23,0.0861112896077611,0.0,30.346153846153847
0.08,3216.292564898149,0.9968496381508004,0.3363413203627337,0.4292029063702298,15112031060.885893,1306.765692627719,0,0,0.0717884637160591,0.0627620370823901,5180909227.975843,0.180023198752644,0.2435331173396757,1600010.0,2017390.547769614,2.445847594341947e+23,0.1432567079178195,0.0,17.153846153846153
0.08,3236.313018275919,0.9962805562967294,0.3361945078283608,0.4263772012714442,13751828195.896612,1319.2593884760129,0,0,0.0827441059350282,0.0700030428331952,5102781865.487726,0.1864961019109122,0.2442129604620853,1650010.0,2025376.9268790327,2.452337959118472e+23,0.1801456950854113,0.0,17.153846153846153
0.08,3252.2307420604798,0.9973504907670044,0.3376487705630403,0.4291653201999433,16307643395.344175,1293.8431831588682,0,0,0.0770571000437194,0.068318696091667,5173925107.811146,0.1747874425102795,0.243593750838398,1550010.0,2021451.7297610184,2.445469606915318e+23,0.1403157174244638,0.0,17.153846153846153
0.08,3273.8286669867007,0.9968299318554134,0.3375164425725449,0.4269736324171724,14979379151.060831,1305.633789907373,0,0,0.0874350006237289,0.0754612967199996,5107479202.842633,0.1806295754171396,0.244171987886494,1600010.0,2028619.033753605,2.4505993868773388e+23,0.1716579800613571,0.0,17.153846153846153
0.08,3298.675075332046,0.9973238036436924,0.3386347360547396,0.4274765721001613,16192187123.706738,1293.1589667563271,0,0,0.0893118180717112,0.0785299717965796,5118568192.277433,0.1752754790698954,0.2440753136671621,1550010.0,2030124.207983537,2.448858767140352e+23,0.1609446780288229,0.0,17.153846153846153
0.08,3299.5714256796314,0.99732329544912,0.338653331727806,0.4274451449883625,16190028356.539858,1293.1457188349736,0,0,0.0895406696388824,0.0787191273666818,5117538247.575808,0.1752846391590178,0.2440842898279501,1550010.0,2030287.012046892,2.448921717677717e+23,0.1613259563446774,0.0,17.153846153846153
0.08,3189.0462032455507,0.9963286003089108,0.3352826689217958,0.4283654606864899,13852057815.397568,1320.4700161384087,0,0,0.0695247407966233,0.0596162113618927,5168306086.800173,0.1859993554138569,0.2436425530460642,1650010.0,2015652.3655788049,2.447966726936953e+23,0.1540017316028336,0.0,17.153846153846153
0.08,3229.948495932491,0.9962868092370692,0.3360742208859848,0.4266347506445829,13764943900.762226,1319.415232628629,0,0,0.0810590899454784,0.0686963844123998,5111273739.2774935,0.1864309151821397,0.2441388991349699,1650010.0,2024104.090412236,2.4517729731934546e+23,0.1768701982460021,0.0,1.5
0.08,3311.5403150085285,0.9976475409328304,0.339986087864896,0.4287148428778727,18592754965.581764,1271.0387717993483,0,0,0.0851363594110043,0.0774138823567612,5160782351.77034,0.1658449747635933,0.2437079259550947,1450010.0,2028125.02791652,2.4434361492510583e+23,0.1341682383676197,0.0,1.5
0.08,3334.4506430443507,0.9975351467214504,0.3399628258190588,0.4272497511353915,17334198214.389507,1281.4243937725655,0,0,0.0943338580302691,0.0841323716206739,5110624428.847416,0.1706055051445858,0.2441445606105495,1500010.0,2034063.821418235,2.44784752529454e+23,0.1574963437658699,0.0,1.5
0.08,3223.002821346101,0.996847325913696,0.3364820336989518,0.4289304567630558,15095992542.55892,1306.6330409610157,0,0,0.0736828641650119,0.0643163613445051,5171954247.860143,0.1800962362601377,0.2436108660819165,1600010.0,2018744.1376151503,2.4464295697686624e+23,0.1467433932138369,0.0,1.5
0.08,3243.7365041139874,0.9962733836897678,0.336333920290128,0.4260803183584702,13736667129.195469,1319.0813918007373,0,0,0.0846675289492722,0.0714878024113174,5092996350.462595,0.1865715236304284,0.244298354908313,1650010.0,2026848.11692034,2.45298878861238e+23,0.1838623102587311,0.0,1.5
0.08,3288.90755036102,0.9975728800000228,0.338970320904735,0.4288177995710317,17454291902.06832,1281.910689458399,0,0,0.0827777699701065,0.0743046975151585,5161347195.204667,0.1701342548392125,0.2437030169823452,1500010.0,2025939.902491912,2.444895944485515e+23,0.1393294937172844,0.0,1.5
0.08,3311.882629555518,0.997316360035154,0.3389072158730809,0.4270175161069629,16160622162.386274,1292.9649086669344,0,0,0.0926459473132209,0.0812797590360813,5103529507.649332,0.1754095437227784,0.2442064383081524,1550010.0,2032506.495300009,2.4497777689464835e+23,0.1664839819587852,0.0,1.5
0.08,3230.414027852103,0.9962863429187436,0.3360830420166396,0.4266158169618601,13763980806.96785,1319.4037368151785,0,0,0.081183447420597,0.0687930042395341,5110649333.424851,0.1864356999910125,0.2441443434578415,1650010.0,2024197.5579677385,2.451814505269596e+23,0.177112546819611,0.0,1.5
0.08,3253.861523481233,0.997349557188203,0.3376841923922201,0.4291037529778863,16303460974.62364,1293.8196902630884,0,0,0.077497315692712,0.0686881575748838,5171909892.815177,0.1748050578468294,0.24361125129301,1550010.0,2021764.580972573,2.4455934095096758e+23,0.1410635694747809,0.0,1.5
0.08,3275.617648675961,0.9968293489848806,0.3375519413234012,0.426907658975537,14975416358.857504,1305.5997578610916,0,0,0.0878936563590919,0.0758284383058379,5105306628.800953,0.1806477706319154,0.2441909366319782,1600010.0,2028955.4176838628,2.4507396571260905e+23,0.172475822250088,0.0,1.5
0.08,3227.149801029295,0.996845888407986,0.3365684741678124,0.4287638855661833,15086161258.749706,1306.55074113399,0,0,0.0748471745275112,0.065269500949907,5166475133.480966,0.1801410444150888,0.2436584590554938,1600010.0,2019574.5381310056,2.4467852206365823e+23,0.148880158168744,0.0,1.5
0.08,3248.324829600034,0.9962690204496336,0.3364195835905585,0.4258996477058615,13727373244.751114,1318.9737893954316,0,0,0.0858323805873777,0.0723833627584948,5087028432.733024,0.186617794653244,0.2443504613137438,1650010.0,2027748.9844073215,2.453384530195301e+23,0.1861014118648743,0.0,1.5
0.08,3266.523147557663,0.9968323420838,0.3373709109156619,0.4272442233443485,14995651053.32307,1305.7738606627086,0,0,0.085542126181534,0.0739427844579366,5116403368.517664,0.1805549118683132,0.2440941812071908,1600010.0,2027238.758665396,2.4500239399873565e+23,0.1682730803336756,0.0,1.5
0.09,3053.8685906576657,0.9950809812661654,0.332554028676029,0.4248859038688687,10060516089.371391,1344.7506425622764,0,0,0.0388958607832723,0.032020477610766,5186559051.241039,0.2072393116985792,0.2434840878396407,1800010.0,2000172.5673232332,2.4531175739587035e+23,0.1434337322764989,0.0,30.214285714285715
0.09,2978.84352792708,0.9940399321310306,0.332196861194968,0.4275888038938357,7491273475.581255,1602.862088054569,0,0,0.0061850633623879,0.0053595736387459,5329536318.281913,0.2249130598265575,0.2422492971497012,1900010.0,1980427.5880451417,2.4394279610108697e+23,0.0528914136667319,0.0,30.214285714285715
0.09,2957.644367614406,0.9932585122760266,0.3318891389230167,0.427618381729569,6074614862.782606,1639.993344088259,0,0,0.001483718969471,0.0012971498852489,5351198643.647458,0.2359970697556754,0.2420632144126768,1950010.0,1976247.27433936,2.4363519420735224e+23,0.0377512684591787,0.0,30.214285714285715
0.09,3305.6867063562536,0.9973919485929864,0.3394604197277959,0.4269070727464746,16231904724.445698,1268.7354414547926,0,0,0.0818846013357194,0.0725534121761578,5120440491.871613,0.1751071783576137,0.2440589977649017,1550010.0,2030640.733261341,2.4482973282355023e+23,0.1474702004186988,0.0,30.214285714285715
0.09,3329.354622663851,0.996997482352805,0.339358731771527,0.4247032619891209,14927588928.28806,1280.5885832802455,0,0,0.0911406046194691,0.0786121628605231,5054785996.157679,0.1808677409621774,0.2446323226720347,1600010.0,2037825.5078811843,2.453800259048125e+23,0.1766373754133585,0.0,30.214285714285715
0.09,3013.121108265138,0.9943373464989864,0.3327439827071781,0.4288233728215196,8895100798.192745,1592.71022783082,2,0,0.0110624959246986,0.0096455846286292,5324006394.601837,0.2148915610893342,0.2422968420478771,1850010.0,1984750.0461344908,2.4378134080994907e+23,0.058005107720325,0.0,30.214285714285715
0.09,2990.9709597914057,0.9940609060255764,0.3326360612349973,0.4294296396528069,7529180588.301741,1654.6282864141049,0,0,0.0042113822123322,0.0037249546064517,5363923718.676636,0.2246302669148965,0.2419540261450612,1900010.0,1979058.0453798864,2.434285061245442e+23,0.0365875179249121,0.0,30.214285714285715
0.09,2974.3349687751497,0.993268182359618,0.3323246595246205,0.4295368879745945,6103408108.935595,1681.199307028451,0,0,0.0009557116608456,0.000851960353137,5380852169.011614,0.2357614790837379,0.2418089104820838,1950010.0,1975795.3009350456,2.4312932602726985e+23,0.024731787280279,0.0,30.214285714285715
0.09,3021.490441624941,0.9943956744729364,0.3332863348866879,0.4311981796732159,8961190521.841463,1676.8007744437398,0,0,0.006205837254366,0.0055651522075424,5377371591.127068,0.2144419310198693,0.2418387339821772,1850010.0,1981441.14781022,2.4308783020359664e+23,0.0333493560710365,0.0,30.214285714285715
0.09,3006.111399795216,0.9940854098198788,0.3331668373535223,0.4317804944737567,7574066184.614116,1716.8192829803538,0,0,0.0020799265188298,0.001886503938253,5407618573.23078,0.224296313204822,0.2415797865690885,1900010.0,1977296.0162671264,2.427762713502223e+23,0.0184494408497,0.0,30.214285714285715
0.09,2994.5336614163302,0.9932802579518284,0.3328514321705619,0.4318325769451753,6138035208.346287,1731.057960417774,0,0,0.0003986801868486,0.0003636143732173,5416227550.491006,0.2354787383036382,0.2415061772858992,1950010.0,1975288.275092444,2.425221711350157e+23,0.0105185549736816,0.0,30.214285714285715
0.09,3076.688379699496,0.9963878595364176,0.3353956038661793,0.4349566283098107,13145164558.495504,1792.8853755285668,0,0,0.0047742389988723,0.0044703711885112,5439652909.532038,0.1895728473172174,0.2413060919920893,1700010.0,1982658.315258042,2.42479049248074e+23,0.0129170391814036,0.0,30.214285714285715
0.09,3185.513039269622,0.9957850016681544,0.3352129081357282,0.4215983327598761,11239121928.912302,1324.2845989360455,0,0,0.0708459854714934,0.0570559640178467,5041525077.40608,0.2000680676300937,0.2447484203396021,1750010.0,2025157.4013377132,2.462572341178272e+23,0.1997212050499821,0.0,30.214285714285715
0.09,3070.8232760606343,0.996398159859862,0.3353609453188658,0.4357136955163481,13179928075.3111,1821.5854127905995,0,0,0.0022618309628347,0.0021329933851374,5462627988.247009,0.1893932452296177,0.2411101484306617,1700010.0,1980205.761671843,2.422647324617573e+23,0.0061586195588466,0.0,30.214285714285715
0.09,3183.315215418644,0.9957858475260214,0.3351760126815577,0.4217150056656042,11242788293.89832,1324.348846704009,0,0,0.0702982051603052,0.0566713063239918,5045106008.233783,0.2000466057309091,0.2447170598792774,1750010.0,2024661.5972300195,2.4622913069828775e+23,0.1984422241654373,0.0,30.214285714285715
0.09,3048.2252803225792,0.9950823067913104,0.3324514458342196,0.4254617474475515,10070752837.19141,1345.090050293216,0,0,0.0366650526177751,0.0303455046135492,5202376970.774651,0.207174631289486,0.243346914733572,1800010.0,1998305.2324296336,2.4516940881082244e+23,0.1362347404640888,0.0,30.214285714285715
0.09,2976.060661668362,0.9940346505996264,0.3320921721195393,0.4271734240365314,7482033734.884796,1590.4154312712951,2,0,0.006691286631967,0.0057697628592781,5321700601.476394,0.2249820954021872,0.2423166717285213,1900010.0,1980738.309512651,2.4405994299948253e+23,0.0569130963151921,0.0,30.214285714285715
0.09,2953.68516732804,0.9932562390720712,0.3317854356096192,0.427163392102291,6067709091.29319,1630.167334395742,0,0,0.0016186002782861,0.0014084651026587,5344162086.747649,0.2360536394042646,0.2421236307991002,1950010.0,1976354.59743982,2.4375511040003287e+23,0.0410198075086663,0.0,30.214285714285715
0.09,3219.2170655157875,0.9961101169232702,0.336218600984442,0.4241743654524238,12538768804.476677,1309.0273514273786,0,0,0.0736023291531326,0.0613058248677786,5079383935.924685,0.1927719010555708,0.244417235610913,1700010.0,2025521.9723103333,2.456132094257981e+23,0.1800503085990564,0.0,30.214285714285715
0.09,3078.058454378828,0.9963854115692594,0.3354033168192156,0.4347854293811427,13137164796.296808,1786.2492862589218,0,0,0.0053695404845692,0.0050196043076016,5434425053.281035,0.1896142347273324,0.2413507187832875,1700010.0,1983219.665701263,2.425276779844379e+23,0.01450666534921,0.0,30.214285714285715
0.09,3053.964217704659,0.9950809563722104,0.3325557534810014,0.4248763502546151,10060344252.615654,1344.7449437055711,0,0,0.0389333344126381,0.0320484803217557,5186295793.241385,0.2072403978083552,0.2434863720081905,1800010.0,2000203.7970096956,2.453141190869092e+23,0.1435538498902684,0.0,30.214285714285715
0.09,2978.8913235327745,0.9940400241335406,0.3321986232967081,0.4275958542660434,7491426413.515856,1603.0698167988696,0,0,0.0061768779174586,0.0053529115489655,5329668180.579438,0.2249119174854437,0.242248163639308,1900010.0,1980422.4718777947,2.439408162828812e+23,0.0528245075921138,0.0,30.214285714285715
0.09,2957.711046032024,0.9932585507928487,0.3318908837340922,0.4276260495223781,6074730837.325041,1640.1585834023338,0,0,0.0014814793113657,0.0012952936940762,5351317234.711928,0.235996119949842,0.242062196417984,1950010.0,1976245.459840305,2.43633173366388e+23,0.0376968214188461,0.0,30.214285714285715
0.09,2995.080986968687,0.9941800085151528,0.3314165358651586,0.4253968045809791,8744346106.973637,1396.9645416076642,2,0,0.0231621220560384,0.0191011081563153,5241027060.809287,0.2159244516688648,0.2430123336193079,1850010.0,1989364.731182872,2.4488654237423e+23,0.1122179929982944,0.0,30.214285714285715
0.09,2957.302348111028,0.9939930094198064,0.3313398102358207,0.4245630573251061,7413817348.041319,1500.127335882679,3,0,0.010629258113222,0.0088524947839121,5271740791.051419,0.2254930655038692,0.2427470536881559,1900010.0,1982610.6770117937,2.4481329508228346e+23,0.0861074149201219,0.0,30.214285714285715
0.09,2925.733540700804,0.9932401648332674,0.3310417315126227,0.4240052718260715,6017060873.356258,1559.201746833295,2,0,0.002686770735765,0.002260247524938,5295394382.3151,0.2364693087414732,0.2425431141094803,1950010.0,1977037.635796872,2.445898326617564e+23,0.0661239561846779,0.0,30.214285714285715
0.09,3050.7728202316293,0.9950817111015404,0.3324979390401902,0.4251988155450485,10066107983.664928,1344.9361011775425,0,0,0.0376766193281544,0.0311069617882595,5195166340.687399,0.2072039742441831,0.243409427875002,1800010.0,1999154.237225724,2.452343978542131e+23,0.1395108901217732,0.0,30.214285714285715
0.09,2977.2941062814093,0.994037156507925,0.3321396550716977,0.4273611559351857,7486296989.767441,1596.1082851226115,1,0,0.0064522957231598,0.0055765678368508,5325279256.271517,0.2249502369478876,0.2422858967880148,1900010.0,1980592.0705446345,2.440068331967108e+23,0.0550710950190103,0.0,30.214285714285715
0.09,2955.478419983668,0.9932572654430536,0.3318324327907583,0.4273693872577698,6070841859.36467,1634.6215882953566,0,0,0.001557045596009,0.0013577794685554,5347347790.98169,0.2360279737244103,0.24209627468887,1950010.0,1976306.1025115808,2.437008170007401e+23,0.0395306815711908,0.0,30.214285714285715
0.09,2996.5278844091736,0.9941834653542484,0.3314783389466556,0.4254530063603684,8749368974.27707,1404.5956600195286,2,0,0.022929973960677,0.0189265179836065,5241946611.194144,0.2158898744234518,0.2430043836066324,1850010.0,1989452.974799564,2.448633603144712e+23,0.1103032705334313,0.0,30.214285714285715
0.09,2958.806962179647,0.9939965666585082,0.3314018861539941,0.4247504724897408,7419447808.621537,1507.5509858775308,2,0,0.0103031584517567,0.0086039341798089,5275324468.860212,0.2254508050926527,0.2427161353157624,1900010.0,1982494.1976278983,2.4475797405755765e+23,0.0837506037135405,0.0,30.214285714285715
0.09,2927.9965688829284,0.993241480819846,0.331103023601854,0.4242548546706255,6021332457.033065,1565.0968268263648,2,0,0.0025926174229232,0.0021871316107104,5299237001.810501,0.2364341990405901,0.2425100129144728,1950010.0,1976990.9971634373,2.445235693011404e+23,0.0639631653587655,0.0,30.214285714285715
0.09,3220.933742281707,0.996351685932666,0.3366564377646563,0.4269874499463209,13866671049.541813,1295.2264411194794,0,0,0.068603571167023,0.0590923324339938,5141312914.018802,0.1859272009232163,0.2438772422477033,1650010.0,2020904.7228454808,2.4488663838821845e+23,0.1505387963495627,0.0,13.583333333333334
0.09,3240.057370968342,0.9960948987537228,0.336586960701796,0.4232505981625158,12500533475.708206,1308.5526869376386,0,0,0.0787383886959368,0.0651267884018174,5049827485.255575,0.1929778696012204,0.2446757220951291,1700010.0,2029819.696995096,2.45826031241534e+23,0.1908647748110676,0.0,13.583333333333334
0.09,3428.6596635539004,0.9983112859208844,0.3444157824040046,0.4249097572874019,20520062490.89248,1227.4271914072974,0,0,0.0993629225969805,0.0920869491304152,5082348203.661973,0.1592694668221949,0.2443913389419789,1350010.0,2044675.3898535024,2.4471668399870865e+23,0.1395215862322506,0.0,13.583333333333334
0.09,3453.751997877146,0.9981244052113905,0.3443802863177195,0.4239899861414622,19363057632.15177,1236.437731732516,0,0,0.1068555997859708,0.0976304924098367,5043163808.725597,0.1631176821910568,0.2447340680343184,1400010.0,2049773.7799095928,2.4500346626345057e+23,0.1568227664155505,0.0,13.583333333333334
0.09,3297.8138214719106,0.9970090935574988,0.3387467547683753,0.4258258111801144,14995192994.821217,1280.9894400959251,0,0,0.0837801500778887,0.0727194949151422,5091382349.808749,0.1805570125876061,0.2443124448935116,1600010.0,2032114.733710025,2.4514282535130685e+23,0.163670321282731,0.0,13.583333333333334
0.09,3293.45644309835,0.997010774770108,0.338660860591547,0.4259851112835218,15004740583.481548,1281.0472041379926,0,0,0.0827198894476712,0.071863719829177,5096581239.696802,0.1805132389651549,0.2442670646468142,1600010.0,2031308.938746019,2.4510910961825683e+23,0.1617826937518005,0.0,13.583333333333334
0.09,3286.8452487304085,0.9974040542374611,0.3390635295215343,0.4275851220969787,16278163184.005417,1268.9096769808534,0,0,0.077213045463289,0.0686384620174699,5142469639.25471,0.1749117081193136,0.2438671767791045,1550010.0,2027183.32949183,2.44694382867618e+23,0.1396301520775595,0.0,1.875
0.09,3308.7419415989198,0.9970049544929795,0.3389606999774414,0.4254308626518255,14971475500.805435,1280.846816810884,0,0,0.086394483012081,0.0748223417363941,5078498656.062425,0.1806658697842418,0.2444249706301284,1600010.0,2034117.420778964,2.4522636034849196e+23,0.1683040389596827,0.0,1.875
0.09,3300.145509564973,0.9970081985797652,0.3387925780840948,0.4257410020378147,14990105440.29552,1280.9587272859787,0,0,0.0843434021236606,0.073173431506488,5088614981.399043,0.1805803490181338,0.2443366070476848,1600010.0,2032544.2096694144,2.4516076932490857e+23,0.1646711559468769,0.0,1.875
0.09,3264.452514181873,0.9970222613259252,0.3380800574905409,0.4270737531643301,15069689419.631577,1281.4401266868765,0,0,0.0754321390671822,0.0659380005774463,5132127553.704589,0.1802161825118938,0.2439571973098647,1600010.0,2025835.7340104023,2.448783688988401e+23,0.148684326696863,0.0,1.875
0.09,3286.1671957599324,0.996340727709656,0.33789861028677,0.4243435001642757,13733302693.523294,1294.0419153311277,0,0,0.0851062981032846,0.0720413648142835,5055560442.670453,0.1865882707593248,0.2446255455829801,1650010.0,2033756.3090586264,2.4547870538317137e+23,0.1826420143817999,0.0,1.875
0.09,3226.2795743598704,0.9961048630900888,0.336344240096085,0.4238578617632542,12525692971.566751,1308.8621660210958,0,0,0.0753861646680032,0.0626406507056797,5069246532.755919,0.1928422812110161,0.24450583650982,1700010.0,2026991.925865839,2.45686173706326e+23,0.1838360223748368,0.0,1.875
0.09,3244.16621490395,0.9970304242507254,0.3376636553061141,0.4278684778386361,15116681663.546562,1281.717244916236,0,0,0.0701423652996684,0.0615922342030081,5158049341.164248,0.1800020346967998,0.2437316807016804,1600010.0,2021886.665873434,2.4470956777878028e+23,0.1390504142476951,0.0,1.875
0.09,3263.7809077857,0.9963440543070616,0.3374809918595374,0.42521712580478,13777777344.504534,1294.4260754162326,0,0,0.079759638579472,0.0679022406550044,5083885771.407042,0.1863671850965599,0.2443779082869144,1650010.0,2029469.7226507475,2.452834225063841e+23,0.1724226060878973,0.0,1.875
0.09,3284.6426791059903,0.9974054722320164,0.339016641481994,0.427665789764085,16283649030.5551,1268.9297657661366,0,0,0.0766610431841095,0.0681743352331403,5145088657.365995,0.1748885660270115,0.2438443896823218,1550010.0,2026774.039576857,2.446782640891146e+23,0.1386998645816555,0.0,1.875
0.09,3306.331610834776,0.9970058543233437,0.3389136890551891,0.4255174262942256,14976679201.539783,1280.8779743433115,0,0,0.085823497234138,0.0743639667107005,5081321585.494239,0.1806419717636076,0.2444003071995616,1600010.0,2033677.913702794,2.4520805745191776e+23,0.1672945644256041,0.0,1.875
0.09,3246.1104100487523,0.9970296435317794,0.3377039235839421,0.4277915774779779,15112121895.152798,1281.6909490530963,0,0,0.0706539124638995,0.0620140440073656,5155534806.462101,0.1800227853209794,0.2437535402299179,1600010.0,2022268.9017131424,2.4472590518255385e+23,0.1399865403242686,0.0,1.875
0.09,3265.9254083765627,0.996343707531702,0.3375213647084418,0.425132030319268,13773461894.194742,1294.3880547159106,0,0,0.0802872202106264,0.0683132246461481,5081125326.935184,0.1863886094227447,0.2444020217291884,1650010.0,2029885.695689968,2.45302459359529e+23,0.1734392701923993,0.0,1.875
0.09,3264.7667640273557,0.9963438986379368,0.3374995628440958,0.4251779663070547,13775791978.775167,1294.4085665778025,0,0,0.0800025727655803,0.0680915524985178,5082615476.221201,0.18637704082397,0.2443890042196478,1650010.0,2029661.0949417772,2.452921844995728e+23,0.1728909649547481,0.0,1.875
0.1,3032.664336991865,0.9943567014407048,0.3330422580399617,0.4241279214877415,8839950920.96345,1385.4495852618516,2,0,0.0235876660664005,0.0195665350707187,5209847859.69314,0.2152682450299021,0.2432821761544292,1850010.0,1996017.0317560127,2.4497813999346972e+23,0.1083514429698314,0.0,31.103448275862068
0.1,2994.470369585225,0.993907713196362,0.3328907660717841,0.4237968016994858,7534029625.142905,1490.1830990394155,2,0,0.0106155441917951,0.0089366086701554,5247714914.964741,0.2245941425929811,0.2429545243246446,1900010.0,1988759.8647649705,2.447224220036118e+23,0.0808739098188458,0.0,31.103448275862068
0.1,2964.399865365627,0.993446234411931,0.3327039188345146,0.4233208781293602,6156902660.977283,1546.3282297727192,2,0,0.0030499390322955,0.0025935971223923,5272668347.847232,0.235324947456439,0.2427390504513554,1950010.0,1983348.8736552144,2.4455473756208253e+23,0.0613399373460668,0.0,31.103448275862068
0.1,3070.5701231425646,0.9953443478426612,0.3337601400202792,0.4252694428070095,10158021123.789566,1319.079369953912,0,0,0.0326557218334357,0.0274537351357991,5204976691.210024,0.2066249745780314,0.2433243834318662,1800010.0,2000505.302146488,2.4502652911235145e+23,0.1202611270761324,0.0,31.103448275862068
0.1,3068.0737712609366,0.994371369798368,0.3334278371381373,0.4166145195831091,8737568819.550037,1334.4300243977025,0,0,0.0444590282676795,0.0343293161246605,5028561361.711898,0.2159711241778024,0.2448620128054938,1850010.0,2014252.6243042808,2.4690438163862425e+23,0.1974058113126397,0.0,31.103448275862068
0.1,3003.575278053129,0.9939385628627716,0.333280838174042,0.4251198696423258,7570070171.251427,1537.736724718644,2,0,0.0083853284350565,0.0071870295705369,5273674987.283285,0.2243260044843412,0.2427303654119086,1900010.0,1987700.5182572396,2.44338458225614e+23,0.0655910247205012,0.0,31.103448275862068
0.1,2978.3966582138937,0.9934592521534702,0.3330876318378512,0.4249217409763915,6183545658.414339,1583.5777771435585,0,0,0.0023592302940773,0.0020413597097385,5297872973.983439,0.2351080981833584,0.2425217620127369,1950010.0,1982918.0983151707,2.4412893881229667e+23,0.0481812949297151,0.0,31.103448275862068
0.1,2981.8281841431126,0.993861278505223,0.33233141489916,0.4222635588928396,7482872305.155354,1422.7232340106111,3,1,0.0137337341117315,0.0112961573905448,5217591184.952255,0.2249758282361459,0.243215109962915,1900010.0,1989760.370605978,2.4518325533767165e+23,0.1016543232328109,0.0,31.103448275862068
0.1,2944.9388170237025,0.9934269595049184,0.3321546042689859,0.4211924279202198,6117529133.387436,1492.4280014248664,2,0,0.004115004377997,0.0034142569989676,5239309481.053758,0.2356460997833601,0.2430271843022224,1950010.0,1983811.4584015,2.4512557083902745e+23,0.0809836114216493,0.0,31.103448275862068
0.1,3040.4543322523728,0.9943726951872603,0.3329830130785366,0.4201785600943032,8779146514.473326,1336.2598653935947,0,0,0.0339399033160739,0.0271565228936166,5119351052.869725,0.2156851185445024,0.2440684912925795,1850010.0,2004082.7515533164,2.460169932919935e+23,0.1590724010892281,0.0,31.103448275862068
0.1,3118.4837119864237,0.997225070713803,0.3374699211831221,0.4344724559196052,15780278235.555174,1823.8617748541,0,0,0.002695462222407,0.0025698564614157,5430498943.315042,0.1770467764352424,0.2413842433895911,1600010.0,1987922.2821173028,2.424720792129702e+23,0.0056319567676196,0.0,31.103448275862068
0.1,3129.8327291158826,0.9966005869083772,0.3373067583347497,0.4327697662051309,14412708497.71664,1742.7183764141023,0,0,0.0093685830939816,0.0087700245519596,5376490223.208456,0.1832796221793428,0.2418462870965166,1650010.0,1993347.677891072,2.428167506010457e+23,0.0216447731698291,0.0,31.103448275862068
0.1,3228.8187320117727,0.9959888057470844,0.337136027524023,0.4240235180348553,12613771446.040596,1284.086868250661,0,0,0.0661876296032996,0.0558988905168547,5088512464.811489,0.1923693558616057,0.2443375022131523,1700010.0,2025750.4759419272,2.453801082946393e+23,0.161832844341625,0.0,31.103448275862068
0.1,3202.6117104913324,0.995838233286388,0.3363500311210693,0.421319813547777,11316908718.333525,1299.1681763182155,0,0,0.0650737375152033,0.0531811136549887,5045700294.437231,0.1996138200900193,0.2447118560479327,1750010.0,2026511.3766157704,2.460865745196668e+23,0.1827827069440898,0.0,31.103448275862068
0.1,3046.1170729840555,0.9943688771692716,0.3342289417733912,0.427713187337761,8989156415.33001,1576.3091581231786,0,0,0.0108885536174122,0.0095613772474792,5297393742.556854,0.2142522506962295,0.2425258901355813,1850010.0,1990528.0031494168,2.4380339707905232e+23,0.0552209597417026,0.0,31.103448275862068
0.1,3024.602263327459,0.9939963945273764,0.3341026712535197,0.4284269533542132,7643511859.671736,1636.8599811228491,0,0,0.004212255875058,0.0037521942290216,5337003043.908591,0.2237815458999281,0.2421851272239368,1900010.0,1984999.5084938435,2.434061605485348e+23,0.0342385944174026,0.0,31.103448275862068
0.1,3008.5455746252774,0.9934861974340746,0.3338987067301653,0.4284205577317569,6238478830.090833,1661.7734078411256,0,0,0.0010930559469128,0.0009805833520336,5352924934.685291,0.2346621767718359,0.2420483965737138,1950010.0,1981929.6168116045,2.432004831148276e+23,0.0229913737771951,0.0,31.103448275862068
0.1,2985.13808746248,0.9938045285450828,0.3321083774911306,0.4121950948767751,7403328427.565276,1354.3354869216043,0,0,0.0317787262514638,0.0235774431281837,5003748136.263731,0.2255718331946039,0.2450797018085379,1900010.0,2007389.4712116776,2.477203467451253e+23,0.2090084991689655,0.0,31.103448275862068
0.1,3108.0235418302377,0.9965926164797786,0.3370194892409097,0.4345496929851303,14513474382.87288,1814.1323373820069,0,0,0.0021061379301635,0.0020018265445693,5433628075.567314,0.1828012249988135,0.2413575233932483,1650010.0,1986549.5129616875,2.423232370721796e+23,0.004932512876747,0.0,31.103448275862068
0.1,3213.32905932574,0.9960034739525994,0.3368556886295532,0.424750826764011,12643196695.078438,1284.3876754839966,0,0,0.0621414854977252,0.0527681473832508,5111532500.561409,0.1922119634046292,0.2441366430069488,1700010.0,2022459.4234348803,2.452131227538212e+23,0.1530210073364251,0.0,31.103448275862068
0.1,3229.7189556838075,0.9958242521840384,0.3367976790607135,0.4199299219579859,11272625715.375982,1298.548144262871,0,0,0.0714781487812632,0.0577368671582221,5003227397.792307,0.1998721356677344,0.245084274063752,1750010.0,2032426.413434435,2.464196830620794e+23,0.1976591936116894,0.0,31.103448275862068
0.1,2978.787635536583,0.9938104168272676,0.3320073925381594,0.4140861967860502,7412713033.804949,1355.2133678438008,0,0,0.0281395414059405,0.0212983970782942,5046445218.155123,0.2255013559427797,0.2447053334521639,1900010.0,2003236.79056764,2.472559308959393e+23,0.1917374420388082,0.0,31.103448275862068
0.1,3034.5938591524305,0.9943537584687328,0.3331555204332961,0.4243609104135127,8851931875.244951,1401.9551161669024,2,1,0.0226489934052261,0.018857884744682,5215123198.695933,0.2151862980306345,0.2432364819260388,1850010.0,1995807.3822014949,2.448959866205917e+23,0.1041564673599207,0.0,31.103448275862068
0.1,2997.191554287984,0.9939171770265512,0.3330087037436271,0.4241758594258121,7544914126.548233,1504.5308311939625,2,0,0.0099391355128333,0.0084116197957414,5255163108.639508,0.224513096759129,0.2428901722852993,1900010.0,1988467.7551411695,2.4461147815580294e+23,0.0762954492583217,0.0,31.103448275862068
0.1,2968.5916778794267,0.993450232724958,0.332819886327738,0.4237968671202272,6165039444.267839,1557.6279105367166,2,0,0.0028332579463963,0.0024221537323523,5280168861.373915,0.2352586817556542,0.2426743515062617,1950010.0,1983223.710324196,2.444278747244231e+23,0.0572912865363913,0.0,31.103448275862068
0.1,3045.2990405962414,0.9943686502471422,0.334164854468996,0.4274438914981101,8980720193.766098,1565.660122083424,2,0,0.0115598800471763,0.0101161019133041,5291190561.482061,0.214309433553584,0.2425793362458586,1850010.0,1990930.382694005,2.438854855160932e+23,0.0583684663267667,0.0,31.103448275862068
0.1,3022.8503636899763,0.993992034758556,0.3340371672134048,0.4281444745520066,7637781403.059548,1629.014677345573,0,0,0.0045162236584139,0.0040105456181125,5331648255.061423,0.2238239351077804,0.242231143755685,1900010.0,1985229.9436582087,2.434849687593404e+23,0.0366184581585102,0.0,31.103448275862068
0.1,3006.1237932421022,0.993484056435651,0.3338339692029575,0.4281398413827932,6234140276.869742,1655.545595063094,0,0,0.0011844252013452,0.0010595415969449,5348515618.733428,0.2346973372060867,0.242086247799233,1950010.0,1982007.9587420507,2.4327501720418644e+23,0.0248541956027202,0.0,31.103448275862068
0.1,3367.9286891526385,0.9973688601159116,0.3413881851002284,0.4244701437215852,16140086377.147505,1243.6065794072383,0,0,0.0875356581607868,0.0774464489482058,5061035296.385275,0.1754969123830471,0.2445776455205329,1550010.0,2040864.6458115133,2.451337501748084e+23,0.1557816619049922,0.0,11.3
0.1,3249.558764181011,0.9966067565632428,0.3380115644452006,0.4256958142064122,13886717880.726835,1269.878943000568,0,0,0.0667469435966548,0.057783862714672,5119681230.133028,0.1858283288688741,0.2440656140095644,1650010.0,2025357.5138239567,2.4501931683876107e+23,0.1453225149262447,0.0,1.125
0.1,3268.421856311848,0.9959533555968302,0.3378324764696315,0.4222749096217058,12541467023.594215,1283.3834161051575,0,0,0.0757292742649557,0.063129458503086,5032966388.978199,0.1927573854413345,0.24482340372833,1700010.0,2033816.4637644745,2.4578059500829088e+23,0.1820452349974062,0.0,1.125
0.1,3297.722443617568,0.9965956425053378,0.3389237657802556,0.4237591533824099,13789136770.834797,1269.2512155877478,0,0,0.0783933065470545,0.0670202457230634,5057380928.391253,0.186310819226494,0.2446096160730604,1650010.0,2034698.937349174,2.4545130490381587e+23,0.1679682097324233,0.0,1.125
0.1,3348.472879058283,0.9974535434005508,0.341470245063433,0.4260886561844367,17386299075.379986,1232.2805003844226,0,0,0.080573258828801,0.0727854715256352,5110669305.673779,0.1704006083527164,0.2441441693122802,1500010.0,2035351.404980788,2.4465082424246585e+23,0.1343515380443876,0.0,1.125
0.1,3371.090494639689,0.9973666786558236,0.3414511786727666,0.4243655783719972,16132904778.621044,1243.5914130658084,0,0,0.0882186520248671,0.0780125662359757,5057674319.674364,0.1755274937346536,0.2446070490338192,1550010.0,2041402.686076803,2.451544092053168e+23,0.1569004466167355,0.0,1.125
0.1,3298.725074233094,0.9965954296227084,0.3389423142258048,0.4237205322026638,13787170450.87646,1269.2389358764676,0,0,0.0786219274472812,0.0671990142400207,5056138581.813881,0.1863205731964594,0.2446204865786926,1650010.0,2034887.263714098,2.4545990192493795e+23,0.1684046396279601,0.0,1.125
0.1,3278.272459709546,0.9959450248717184,0.3380016071037899,0.4218604035869103,12524074107.643948,1283.2249770574308,0,0,0.0779152054352936,0.0647531498146364,5019792836.913356,0.1928509988443913,0.2449388998732009,1700010.0,2035753.1159506976,2.458753109376304e+23,0.1865532398412662,0.0,1.125
0.1,3261.3338826097443,0.995959472533714,0.3377098495432742,0.4225767335283977,12554116989.208672,1283.501379607575,0,0,0.0741111478605659,0.0619193383284161,5042575504.95594,0.1926893663342347,0.2447392203292372,1700010.0,2032408.0469778115,2.457115747136476e+23,0.178677279723246,0.0,1.125
0.1,3482.3605566098004,0.998282611425274,0.3461304185292817,0.4228461397397198,20374243126.79241,1202.990268129677,0,0,0.1027510124518266,0.0952658703761483,5036783134.486746,0.1597386757019588,0.2447899597466937,1350010.0,2052697.1606357484,2.4494159188287715e+23,0.1436012428557785,0.0,1.125
0.1,3508.7365487047205,0.998168478018003,0.3461093470963819,0.4219236481311075,19238167425.924324,1212.052145921377,0,0,0.1094185827190392,0.1000191377299876,4998325238.221162,0.1635506392449317,0.2451273242255033,1400010.0,2057753.9679249253,2.4524832972626217e+23,0.1597186727664583,0.0,1.125
0.1,3314.760399166952,0.997406601689718,0.3403019328375602,0.4262983843137414,16265105208.863811,1243.865674759542,0,0,0.0755268096169987,0.0674005964926105,5119899195.67319,0.174966826512996,0.2440637146135611,1550010.0,2031531.421456822,2.447716330882412e+23,0.1358770434061154,0.0,1.125
0.1,3336.298635082108,0.9971252735743016,0.3402286140079669,0.4241984541160507,14978532576.760284,1255.9293507178247,0,0,0.0835840290940163,0.0727479827136027,5058939449.559266,0.1806334620809964,0.2445959802879067,1600010.0,2038147.6340237272,2.453156008900881e+23,0.1619201531616881,0.0,1.125
0.11,3332.6387550700106,0.9967859445696472,0.3403498401714394,0.4223128425893343,13797465264.954578,1243.9072570952503,0,0,0.0771458086277975,0.0662191515635129,5030652647.531172,0.1862695193827833,0.2448436817754523,1650010.0,2039956.9238898684,2.4560431748869908e+23,0.1638513109782529,0.0,31.666666666666668
0.11,3082.697927159875,0.9947625771656556,0.3360892603134218,0.427652148135508,9113650320.28904,1604.1688713012666,0,0,0.0079736153119989,0.0071454261799457,5298624659.635938,0.2134120348019313,0.2425152872149514,1850010.0,1994409.474184756,2.435849681871169e+23,0.0395007793614361,0.0,31.666666666666668
0.11,3065.226884116744,0.9937812953739056,0.3357490501863442,0.4286521849163439,7776253916.473411,1651.1551052314603,0,0,0.0029270502082257,0.0026585449306977,5332476041.322802,0.222804035291377,0.2422240291040243,1900010.0,1989843.801995821,2.4301121816916648e+23,0.0226173816622932,0.0,31.666666666666668
0.11,3052.4524001273576,0.9935366834778988,0.3356501477061194,0.4284866943054488,6385527761.562482,1667.65109724873,0,0,0.000784922248117,0.0007165006081763,5342971931.656314,0.233476309573699,0.2421338522892351,1950010.0,1987613.3893593224,2.4292264996382625e+23,0.0140945940168665,0.0,31.666666666666668
0.11,3109.4996800253466,0.9947311880332138,0.3350667818095483,0.4151126658594906,8812790460.224821,1307.7240103798515,0,0,0.0453153843890483,0.0351385691561323,4994080066.764006,0.2154542528858606,0.2451646158832173,1850010.0,2021265.600586504,2.471178435939828e+23,0.194275658415938,0.0,31.666666666666668
0.11,3039.267728664068,0.9936859211397348,0.3347008779245892,0.4243348521610814,7681899806.913603,1523.2163480029249,2,0,0.0083616381257421,0.0072324348486919,5248895651.3988,0.2234979902146992,0.24294432073989,1900010.0,1993629.5921628615,2.4422503748520443e+23,0.0619095620417971,0.0,31.666666666666668
0.11,3015.095370121851,0.9934895356430292,0.3346196030121587,0.4240939019092079,6314924963.171839,1566.8085001939312,0,0,0.0026083121014163,0.0022759324043163,5272723527.277827,0.2340442670513984,0.2427385743619698,1950010.0,1989062.403949016,2.440949247479255e+23,0.0451641239055585,0.0,31.666666666666668
0.11,3143.46970235361,0.9973486061595306,0.3387686061468094,0.4330675997860512,15776924227.18844,1805.8121635552332,0,0,0.001815210285308,0.0017358186085379,5404008027.54388,0.177061394932871,0.2416106700569069,1600010.0,1992651.2361736728,2.4260391068671827e+23,0.0037636171494539,0.0,31.666666666666668
0.11,3152.9454201951435,0.9968354257022992,0.3386331468519943,0.4316237564158206,14442737505.721325,1736.5277044615978,0,0,0.0073676431102208,0.0069372347317995,5359120671.079067,0.1831367282475429,0.2419952283717922,1650010.0,1997137.2316913465,2.4289797797479997e+23,0.0168960950909901,0.0,31.666666666666668
0.11,3256.236158043117,0.9960798619526656,0.3384186419544011,0.4229840346272469,12652884444.398706,1258.514458567686,0,0,0.0635994146543683,0.054091911904008,5071650364.240285,0.1921602105228116,0.2444848217429302,1700010.0,2029689.1606947856,2.454132528052964e+23,0.1542097126799448,0.0,31.666666666666668
0.11,3274.267459033676,0.995753741203662,0.3383258165632981,0.4183562893679146,11304176675.057669,1272.766405986842,0,0,0.0718015559746852,0.0581953498785237,4966781807.089376,0.1996880136437472,0.2454046631094683,1750010.0,2039444.2512005228,2.4653699250437183e+23,0.1950119152460246,0.0,31.666666666666668
0.11,3137.5017665987016,0.9961795050056432,0.3380648346441124,0.4316563365825928,13177298040.652464,1729.009253691296,0,0,0.0060145410522058,0.0056419388373885,5363995709.488419,0.1894068188439346,0.241953408680471,1700010.0,1995133.728332562,2.427607026023051e+23,0.0157713184972576,0.0,31.666666666666668
0.11,3074.9425008885714,0.9947363045065334,0.3345257885525654,0.4191564704060845,8862917856.773216,1309.517986944595,0,0,0.0335273676361549,0.0270525319923143,5097466116.776423,0.2151112124854311,0.244259342228778,1850010.0,2009494.382628072,2.4611134811292784e+23,0.1526055124392514,0.0,31.666666666666668
0.11,3359.9454337496245,0.9973388436161488,0.3418614536880822,0.4244573081211965,16210753730.094408,1218.617777435812,0,0,0.077535819605694,0.0692695736190397,5078878437.958116,0.1751967502173655,0.2444216522800254,1550010.0,2038797.377610074,2.4494644032057812e+23,0.1383139372395802,0.0,31.666666666666668
0.11,3382.669798408029,0.9971776897709566,0.3418192373851961,0.4223650940727512,14945766049.53896,1230.706035644386,0,0,0.084691105169019,0.0738181554653982,5019341569.395896,0.1807840592586015,0.2449428580115045,1600010.0,2045323.1834577904,2.4551870908645388e+23,0.1624678288218494,0.0,31.666666666666668
0.11,3074.252146231661,0.9947419705600512,0.335211765317535,0.424097152729284,8993604271.97292,1453.7424102098992,1,0,0.0180544539004985,0.0154243843591891,5214039422.759209,0.2142221146134942,0.2432458681586888,1850010.0,2000182.0023061784,2.446843963371438e+23,0.0831818542827328,0.0,31.666666666666668
0.11,3042.6624820378875,0.9937007343267756,0.3348492500588188,0.4248966935865274,7695729970.409993,1541.5646833175904,0,0,0.0074902701649769,0.0065246252338543,5260029180.222751,0.2233960058370606,0.242848146481,1900010.0,1993116.046366033,2.440647033497061e+23,0.0560242911458153,0.0,31.666666666666668
0.11,3020.3267969550734,0.9934963252500536,0.334765032854178,0.4247110559181389,6325001198.467967,1581.065805360795,0,0,0.0023209422004893,0.0020383439201329,5282617429.724716,0.2339630502015781,0.2426532371423811,1950010.0,1988854.630967,2.4393039866164857e+23,0.0403947565012445,0.0,31.666666666666668
0.11,3077.280007275473,0.99475403165312,0.3356079568392084,0.4255133298649256,9048207362.04464,1521.7881516060004,2,0,0.0132193971657642,0.0115388474691487,5249200293.596911,0.213852865053275,0.2429416882366978,1850010.0,1997726.5953302728,2.442321871167176e+23,0.0636632116678549,0.0,31.666666666666668
0.11,3052.6223370927664,0.99373795155181,0.3352547171647051,0.4265246147631836,7732272133.615796,1591.0003647945434,0,0,0.0053326079527633,0.0047323140275446,5291554521.390785,0.2231269826630329,0.242576199801356,1900010.0,1991703.8351783408,2.4360584301020704e+23,0.04044365345948,0.0,31.666666666666668
0.11,3034.7558275527363,0.9935147016528592,0.3351635910584412,0.4264166090356988,6352385685.142924,1620.0701635680846,0,0,0.0015833343238517,0.0014152880584181,5309933454.464308,0.2337425932732615,0.2424179147745389,1950010.0,1988280.0680080312,2.43475744764954e+23,0.0279547579135957,0.0,31.666666666666668
0.11,3124.1154865707304,0.9962199730018072,0.3379840177030412,0.4331105979548388,13247001558.33018,1786.7196656530225,0,0,0.00082620789497,0.000785676151111,5408672104.490028,0.1890478618772154,0.2415707763554143,1700010.0,1990228.7893741613,2.423522883711484e+23,0.0021928461910523,0.0,31.666666666666668
0.11,3367.4886947028667,0.9971852956755164,0.3415338589112875,0.4228806614906969,14976847058.181156,1230.7688010216436,0,0,0.0816104052253016,0.0713309859694581,5035859542.193962,0.1806412010157445,0.2447980519025093,1600010.0,2042721.848143906,2.454110363493936e+23,0.1571098651354071,0.0,7.444444444444445
0.11,3393.1529925771865,0.9967714686633252,0.3414206685392122,0.4201557239342275,13685992262.670288,1243.4943892981323,0,0,0.0889457560313335,0.0753274053342611,4961909634.964385,0.1868241558334433,0.2454475513639137,1650010.0,2050566.098893279,2.4608071785039623e+23,0.1856908328003954,0.0,7.444444444444445
0.11,3322.773717488118,0.9967886611702784,0.3401699055196014,0.4226841587008402,13816416397.851532,1243.9856352036466,0,0,0.0750359248876433,0.0645591788318503,5042503532.327241,0.186175626627456,0.2447398506705436,1650010.0,2038152.9043228864,2.455220665729073e+23,0.1598475673635923,0.0,7.444444444444445
0.11,3300.9245994387875,0.996076639023816,0.3392047140958175,0.4210458151763256,12572918223.630674,1257.9409109487435,0,0,0.0737204107439652,0.0618214987848596,5010976620.9823065,0.1925883750161081,0.2450162493149097,1700010.0,2038537.2358223612,2.4586482696399623e+23,0.1755083184783628,0.0,1.0
0.11,3294.7488419854576,0.9960769688531208,0.3390981030323809,0.4213036965164773,12583685051.117931,1258.014306672764,0,0,0.0724004103563542,0.0608280040033586,5019056106.900233,0.1925305962754064,0.2449453619078607,1700010.0,2037347.4977267536,2.458048250771938e+23,0.1727839446074547,0.0,1.0
0.11,3333.489348324286,0.9967857134589416,0.3403652799976053,0.4222811035264142,13795842078.626532,1243.90063028766,0,0,0.0773253191403922,0.0663599690053743,5029639803.442326,0.1862775667839769,0.2448525594833707,1650010.0,2040111.445144873,2.456113445562725e+23,0.1641906483217219,0.0,1.0
0.11,3322.6261050839216,0.997208925089023,0.340668042967211,0.4244711257951885,15072090952.99433,1230.970648144043,0,0,0.0719523449904263,0.0634366661997829,5086914850.424037,0.1802052226445128,0.2443514532067199,1600010.0,2034767.1870654747,2.4507798684056404e+23,0.1400423311281776,0.0,1.0
0.11,3343.798483645406,0.9967829855911844,0.3405514617306338,0.4219006692686806,13776306948.669382,1243.8222146102669,0,0,0.0794694417933066,0.0680367829906061,5017489613.550724,0.1863744842947764,0.2449591030232016,1650010.0,2041970.396819341,2.456955307385866e+23,0.1682277606277288,0.0,1.0
0.11,3296.9253822162505,0.9960768539937476,0.33913574858688,0.4212124644882175,12579880548.212202,1257.9882121369474,0,0,0.072868538676217,0.0611808643602282,5016198008.381805,0.1925510080122062,0.2449704339007118,1700010.0,2037767.9591827604,2.458260567037533e+23,0.1737520431579761,0.0,1.0
0.11,3333.597269592219,0.9972030166486076,0.3408830449266995,0.4240723365825944,15048304759.770355,1230.9199255945646,0,0,0.0743841826167283,0.0654376320797343,5074104308.14913,0.1803138510726442,0.2444633722700447,1600010.0,2036750.8693758089,2.4516161690366456e+23,0.1443766552782264,0.0,1.0
0.11,3355.8609885828328,0.996779926990872,0.340767241568815,0.4214621832315176,13753750456.70674,1243.7345383987931,0,0,0.0819062545833694,0.0699307253449239,5003507646.108866,0.1864865445531819,0.2450818133720382,1650010.0,2044117.6809391049,2.4579247714060904e+23,0.1727787138587592,0.0,1.0
0.11,3294.629752357075,0.9960769808183618,0.3390960425102292,0.4213086973429653,12583893523.74198,1258.0157415628162,0,0,0.0723747050254135,0.0608086110664078,5019212820.144145,0.1925294779339355,0.2449439873127098,1700010.0,2037324.455502907,2.4580366258274668e+23,0.1727307247913747,0.0,1.0
0.12,3045.225262489827,0.9940142104978846,0.3348275074099743,0.4153582506331079,7623606542.953406,1302.0317134620625,0,0,0.0232678875447868,0.0184758813941105,5063867975.5648775,0.2239288569292499,0.2445528688074555,1900010.0,2009024.9764550135,2.4654008147603247e+23,0.1509780626583126,0.0,31.548387096774192
0.12,3045.1710849525616,0.9940094519622552,0.334912923522593,0.4190087923594562,7652060893.407524,1327.4777040515532,2,0,0.017336895042739,0.0142158183465007,5138872686.7046175,0.2237183365160407,0.2438984788405908,1900010.0,2003032.4219213328,2.456170591408781e+23,0.1133923330354327,0.0,31.548387096774192
0.12,3004.379972523947,0.9932391361531115,0.3346350510644005,0.4179023064529412,6336716870.589114,1406.585867739644,2,0,0.0065100137240426,0.0053776793653593,5158952537.61694,0.2338686859568718,0.2437238298434604,1950010.0,1996984.5228693525,2.4547799551549248e+23,0.0925837252191618,0.0,31.548387096774192
0.12,3124.269532185595,0.9949809325205152,0.3362492497164025,0.4164422665633602,8921603696.95124,1282.0882484422891,0,0,0.0380610347975614,0.0304532811850159,5032019569.598791,0.2147110211634312,0.2448317014554061,1850010.0,2019772.6542272973,2.466022677421441e+23,0.164373946322098,0.0,31.548387096774192
0.12,3066.154527903586,0.9940191093648284,0.3358986424057364,0.4217002953223675,7747039481.969653,1453.6813909880104,2,0,0.0111282011616551,0.009503596791941,5192880347.460992,0.2230184467005099,0.2434292525959888,1900010.0,2000990.9076233471,2.4477586868697902e+23,0.0757993781478731,0.0,31.548387096774192
0.12,3037.501481718255,0.993309054364447,0.3356435134793757,0.4216165562183475,6411314167.221415,1508.3865159294437,0,0,0.0037936307958668,0.0032767584599935,5219730844.93163,0.2332695222583969,0.2431965839736594,1950010.0,1995757.8913547292,2.4446923350200653e+23,0.0564499751225542,0.0,31.548387096774192
0.12,3106.8291503225164,0.9949861775613226,0.3363606168385029,0.4216725969129243,9022864056.865831,1366.2733742367705,3,1,0.0231428221227984,0.019492288363494,5156126934.794172,0.214024084406074,0.2437483923770402,1850010.0,2008197.2771516663,2.45195862745303e+23,0.0996239435050386,0.0,31.548387096774192
0.12,3068.513914651377,0.9940208142962574,0.3360114653692475,0.4221015144700134,7758360730.682233,1468.521456285495,2,0,0.0103457997180469,0.0088841599986404,5201013553.709801,0.2229353091475679,0.2433587327420738,1900010.0,2000599.021862117,2.4465620364025497e+23,0.0710954397844066,0.0,31.548387096774192
0.12,3041.4497733429343,0.9933164108368262,0.335758441075928,0.4220837412470327,6419508759.181008,1519.8522494198214,0,0,0.0035126715883485,0.0030494535067834,5227354934.943769,0.2332038804186244,0.2431305926480745,1950010.0,1995581.8112572704,2.443438590754385e+23,0.0524620173129328,0.0,31.548387096774192
0.12,3050.563399927235,0.9940065213517884,0.3351344863222143,0.4194742288302295,7671761080.651323,1354.634459546341,2,1,0.0162793527813516,0.0134372864274649,5147377765.977373,0.2235728119949285,0.2438244761814185,1900010.0,2002934.2125909573,2.454650188426627e+23,0.1057540672278671,0.0,31.548387096774192
0.12,3011.7231041494147,0.9932557473726302,0.3348646347774462,0.4186735027223596,6354006698.856744,1429.8676535721152,2,0,0.0058836409066373,0.0049080146659631,5171492822.724143,0.2337295557114865,0.2436148734837959,1950010.0,1996787.0714420525,2.452662891304138e+23,0.0843831469642005,0.0,31.548387096774192
0.12,3099.5185024755915,0.9940373261947986,0.3373145480322506,0.4276034225722501,7883655807.124498,1637.1521797676455,0,0,0.0026559291914392,0.0024298781155061,5308561879.612747,0.2220192788858717,0.24242972067111,1900010.0,1995433.096076919,2.4307281621255138e+23,0.0194273091349958,0.0,31.548387096774192
0.12,3087.9830991659437,0.9933967489274816,0.3370854779846114,0.4276408225202819,6512098433.7912855,1651.7138285838043,0,0,0.0007408586086056,0.0006813417262372,5317773329.212357,0.2324646257209801,0.2423504528737116,1950010.0,1993470.893952638,2.428537494732753e+23,0.0115778533751136,0.0,31.548387096774192
0.12,3104.852847719122,0.9940403752511278,0.3375217703527334,0.4285398409755454,7902749532.635884,1663.5441769078968,0,0,0.0016685371492258,0.0015417062597821,5326524040.461076,0.2218803388737887,0.24227519384048,1900010.0,1994593.569499756,2.4280690985417795e+23,0.0123029786918377,0.0,31.548387096774192
0.12,3095.416727975068,0.9934088855082172,0.3372961115326015,0.4285020448841734,6526605565.252469,1672.6429794500982,0,0,0.0003862489543308,0.0003583134462178,5331673673.057248,0.2323492004728293,0.2422309252875725,1950010.0,1993177.901419661,2.4262146461179825e+23,0.0060753459470349,0.0,31.548387096774192
0.12,3157.60626247978,0.9949732588552784,0.3367453417877817,0.4131355450618177,8876337963.82102,1280.849937961278,0,0,0.0475504167330556,0.036838615138633,4946438719.008707,0.2150195632223614,0.2455838272220119,1850010.0,2029840.6658384453,2.4742538259171987e+23,0.1957375957571321,0.0,31.548387096774192
0.12,3076.988328507892,0.9940261283139714,0.3363988511593197,0.4235978448913077,7796890907.90441,1519.3586460107713,0,0,0.0077658345208027,0.0067974557357905,5230947094.47711,0.2226528208997497,0.2430995115654911,1900010.0,1999137.7480033247,2.442172545718219e+23,0.0548816106869722,0.0,31.548387096774192
0.12,3055.149372484765,0.993341140562125,0.3361531243407808,0.4237253320598718,6447384191.169382,1559.1425356939696,0,0,0.0025914630673556,0.0022893192596856,5254149271.647649,0.2329808490449529,0.2428989299570724,1950010.0,1994944.7552935309,2.4390408718243275e+23,0.0392275482407608,0.0,31.548387096774192
0.12,3107.648142216642,0.994994296981804,0.336489453069044,0.4219779732874771,9039224723.449808,1387.3737613425108,3,0,0.0216296641741181,0.0183259988600369,5164442891.1658,0.2139135194877477,0.2436761159361253,1850010.0,2007627.72024053,2.450884312915236e+23,0.094089657443411,0.0,31.548387096774192
0.12,3071.191436768081,0.9940226907919544,0.3361379750787164,0.4225716344482587,7771077109.117079,1485.1971018173665,2,0,0.0094748183483261,0.0081874685203027,5210512492.350562,0.2228419993877171,0.2432764183391521,1900010.0,2000133.4735690744,2.445170852050212e+23,0.0657807100769997,0.0,31.548387096774192
0.12,3045.900679635696,0.993324570887497,0.33588730730672,0.4226144058620358,6428653680.060379,1532.6943312341496,0,0,0.0032039415738561,0.0027973071031994,5236017656.752799,0.2331306673474318,0.24305565098527,1950010.0,1995378.047506876,2.442015999972192e+23,0.0480562872269722,0.0,31.548387096774192
0.12,3365.558171463432,0.9972047959435422,0.3421794812773264,0.4227431059375549,15042468981.919548,1205.4765452178094,0,0,0.0730308045616726,0.0644922886814499,5049615608.736847,0.1803405279728946,0.244677576858406,1600010.0,2041511.277339194,2.452487019119773e+23,0.1408249969616906,0.0,5.111111111111111
0.12,3387.7792096376197,0.996906921214478,0.3420969655347206,0.4201988486030931,13767659784.615566,1218.3470977133295,0,0,0.0796533079280391,0.0683468948832844,4982127115.186795,0.1864174238362564,0.2452696717361364,1650010.0,2048573.767504032,2.4589144864696157e+23,0.1668210337222361,0.0,5.111111111111111
0.12,3441.535109334036,0.9977870057505124,0.3446908573696591,0.4222759825639467,17237660986.26206,1182.0634255188006,0,0,0.0843138556977394,0.076272332222829,5029824556.189953,0.1709869954894331,0.2448509400583367,1500010.0,2049708.4195740628,2.45158799379448e+23,0.1386576675954379,0.0,5.111111111111111
0.12,3466.373647748197,0.9972392380990966,0.344566553416236,0.4207518705963553,16026279873.71225,1193.40787798089,0,0,0.0903221143118158,0.0800983232860195,4979210984.814171,0.175983217214597,0.2452953143262025,1550010.0,2055597.5702678424,2.4549235576988657e+23,0.1581090336956273,0.0,5.111111111111111
0.12,3495.765917534086,0.9971326023370636,0.3445425153006755,0.41855253802993,14788545187.361237,1205.3937222922953,0,0,0.0964293077233181,0.083300690745994,4916722480.847554,0.1815111355603421,0.2458459679947676,1600010.0,2062686.797887295,2.461164363738844e+23,0.1808273388211133,0.0,5.111111111111111
0.12,3320.9661039167745,0.996346717941754,0.3403907265800368,0.4202940793134119,12623861427.852024,1232.4446496757168,0,0,0.0691911914237758,0.0585615549657501,5005517627.953959,0.1923153517281549,0.2450641662453402,1700010.0,2040798.13534643,2.4587767496644503e+23,0.1639738444956757,0.0,5.111111111111111
