chi_Si_icb,rhom,mass,moi,cmc,Picb,Tcmb,isnow,isnowcmb,chi_li_in,chi_S_bulk,Pcmb,chi_li_eut_icb,chi_li_eut_cmb,ricb,rcmb,core_mass,chi_li_icb,error_code,weight
0.01,2812.1023994234515,0.9938483374576588,0.3223132699424308,0.447406743649906,8162600609.117384,1995.97936327764,0,0,0.0003150548745632,0.0002878413023587,5747452364.580094,0.2200065134544831,0.238705160787472,1850010.0,1926194.9738105773,2.4095926243136053e+23,0.0027630345382188,0.0,13.545454545454545
0.01,2664.0466653202743,0.9926763817280146,0.3178581424448669,0.4304175640415584,6267240643.702615,1612.6856425084288,0,0,0.0059937791602647,0.0045635021516519,5475408475.279537,0.234429336320318,0.2410012763078121,1900010.0,1928764.101476789,2.4517704603137687e+23,0.1360345936908588,0.0,13.545454545454545
0.01,3226.5213377320733,0.998010731860212,0.335929116104241,0.4350727183570601,22217187604.28316,1401.3749339911776,0,0,0.1097981501881846,0.1010521019483229,5272726610.63019,0.1541234515627846,0.2427385477587856,1300010.0,2011334.3499864757,2.437212043852477e+23,0.1504114356484647,0.0,13.545454545454545
0.01,2793.9746173090284,0.994230133298236,0.3206531757311383,0.4385953942921337,9461610185.551914,1640.4479142967998,3,1,0.0223615518538845,0.0181612842134746,5519971244.005778,0.2110993760902978,0.2406223696667978,1800010.0,1942452.2803762967,2.437456650253114e+23,0.1012655772006449,0.0,13.545454545454545
0.01,2761.993098582991,0.9937940818153416,0.3204922980423641,0.4388528697826673,7995255157.010657,1770.272836574831,2,0,0.0085067093374039,0.0070633557743236,5577939345.901294,0.2212096358788318,0.2401311202396412,1850010.0,1933479.5645169704,2.4333327246280222e+23,0.0669714404532367,0.0,13.545454545454545
0.01,2739.796794711968,0.9926744664068344,0.3200796477005529,0.4394445155914902,6432184619.457248,1835.402867728745,2,0,0.0018324553127283,0.0015487539986625,5620042139.716673,0.2331024107400784,0.2397754796570353,1900010.0,1927027.014512975,2.4277080831155856e+23,0.0441655385218028,0.0,13.545454545454545
0.01,3167.1288553090903,0.9977786242737978,0.3329710882148785,0.4370472640325519,20023714396.136288,1420.7505611066429,0,0,0.1026472861586051,0.0923043256137973,5303988488.482478,0.160884948934986,0.2424690939622211,1400010.0,2002893.3589265123,2.437638595845717e+23,0.1558859054022951,0.0,13.545454545454545
0.01,2844.2482504545383,0.9947659057696652,0.3218818642538176,0.4402373712383272,10978421355.42312,1631.7481798258498,2,1,0.0305869911970113,0.0252722793802259,5510030998.6079855,0.2016073243606084,0.2407067941344388,1750010.0,1949679.5228771253,2.4348419022238485e+23,0.100312390289828,0.0,13.545454545454545
0.01,2808.3209781653586,0.9943573501498726,0.3217586477715737,0.4420036929752522,9610497660.411346,1823.3523561864204,2,0,0.0105310627625197,0.0090336466333395,5608536306.765799,0.2101256872142333,0.2398725723336571,1800010.0,1937038.2062385615,2.4266450188922343e+23,0.0526224700902967,0.0,13.545454545454545
0.01,2790.3310339686154,0.9938280202579216,0.3215665993678971,0.4436350655782533,8097387081.807287,1905.3797946481293,0,0,0.0031210149510343,0.0027420164546574,5673661715.838434,0.2204738074862924,0.2393239640378966,1850010.0,1929352.4522138776,2.4199412586736284e+23,0.0263671260312492,0.0,13.545454545454545
0.01,2778.567770730963,0.9926780303079168,0.3211449605487381,0.4444367296440116,6502913943.754867,1938.0939399028928,0,0,0.0005182788060685,0.0004611315338107,5701164490.689876,0.2325377579322338,0.2390929806503657,1900010.0,1925539.6516259224,2.414586552425832e+23,0.0132044575081104,0.0,13.545454545454545
0.01,3350.3544037184274,0.9986340678744252,0.343386582187099,0.4283502626892156,27619048254.48096,1363.491837612362,0,0,0.1218995566110689,0.1176425051188472,5195530547.139894,0.1410584365594819,0.2434062696550454,1000010.0,2029124.0574759056,2.4391337569243503e+23,0.1384747159463685,0.0,30.88888888888889
0.01,3378.950758919676,0.9986568578833788,0.3457944303943186,0.4258738874865633,29719460155.50132,1353.4500470857492,0,0,0.1222081327490349,0.1197024647504328,5177236545.147453,0.1370948509163753,0.2435649987561198,850010.0,2033131.0167685384,2.439398535795116e+23,0.1318426972073212,0.0,30.88888888888889
0.01,3394.872248156223,0.9986143964519794,0.3467167448011084,0.4248415132309565,30275801184.73567,1350.888323200577,0,0,0.1246293451201615,0.1225378760627416,5163964743.226105,0.1361325467621133,0.2436802706030501,800010.0,2035571.339338839,2.439797545084976e+23,0.1326839779544563,0.0,30.88888888888889
0.01,3277.5715429498805,0.998493337992258,0.3387646415673471,0.4327208053242698,24207779899.23376,1385.6444265552027,0,0,0.115612022279475,0.1084092965162399,5242199143.319594,0.1487683008148811,0.2430022004123709,1200010.0,2018687.9523046832,2.438444762647669e+23,0.1463557756746768,0.0,30.88888888888889
0.01,3252.1895134050237,0.99833933965519,0.3373613677869815,0.4339347902187822,23241354561.84483,1393.1362251476592,0,0,0.1125566301035015,0.1046060548381141,5258217292.009794,0.1512817523385735,0.2428637932917627,1250010.0,2014988.5020574315,2.4379847888635938e+23,0.1478554389104877,0.0,30.88888888888889
0.01,3033.640474297137,0.9969297289937994,0.327672182322853,0.4399107328994135,16441265266.022608,1461.0790295342415,0,0,0.0766342105671063,0.0663681775543644,5388351120.087313,0.174227172869157,0.241744678280647,1550010.0,1981931.6924016485,2.436783089091278e+23,0.1469047512638763,0.0,30.88888888888889
0.01,3299.401668531338,0.9984987650416596,0.3400441785642002,0.4315752425125889,25130527984.181625,1379.028960537118,0,0,0.1178206468644002,0.1114079146462614,5228534103.182945,0.1465113911383808,0.2431203891202856,1150010.0,2021828.0497705736,2.438445570700389e+23,0.1443921243826779,0.0,30.88888888888889
0.01,3380.337356013675,0.9986321170691868,0.3453554415486939,0.4262817268817459,29014556369.851707,1356.0195488064703,0,0,0.1249466703386678,0.1218350009906095,5173412543.415978,0.1383651832962347,0.2435982018135498,900010.0,2033544.276114099,2.4397143826524822e+23,0.1368067806914878,0.0,30.88888888888889
0.01,3355.380376228912,0.9986606277055814,0.3440911723470672,0.4276852184421864,28396643170.708878,1359.8006312980942,0,0,0.1203619422403953,0.1168168832049968,5194574835.989039,0.1395276410902511,0.243414557273329,950010.0,2029661.8123855104,2.4389549301018527e+23,0.1341147027334388,0.0,30.88888888888889
0.01,3002.664456109781,0.9962927086130792,0.3263179904655361,0.4395257040407563,15088278450.38012,1475.1591223624214,0,0,0.0750949434849508,0.0637759593134184,5384905619.578488,0.1801313924471517,0.2417741867979943,1600010.0,1978713.881606563,2.438055495636609e+23,0.1593397843803403,0.0,4.555555555555555
0.01,3439.527178509401,0.9983128659606454,0.3501583126209379,0.4209327908605251,33437837219.77257,1346.1272810440598,0,0,0.1279462154767779,0.1279408364304047,5127774772.573318,0.1312774791736015,0.2439951032854505,400010.0,2042252.0907063228,2.440291022001108e+23,0.12891491180484,0.0,4.555555555555555
0.01,3443.96757079463,0.9983549600717014,0.3501712367325683,0.4209105536218759,33133240417.149326,1345.4066031434418,0,0,0.1296288245208352,0.1294865639549526,5123661660.84134,0.1317029455233904,0.2440309319687146,450010.0,2042947.747119977,2.4406559688787693e+23,0.1310292596781286,0.0,4.555555555555555
0.01,3434.640658311808,0.9984082293488292,0.3497192311470906,0.421444166185254,32879883903.79694,1345.1679336988147,0,0,0.1278542965632729,0.1275487611206585,5131870973.566158,0.132063312541852,0.2439594314276496,500010.0,2041517.0353994896,2.440416699648896e+23,0.1297607241163249,0.0,4.555555555555555
0.01,3070.609815453252,0.9972127818633788,0.3291725305670585,0.4396070041675681,17721012118.67123,1447.1723380457524,0,0,0.0818908306838512,0.0720106298553726,5374254787.321632,0.1691007035736661,0.241865446193335,1500010.0,1987136.606793314,2.4359161519960997e+23,0.1437007872872898,0.0,4.555555555555555
0.01,3354.9586334874907,0.998629337000819,0.343521350507415,0.42818019673843,27596207513.65316,1363.3303108030657,0,0,0.123300674416084,0.1189810625305062,5190960929.998158,0.1411045816561203,0.2434459005529211,1000010.0,2029894.87797525,2.439357074924349e+23,0.1400446642794559,0.0,4.555555555555555
0.02,2719.8569603155333,0.9930637070616564,0.3202421807644875,0.4321599861783152,6475093966.042466,1654.5428130091277,3,0,0.0053402041987313,0.004233493710851,5489352465.699702,0.232759543248981,0.2408825958642818,1900010.0,1935214.6893091896,2.445192374509557e+23,0.0974024646266793,0.0,14.333333333333334
0.02,2757.90033387772,0.9937667801314336,0.3205731010521512,0.4339091059173591,7986674112.65184,1561.1648035609458,2,0,0.0162319094110266,0.0128902039405462,5472562187.277147,0.2212716823441953,0.2410255149283894,1850010.0,1941670.430320491,2.445070223242429e+23,0.1191294954927932,0.0,14.333333333333334
0.02,2721.7790507563323,0.9930648508077524,0.3203057529044474,0.4323468824393025,6480376948.733753,1661.2808481748673,2,0,0.0052139444932195,0.0041437827291299,5492269321.950756,0.2327173956107742,0.2408577834448561,1900010.0,1935229.351952999,2.4446667505751434e+23,0.0951327806086783,0.0,14.333333333333334
0.02,3256.743554365066,0.9981241336428416,0.337260110804533,0.4334724258416729,22113082391.50099,1380.461362561124,0,0,0.1103164364605281,0.1017168054026381,5241899532.373078,0.1544230403394714,0.2430047906170776,1300010.0,2016683.8964304272,2.4389732126142016e+23,0.1506790730526349,0.0,14.333333333333334
0.02,2826.287697821893,0.9939799763946888,0.3222363911748627,0.4375465258060187,9581657893.744827,1636.5321222679877,3,0,0.0218482265206306,0.0179451344676269,5490171675.503371,0.2103135573431427,0.2408756267299639,1800010.0,1949038.2314472392,2.4363812316795955e+23,0.0957539324585489,0.0,14.333333333333334
0.02,2795.198183243677,0.9938629206036778,0.3221965616097437,0.4380191184435484,8141169142.058627,1764.3443938348746,2,0,0.0082004308130243,0.0068989662416241,5553097833.567789,0.220159864305037,0.2403414124720525,1850010.0,1939884.44549592,2.4325009778958248e+23,0.0607868489531825,0.0,14.333333333333334
0.02,2774.391186604821,0.9930929130349424,0.3219066258371816,0.4385820301507005,6601927116.960812,1825.228378487246,0,0,0.0020123507799257,0.0017214356342297,5594403822.685303,0.2317516548724854,0.2399919295806965,1900010.0,1933760.9162047736,2.427838860128552e+23,0.0391112462720674,0.0,14.333333333333334
0.02,2784.1510348658408,0.9938306633994296,0.3217062157590862,0.436311292016699,8091398958.262507,1700.497216471715,1,0,0.0112057812928774,0.0092065166583551,5517536077.75553,0.2205168153581839,0.2406430469703155,1850010.0,1941378.419921036,2.4374892971851373e+23,0.0802171113572628,0.0,14.333333333333334
0.02,2757.7549275316537,0.993084639295456,0.3214241627068022,0.4364519739141655,6567487143.110358,1776.9417694198337,2,0,0.0029092993453813,0.0024311753090073,5559056617.277141,0.232024513216303,0.2402909382889936,1900010.0,1934479.1361233664,2.433498678000866e+23,0.0551261812197782,0.0,14.333333333333334
0.02,3224.7534164502813,0.9981479482472336,0.3363984203647992,0.4346650607554405,22237571940.04586,1381.9038744575507,0,0,0.0995198268631512,0.0919996421653866,5278576598.00797,0.1540650275053807,0.2426880836299848,1300010.0,2010708.1409112152,2.437077086764161e+23,0.1363784049184109,0.0,14.333333333333334
0.02,3349.330927043421,0.998661945496223,0.3436217786686741,0.4281007550771938,27597252542.397488,1343.6973691647577,0,0,0.1143338832300598,0.1105172126396124,5197363958.104364,0.1411024688910537,0.2433903723486804,1000010.0,2028890.8926752063,2.439066197889952e+23,0.129886398057697,0.0,30.0
0.02,3368.789783356226,0.9985637497396892,0.3436136805802621,0.4278425206363574,26655817434.30357,1347.4393811051402,0,0,0.1229752049630681,0.1180661881168233,5173336286.369846,0.1430651706984445,0.2435988640224665,1050010.0,2032494.3884030883,2.440383090996586e+23,0.1426423187218614,0.0,30.0
0.02,3390.2191906566486,0.9986468585067104,0.3458556339744215,0.4256871557112809,28929270243.43235,1335.929524163803,0,0,0.1207970994476947,0.1178972225039064,5164415204.7763405,0.1385228651343501,0.2436763565019272,900010.0,2035116.5268661063,2.440197715366629e+23,0.1322342580631397,0.0,30.0
0.02,3345.1363502618988,0.9985906124593472,0.342343599156403,0.4291220218484789,25867258403.55541,1352.7727825257898,0,0,0.1194716559936971,0.1139599060181908,5190677524.496466,0.1448041565459495,0.2434483588302191,1100010.0,2029005.2642334336,2.440030923876546e+23,0.1421174644069905,0.0,30.0
0.02,3378.626332212837,0.9986577159200968,0.3455075039904383,0.4261190717539067,28991258439.743988,1336.116433016497,0,0,0.1176627261198228,0.1148598938986493,5175518549.780338,0.1384081710914007,0.2435799147521264,900010.0,2033230.2659416376,2.4396523679659643e+23,0.1288371014009801,0.0,30.0
0.02,3395.5382563969038,0.998624632326601,0.345508781803777,0.4259495608540556,28160860974.848507,1339.025019118504,0,0,0.1246869630880708,0.1210787083692719,5156333708.622821,0.139983662604942,0.2437465947707545,950010.0,2036202.4066749755,2.440790598334553e+23,0.1387815887515645,0.0,30.0
0.02,3378.188998305244,0.998658115739675,0.3454942708944915,0.426135509152878,28993622532.61506,1336.1230745733924,0,0,0.1175454553821557,0.1147462463601691,5175940304.117888,0.138403806055729,0.2435762528382709,900010.0,2033158.712391752,2.4396316342458068e+23,0.1287099841190493,0.0,30.0
0.02,3395.0807673162503,0.9986251448596726,0.3454955752696284,0.4259659860882723,28163127645.90312,1339.035181219614,0,0,0.1245567420534822,0.1209533286237477,5156766422.470795,0.1399792453288476,0.2437428330134181,950010.0,2036128.7307658896,2.4407695488859424e+23,0.1386383487888668,0.0,30.0
0.02,3404.180865591895,0.9986331173553444,0.346268126433662,0.425176662375382,28856340313.78199,1335.6762081809886,0,0,0.1246380853739341,0.1216187644264489,5151235979.529566,0.1386583972073425,0.2437909193678532,900010.0,2037361.735653632,2.440843690255596e+23,0.1363962637086143,0.0,30.0
0.02,3435.93209417327,0.9985329207648962,0.3491401329148054,0.422076691611844,31632528835.210773,1325.635037671217,0,0,0.1249927568192418,0.124028246706358,5129476100.36128,0.1339266821116827,0.243980286081232,650010.0,2041808.9836747767,2.441053655751313e+23,0.1291599402598973,0.0,30.0
0.02,3446.268103983145,0.9985516245582085,0.3491491702812769,0.4220226615475413,31078774334.654385,1326.641789631547,0,0,0.1288626187513363,0.1275371895691155,5119398469.422652,0.1348035871312922,0.2440680780839449,700010.0,2043465.8768934824,2.4417090448456147e+23,0.1342596647688045,0.0,30.0
0.02,3457.5193887084583,0.9983905617985586,0.3504782541722932,0.4205324010028156,32704683051.11804,1324.1788883709278,0,0,0.1279220860704655,0.1276337190588466,5111431009.337234,0.1323160068855723,0.2441375278998545,500010.0,2045039.0722137569,2.441430808485504e+23,0.1298195402944839,0.0,4.666666666666667
0.02,3405.250401774128,0.9986320343390256,0.3462994211335595,0.4251379891044154,28850830582.006176,1335.6555125194898,0,0,0.1249353054000373,0.1219067185543069,5150234941.824245,0.1386686625507225,0.2437996250851491,900010.0,2037532.552402884,2.4408926919721166e+23,0.1367182794511501,0.0,4.666666666666667
0.02,3424.65560291508,0.9986004536884554,0.3477677109886993,0.4235669776585977,30073786390.86025,1330.300906366335,0,0,0.1261941067867031,0.1241292646348249,5136489933.26854,0.1364779550386256,0.2439192185055536,800010.0,2040289.648842216,2.4411713497223837e+23,0.1342897951012812,0.0,4.666666666666667
0.02,3405.2905757648623,0.9986319936041472,0.3463005957867799,0.4251365376501519,28850623837.24992,1335.65473146696,0,0,0.1249464778455806,0.1219175426273896,5150197363.902049,0.1386690478145285,0.2437999518998219,900010.0,2037538.96539086,2.4408945313433987e+23,0.1367303838378636,0.0,4.666666666666667
0.02,3365.7198965831462,0.9985674457508168,0.3435271621024469,0.4279519927539558,26669944437.363968,1347.5257001018172,0,0,0.1220582542144345,0.1171962836257393,5176334236.742918,0.1430348223694352,0.2435728325792051,1050010.0,2031987.3750659116,2.440237456703866e+23,0.141595677484832,0.0,4.666666666666667
0.02,3063.849288174462,0.9969951746122232,0.329148586697811,0.4382435037120044,16426139403.106462,1438.2413364481076,0,0,0.077118525688135,0.0670258493842394,5354550787.58579,0.1742903508635727,0.2420344423786121,1550010.0,1987950.1142701705,2.438193560270945e+23,0.1466158172725293,0.0,4.666666666666667
0.02,3398.6021017720736,0.9986483908823692,0.3465653931398926,0.4249410347419853,29576744924.207355,1333.0126344402122,0,0,0.1210374307788718,0.1186323853582721,5158852370.171475,0.1373473654443219,0.2437247005066329,850010.0,2036290.432990469,2.440304437554481e+23,0.1305318743296309,0.0,4.666666666666667
0.02,3425.79365963615,0.9985992980946162,0.3478015501618594,0.42352562736879,30067543532.201897,1330.2834888817315,0,0,0.1264997110315356,0.1244284503357899,5135448697.201454,0.1364887015973851,0.2439282825111026,800010.0,2040468.140404217,2.441222245884654e+23,0.1346127386098813,0.0,4.666666666666667
0.03,2861.9107357831845,0.9944328942874467,0.3243751122170563,0.4372403768811479,9746667287.900757,1694.9227366349328,1,0,0.0167615138767286,0.0141543199062275,5489760355.079682,0.2092433825853086,0.240879125844925,1800010.0,1953539.6138544397,2.4341139073614643e+23,0.0738665248642353,0.0,16.083333333333332
0.03,2836.4181295934727,0.9937622342619818,0.3241570119789552,0.4388016612134227,8316206746.770926,1804.544122739584,0,0,0.0056648783596932,0.0049174447283406,5560952301.778781,0.2189136295109364,0.2402748848947522,1850010.0,1944533.1941676063,2.4267538744639528e+23,0.0407969970930541,0.0,16.083333333333332
0.03,2820.668679170668,0.9933123113403436,0.3239845112169919,0.439364057132621,6788269145.133467,1849.519620793662,0,0,0.0014351797645903,0.0012626953937475,5595893766.111038,0.2302858655130867,0.2399793409499306,1900010.0,1939666.842998773,2.423185108041392e+23,0.023883806050291,0.0,16.083333333333332
0.03,2862.6209935267348,0.9944336072403388,0.3244520051095314,0.4375249605302159,9758727608.045,1709.3850018177252,2,0,0.0157323458458346,0.0133437139676821,5497309251.338054,0.2091656141186494,0.2408149220565943,1800010.0,1953012.9892615487,2.43319710491032e+23,0.0699527788850304,0.0,16.083333333333332
0.03,2838.362717255356,0.9937688990342668,0.3242358861352753,0.4391609173788003,8323944782.360483,1814.7589149361952,0,0,0.0052280263662247,0.0045565676973889,5568329159.185927,0.2188588627449871,0.2402124336172852,1850010.0,1944178.240403977,2.425751215286165e+23,0.0377792536001231,0.0,16.083333333333332
0.03,2823.353656919214,0.9933148996077448,0.324062006166722,0.4397212065855165,6793653890.711868,1857.2902966222405,0,0,0.0012956495429886,0.0011441230433207,5601926120.867393,0.2302437718092325,0.2399283856432348,1900010.0,1939519.159635484,2.4222364147657416e+23,0.0216391124710498,0.0,16.083333333333332
0.03,2733.6102532231066,0.9932090591122352,0.3212190096684346,0.4294153816764648,6573022873.844074,1561.115317625359,2,0,0.0075953968671298,0.0059400900763954,5431289562.972006,0.2319806139496235,0.2413774916903249,1900010.0,1941904.319808892,2.450385628894564e+23,0.1182845076656488,0.0,16.083333333333332
0.03,3308.1969612381145,0.9984215347886756,0.3398049264131965,0.4310072849275487,23023331163.596767,1350.9876207267273,0,0,0.112199128504189,0.1046535873807394,5202966541.355498,0.1518709425541236,0.243341804699318,1250010.0,2024606.947082345,2.440785895331709e+23,0.1467330855004026,0.0,16.083333333333332
0.03,2871.488840907416,0.9944329872022516,0.3252269895235274,0.4415409367430031,9887145564.247765,1860.5141408064776,0,0,0.0058881561559435,0.0052521518173933,5597289381.13258,0.2083413072614545,0.2399675504118811,1800010.0,1945998.6693102492,2.421121415968338e+23,0.028227287921264,0.0,16.083333333333332
0.03,2858.956254582404,0.9938327804900964,0.3250329161320122,0.4430404265309982,8400223251.214059,1917.0578484256675,0,0,0.0012912465074765,0.0011732122444477,5647298410.788114,0.2183204653828999,0.2395457654871727,1850010.0,1940370.138023479,2.4150149164098115e+23,0.0096867247277873,0.0,16.083333333333332
0.03,2850.6845732788133,0.9933406874746284,0.3248462390923798,0.4433244355323867,6847440334.677907,1935.6823203844,0,0,5.699174782546235e-05,5.218373408885143e-05,5662541281.205775,0.2298241192960562,0.2394174768454284,1900010.0,1938083.8188745,2.412649465170378e+23,0.0009862715863234,0.0,16.083333333333332
0.03,2795.796020428608,0.9935443121532924,0.3222033417790036,0.4273083957120913,8084037104.942796,1523.8178480468748,0,0,0.0317491280036407,0.0239701842554716,5310060031.882254,0.220569712571336,0.2424168253063675,1850010.0,1960044.7856232475,2.4582121845367052e+23,0.1995057210999484,0.0,16.083333333333332
0.03,2758.6681399618446,0.9932429603145267,0.322082153534556,0.4316324892345714,6645304023.346175,1653.4366693237448,2,0,0.0057919254073597,0.0046640898655491,5465574815.712108,0.2314088596960706,0.241085037501547,1900010.0,1942351.6896216213,2.4440151433055476e+23,0.0885286161912485,0.0,16.083333333333332
0.03,3224.376051546497,0.997858702594178,0.3356278999856406,0.4339449508043154,19893231717.75291,1377.6505579596585,0,0,0.1016400812232386,0.091901323871041,5245730572.540958,0.161318358579309,0.2429716742053343,1400010.0,2013196.9753584636,2.4402981070762645e+23,0.1531429846263242,0.0,16.083333333333332
0.03,3473.736712078452,0.9984640526645674,0.3506301411239551,0.4203156344380846,31817745074.79467,1303.07447988761,0,0,0.1275847722704337,0.1268959359757331,5096601009.74732,0.1336403544715746,0.2442668921065927,600010.0,2047540.6373367037,2.442507369280041e+23,0.1308781770636784,0.0,30.423076923076923
0.03,3382.20381870345,0.9986524558603131,0.3448484084212173,0.4266044508779909,27407175198.253902,1322.1649612416527,0,0,0.116397316467727,0.1125940355265773,5165964457.592413,0.1414891243966723,0.2436628957790317,1000010.0,2034272.726738532,2.4406208137712632e+23,0.1320882870081419,0.0,30.423076923076923
0.03,3305.654065263889,0.9984239902945272,0.3397377598835185,0.4310970031612039,23033144557.97256,1351.0657434353036,0,0,0.1114058945229018,0.1039301892842928,5205646587.610514,0.1518442428258241,0.2433185781791607,1250010.0,2024162.142127292,2.440650018553312e+23,0.1457252762530388,0.0,30.423076923076923
0.03,3222.3447833958803,0.997918955318508,0.336192953345912,0.434282509136809,21101091073.04016,1369.067213431469,0,0,0.0950025963612876,0.0871711573677987,5268665519.248766,0.1574434130710573,0.2427735915030458,1350010.0,2011229.783892537,2.4377733803220305e+23,0.1361909088803541,0.0,30.423076923076923
0.03,3120.8556590896706,0.9969530697799448,0.331208440332605,0.4355069279657343,16332636117.556623,1413.0889926251589,0,0,0.0878994980184537,0.076201682282051,5282847290.96486,0.1746822790079006,0.2426512551877434,1550010.0,1999715.1330613052,2.4415923693717155e+23,0.1645110218104118,0.0,30.423076923076923
0.03,3304.3010624268422,0.998425288532902,0.3397019331659621,0.4311448894461115,23038383809.44527,1351.1068806890398,0,0,0.1109846841525826,0.1035460112225906,5207076216.1508255,0.1518299951387911,0.2433061900118794,1250010.0,2023925.0037590088,2.440577505608432e+23,0.1451900324614143,0.0,30.423076923076923
0.03,3489.516373907499,0.9977584894262616,0.3513399464078486,0.4195252610374484,34129343085.058987,1571.076557672592,1,0,0.1101411435269737,0.1100895318582043,5084088584.858739,0.1303422766962546,0.2443761368115092,150010.0,2049817.342874765,2.440751597266379e+23,0.0958957909650861,0.0,4.444444444444445
0.03,3490.2789145571523,0.9978261564378192,0.3513573483632307,0.4195043244244015,34024604726.71866,1567.0301380427552,1,0,0.1105266788508357,0.110440034145884,5083434897.445343,0.1304812392709591,0.2443818465321146,200010.0,2049930.5954071423,2.441009823440956e+23,0.0960283196036242,0.0,4.444444444444445
0.03,3491.561525008477,0.9978897687161422,0.3513748456262485,0.4194830061509916,33883657440.465477,1560.5373059151534,1,0,0.1112363306450355,0.1110992965230118,5082333628.695222,0.130669741823611,0.2443914662607434,250010.0,2050121.136982613,2.4412787852729867e+23,0.09641413304593,0.0,4.444444444444445
0.03,3492.6516089312386,0.9979695563362392,0.3514002318274267,0.4194517428485614,33703081407.75848,1549.5260174101163,1,0,0.1122514351805994,0.1120672655793723,5081388056.159645,0.1309137811188581,0.2443997265117558,300010.0,2050283.7053293115,2.4415937020678747e+23,0.0972670916391663,0.0,4.444444444444445
0.03,3492.4335325434786,0.998073476344976,0.3514423771194552,0.4193995378701287,33475006660.59575,1526.3684964241197,1,0,0.1138861772885371,0.1136841974917946,5081539145.044133,0.1312261345430455,0.244398406608428,350010.0,2050253.993367237,2.4419315977929175e+23,0.0993536196150843,0.0,4.444444444444445
0.03,3485.163314932499,0.998324247515754,0.3515212193859523,0.4192952120445347,32816412129.70875,1302.408425075225,0,0,0.1284382767418659,0.1283243191432807,5087564567.307874,0.1321545264147318,0.2443457794500381,450010.0,2049188.9935021072,2.4424557736005217e+23,0.1298130747269892,0.0,4.444444444444445
0.03,3490.551081665777,0.9983640396504284,0.3515339688189408,0.4192702806386177,32469328374.982765,1302.295132327651,0,0,0.1302743059418063,0.1299963392613455,5082780404.853808,0.1326600230425317,0.2443875635287145,500010.0,2050002.04140376,2.4428550319644424e+23,0.1321924438183067,0.0,4.444444444444445
0.03,3464.835866750497,0.9985400002667018,0.3498157133944355,0.4212237812964482,30937419781.904663,1305.227831289782,0,0,0.1273559754640552,0.126091521638774,5103076382.903974,0.1350325338046858,0.244210391163146,700010.0,2046292.853217684,2.4425219226077653e+23,0.1326669231957112,0.0,4.444444444444445
0.03,3490.7714527684725,0.998012510132544,0.3520165062868043,0.4187189458079374,33878908711.78446,1308.776864372241,0,0,0.1282351737038494,0.1285647626735514,5083017559.506863,0.1306761228831015,0.244385491953341,150010.0,2050003.367878504,2.4416468533788253e+23,0.1282854396980285,0.0,4.444444444444445
0.03,3491.3917645630668,0.9980646960041066,0.3520321773579778,0.4187001268747682,33776480544.723915,1307.0993501407747,0,0,0.1285134059586829,0.1288140495231575,5082485540.125084,0.1308142402830289,0.244390139253308,200010.0,2050095.4703535163,2.441847570510044e+23,0.1286328555813476,0.0,4.444444444444445
0.03,3492.52403422322,0.9981157627960175,0.3520475323898562,0.4186813809235866,33639056116.68008,1305.6521555414529,0,0,0.1289477857432335,0.129206448627125,5081512482.379742,0.1310009981862086,0.2443986395309045,250010.0,2050263.669667104,2.4420684225190208e+23,0.1291820171104706,0.0,4.444444444444445
0.03,3494.29427495322,0.998165414537163,0.3520625049652622,0.4186624994067509,33464242364.873417,1304.4466780833727,0,0,0.1295828326108391,0.1297828536097405,5079987679.903445,0.1312409912251974,0.2444119607306339,300010.0,2050526.7379511632,2.442314746810338e+23,0.129989950946802,0.0,4.444444444444445
0.03,3496.829065765819,0.9982131375261748,0.3520770239681877,0.4186431335971392,33249826237.189854,1303.4934668379262,0,0,0.1304654306383282,0.130586185661318,5077799085.89077,0.1315391005021137,0.244431083349592,350010.0,2050903.472811463,2.442591468484859e+23,0.1311171568975958,0.0,4.444444444444445
0.03,3440.9789020344333,0.9986153880951484,0.3479953557616692,0.4232049140584841,29316332442.71668,1311.4428576728224,0,0,0.1256417027618224,0.1231884055363378,5120157090.922024,0.1378142090792241,0.2440614672967196,850010.0,2042945.5518116965,2.442203928824717e+23,0.1353938600930973,0.0,4.444444444444445
0.03,3406.143020914971,0.9986287825180395,0.3455308253690092,0.4257513883217301,27293289914.76521,1321.8185328386264,0,0,0.1229086270548704,0.1188252370657644,5143269502.189474,0.1417230889053161,0.2438602170594902,1000010.0,2038132.9081570173,2.441739809608941e+23,0.1393708067922954,0.0,4.444444444444445
0.03,3419.276207186738,0.9986020341987616,0.3464263941308952,0.4248449641681608,28012647288.18096,1317.84883570734,0,0,0.1239964031845505,0.1205107676212407,5134750851.487626,0.1402739177996155,0.2439343576319494,950010.0,2039941.2403367811,2.441806979036961e+23,0.1379273969039161,0.0,4.444444444444445
0.03,3157.6531134315514,0.997633055941888,0.3333047462997054,0.4360281099320057,18867039826.58409,1390.1169495469132,0,0,0.0851987877740117,0.0764584412983465,5303694240.509059,0.1648581645586823,0.2424716276060089,1450010.0,2001935.815150495,2.4380245791601476e+23,0.1374133171266413,0.0,4.444444444444445
0.03,3474.735157365164,0.99846299330399,0.350659987375398,0.4202798328703464,31811799405.049248,1303.071393408215,0,0,0.1278295160886906,0.1271389900706401,5095734582.874243,0.1336494924903621,0.2442744539283497,600010.0,2047690.659546269,2.4425496711869817e+23,0.1311284946512672,0.0,4.444444444444445
0.04,3359.656994597776,0.998416425485,0.3422291217971931,0.4285704427446586,23853506101.4742,1321.7363595859592,0,0,0.1145505061704674,0.1079561985012708,5163509196.977619,0.1496714077439865,0.2436842290021299,1200010.0,2032394.9852517063,2.441888609429724e+23,0.144241133862744,0.0,17.0
0.04,3312.145054150484,0.9982906366430422,0.3397204132060502,0.4305650110729908,21929401749.47961,1336.7493331478224,0,0,0.1089033308036495,0.1008250702992114,5188607305.520851,0.1549565965468083,0.24346631741459,1300010.0,2026070.2495120128,2.441900010561951e+23,0.1479998209319594,0.0,17.0
0.04,3313.3325477528438,0.9984533957082128,0.3403930653638206,0.4303957577504762,23004768279.91492,1329.3324178025152,0,0,0.1050523638100523,0.0983026504850708,5200263191.848562,0.1519214939987179,0.2433652372756463,1250010.0,2025298.369182463,2.4408330325782607e+23,0.1373433257370084,0.0,17.0
0.04,3025.8912301309083,0.9953611461493286,0.3282663398712757,0.4323250466141752,12407233243.674156,1434.713573576078,0,0,0.0704451940163937,0.057715138500968,5259272940.346824,0.1934826191264746,0.2428546768707791,1700010.0,1991332.2113603975,2.447748286174256e+23,0.186456841846517,0.0,17.0
0.04,3252.284596680646,0.9978358275305512,0.3368947878777985,0.4324857858685712,19831586927.303303,1355.1707816851554,0,0,0.1006305207803063,0.0912477023966081,5218797247.224316,0.1615243992118702,0.2432046671005668,1400010.0,2018016.895751153,2.441332082422505e+23,0.1510746476431727,0.0,17.0
0.04,2890.9180390369534,0.994747769431244,0.3258293089878999,0.4351851585088396,9816401169.367582,1641.7919833251428,3,0,0.0193386879263608,0.0162767394055536,5441472937.784715,0.2087945598356566,0.2412905591590725,1800010.0,1961030.2909372563,2.437557931116485e+23,0.0810877046593297,0.0,17.0
0.04,2862.19584325212,0.99362172986994,0.3254427457283304,0.436783883473815,8419381429.770499,1759.3321996408806,0,0,0.0069247608145892,0.0059937640920874,5511317778.967804,0.2181856598526311,0.2406958621808102,1850010.0,1951819.6302387528,2.428998599478784e+23,0.0466427979712716,0.0,17.0
0.04,2845.0493170502305,0.9932962094676606,0.3253320010839731,0.4373440885346863,6923246324.820831,1810.321794460417,0,0,0.0019593115400234,0.0017200603202937,5549198065.508288,0.229235151434275,0.2403744562429417,1900010.0,1946584.667033932,2.425568164336508e+23,0.0279600726704959,0.0,17.0
0.04,3025.202193203014,0.9953613714409618,0.3282525066651685,0.4323632474356624,12408748687.309376,1434.780755681564,0,0,0.0701514665058928,0.0574941293558459,5260561206.676422,0.19347439617323,0.2428435524430991,1700010.0,1991153.3949364012,2.4476572753066992e+23,0.1857618204634786,0.0,17.0
0.04,3417.5667558914297,0.9986352243867992,0.3461199688950633,0.4250617242214975,27211166226.158096,1300.0236253875437,0,0,0.118725037775893,0.1149235573858039,5133385743.397702,0.141892880789921,0.2439462424261055,1000010.0,2039890.8929127788,2.442225205869005e+23,0.1345803113648885,0.0,29.653846153846153
0.04,3312.8836978167046,0.9984538120652352,0.3403811109482457,0.4304117321229005,23006514849.012554,1329.340760356373,0,0,0.1049234735675511,0.0981847784655276,5200734677.546799,0.1519167350477713,0.2433611501511437,1250010.0,2025220.16401374,2.440808950268036e+23,0.1371797022719763,0.0,29.653846153846153
0.04,3484.5541340366744,0.9985042585161544,0.350793771411561,0.4200936215303463,31277727349.671024,1281.6578522300874,0,0,0.1251279923632801,0.1242260455118394,5086796763.905437,0.134484893587728,0.2443524844418771,650010.0,2049193.4716205029,2.4431973250072887e+23,0.1292532658789927,0.0,29.653846153846153
0.04,3494.6044292737024,0.998525145514785,0.3508035543976195,0.4200420434879653,30735982728.4835,1283.0114598143064,0,0,0.1284410701725936,0.1272014741288337,5077502051.13877,0.1353624501462819,0.2444336788703758,700010.0,2050736.162308497,2.4438183487919475e+23,0.1337610888707882,0.0,29.653846153846153
0.04,3170.5531832227502,0.996834493085588,0.3330203606261281,0.4332395871894663,16265578336.828838,1388.7940635488133,0,0,0.0941883957156243,0.0816509126872998,5226711876.149874,0.17496482859826,0.2431361574662672,1550010.0,2009247.1733343164,2.443845930045648e+23,0.1741314097589958,0.0,29.653846153846153
0.04,3391.2123231446776,0.9986190849569534,0.3448504081873687,0.4264012007897235,26504240251.63575,1304.6938903077923,0,0,0.1141933165412575,0.1099578174581577,5153705123.182182,0.1433925559868854,0.2437694484059264,1050010.0,2036008.326602576,2.4414466492311823e+23,0.1323465639477793,0.0,29.653846153846153
0.04,3411.735735626097,0.9985454734757042,0.3448444161144724,0.4260961429242098,25539755135.658184,1309.4066930566091,0,0,0.1223659515553865,0.1169614411594974,5128870783.630039,0.1455529997213492,0.2439855577180125,1100010.0,2039708.128672404,2.442962854830717e+23,0.1451295967840714,0.0,29.653846153846153
0.04,3382.689093085869,0.9986263323551448,0.3446094068679316,0.4267047268692541,26543399114.660397,1304.7623936368375,0,0,0.1119820037163414,0.1078550384576372,5161865108.413636,0.143307669120907,0.2436985160317991,1050010.0,2034624.208716289,2.441038378536273e+23,0.1298258682988538,0.0,29.653846153846153
0.04,3402.748638106398,0.998555237454351,0.3446039726875066,0.4263998922824676,25577223723.046688,1309.530688818389,0,0,0.1199212236065795,0.1146587441219215,5137276796.250384,0.1454665172323352,0.2439123692357978,1100010.0,2038276.3266637176,2.4425465767698937e+23,0.1422858978761272,0.0,29.653846153846153
0.04,3348.6294408991075,0.9985746315927028,0.34254518264912,0.4286423311240218,24878338443.97995,1315.7626164945846,0,0,0.1081958331740957,0.1028771820505228,5182975520.907521,0.1471148299181698,0.2435151838391455,1150010.0,2029910.3520217475,2.440712372267533e+23,0.1322418530351134,0.0,29.653846153846153
0.04,3370.8837504710664,0.9984060244290291,0.3425224967053104,0.428188976417885,23810070706.056084,1321.525776141328,0,0,0.1177509715627839,0.1109112930690185,5152469106.080054,0.149783570317158,0.2437801960238466,1200010.0,2034253.9804308875,2.442447774343821e+23,0.1481659472803631,0.0,29.653846153846153
0.04,3415.6423052585787,0.9986370994410608,0.3460659034070574,0.4251289774848328,27220115232.721127,1300.0381770071822,0,0,0.1182298234722694,0.1144492741939243,5135166160.571459,0.1418743345605119,0.2439307421106518,1000010.0,2039586.7261665403,2.4421370470407693e+23,0.1340269721065422,0.0,29.653846153846153
0.04,3443.384815599152,0.9986030474326342,0.3473453733408105,0.4237435641003363,27865165570.416256,1295.9215616889414,0,0,0.1232298318039274,0.1198611968294991,5113376096.806061,0.1405655285130573,0.2441205698722844,950010.0,2043660.236467245,2.4428970669587832e+23,0.1369908301620605,0.0,29.653846153846153
0.04,3444.714426144773,0.9986018211410304,0.3473825064220839,0.4236978586078893,27858909794.531254,1295.9121078039727,0,0,0.1235691193392559,0.1201882517527744,5112183271.353295,0.1405779597615688,0.244130969133342,950010.0,2043865.293396128,2.4429563103427072e+23,0.1373633893084659,0.0,3.5555555555555554
0.04,3444.6497063798047,0.9986018808692524,0.3473807002372295,0.4237000815006242,27859213987.08102,1295.9125716540557,0,0,0.1235525976375518,0.1201723259147978,5112241291.705175,0.1405773551643555,0.2441304632831041,950010.0,2043855.3177373367,2.4429534285954275e+23,0.1373452477563355,0.0,3.5555555555555554
0.04,3444.2818150009634,0.998602220741454,0.347370430730034,0.4237127208116761,27860943742.64073,1295.915201239119,0,0,0.1234586949516339,0.1200818094371101,5112571185.479163,0.1405739174198627,0.2441275871416328,950010.0,2043798.6014024564,2.44293704525212e+23,0.1372421378718696,0.0,3.5555555555555554
0.04,3511.7632552041173,0.9982077780098008,0.3525630267122762,0.418066200885796,33131772055.15944,1280.583253809197,0,0,0.1283317782447238,0.1284569534678961,5065247310.586292,0.1317050170279626,0.2445408057717585,350010.0,2053089.897115824,2.443239984786535e+23,0.128970789959439,0.0,3.5555555555555554
0.04,3515.068706638313,0.998253927897605,0.3525772533357597,0.4180457494266218,32875812537.865524,1280.035681768732,0,0,0.1293911790521144,0.1294163588135035,5062430305.263942,0.1320691521227438,0.2445654431680948,400010.0,2053574.8524071823,2.443547530255824e+23,0.1303545803548483,0.0,3.5555555555555554
0.04,3519.363937087471,0.9982976161999332,0.3525909163584506,0.4180235971219002,32576903472.54777,1279.7649840120596,0,0,0.1307654926306231,0.1306617975980742,5058760777.817991,0.1325021281940364,0.2445975434493645,450010.0,2054204.6920596228,2.443895984600641e+23,0.1321548644859359,0.0,3.5555555555555554
0.04,3489.490472406942,0.998530340474951,0.3506556662498778,0.4202194898189362,30763911604.586555,1283.014268221147,0,0,0.127218831749156,0.1259945874774668,5081857400.3642845,0.1353164495058589,0.2443956263916697,700010.0,2049979.555845617,2.443604280280109e+23,0.1324943041001882,0.0,3.5555555555555554
0.04,3514.87743590945,0.997994943035722,0.3527701478993619,0.417824416364976,33702708818.872944,1285.3996866259629,0,0,0.1283500779179464,0.1286832242680723,5062720107.316097,0.1309142876207473,0.2445629083647664,150010.0,2053537.5026745216,2.4426662829667723e+23,0.12840012954264,0.0,3.5555555555555554
0.04,3515.4848314144933,0.9980475227805878,0.3527859921366784,0.4178054790128656,33600038046.465115,1283.8471986889497,0,0,0.1286075537192832,0.1289121158225952,5062212135.952995,0.1310543279818765,0.2445673514548763,200010.0,2053625.8422123624,2.442867130887068e+23,0.1287264748537858,0.0,3.5555555555555554
0.04,3516.5966528952745,0.9980990020933774,0.3528015319493367,0.4177866113447718,33462553535.774185,1282.5266001492053,0,0,0.1290090895731482,0.1292723392301597,5061280440.58234,0.1312433230594474,0.2445755011272422,250010.0,2053787.624777178,2.4430873354036307e+23,0.1292422259116917,0.0,3.5555555555555554
0.04,3518.3367949899566,0.9981491659054816,0.3528167050292337,0.4177676109131659,33287967424.428223,1281.4498067593902,0,0,0.129595648762866,0.1298013285189546,5059818858.986172,0.1314857673943044,0.2445882867844925,300010.0,2054040.931996399,2.44333226611126e+23,0.1300007146321924,0.0,3.5555555555555554
0.04,3520.829275744694,0.9981974050113622,0.3528314444891513,0.4177481404181227,33074161288.436623,1280.6281560697555,0,0,0.1304098741808595,0.1305379248765631,5057720261.334113,0.1317864481741313,0.2446066470697884,350010.0,2054403.8117470867,2.4436062689323957e+23,0.1310579822049626,0.0,3.5555555555555554
0.04,3516.157651621628,0.9977524565727214,0.3521806563560429,0.4185237908239911,33929367976.261948,1540.3966938240392,1,0,0.1107401269672768,0.1106876530916923,5061656472.665332,0.130608419345652,0.2445722118615501,150010.0,2053723.1557768013,2.4419224124730804e+23,0.0965417260647611,0.0,3.5555555555555554
0.04,3516.710422164176,0.9978226716997178,0.3522005354863186,0.4185000157271437,33823931378.72308,1535.9736685201217,1,0,0.111136196289377,0.111050641587037,5061194862.572823,0.1307501417346223,0.2445762497150528,200010.0,2053803.4592404503,2.442178983896288e+23,0.0967278409121876,0.0,3.5555555555555554
0.04,3517.809659883976,0.9978880744757304,0.3522200803809015,0.4184763802985594,33682628745.11918,1529.0385300627383,1,0,0.1118204216060335,0.1116938364879697,5060275724.756662,0.1309416028713331,0.2445842900730493,250010.0,2053963.1824291048,2.442444412652652e+23,0.0971738771126804,0.0,3.5555555555555554
0.04,3518.651327644904,0.9979682997573842,0.3522476911607486,0.4184426538875602,33501626118.05548,1516.86978781304,1,0,0.1128778366410096,0.1127116168174678,5059561727.62829,0.1311894394662413,0.2445905362497715,300010.0,2054086.1809520356,2.442748629061496e+23,0.0981580317812908,0.0,3.5555555555555554
0.04,3518.1819664022264,0.9980702469481466,0.3522905251310799,0.4183899384409651,33273490568.34236,1490.7500455983743,1,0,0.1147116816558926,0.1145340942598734,5059917493.96064,0.1315059949233802,0.2445874239049636,350010.0,2054020.7053779915,2.4430689829438383e+23,0.1005482881095337,0.0,3.5555555555555554
0.04,3507.381873666138,0.9982624991781373,0.352349163737638,0.4183163925196482,32924139176.77689,1279.9996529736136,0,0,0.1276274232598867,0.1276519857357509,5068846029.749035,0.1319999365742184,0.2445093381048755,400010.0,2052456.0007178916,2.4432347171575223e+23,0.1285792587550741,0.0,3.5555555555555554
0.04,3511.6059173999474,0.9983062552103976,0.352362837315882,0.4182942228785438,32624275573.715366,1279.737608004929,0,0,0.1289712784965534,0.1288692329936534,5065207325.956956,0.1324329465092913,0.2445411554438892,450010.0,2053079.5792317195,2.443581468182485e+23,0.1303438650461288,0.0,3.5555555555555554
0.04,3516.9362734350816,0.9983477202703536,0.3523758876455795,0.4182693783644189,32279905135.71945,1279.7624673743449,0,0,0.1306767315768647,0.1304138359244453,5060604739.36722,0.1329407494925902,0.2445814118909697,500010.0,2053865.722945985,2.4439772243450247e+23,0.1325897979509822,0.0,3.5555555555555554
0.04,3198.38641303692,0.9977040748200604,0.3349542282637832,0.4340078475489424,18777459052.676025,1366.567702772193,0,0,0.089033957530131,0.0799881317785656,5259028649.9607525,0.16517852172782,0.2428567864703478,1450010.0,2009566.6804662773,2.440304184963128e+23,0.1426070515310338,0.0,3.5555555555555554
0.04,3240.2339677254845,0.9976682072860534,0.3359594190459121,0.4324731269289349,18647231721.93637,1364.9329952978442,0,0,0.1029635983987239,0.0919765506795929,5208458540.182241,0.1656475780092852,0.2432942128472185,1450010.0,2017629.6187059935,2.4430835858802225e+23,0.1637418829831687,0.0,3.5555555555555554
0.05,2974.1102420181173,0.9964784995658332,0.3302033152847139,0.4419494920694191,14447113254.552792,1928.9420012432236,0,0,0.0034143526685837,0.0032031049652579,5591182612.320178,0.1831159293885713,0.2400191499680929,1650010.0,1958970.564270932,2.4176116219824743e+23,0.0084839683567279,0.0,17.428571428571427
0.05,2932.9000549354714,0.9948642243751148,0.3268710938351822,0.4278258456594191,9729764227.735044,1448.4194783104747,0,0,0.0457075317922048,0.0360668177168376,5252034326.683808,0.2093524811038934,0.2429172010178878,1800010.0,1981389.5504905228,2.455642664619162e+23,0.1826458093155813,0.0,17.428571428571427
0.05,2882.280157509425,0.994071381722783,0.3265895705205145,0.4331812963345492,8476414431.803403,1663.7443914416358,2,0,0.0110617737881587,0.0093665118253576,5432996213.540125,0.2177853423862755,0.2413629184930549,1850010.0,1960667.4680800915,2.437177077620788e+23,0.0676808084066558,0.0,17.428571428571427
0.05,2858.9173181632345,0.9930200167471456,0.3262240376589553,0.4339473973921444,7024438267.023787,1733.495695157204,0,0,0.0035548193521069,0.0030641561449779,5476264205.682616,0.2284534586593992,0.2409939898950845,1900010.0,1954267.9140019503,2.431276577486605e+23,0.0438864795555219,0.0,17.428571428571427
0.05,2863.9150156874034,0.9940613342727442,0.3254377462052268,0.4251641902835088,8307628016.881143,1470.3464093141204,0,0,0.0325050612016594,0.0250039005706211,5253233810.86954,0.2189743785863122,0.2429068383366228,1850010.0,1973135.699684664,2.4595184398337717e+23,0.1849354020425864,0.0,17.428571428571427
0.05,2824.005421070287,0.9929156607742604,0.3250365811701505,0.4295785368123662,6929902522.264855,1606.4299660001404,2,0,0.0074038753942538,0.0060489908561642,5399068446.68577,0.2291835751662249,0.2416529334418795,1900010.0,1956234.586517698,2.4432410150358744e+23,0.0862037049566521,0.0,17.428571428571427
0.05,3278.28276622338,0.997771099663712,0.3380863451868426,0.4311365040322874,19776742195.307854,1332.221720623374,0,0,0.098920249518188,0.0899715717051416,5194803400.848864,0.1617084067231736,0.2434125751858799,1400010.0,2022371.76005516,2.442082582790877e+23,0.148028722105206,0.0,17.428571428571427
0.05,3216.9059560213063,0.9974239120413172,0.3354216416350513,0.4321752102672167,17502667178.9694,1353.8831014020816,0,0,0.0910937084516746,0.0807554762632044,5214684347.39859,0.169945466077901,0.2432402825954377,1500010.0,2014845.634873868,2.4434113735116872e+23,0.1550865165263503,0.0,17.428571428571427
0.05,3240.943031921496,0.9977262641328704,0.3366016474429885,0.4320015294739485,18685670189.779675,1342.7895769126142,0,0,0.0927684011060128,0.0834319883113425,5214467126.281533,0.1655087160583816,0.2432421638779154,1450010.0,2017237.8187989253,2.44245224791632e+23,0.1475793419037903,0.0,17.428571428571427
0.05,3298.643552025632,0.998099693994874,0.3392375872424515,0.4305880083299033,20870368688.275818,1322.9049814306036,0,0,0.1003189534836165,0.0922810627814512,5191199068.364732,0.1581602817905754,0.2434438349606368,1350010.0,2024593.5342572688,2.4420045876969868e+23,0.1425960170425441,0.0,29.84
0.05,3357.381944349033,0.9984267589327188,0.3419865059727248,0.4284487294897535,22838580635.242195,1306.3098329955185,0,0,0.109087204592343,0.1021616633713242,5157794515.969684,0.1523767929183831,0.2437338958031264,1250010.0,2032616.056202712,2.4428475103282016e+23,0.1421481847072715,0.0,29.84
0.05,3528.8260527328803,0.9983913263913832,0.3526222028395187,0.4179647359245425,31825344497.84929,1256.97835030006,0,0,0.1280655047397778,0.1276415303113165,5050578835.153843,0.1336286799066492,0.2446691449973795,550010.0,2055595.441007737,2.4446740117454575e+23,0.1305666040013635,0.0,3.7777777777777777
0.05,3536.357046496132,0.998427693744652,0.352634216982841,0.4179307925289345,31389498208.86598,1257.7677949589838,0,0,0.1303334673692368,0.129675974787466,5044080524.827768,0.1343076528600569,0.2447260399356751,600010.0,2056697.4720300888,2.4451704281802823e+23,0.1336519497933822,0.0,3.7777777777777777
0.05,3371.190363906919,0.9984129768662628,0.3423382313127989,0.4279847979468417,22788177831.75845,1306.1235984166965,0,0,0.112849615438387,0.1056008761348382,5144140462.967507,0.1525158546856176,0.2438526391190733,1250010.0,2034907.8467889517,2.4435449661743783e+23,0.146900612095158,0.0,3.7777777777777777
0.05,3540.3312755233683,0.997979274481014,0.3535570200709524,0.4168945134396874,33519636007.245674,1261.485327584555,0,0,0.1285205314252469,0.1288570323723279,5041832221.730536,0.1311646487149383,0.2447457301976408,150010.0,2057191.3366167448,2.4437281432114257e+23,0.1285703828425554,0.0,3.7777777777777777
0.05,3540.9262457343543,0.9980322033613982,0.3535730274103366,0.4168754739540818,33416838643.19436,1260.049517093591,0,0,0.1287572944301347,0.1290655446580952,5041347532.498069,0.1313065407927285,0.2447499754018082,200010.0,2057276.02344822,2.4439290087650432e+23,0.1288757208343754,0.0,3.7777777777777777
0.05,3542.018520604925,0.9980840508629892,0.3535887434558276,0.4168564984997525,33279427946.26688,1258.8467407361773,0,0,0.1291261871513722,0.1293937443986212,5040455929.65229,0.1314976967254754,0.244757784953104,250010.0,2057431.5719083045,2.4441484773810605e+23,0.1293582952125987,0.0,3.7777777777777777
0.05,3543.7299965873835,0.998134686405754,0.3536041101886439,0.4168373899301481,33105215141.638687,1257.8892416855656,0,0,0.1296647317233764,0.1298757135622235,5039055639.946993,0.1317425165714068,0.2447700510073501,300010.0,2057675.39517378,2.4443919706831676e+23,0.1300678631028267,0.0,3.7777777777777777
0.05,3546.1822912108314,0.9981833924548064,0.3536190646270099,0.4168178219774822,32892171254.5663,1257.188888707574,0,0,0.1304115540719156,0.1305464308587758,5037044250.747155,0.1320456980989988,0.244787672035843,350010.0,2058024.821171624,2.444663223826379e+23,0.1310562385766967,0.0,3.7777777777777777
0.05,3549.498819864208,0.9982300191951572,0.3536335429554056,0.4167973018371252,32638460273.74454,1256.7569050861134,0,0,0.131407393568013,0.1314424243339214,5034317156.542107,0.1324122727413144,0.2448115667677398,400010.0,2058497.328618698,2.4449682351846268e+23,0.1323787528797476,0.0,3.7777777777777777
0.05,3470.2117150656504,0.998612164250177,0.3483293699177076,0.4225674384246779,27707604352.22096,1273.368983357465,0,0,0.122934762015528,0.1196601122093013,5090163192.11664,0.1408801732003424,0.2443230889385231,950010.0,2047712.5548942408,2.44411858238119e+23,0.1365724465670197,0.0,3.7777777777777777
0.05,3531.676883502148,0.9983467217989608,0.3528734603401436,0.4176805198245973,32161315236.97304,1256.5677122581096,0,0,0.1282143117645725,0.1279726182187758,5048486399.776452,0.1331182679756825,0.2446874623644185,500010.0,2055986.1164236125,2.444618242621642e+23,0.1300854429522643,0.0,3.7777777777777777
0.05,3538.007497595469,0.9983817279466064,0.3528860619509511,0.4176520677103149,31772918044.146004,1257.0344909568464,0,0,0.130105931140224,0.1296731738307855,5043089247.284151,0.1337093371703186,0.2447347210237119,550010.0,2056906.8803609947,2.445042257618013e+23,0.1326419278738548,0.0,3.7777777777777777
0.05,3492.8425388999685,0.9985814303589168,0.3498377367914871,0.4210004933793366,28982915067.51104,1266.7955613657364,0,0,0.1252325669783251,0.122922196314151,5075370560.66684,0.1384235815662029,0.2444523055275439,850010.0,2050743.1989913592,2.444418006689789e+23,0.1348340387303436,0.0,3.7777777777777777
0.05,3529.1994261602754,0.9981761412756932,0.3522448192722909,0.4184284449958978,32353089515.62797,1496.977190523005,2,0,0.1102083079417722,0.1096591006603469,5050557846.364253,0.1328318798492972,0.2446693287227575,500010.0,2055628.1045993185,2.443940906841702e+23,0.0969862667717811,0.0,3.7777777777777777
0.05,3518.663658594263,0.9984017654970756,0.3523271581946678,0.4183149169277127,31884258775.277035,1256.909745185725,0,0,0.1258151162610304,0.1254008353186564,5058951776.896818,0.1335383686081099,0.2445958724392945,550010.0,2054131.9538002,2.444262112455428e+23,0.1282776242590443,0.0,3.7777777777777777
0.05,3526.034775860034,0.9984382435228036,0.3523392335196579,0.4182809503746356,31446931998.74963,1257.7135389694054,0,0,0.128024141443924,0.1273818484868942,5052520205.647803,0.1342170767936211,0.2446521522937535,600010.0,2055220.3398593648,2.444754615178213e+23,0.1312910379728338,0.0,3.7777777777777777
0.05,3534.8500756526228,0.9984663318481988,0.3523503220977518,0.4182399072612093,30962565153.016903,1258.8380071789668,0,0,0.1307070036766796,0.1297835873506329,5044813078.467963,0.1349916528198257,0.2447196249750897,650010.0,2056518.763235062,2.445300322635757e+23,0.1349688281857995,0.0,3.7777777777777777
0.05,3491.5847724186942,0.9985825695682148,0.3498026275298805,0.4210429540191042,28989061841.47371,1266.794591277847,0,0,0.1249380638601618,0.1226349255252767,5076442062.518772,0.1384122274680426,0.2444429415705023,850010.0,2050557.157191423,2.4443646724512303e+23,0.1345197637253878,0.0,3.7777777777777777
0.05,3443.403006778873,0.998606705667125,0.3465843915301603,0.4242884137370003,26249063406.094933,1281.9357790889856,0,0,0.1203160260005435,0.1158872079090775,5106338976.8120575,0.1439510402932914,0.2441819323705612,1050010.0,2044184.3735260835,2.4438524189069916e+23,0.1391781789998155,0.0,3.7777777777777777
0.06,2928.1238778376137,0.99439015763845,0.328927317870955,0.4349445436940258,8669604064.421635,1748.9513475687463,0,0,0.0056520592407598,0.005003916178854,5469607756.743113,0.2164403093744503,0.2410506792203948,1850010.0,1963238.318325384,2.4293523712500792e+23,0.034625149371392,0.0,19.571428571428573
0.06,2913.226775708537,0.9932622854306083,0.3285175325356203,0.4358821666332507,7213963545.131191,1789.8570199814174,0,0,0.0016834766615606,0.0015102304781896,5501356949.794911,0.2270031650827365,0.2407805091255415,1900010.0,1958887.6926044289,2.4235534151519808e+23,0.0192425861265464,0.0,19.571428571428573
0.06,3343.335094388636,0.9981820225505792,0.3408731781530291,0.4286006521687189,20739199461.767967,1299.3144212393158,0,0,0.1038959645003309,0.0956470269247282,5148246599.53829,0.1585726517749482,0.2438169187670683,1350010.0,2032040.5770569025,2.44437032691036e+23,0.1470018581298886,0.0,19.571428571428573
0.06,3152.3526614600696,0.9966298404308,0.3335257115189049,0.4318349628790759,15116677046.660902,1356.3345837635284,0,0,0.0728977775263763,0.0632556894098536,5232897650.622462,0.1800020557042433,0.2430826374606502,1600010.0,2006900.261334024,2.443953604192854e+23,0.1477896688578312,0.0,19.571428571428573
0.06,3436.0665242092323,0.9985421089076854,0.3456099234444821,0.4249181390182522,24494963862.790302,1269.7431055572938,0,0,0.1156153308306998,0.1100813077796785,5102580983.099002,0.1480513272629114,0.2442147129398329,1150010.0,2043820.282320823,2.4446769164236457e+23,0.1406762867599496,0.0,19.571428571428573
0.06,3123.786083704196,0.99646731527584,0.3325004564315666,0.4308126965696046,13819285866.17574,1370.3507890401072,0,0,0.0710482915971908,0.0603545640196949,5219857293.838967,0.1861614200217734,0.2431954892115956,1650010.0,2004958.0550318095,2.4474967014009815e+23,0.1605140778353218,0.0,28.48
0.06,3297.420574059611,0.9978186858524692,0.3391147395239702,0.4300265765061318,19743893824.353447,1308.9118457781135,0,0,0.0952690730134582,0.0869593955566049,5178920435.966557,0.1618189295724488,0.2435503804792555,1400010.0,2025411.2217120645,2.4427613041108425e+23,0.142247491813468,0.0,28.48
0.06,3434.917677613939,0.9985676170156798,0.3461301384147268,0.4246242399042721,25402028282.905804,1264.061009373883,0,0,0.113154380683418,0.1085210632352527,5109887536.577189,0.145872707818076,0.2441509860202679,1100010.0,2043175.9692153304,2.4438653209897568e+23,0.1340776173496726,0.0,28.48
0.06,3456.3423928355337,0.998523126560291,0.3461273741256316,0.4242639128870763,24417875094.61848,1269.665590222152,0,0,0.1205331811567562,0.1146764579463702,5084354697.563122,0.14824247220112,0.2443738124837954,1150010.0,2046943.033337778,2.4456014555426463e+23,0.1465150087564465,0.0,28.48
0.06,3517.1000686937928,0.9985683417601576,0.3514022099413094,0.4192880194427081,30013415138.566013,1238.6181140196131,0,0,0.1223392314080999,0.1209287890183054,5057951723.530148,0.1365820621447656,0.244604621922264,750010.0,2054074.12184672,2.445057077649383e+23,0.1285994869939595,0.0,28.48
0.06,3529.3643370193604,0.9985850363345332,0.3514111978323366,0.4192108644617131,29382595917.810387,1241.008666025127,0,0,0.1259103734996562,0.1240666825401091,5046671073.659545,0.1376946674047616,0.2447033559105124,800010.0,2055926.4521213963,2.445812793036708e+23,0.1337935008315399,0.0,28.48
0.06,3408.771934828996,0.9985669922092906,0.3448964863531232,0.4258246383307182,24602236828.427917,1269.8144856821416,0,0,0.1089901966324786,0.1038831581335093,5127790154.267173,0.147786928011208,0.2439949693158598,1150010.0,2039524.2625008624,2.4433977577545972e+23,0.1327973607560905,0.0,28.48
0.06,3430.78777081934,0.998481805427417,0.3448861249288573,0.4253873858226596,23568044625.65593,1275.994364997369,0,0,0.1168553564028237,0.1103812198456842,5099625402.51213,0.1504143821806635,0.2442404997727456,1200010.0,2043576.091667828,2.4452584169724907e+23,0.1465234201523651,0.0,28.48
0.06,3485.903869318352,0.998587661501152,0.3485222593824278,0.422179088626791,26846622613.326187,1254.362098193562,0,0,0.1214056823899176,0.1176864609076537,5073891265.172388,0.1426576178483872,0.2444652343039481,1000010.0,2050260.6721888045,2.445128540380838e+23,0.1373420488140596,0.0,4.222222222222222
0.06,3519.3676079421166,0.9985873826919518,0.350760791084586,0.4199039513867741,28817631850.64168,1243.6640132059258,0,0,0.124780394437843,0.1225393570502128,5053378858.3587055,0.1387305939578539,0.2446446372401584,850010.0,2054599.7218335504,2.445589027834736e+23,0.1342893307729718,0.0,4.222222222222222
0.06,3556.1910219351385,0.9981513337914496,0.3530690754593995,0.4174523621111895,32165018876.05864,1473.6396409468252,2,0,0.1100006611174237,0.1094503190089353,5028765656.371816,0.1331127032336715,0.2448602219640965,500010.0,2059452.3508988312,2.445022709925446e+23,0.0968780120425953,0.0,4.222222222222222
0.06,3551.8728113624247,0.9984295772586146,0.3531717160556178,0.4172969482092847,31267594656.01925,1234.2385278413444,0,0,0.1277572746235785,0.1271396501599046,5031607667.325179,0.1345010252646868,0.2448353114402171,600010.0,2058890.4122770117,2.445840203847413e+23,0.1309995169133745,0.0,4.222222222222222
0.06,3560.5409775563853,0.9984563404657344,0.3531831193297503,0.4172566374967812,30788085091.66543,1235.4899973573804,0,0,0.1301907135814575,0.1293015344972635,5024227341.935268,0.135276701595293,0.2449000103083952,650010.0,2060139.446749396,2.44636428174274e+23,0.1344126371057681,0.0,4.222222222222222
0.06,3556.127122912648,0.9981515237872658,0.35306766101225,0.4174540353660375,32165265943.983543,1473.7625630110708,2,0,0.1099802811037266,0.1094302972994507,5028816588.973073,0.1331123320601561,0.2448597754940114,500010.0,2059443.3958357573,2.445020607125773e+23,0.0968654610295826,0.0,4.222222222222222
0.06,3551.8204651550504,0.998429628227572,0.3531702382153551,0.4172986957193627,31267880584.753265,1234.2380602895794,0,0,0.1277461929157234,0.1271286398454311,5031649572.588216,0.1345005699083544,0.2448349441706198,600010.0,2058883.050278132,2.4458381265938216e+23,0.1309881896321559,0.0,4.222222222222222
0.06,3560.4877180835288,0.9984563932176732,0.3531816418095508,0.4172583850423916,30788363532.95432,1235.4895955397722,0,0,0.1301793557688163,0.1292902799629504,5024269605.904388,0.1352762441244037,0.2448996397172627,650010.0,2060132.0105128628,2.4463621868467265e+23,0.1344009581702596,0.0,4.222222222222222
0.06,3165.025171583968,0.9966151886309832,0.3337972212292622,0.4312980666466038,15084877042.09048,1355.8669625052055,0,0,0.0770597174798097,0.066649256215815,5214794239.894936,0.1801468996188169,0.2432393308618644,1600010.0,2009610.1382175768,2.4450814383464613e+23,0.1555816665563045,0.0,4.222222222222222
0.06,3541.994879202285,0.9985146337057036,0.3524001614926823,0.4181479124519391,30408160200.93068,1236.8834926378895,0,0,0.126918781172137,0.1257698227857866,5038434175.717024,0.1359086840443116,0.2447754951770966,700010.0,2057577.3499280624,2.4458498088963895e+23,0.1321213423827722,0.0,4.222222222222222
0.06,3553.33583018282,0.9985339260425716,0.3524098833859432,0.4180861441895519,29830391055.55509,1238.8576196920906,0,0,0.1301804125865949,0.1286473560977949,5028435901.13986,0.1369001859236431,0.2448631126012209,750010.0,2059242.0255338072,2.4465237760753575e+23,0.1367893440843941,0.0,4.222222222222222
0.06,3471.3677624385928,0.998610366245473,0.3476309191674352,0.4230443135266698,26105108669.39223,1258.9235743569768,0,0,0.1198052608269537,0.1155068361279993,5082444441.402453,0.1442702130729334,0.2443904982658863,1050010.0,2048382.816561455,2.445074182017836e+23,0.1384541471888681,0.0,4.222222222222222
0.06,3541.6204998954377,0.9985149863149196,0.3523896923082588,0.4181603565493522,30410103386.53726,1236.880710154773,0,0,0.1268384248599733,0.1256904414253603,5038737010.507893,0.1359054118011448,0.2447728422471289,700010.0,2057524.253824795,2.4458347546668565e+23,0.1320381111896303,0.0,4.222222222222222
0.06,3552.952780612893,0.9985342979456576,0.3523994182150318,0.4180985897970263,29832276942.191803,1238.8554288886658,0,0,0.130097440489871,0.1285656919688325,5028742199.095374,0.1368968886301674,0.2448604275887313,750010.0,2059188.216808256,2.446508555577724e+23,0.1367027037698937,0.0,4.222222222222222
0.06,3542.3396526535794,0.9985143088417724,0.352409799344695,0.4181364571780234,30406371607.07492,1236.886048799337,0,0,0.1269927855030205,0.1258429290997741,5038155392.231566,0.1359116963267611,0.2447779374560742,700010.0,2057626.2323994776,2.4458636675624937e+23,0.1321979940433488,0.0,4.222222222222222
0.06,3553.6885892092955,0.9985335834429132,0.3524195175514739,0.4180746875213441,29828655198.28009,1238.859631085407,0,0,0.1302568229985952,0.1287225617742597,5028153932.111664,0.1369032212623029,0.2448655843932243,750010.0,2059291.5639361665,2.44653778784544e+23,0.136869132212253,0.0,4.222222222222222
0.07,3301.72941959413,0.9976487493580058,0.3392061618582244,0.4290474424252349,18581514149.512478,1295.1030677573135,0,0,0.0915521095285737,0.0828038697517455,5158355056.631804,0.1658857929745837,0.2437290232782699,1450010.0,2027384.0453575377,2.4445241765858444e+23,0.144370157936774,0.0,20.066666666666666
0.07,3402.205287148586,0.998395914566103,0.3439916911090551,0.4261364818593957,22674481632.129265,1259.6076746057329,0,0,0.104613615487681,0.0983800933432068,5119022582.716313,0.1528312214921371,0.2440713537605007,1250010.0,2039592.4135971128,2.44448700191064e+23,0.1358976021627598,0.0,20.066666666666666
0.07,3425.948399958085,0.9983444729679192,0.3439848207441489,0.4254774101158501,21564960901.930832,1267.098952514518,0,0,0.1128860890006319,0.1049439927482535,5085395915.133075,0.1560342718006182,0.2443647184871934,1300010.0,2044209.8852554192,2.4470642731682723e+23,0.151972844129806,0.0,20.066666666666666
0.07,3333.3738643117567,0.9976160844889423,0.3399210928167822,0.4279812692564613,18491603169.708336,1294.691627447458,0,0,0.0998913247094383,0.0900093644376148,5124201530.314114,0.1662133577377196,0.2440262287026799,1450010.0,2032936.5365575769,2.446416492331287e+23,0.1567813091538945,0.0,20.066666666666666
0.07,2963.0614886317567,0.9945608969049144,0.330677537174367,0.4346620845042046,8799350405.233107,1759.8650146038374,0,0,0.00412279883576,0.0037126116324988,5461497288.221376,0.2155464183503019,0.2411197847909043,1850010.0,1968023.6330305524,2.427303618698886e+23,0.0243484793661064,0.0,20.066666666666666
0.07,2950.5452856234915,0.9937027529723812,0.3303605156408861,0.4353765874985594,7358465099.621239,1791.507926995179,0,0,0.0011370703136884,0.0010349495657912,5486697875.946576,0.2259093459771842,0.2409051813866327,1900010.0,1964530.3909154632,2.4228363546069025e+23,0.0119280450716461,0.0,20.066666666666666
0.07,2940.874025794209,0.9923185353692632,0.3298364610735672,0.435654460643027,5873805220.275242,1802.0426877066063,0,0,9.870819061318934e-05,9.036701275435248e-05,5492271521.4309845,0.2376524424592175,0.2408577647366154,1950010.0,1962935.548031126,2.4186169996442333e+23,0.005029813630979,0.0,20.066666666666666
0.07,2968.042780764675,0.994571916418479,0.3309148035399962,0.4358782183024124,8826513851.055313,1795.1217963722625,0,0,0.0024926355801156,0.0022741120976591,5487453865.898984,0.2153602274831233,0.2408987489495569,1850010.0,1966530.2765549277,2.4238419201608965e+23,0.0148875528709481,0.0,20.066666666666666
0.07,2957.971527076268,0.9937068433784858,0.3305957419136345,0.4364403749112909,7376842422.640611,1817.710473608339,0,0,0.0004913633228455,0.0004521168127254,5505686310.201119,0.2257709719123676,0.2407437115660787,1900010.0,1963886.8076753672,2.4199129430064676e+23,0.0052030383482469,0.0,20.066666666666666
0.07,2970.5754136331007,0.994722668398623,0.3292422867170382,0.4289770118742014,9946491031.960491,1399.038644395299,0,0,0.03145789984305,0.0260470336462049,5289500398.432729,0.2079626907721791,0.2425939022911509,1800010.0,1982699.2829508232,2.447189459508102e+23,0.1249632976508871,0.0,20.066666666666666
0.07,2904.851675674532,0.9936781031694696,0.3288502438852798,0.4288159504445699,7234759337.435494,1620.492726553597,2,0,0.0065288547233132,0.0055300709360472,5368232699.409609,0.226845115647806,0.2419170731421113,1900010.0,1968656.3266004664,2.4409716792953865e+23,0.0640073460943882,0.0,20.066666666666666
0.07,2880.571555081045,0.992309233369534,0.3283300564916904,0.428897818074374,5777830971.13462,1664.420141997589,0,0,0.0009807351867335,0.0008395398208164,5391642110.046488,0.238451269114741,0.2417164992178366,1950010.0,1963826.2887283976,2.4362295026443296e+23,0.0467951869063329,0.0,20.066666666666666
0.07,3460.2911975928714,0.998524946234499,0.3465930332320113,0.4237681281214837,24386573762.212254,1246.2921172110878,0,0,0.1138144375284619,0.1085257903797901,5082256487.90123,0.1483203590297374,0.2443921401216197,1150010.0,2047440.6270126773,2.445607918862246e+23,0.1383262553850454,0.0,29.0
0.07,3147.7384320016067,0.996451737830084,0.3337493273883049,0.4297481079478139,13854906877.307642,1345.7504064425568,0,0,0.0678270786050185,0.0580337909817016,5202976684.960032,0.185985282470509,0.2433417167825222,1650010.0,2008760.2896131848,2.4474862374779595e+23,0.1521507395515279,0.0,29.0
0.07,3525.207969195375,0.9986245081809344,0.3502961943078373,0.4202336266724316,27394993775.518635,1226.8355505611664,0,0,0.121862125259866,0.1187804401997793,5044526485.579131,0.1415140671219298,0.244722134628088,950010.0,2055737.0302022204,2.4465226839249916e+23,0.1352058589223311,0.0,29.0
0.07,3530.1808282908078,0.9986109460041586,0.3508561008358367,0.4196973775199015,28073191055.30164,1223.1973434143383,0,0,0.121777880780191,0.1192113224512001,5042857025.918056,0.1401550136106743,0.2447367547773245,900010.0,2056273.707395036,2.446366039294073e+23,0.1329234104684354,0.0,29.0
0.07,3546.7364109282507,0.9986066147565348,0.3508615879184484,0.4195501513454107,27302683276.608288,1226.957324565424,0,0,0.1264301764194118,0.1231887435333404,5026982499.649191,0.1417037256977637,0.2448758538692301,950010.0,2058805.2509389769,2.447410146599178e+23,0.1402055692946753,0.0,29.0
0.07,3312.2078316757,0.997965604577692,0.3400443034425953,0.4290619068862766,19724360063.63777,1285.1585807273927,0,0,0.0907036816101299,0.0831046011145607,5168000999.135282,0.1618847655665048,0.2436452032974808,1400010.0,2027639.8871244888,2.443495924591371e+23,0.1352112340201162,0.0,29.0
0.07,3335.839051813456,0.9976135427954064,0.3399758782985755,0.4279001101169644,18484754977.624416,1294.6586682830812,0,0,0.1005308242553965,0.0905599535076085,5121602290.526098,0.1662383856993313,0.2440488744255385,1450010.0,2033361.3664958505,2.446560377418485e+23,0.1577287232786834,0.0,29.0
0.07,3467.4433018017094,0.9986351483026,0.3478223201734424,0.4228614944542723,26095666090.03678,1235.3498382923694,0,0,0.1120360541423835,0.1082084318260745,5086742369.144992,0.1442912534776534,0.2443529594673453,1050010.0,2047726.697920609,2.444854591359876e+23,0.1294949679204873,0.0,29.0
0.07,3486.8910241704543,0.998573407642851,0.3478189129384241,0.42258542578405,25172936697.885536,1240.61463045118,0,0,0.1179441862995623,0.1131513520605897,5065028212.542107,0.1464108836561063,0.2445427218311837,1100010.0,2050998.5347526136,2.4462161981715504e+23,0.1394591643908959,0.0,29.0
0.07,3563.1256763579167,0.9985145203919202,0.3531183100449063,0.417301853394299,30260331918.874737,1213.079581958044,0,0,0.125313722603112,0.1242170017938729,5021625491.858766,0.1361588363123764,0.2449228265618253,700010.0,2060540.2405034103,2.4467429535280948e+23,0.1304274605651803,0.0,29.0
0.07,3574.1536617612974,0.998531013885848,0.3531283332814925,0.4172417058670286,29688390445.845608,1215.1811790644094,0,0,0.1282164741325417,0.1267555916027349,5012103932.599928,0.1371496251016689,0.2450063563272525,750010.0,2062130.759917285,2.4473811027535693e+23,0.1346970036849336,0.0,29.0
0.07,3274.52398337943,0.997564443228096,0.3380450438147547,0.4292916490619518,17442669351.289,1306.0562798910505,0,0,0.0883807220243418,0.078883568760102,5162812804.9486265,0.1701797013766824,0.2436902804201352,1500010.0,2024453.879430505,2.4458189753249048e+23,0.1489845448418295,0.0,3.375
0.07,3590.228989923915,0.9979559398864488,0.354367844138624,0.4159377639274598,32772954728.65191,1459.6828034221307,1,0,0.1096852622900731,0.10945365595598,5002374965.355014,0.1322171954637424,0.2450917590352178,350010.0,2064135.4910404,2.445772440368245e+23,0.0962811502118429,0.0,3.375
0.07,3593.080324807882,0.9980282240057096,0.3543907661848127,0.4159080328645409,32518540604.070946,1444.438051757337,1,0,0.1113879409610041,0.1110694251907141,5000132628.021839,0.1325876540850334,0.2451114503543616,400010.0,2064527.103684345,2.4461361416956543e+23,0.0976482355231275,0.0,3.375
0.07,3592.5637686284817,0.9981532369353872,0.3544471334716385,0.4158370246344776,32211347416.054657,1406.1327083822298,2,0,0.114296476052928,0.1139567923549537,5000443862.089115,0.1330432073678022,0.2451087170484044,450010.0,2064463.076509491,2.446539349354893e+23,0.101378661039522,0.0,3.375
0.07,3583.424731365803,0.9983298876662274,0.3545003853848077,0.4157651630890886,31798028340.15079,1208.8366827146604,0,0,0.1276126590548855,0.1273996589114154,5007331276.78142,0.1336706710828641,0.2450482448509844,500010.0,2063227.7543063893,2.446765658024773e+23,0.1294551866972599,0.0,3.375
0.07,3589.541929531981,0.9983676736564504,0.3545136514871392,0.4157370697750115,31416139460.805187,1209.5342094486623,0,0,0.1291650409993822,0.128771597262087,5002383003.722985,0.1342655961752023,0.2450916884506137,550010.0,2064079.6533406528,2.4471756887554747e+23,0.131656037856787,0.0,3.375
0.07,3596.9425835038387,0.9984056807757132,0.3545263959660106,0.4157038070268857,30989478955.94176,1210.5515353641322,0,0,0.1310530599555691,0.1304361242735575,4996380972.532755,0.1349479707124247,0.2451444023269263,600010.0,2065108.5580896344,2.447652235491156e+23,0.134348237190744,0.0,3.375
0.07,3560.71805933446,0.9984747007034178,0.3533038155330558,0.417117879319291,30748457167.44016,1211.416953655807,0,0,0.124274414654094,0.1234654355087777,5024154061.374816,0.1353418936295669,0.244900652870569,650010.0,2060159.2714715037,2.4464231314098623e+23,0.1283043598205555,0.0,3.375
0.07,3570.2789652690803,0.9985081034596932,0.3533153142546258,0.4170687644572524,30224051645.2504,1213.1543731111842,0,0,0.126762254361499,0.1256482273828044,5015983384.84704,0.1362205973397729,0.2449723168229005,700010.0,2061533.903120651,2.447025215622458e+23,0.1319273222708936,0.0,3.375
0.07,3581.462978538895,0.9985242766096644,0.3533252847075679,0.4170085543713736,29653151925.72652,1215.2471728475837,0,0,0.1297033054978666,0.1282193184957746,5006402404.916235,0.1372118826947509,0.2450563988606184,750010.0,2063136.7569109595,2.4476663212948884e+23,0.1362489161421234,0.0,3.375
0.07,3235.074810247494,0.9965985798985588,0.3359778183518978,0.4283159466779072,14993065700.04365,1330.1987007621462,0,0,0.0876681784730117,0.0754491738078095,5135383073.857368,0.1805667694738391,0.2439288537857358,1600010.0,2022745.200802717,2.449302759134964e+23,0.1735765962577524,0.0,3.375
0.07,3568.95793629061,0.9985092916235028,0.3532790313571207,0.417111673283934,30230725428.433,1213.1407186102151,0,0,0.1264948456130418,0.1253840178224508,5017022264.895648,0.136209225418696,0.2449632028275663,700010.0,2061350.843766237,2.446973237986588e+23,0.1316504469081214,0.0,3.375
0.07,3580.113123390904,0.9985255233341704,0.3532890113758238,0.4170514747527685,29659634282.462406,1215.235136062627,0,0,0.1294289159582903,0.1279491993413539,5007452180.968908,0.1372004192964699,0.2450471835417643,750010.0,2062951.4312413088,2.4476137997506997e+23,0.1359625286282958,0.0,3.375
0.07,3555.838625108865,0.9985833766607212,0.3523049629266668,0.4181553344575039,29215522293.43218,1217.3918746837255,0,0,0.1252414612593142,0.1234585806023012,5025461498.387162,0.1379970645668577,0.2448891890407676,800010.0,2059664.3446424864,2.446929244006309e+23,0.1330374424297624,0.0,3.375
0.07,3569.8051285586,0.9985742013402022,0.3523118874021895,0.4180623830558079,28545789238.773342,1220.276956337913,0,0,0.129021791689309,0.1267335926581708,5012934868.852875,0.1392427686167444,0.244999064715237,850010.0,2061717.1260038167,2.44769784009887e+23,0.1387448223396752,0.0,3.375
0.07,3589.7755405259604,0.9980686495967792,0.3550578414426053,0.4151317490723096,32937590489.93408,1210.0958927952995,0,0,0.1279193762391023,0.1281900391615619,5002764641.646052,0.13198070965847,0.2450883373449372,250010.0,2064070.772195479,2.4461200479309607e+23,0.1281470993815414,0.0,3.375
0.07,3591.410793941672,0.9981199125797438,0.3550735134280185,0.4151125096734311,32764005418.575245,1209.3569080921563,0,0,0.1283579494074117,0.1285747011607667,5001489643.96222,0.132230123080539,0.2450995332344794,300010.0,2064294.6657421656,2.4463593455422597e+23,0.1287531795733494,0.0,3.375
0.07,3593.7563944966,0.998169285200868,0.3550888267672193,0.4150928165109848,32552309517.22342,1208.8779522861955,0,0,0.1289654533284082,0.1291100171414293,4999656017.280601,0.1325381290237685,0.245115636131151,350010.0,2064615.9003711045,2.4466238517595928e+23,0.1295968729553227,0.0,3.375
0.07,3596.9291698227435,0.9982173736078148,0.355103740594417,0.415072191956137,32300826359.21999,1208.671093374552,0,0,0.1297738064373522,0.1298239540501,4997169026.475559,0.1329095740392436,0.2451374799340808,400010.0,2065050.4125620732,2.4469215020876026e+23,0.1307239202553755,0.0,3.375
0.07,3601.0478154557663,0.9982636518154973,0.3551182033601718,0.415049980882075,32008049699.81024,1208.748251025406,0,0,0.1308160545228371,0.130745289871377,4993931783.8205805,0.1333497291941549,0.2451659186589564,450010.0,2065614.2550471,2.447256919550381e+23,0.1321828194918914,0.0,3.375
0.07,3200.9019839539988,0.99640408669092,0.334799594097181,0.4274234631193235,13738472505.431158,1343.9085214154204,0,0,0.0840939694359247,0.0708019806127894,5125780315.491112,0.186562538531046,0.2440124754978678,1650010.0,2020131.032757321,2.4526378034157597e+23,0.1847834903199525,0.0,3.375
0.08,3055.213881380424,0.996814408748552,0.3345555846354168,0.4379683410521493,15842079162.975388,1894.203494689156,0,0,0.000784241503433,0.0007483886261174,5509942291.478635,0.176777985728255,0.2407075477872036,1600010.0,1974745.186213996,2.4199368349061024e+23,0.0016753932423064,0.0,21.0
0.08,3064.488795774271,0.996651987407424,0.3345168761349371,0.4360723668066107,14433323167.33661,1817.0189611928165,0,0,0.0068948013163788,0.0064568387151186,5455601913.966177,0.1831814966477789,0.241170039432296,1650010.0,1980056.221121596,2.4249287450723293e+23,0.0163641762399766,0.0,21.0
0.08,3160.6758084025487,0.9961665798167832,0.3343777817237914,0.4262623888958287,12552715747.535473,1334.9271160821422,0,0,0.0683123033737102,0.0570758005985073,5136515012.438104,0.1926968980833205,0.2439190001978503,1700010.0,2015269.468582927,2.453786157314031e+23,0.1709010849641707,0.0,21.0
0.08,3434.4192360924367,0.9984435073768854,0.3452287168083095,0.4246802478629997,22559776700.324837,1235.6716757286122,0,0,0.104534854514181,0.0984424202283723,5091217775.445754,0.1531517568364076,0.2443138816862256,1250010.0,2044520.860452944,2.445995669301097e+23,0.1355029570882856,0.0,21.0
0.08,3458.0689431801457,0.998318801578865,0.3452109595666754,0.4240552010249155,21468047266.55056,1243.29992588633,0,0,0.1119000849447995,0.1042173518958545,5058889270.932229,0.1563251747547851,0.2445964192883198,1300010.0,2048980.0757004,2.4482433697216462e+23,0.1502828545013149,0.0,21.0
0.08,3368.57291827997,0.9980658189934312,0.3419364835055523,0.4267211014106834,19577919846.91365,1260.8055384471895,0,0,0.09648147602351,0.0883663187799852,5114077577.102894,0.1623809945865111,0.2441144546207859,1400010.0,2036930.091993876,2.4465644774761883e+23,0.1428692932339984,0.0,21.0
0.08,3394.010622861585,0.9976173138296348,0.3418467347468324,0.4256021867965329,18362002293.36839,1270.3581311357468,0,0,0.1054975715703704,0.0950193728278377,5068252912.835278,0.1666889024610126,0.2445145238894643,1450010.0,2042661.598266882,2.449282961010187e+23,0.1642506898517122,0.0,21.0
0.08,2992.9115426732687,0.9945692759148476,0.3321115514936982,0.4332161272994744,8895870483.725082,1734.2630165506266,0,0,0.0043170391134821,0.0039009041913554,5427565159.407995,0.2148863135419943,0.2414093002222617,1850010.0,1974197.9010393205,2.4283089665134085e+23,0.0243770901787553,0.0,21.0
0.08,2980.172080513545,0.9939811028332188,0.3318902477556822,0.4338095230038207,7478011516.636479,1765.8276727879263,0,0,0.0012497843417725,0.0011407969824626,5452439627.978059,0.225012160732572,0.2411970040200218,1900010.0,1970742.451566132,2.424727512070157e+23,0.0120338775376525,0.0,21.0
0.08,2970.4280980476624,0.9928870316613536,0.3314691350798714,0.4339529221433406,6016214157.501003,1776.0051648990286,0,0,0.0001529664498096,0.0001403528270752,5457816474.628121,0.2364762693649952,0.2411511593305824,1950010.0,1969179.40960352,2.4214648441999536e+23,0.0052891523352607,0.0,21.0
0.08,2965.667362065485,0.994416745853978,0.3303480454881248,0.4267830239168384,8687181812.229631,1468.142139649246,3,1,0.0201302816770617,0.0166719514278535,5280246890.100116,0.2163187650636567,0.242673678601276,1850010.0,1982883.2471302247,2.447736532116916e+23,0.1008122172132127,0.0,21.0
0.08,2930.5508202180395,0.9939268427763376,0.3301601427855963,0.4265399852567239,7331441709.85319,1565.2003080994425,2,0,0.0082904878890731,0.0069725382366124,5318586282.44427,0.2261131220163854,0.242343459401141,1900010.0,1975722.6280949267,2.4449964439191664e+23,0.0736131353457139,0.0,21.0
0.08,2903.156491792165,0.9928641791812108,0.3297484577300379,0.4263579187668457,5904090207.139765,1615.718226425903,2,0,0.0017007647908837,0.0014455679347411,5342640374.511674,0.2374014027138828,0.2421366999649008,1950010.0,1970533.2554123965,2.441397570543772e+23,0.0549673088782391,0.0,21.0
0.08,3300.2516421892124,0.9975617369612408,0.3392431022542591,0.4280220135308034,17420610284.746605,1281.713319846359,0,0,0.0861118095171743,0.0771547121088334,5141503650.770506,0.1702660512902555,0.2438755824628219,1500010.0,2028526.5666998671,2.4465398780577395e+23,0.1445639387705796,0.0,21.0
0.08,3324.387496399921,0.9973081092857142,0.3391806389848424,0.4261993708075203,16128690248.796278,1292.6974096761207,0,0,0.0961021987779165,0.0841204458777681,5082788695.557269,0.1755454470861364,0.2443874911078505,1550010.0,2035243.291674835,2.451515440103084e+23,0.1721421178843766,0.0,21.0
0.08,3241.405364294742,0.9962740095788736,0.33630591948854,0.4257744612142552,13739368117.04042,1319.03066180489,0,0,0.0844766114528927,0.0713464713582646,5088961796.832842,0.1865580815913848,0.2443335787312565,1650010.0,2026933.9149003904,2.4536939087234023e+23,0.1834204303830227,0.0,21.0
0.08,3335.786791256146,0.997638005019272,0.3405643978984564,0.4274895488166595,18519957465.21773,1270.8004422137217,0,0,0.0915674994578587,0.0830089685550724,5127742626.76358,0.1661098502904464,0.2439953832655143,1450010.0,2032891.9834498009,2.4458401679871864e+23,0.1437222909669036,0.0,21.0
0.08,3360.828138078047,0.9975120906100332,0.3405383253065339,0.4259962795556559,17265001505.2716,1281.0591257711906,0,0,0.1010795256077595,0.08981657069582,5076051632.714629,0.1708787096899874,0.2444463534983335,1500010.0,2039090.6373193653,2.450344813466486e+23,0.1679291473670756,0.0,21.0
0.08,2950.367248019511,0.9943910127923916,0.3297224568644427,0.4258677338192284,8637841387.423351,1392.3613751973608,0,0,0.0225553884504215,0.0184886574180957,5264839910.18551,0.2166602902755436,0.2428066116989284,1850010.0,1982370.940194752,2.4509168085857083e+23,0.1204686329385211,0.0,21.0
0.08,2879.68053330647,0.9928577668286708,0.3291282967491815,0.4238039462251366,5861468890.943558,1557.0131927256466,2,0,0.002424602765981,0.0020035005879305,5304150934.492234,0.2377548430763432,0.2424676952296832,1950010.0,1970860.1852139395,2.448133848454618e+23,0.0766968504310561,0.0,21.0
0.08,3350.110939871179,0.9980751607411829,0.3415068193074487,0.4273320685685363,19633135548.201508,1260.8830752856811,0,0,0.0920477337799464,0.0844545142836286,5132934832.029789,0.1621933350771037,0.243950168346059,1400010.0,2033821.3003898012,2.4455077785398925e+23,0.1366054716330823,0.0,21.0
0.08,3374.154093608032,0.9976243170370758,0.3414167636793801,0.426230853913665,18414623147.603657,1270.5114317438647,0,0,0.1008643767140849,0.091041446069588,5088037680.32435,0.1664953374794913,0.2443416480656605,1450010.0,2039394.3493416049,2.448137265810075e+23,0.157459340276012,0.0,21.0
0.08,2992.6263701610314,0.9945681705796138,0.3320963486722043,0.4331394979023183,8894058811.751738,1731.938836091243,0,0,0.0044335871256367,0.0040028682615087,5425899355.617896,0.2148986655429087,0.241423529629782,1850010.0,1974298.0279052327,2.428528074161348e+23,0.0250175176952316,0.0,21.0
0.08,2979.7169276275818,0.9939806573351462,0.3318752554325446,0.4337420154350203,7476801722.673901,1764.1181785561034,0,0,0.0012974630324853,0.0011834924816726,5451213024.463515,0.2250212052543317,0.241207464672931,1900010.0,1970787.6484281388,2.424913830490538e+23,0.0124855523514175,0.0,21.0
0.08,2969.846303224017,0.992886789027732,0.3314542005637327,0.4338886247810232,6015245832.934656,1774.6104986005896,0,0,0.0001633891425419,0.000149822082911,5456846205.3601,0.236484230170638,0.2411594309674741,1950010.0,1969189.1659111213,2.4216346265872822e+23,0.00564672181043,0.0,21.0
0.08,3257.826644056537,0.9968342077598796,0.3372143454544932,0.4271735355943193,15012816826.213816,1305.8454788857478,0,0,0.0836694693167638,0.0724396855112471,5120138956.868731,0.1804762323472318,0.2440616253168693,1600010.0,2026118.6019243996,2.4502319327545188e+23,0.164853891072818,0.0,28.375
0.08,3580.707949794934,0.998584097638288,0.3531470858222048,0.4171659859875056,29058417032.191864,1193.3770279211533,0,0,0.1239987885195427,0.1222848210375959,5006056859.126093,0.138284430938876,0.2450594323257386,800010.0,2063100.8398205624,2.4479618092065733e+23,0.1316765256426504,0.0,28.375
0.08,3594.3718760879533,0.9985844567543418,0.3531551358420497,0.417074793127777,28396759730.584534,1196.3779657459677,0,0,0.1273575439088577,0.1251622435125292,4994096924.493826,0.1395274173781172,0.245164467776341,850010.0,2065068.0527684896,2.448729586888327e+23,0.1369050151414936,0.0,28.375
0.08,3605.167199780502,0.9984191963513588,0.3548602550595583,0.4153149200885339,30907411447.25584,1186.0767571337492,0,0,0.1266980744251691,0.1261288975435184,4990156422.269304,0.1350814084575644,0.2451990922429665,600010.0,2066216.1205850835,2.448029488088508e+23,0.1298785019222087,0.0,28.375
0.08,3613.54045457411,0.9984506179528714,0.3548725423306009,0.415275629460057,30437615697.662533,1187.5476452148937,0,0,0.1286619631141859,0.1278388594246738,4983397106.320597,0.1358591265457416,0.2452585057635695,650010.0,2067370.345990884,2.448535974833981e+23,0.1327892845938232,0.0,28.375
0.08,3623.410511624837,0.9984826341961618,0.3548843269880182,0.4152272170157158,29922468379.536896,1189.3655165191258,0,0,0.1309872722202971,0.1298540493997185,4975408128.725184,0.1367396684397168,0.2453287615195085,700010.0,2068727.369172769,2.449126085535698e+23,0.1362667738210585,0.0,28.375
0.08,3479.361096126759,0.9985078340632894,0.3474332719627371,0.4228015487220271,24298895937.72719,1222.426904501272,0,0,0.1108153233716548,0.1058384785775929,5066893535.748119,0.148539372493595,0.2445264100520927,1150010.0,2050217.8472110396,2.4462766052538845e+23,0.1345636212118108,0.0,28.375
0.08,3501.5309156378685,0.9984966470432296,0.3474347365165349,0.4223763615836031,23298243474.126102,1228.8584875235936,0,0,0.1172180311900171,0.1109881163127349,5040694493.180479,0.1511293834163212,0.2447556953302846,1200010.0,2054032.3431751076,2.4482577007393198e+23,0.1464133682709543,0.0,28.375
0.08,3614.2386275848967,0.998222346619043,0.3556570008512588,0.4144267644943153,32169904222.43577,1183.9362642630304,0,0,0.1274091847598473,0.1274648483227836,4984045544.677737,0.1331053650173838,0.2452528049414986,400010.0,2067378.8799551923,2.447646353476992e+23,0.1283388152205412,0.0,28.375
0.08,3618.212489101653,0.9982690615613584,0.3556716524932292,0.4144046028843554,31878149721.981068,1184.1199107909667,0,0,0.1283279512743234,0.1282681757299302,4980974253.981692,0.133547717278753,0.2452798086811328,450010.0,2067915.321527176,2.447974393589036e+23,0.1296642031767929,0.0,28.375
0.08,3623.216049978966,0.9983136932945162,0.3556858506212993,0.4143800337047355,31544294489.13021,1184.6014050446438,0,0,0.1294821272467329,0.1292772145901675,4977095794.2832775,0.1340643014586836,0.2453139170038928,500010.0,2068590.3387457456,2.448343798859991e+23,0.1313369374639247,0.0,28.375
0.08,3629.371876394439,0.9983534871670516,0.3556994700104728,0.4143520292213389,31167272758.373924,1185.3927176476586,0,0,0.1309027107176309,0.1305179652527182,4972310570.558462,0.1346613166282088,0.2453560115288707,550010.0,2069419.8857818043,2.448752741795024e+23,0.1334073527777911,0.0,28.375
0.08,3611.844627346335,0.9982749618072708,0.3554962669626653,0.4146090878982224,31913420231.57762,1184.0208470972484,0,0,0.1271425408644756,0.127083570351353,4985759434.562907,0.1334937940149167,0.2452377382338197,450010.0,2067065.136483645,2.447734963369303e+23,0.1284681006213908,0.0,28.375
0.08,3616.7899039134136,0.998319563897952,0.3555104461243308,0.41458454610153,31578854185.260403,1184.5060483674115,0,0,0.1282850328749964,0.128082754509105,4981901346.967214,0.1340103045586853,0.2452716568242437,500010.0,2067735.8273969328,2.448102922406856e+23,0.1301250068377783,0.0,28.375
0.08,3622.874171596111,0.998359300500722,0.3555240511383691,0.4145565748426389,31201079788.08464,1185.3015181440296,0,0,0.1296918855270551,0.129312060571457,4977140752.95415,0.1346071839459537,0.2453135215747697,550010.0,2068560.1290661227,2.448510029079501e+23,0.1321765148419638,0.0,28.375
0.08,3630.227795740838,0.9983970339580654,0.3555371258418945,0.4145236313581818,30779234464.89519,1186.418969723196,0,0,0.1313960671356179,0.1307974845103234,4971370975.387861,0.1352912472312439,0.2453642784718729,600010.0,2069554.8151297085,2.448973894380277e+23,0.1346780900823889,0.0,28.375
0.08,3261.9274047860526,0.9968328195535394,0.3372967080693133,0.4270193166527967,15003578756.686312,1305.7656208052615,0,0,0.0847530692927938,0.0733126613579915,5115059020.838545,0.1805185642373104,0.2441058992172423,1600010.0,2026901.8061105448,2.45056004454834e+23,0.1668013642088116,0.0,28.375
0.08,3502.3468727632157,0.998600637550949,0.3485443681396718,0.4217539758455834,25091146130.32065,1216.7559060883243,0,0,0.1141883247140701,0.1097073251961291,5052896080.250657,0.1466049734718221,0.2446488625328638,1100010.0,2053203.4505881555,2.4468782149465336e+23,0.1349389546244072,0.0,3.5
0.08,3523.699904527254,0.9984791999942364,0.3485326712255181,0.4214265453185326,24138016871.4287,1222.621278741006,0,0,0.1201489348212062,0.1145723811409225,5029240956.459667,0.1489444986190588,0.2448560555885583,1150010.0,2056731.7143945652,2.4482444028369377e+23,0.1456019408214238,0.0,3.5
0.08,3622.185852366792,0.9976236444166424,0.3553865479413722,0.4147483887204896,33235670917.707253,1441.6864617077188,3,0,0.1095526332558775,0.1095324652109319,4978201479.690226,0.1315589276573391,0.2453041924028281,100010.0,2068429.319786053,2.4459769397441547e+23,0.0965504994225824,0.0,3.5
0.08,3622.95766355692,0.99767418467185,0.3554015090925055,0.4147308945774239,33163170168.01607,1439.658160225554,1,0,0.1097702251670492,0.1097223119079025,4977625191.452389,0.131660764922559,0.2453092608217056,150010.0,2068531.7816156256,2.446175036372021e+23,0.0965320567508843,0.0,3.5
0.08,3623.333724304397,0.9977547724358532,0.3554222376730021,0.4147065781373323,33059048032.600662,1436.532341462627,1,0,0.1100094111640439,0.1099338902351814,4977342604.470713,0.1318078608606359,0.2453117462258462,200010.0,2068581.8231107115,2.4464565563604068e+23,0.0966342111164366,0.0,3.5
0.08,3624.309215179508,0.9978268847106372,0.3554426087082367,0.4146824617412034,32919921317.9722,1431.1723621103897,1,0,0.1105595589799349,0.1104415960691844,4976609816.361624,0.1320059689217991,0.2453181914438543,250010.0,2068711.5765027185,2.4467348184284077e+23,0.0969708135882284,0.0,3.5
0.08,3625.990135344056,0.9978927996383972,0.3554624295425952,0.4146585601175213,32744478409.93601,1423.1099555381547,1,0,0.1114278204830425,0.1112579787864428,4975345655.317589,0.1322583567019431,0.2453293110598013,300010.0,2068935.144165429,2.4470220680240816e+23,0.0975914198094457,0.0,3.5
0.08,3626.2807423314334,0.9979928456433388,0.355500589804329,0.4146125059142878,32527260859.72288,1406.6466623263066,1,0,0.1127684551190842,0.1125662855862414,4975102784.093367,0.1325748546551579,0.2453314474703689,350010.0,2068975.5326902263,2.447367802416191e+23,0.099082410180977,0.0,3.5
0.08,3625.2124331856894,0.9981029506702864,0.355550870949223,0.4145510513700977,32262409132.87598,1369.7973069785317,1,0,0.115433367594276,0.1152287256425827,4975848002.55723,0.1329668534752188,0.2453248922820635,400010.0,2068837.676074575,2.447695121186852e+23,0.1026257337852555,0.0,3.5
0.08,3615.562688531047,0.99827151924947,0.3555987901372979,0.4144895298264078,31892791294.900856,1184.0788643957487,0,0,0.1278349502946723,0.1277755087378465,4982961827.189888,0.133525317524116,0.24526233270602,450010.0,2067562.075445876,2.4478749348945093e+23,0.129166758178403,0.0,3.5
0.08,3620.541990762904,0.9983161383303272,0.3556129802688285,0.4144649721253176,31558641207.39384,1184.561896954577,0,0,0.1289843049162822,0.1287804878064291,4979091808.663266,0.1340418710749265,0.2452963623886236,500010.0,2068235.2981158784,2.4482437391735123e+23,0.1308329492511968,0.0,3.5
0.08,3626.668036663685,0.9983559079843368,0.3556265935470153,0.4144369815591283,31181307263.500008,1185.354934067117,0,0,0.1303992293083486,0.1300165310788071,4974316787.986396,0.1346388297771514,0.2453383616963965,550010.0,2069062.66987983,2.448651919160788e+23,0.1328955551768015,0.0,3.5
0.08,3223.414873017883,0.9968461091540538,0.3365098470023631,0.4285108309747784,15092412141.94973,1306.526330363413,0,0,0.0742507650099116,0.0647850739955804,5164178644.07428,0.1801125513779959,0.2436784119849585,1600010.0,2019384.3339265871,2.447382100082733e+23,0.1477351218472297,0.0,3.5
0.08,3244.375530636404,0.9962711543382295,0.3363614656943081,0.4256566987473762,13733337519.39392,1318.960491778377,0,0,0.0852349489182579,0.0719302107896615,5085082600.630164,0.1865880973880624,0.2443674549120313,1650010.0,2027518.8259002345,2.4539517899000707e+23,0.1848796222634924,0.0,3.5
0.08,3619.890834561587,0.9980085149348256,0.3551851427142531,0.4149780857323071,32333499493.610638,1425.684074346654,1,0,0.1103362871368862,0.1100242883182311,4979820301.569446,0.1328609713741152,0.2452899559816879,400010.0,2068131.291482325,2.447167985694032e+23,0.0969869070629994,0.0,3.5
0.08,3621.481143176021,0.9981116782823743,0.3552266437611995,0.4149250078458598,32035837181.87764,1400.376565782636,2,0,0.1126236012940273,0.1122456692907029,4978551902.642054,0.1333075932964692,0.2453011105477844,450010.0,2068348.4151111064,2.4475841117620675e+23,0.099422725381717,0.0,3.5
0.08,3609.2048034080062,0.998326468947084,0.3553021345832923,0.4148276894531664,31620013828.04205,1184.391645825814,0,0,0.1268688778934365,0.1266697154141796,4987612790.599588,0.1339461537993589,0.2452214473759988,500010.0,2066721.4559709164,2.447816744500701e+23,0.1286912593033541,0.0,3.5
0.08,3615.20465616365,0.9983661419923714,0.3553157239774305,0.4147997564715292,31241340503.767868,1185.1920778059546,0,0,0.1282589598498725,0.127884945336899,4982881753.671079,0.1345428724481517,0.2452630367183634,550010.0,2067539.48870241,2.448221671584036e+23,0.1307198478675305,0.0,3.5
0.08,3622.456469576,0.9984039300814876,0.3553287923370425,0.4147668579594712,30818554051.5071,1186.3150266257146,0,0,0.1299439902592137,0.1293545295536463,4977146975.860241,0.1352266910717406,0.2453134668419639,600010.0,2068526.7256782544,2.4486833568824933e+23,0.1331947061978083,0.0,3.5
0.08,3414.8957491132705,0.9982828817842292,0.3436143702357832,0.4253832704960326,20544681543.529324,1251.6263641496944,0,0,0.1046145434214135,0.0966248348964832,5085262012.200123,0.1591906869784621,0.2443658879612256,1350010.0,2043244.3706715235,2.447683123992057e+23,0.1470206446764646,0.0,3.5
0.08,3529.807066380692,0.998598231478392,0.3497448272294213,0.4205482282616635,25815129291.37905,1211.7039484440006,0,0,0.1185360983608046,0.1144949671866052,5034600886.869458,0.1449222867043367,0.244809080532218,1050010.0,2056847.182830268,2.4474838788074628e+23,0.1367257577100261,0.0,3.5
0.08,3550.4753662427643,0.9985651761689668,0.3497449999103446,0.42027285418101,24911189954.077217,1217.0178619717492,0,0,0.1241066852826927,0.119069964902459,5013150518.008067,0.1470356613907984,0.2449971724202727,1100010.0,2060122.504626322,2.448931386135377e+23,0.1463925649332287,0.0,3.5
0.08,3496.7718230508062,0.9986254859617396,0.3488901209594747,0.4215969251303215,25947924395.058502,1211.4594974383872,0,0,0.1117383332952145,0.1080172164760477,5062233366.187105,0.1446221458635288,0.2445671657567401,1050010.0,2052044.4879977552,2.446075737696577e+23,0.1290242002231514,0.0,3.5
0.08,3516.0109376976966,0.99859061669331,0.3488903301109033,0.4213259109630899,25038993465.155323,1216.8364510499705,0,0,0.1170321336909744,0.1123939653734252,5041404744.506425,0.1467292720842831,0.2447494742971532,1100010.0,2055197.1114606631,2.447471107392236e+23,0.1382265191707195,0.0,3.5
0.08,3564.087581305897,0.998597708541032,0.3526990759004779,0.417697845835946,29136903125.24247,1193.1812387528587,0,0,0.1207762854835469,0.119123860270204,5019097823.351403,0.1381405026419452,0.2449449959946528,800010.0,2060802.8323714545,2.4473031184969625e+23,0.1282810932364353,0.0,3.5
0.08,3577.3133928272564,0.9985978432155942,0.3527071868424055,0.4176071518821774,28472814361.352676,1196.2019331804454,0,0,0.1240468339217255,0.1219305834356026,5007304902.059375,0.1393818072963881,0.2450484763720777,850010.0,2062735.6171009487,2.44805851461806e+23,0.1333800721303296,0.0,3.5
0.08,3592.521435353147,0.9985705187092608,0.3527126167779628,0.4174945088570436,27763049623.848488,1199.6213144199542,0,0,0.1278342158576971,0.1251564069096044,4993704653.960176,0.1407690831282923,0.2451679141877422,900010.0,2064948.106736715,2.4488595758788876e+23,0.1393739611129335,0.0,3.5
0.09,3439.5276233956542,0.9983019328624888,0.3446890866346936,0.4241834998278588,20483854271.82615,1227.3911458989091,0,0,0.1020314618604736,0.0944758449662196,5065749861.611739,0.1593855607612556,0.2445364109582452,1350010.0,2046862.004378202,2.448583967605657e+23,0.1430835125581051,0.0,21.25
0.09,3465.469670784297,0.9981170262009396,0.3446539403921772,0.4232556528976782,19328499008.21318,1236.3686941298968,0,0,0.1095894590969451,0.1000208162935838,5026127451.595087,0.1632371351152264,0.2448833502244106,1400010.0,2052044.0358229144,2.45149682163063e+23,0.1605860595490725,0.0,21.25
0.09,2984.4072315968915,0.9941687485318202,0.3311047277624236,0.4246384654873749,8728155191.71655,1365.079947616629,0,0,0.023583295013959,0.0194214083620289,5230979906.487989,0.2160359862469354,0.2430992276937233,1850010.0,1988973.511091631,2.4510121829579543e+23,0.1207556063327678,0.0,21.25
0.09,3369.2334305143213,0.9977998940811108,0.3419226818706326,0.4259429160191963,18461188961.12812,1246.28646106193,0,0,0.0911453614626337,0.0828035746086635,5098864694.848228,0.1663245971685862,0.2442471375923549,1450010.0,2038134.6773025896,2.4476489154110683e+23,0.1424352655555963,0.0,21.25
0.09,3394.31893016226,0.9974464388921042,0.341849851574071,0.4245548695835563,17226508509.053257,1256.687213276305,0,0,0.0995320834413105,0.0887188999326334,5049125491.159097,0.1710312216625364,0.2446818674368531,1500010.0,2044123.1016523417,2.4512503954736746e+23,0.1645564755595286,0.0,21.25
0.09,2996.1000414061223,0.9941858078935412,0.3315122791022618,0.4251591521407928,8754499222.732428,1410.533171714235,2,0,0.0227793909392191,0.0188160007972451,5237335018.360028,0.2158545696215517,0.243044258116649,1850010.0,1989774.949150744,2.449231998722616e+23,0.108779899688362,0.0,21.25
0.09,2958.423157219725,0.993999489414943,0.3314365687284734,0.4245663947571967,7425087706.268422,1513.3741998668509,2,0,0.0100721929783548,0.0084294518138694,5272902531.898155,0.2254084893524028,0.2427370299177779,1900010.0,1982645.539288676,2.447911249098253e+23,0.081868423047999,0.0,21.25
0.09,2928.2049255773454,0.9932424741169952,0.3311370310319841,0.424120915519852,6025966845.549956,1569.7560200341238,2,0,0.0025397354036598,0.0021474090415838,5297009303.334346,0.2363961183384916,0.2425292018067188,1950010.0,1977195.9352458876,2.4454785074190077e+23,0.0622355648383248,0.0,21.25
0.09,3089.3130129413453,0.9970477873253288,0.3360827796105249,0.435758875193497,15795668658.55522,1849.162797687012,0,0,0.0027737328696156,0.0026403262432661,5458377208.532061,0.1769797378865026,0.2411463792590917,1600010.0,1982575.7184882287,2.4235311677900657e+23,0.0058471719288658,0.0,21.25
0.09,3101.447809193499,0.9965146038030508,0.3359482706007686,0.4338176338291373,14398453114.075611,1760.8826917904682,0,0,0.010083759917308,0.0094048850992647,5398175039.546021,0.1833475545408137,0.2416605789424659,1650010.0,1988611.966723868,2.4278626094516205e+23,0.0235177737630859,0.0,21.25
0.09,3197.232457725036,0.9961257475428976,0.3358364579200165,0.4247858280494078,12578457498.91176,1309.4624343449186,0,0,0.0681990547292693,0.0572204477636549,5104558726.073607,0.1925586441853901,0.2441974603054338,1700010.0,2021413.810656394,2.4547169862006427e+23,0.168319728992794,0.0,21.25
0.09,3400.6135475181954,0.9983293449356334,0.3437836222711283,0.4254153331587009,20602539780.26432,1227.3206518221898,0,0,0.0935913363558422,0.0869139442118461,5102575963.659608,0.1590060387903937,0.2442147567292101,1350010.0,2040680.3547728823,2.44657378268544e+23,0.1317306459337262,0.0,21.25
0.09,3423.928651432712,0.9981384590318608,0.3437474960775131,0.4245157706984667,19441901355.76748,1236.4058286986722,0,0,0.1008444713452457,0.0923646736117455,5064521178.523901,0.1628461588120484,0.2445471560571497,1400010.0,2045588.3610679056,2.4493308543696253e+23,0.1484276568354617,0.0,21.25
0.09,3362.7995280819578,0.9978022235248806,0.3417795764321266,0.4261543781703817,18478829286.03912,1246.3045838051098,0,0,0.0896692726364829,0.0815211885355592,5105478267.6468725,0.166260051207894,0.2441894395357921,1450010.0,2037052.246617548,2.4472639657176358e+23,0.1402544245838795,0.0,28.08695652173913
0.09,3387.376050841616,0.9974524363179812,0.3417075450987574,0.4247735955165393,17243310394.036762,1256.727263894855,0,0,0.0980170777397239,0.0874445662507018,5056105395.547557,0.1709646044743831,0.2446207769698416,1500010.0,2042980.825737856,2.4508434926846427e+23,0.1622295900359947,0.0,28.08695652173913
0.09,3236.6836302800007,0.996347918803574,0.3369804285025676,0.4259175439895576,13831218152.95845,1294.829143594026,0,0,0.0732518345879082,0.0627941629794918,5112479545.207213,0.1861023722295711,0.2441283860907688,1650010.0,2024665.716060634,2.4512848671584e+23,0.1596778186173509,0.0,28.08695652173913
0.09,3626.2973621852257,0.9984229617730443,0.3555459956364717,0.4145157213842005,30758724748.23981,1161.3969166404408,0,0,0.1247592203515021,0.1242206662139274,4974327439.824443,0.1353249862759873,0.2453382679922787,600010.0,2069032.7223131156,2.448895556908092e+23,0.1278778861443634,0.0,4.222222222222222
0.09,3634.4336509905447,0.998457586829678,0.3555587210563271,0.4144769317565201,30293017824.559303,1162.968173165504,0,0,0.1264934167827109,0.1257125621197134,4967891474.502415,0.1361033186675319,0.2453948969424367,650010.0,2070135.2950459367,2.4493948791972306e+23,0.1305344178087391,0.0,4.222222222222222
0.09,3644.0134294447703,0.9984883222731128,0.355570832255321,0.414429502668874,29782649422.42319,1164.8895614079192,0,0,0.1285401120681919,0.1274653525333066,4960289354.654635,0.136983792403111,0.2454618172101584,700010.0,2071430.534668447,2.4499592180594923e+23,0.1336999103935555,0.0,4.222222222222222
0.09,3655.19357030869,0.9985135739670064,0.355582086851355,0.4143709301976581,29227336554.556644,1167.1736342316976,0,0,0.1309298431820671,0.1294997777522714,4951390996.233235,0.137975573118797,0.2455401900802716,750010.0,2072937.645740684,2.4505948347601408e+23,0.1374394357855021,0.0,4.222222222222222
0.09,3645.64632357323,0.9981660186275152,0.3566631704934542,0.4132607902680623,32192566656.177628,1159.1676676608863,0,0,0.1273039238376489,0.1274551203896961,4960841681.741426,0.133071354526004,0.2454569540474491,350010.0,2071518.0293266992,2.448713808843493e+23,0.1279209689914157,0.0,4.222222222222222
0.09,3648.69283022154,0.9982148442839368,0.3566784215784528,0.4132401630713012,31943929007.350937,1159.1569783842,0,0,0.1279464905545519,0.1280084981564874,4958571937.706963,0.1334472503317822,0.2454769399415754,400010.0,2071918.050201468,2.4490028388874742e+23,0.1288738747926924,0.0,4.222222222222222
0.09,3652.6466044048025,0.9982619828655976,0.3566932965084962,0.4132180109865332,31655016502.18592,1159.4321599244895,0,0,0.1287734619320615,0.1287217461932391,4955617424.128752,0.1338917340678096,0.2455029598897833,450010.0,2072437.088760869,2.4493265716811613e+23,0.1301055044800345,0.0,4.222222222222222
0.09,3657.623123494387,0.9983070110790871,0.3567077501082776,0.4131935078969613,31324627037.222103,1160.005543383454,0,0,0.1298105078009729,0.1296161484695109,4951887424.7359705,0.1344103655432261,0.2455358165599487,500010.0,2073090.001256815,2.449689938716609e+23,0.1316577680629891,0.0,4.222222222222222
0.09,3663.7428928571712,0.9983487190078252,0.3567217057701211,0.4131656046651729,30951736692.80852,1160.8894655711608,0,0,0.131083929324791,0.1307130283047179,4947286880.567366,0.1350092493844461,0.2455763526236883,550010.0,2073892.064537452,2.4500959331809797e+23,0.1335755403693834,0.0,4.222222222222222
0.09,3298.6466735173444,0.997007683035782,0.3387805196175834,0.4254013850254626,14991076278.991482,1280.894085096887,0,0,0.0843630038715333,0.0731935866514108,5083501939.358017,0.1805758952199526,0.2443812609343492,1600010.0,2032793.4973885303,2.452388248086349e+23,0.1646517420454802,0.0,4.222222222222222
0.09,3655.2427154386505,0.9976829272480076,0.3563430229602491,0.4136351122332012,32950467775.26459,1409.5178098373226,1,0,0.1102107752667491,0.1101619588517476,4953927874.120681,0.1319623189847046,0.24551784174369,150010.0,2072759.4775294831,2.447490637180748e+23,0.0969412263096117,0.0,4.222222222222222
0.09,3656.5232616500334,0.9977307961533004,0.3563569775540581,0.4136187907865437,32845881891.54409,1406.4502333817047,1,0,0.1105915559873493,0.1105050991216575,4953000997.206026,0.1321121292741827,0.2455260065329769,200010.0,2072925.075102107,2.4476992994767507e+23,0.0970464207540939,0.0,4.222222222222222
0.09,3657.357073284517,0.9978071439995064,0.3563786776647907,0.4135932697601754,32707442311.15746,1401.2707295669327,1,0,0.1111004198987556,0.1109734855259662,4952393691.241094,0.132312004826179,0.2455313565124622,250010.0,2073033.1264220043,2.447984896535662e+23,0.0973771392402377,0.0,4.222222222222222
0.09,3657.765613347139,0.9979005097611636,0.3564097229612536,0.4135564909934133,32531542418.880417,1391.698616199567,1,0,0.1118904981663696,0.1117314912420059,4952086162.428482,0.1325685729168875,0.245534065726354,300010.0,2073086.7691925887,2.4483109752646096e+23,0.0981674564806745,0.0,4.222222222222222
0.09,3658.9274686017657,0.9979810424945416,0.3564401595906947,0.4135196936144155,32317094409.28265,1377.0837414212294,1,0,0.1132050383139181,0.1130013971841476,4951223546.590528,0.132885361726501,0.2455416653384662,350010.0,2073238.417901586,2.448626025278572e+23,0.0994803590821351,0.0,4.222222222222222
0.09,3643.120248752959,0.9982197891088676,0.3565272907698458,0.4134153519574535,31974567649.702724,1159.0579529581264,0,0,0.1269742765890283,0.1270357230322498,4962635181.822331,0.133400601323616,0.2454411637340919,400010.0,2071192.3256028397,2.448798265354978e+23,0.1278955887985143,0.0,4.222222222222222
0.09,3647.0350249586177,0.998266872675856,0.3565421395422545,0.4133932277312983,31685097497.08082,1159.3356007050068,0,0,0.1277950039706751,0.1277439196539502,4959693644.844257,0.1338450650443401,0.2454670625473843,450010.0,2071708.5803316608,2.4491209535854856e+23,0.1291183347565557,0.0,4.222222222222222
0.09,3651.962644634862,0.99831186115329,0.3565565708501848,0.4133687549129611,31354110775.057934,1159.9117566885393,0,0,0.1288245590485312,0.1286323319248487,4955979679.430286,0.1343636292680531,0.2454997692940837,500010.0,2072358.0431786424,2.449483112621796e+23,0.1306597596905746,0.0,4.222222222222222
0.09,3658.022439182472,0.9983534973248476,0.3565705065800802,0.4133408897066138,30980588713.36916,1160.7987474217782,0,0,0.1300893041845807,0.1297224059211459,4951398506.546418,0.134962391456887,0.2455401239135848,550010.0,2073155.9288270527,2.44988755348826e+23,0.1325646947368765,0.0,4.222222222222222
0.09,3665.340454051434,0.998390626538019,0.356583886188155,0.4133082559318581,30563688994.079163,1162.0089856659945,0,0,0.1316161007973109,0.131035146230454,4945849828.329559,0.1356480830066096,0.2455890171847278,600010.0,2074118.0187333303,2.450338234245562e+23,0.1348814320169996,0.0,4.222222222222222
0.09,3632.6449285007775,0.9983746720101964,0.3558911665019657,0.4141302933232946,31110952442.581505,1160.3853440739824,0,0,0.1256397827887092,0.1252906730998021,4969915151.338087,0.1347517627348036,0.2453770884051413,550010.0,2069849.3850104248,2.44895040096394e+23,0.1280422012403649,0.0,4.222222222222222
0.09,3639.6424562786806,0.998411922429921,0.3559044930289906,0.4140978498429434,30691049391.74164,1161.6108829215566,0,0,0.1271188537718399,0.1265658018037104,4964472148.370003,0.135436633694611,0.245424992641896,600010.0,2070788.823702588,2.4493942699052763e+23,0.1302882256355703,0.0,4.222222222222222
0.09,3647.9766875454666,0.998446714614914,0.3559172411717028,0.4140589221175325,30227009615.717342,1163.1731895273288,0,0,0.1288838760236556,0.1280820584056902,4957968971.2343855,0.1362155564404742,0.2454822497690468,650010.0,2071905.6824037507,2.449898744026944e+23,0.1329903619389174,0.0,4.222222222222222
0.09,3657.789024979467,0.9984772550624996,0.3559293551347984,0.4140113216986962,29718355402.709377,1165.0849481466655,0,0,0.1309634396452048,0.1298599500195323,4950289673.254231,0.1370967966385274,0.2455498932067559,700010.0,2073217.388272412,2.450467810176236e+23,0.1362063892685089,0.0,4.222222222222222
0.09,3594.9515630909605,0.9985939530184532,0.3537005420288803,0.4165219243636644,28952248592.100147,1168.8736052347551,0,0,0.1206064997651556,0.1189988361196989,4995233894.510738,0.138480295391088,0.2451544790788742,800010.0,2065032.1381759243,2.4485642739655463e+23,0.1280519688058826,0.0,4.222222222222222
0.09,3608.0476312979727,0.9986032745220398,0.3537096695874265,0.4164328119796888,28297053373.933865,1171.9865267957657,0,0,0.1235362706830732,0.1214807513387634,4983912853.419185,0.139719403457211,0.2452539714927484,850010.0,2066896.8866264464,2.4493236846310935e+23,0.1327708795172414,0.0,4.222222222222222
0.09,3623.081155332767,0.9985742689925956,0.3537153776314212,0.4163233505953584,27596930253.115276,1175.504810243407,0,0,0.1269046434222045,0.1243123320271201,4970869558.150641,0.1411031204573827,0.2453686903526332,900010.0,2069028.694360977,2.450087558960795e+23,0.1382867610145164,0.0,4.222222222222222
0.09,3341.514910066529,0.9974931606885296,0.340746275930772,0.4262656861925475,17357781688.270027,1256.9972846834598,0,0,0.0875604872430058,0.078585574032456,5103856964.066729,0.1705126725728931,0.2442035817991862,1500010.0,2035226.975154227,2.4480618375332147e+23,0.1460202391183926,0.0,4.222222222222222
0.09,3366.4184638582446,0.9973529226838982,0.3407115696060468,0.4244545428694821,16087701556.136858,1268.1056852815868,0,0,0.0963973754338685,0.0845593272804543,5046841713.134197,0.1757203103658397,0.2447018618476555,1550010.0,2041797.873594288,2.453281446996788e+23,0.1713691839426127,0.0,4.222222222222222
0.09,3603.9443511805976,0.9985530473242112,0.3542390815467862,0.4159459747653303,29464192337.65429,1166.4575101950072,0,0,0.1217796415561299,0.1204888458666183,4989384815.459666,0.137548170170709,0.2452058732481289,750010.0,2066174.44880549,2.44865890809889e+23,0.1278969501647381,0.0,4.222222222222222
0.09,3615.755712904547,0.9985777744222328,0.3542498421737035,0.4158736516877052,28856993731.259167,1169.1599558344049,0,0,0.1243840621936037,0.1227048365529918,4979436404.374547,0.1386571800498461,0.2452933319570576,800010.0,2067831.8986350445,2.4493678535895983e+23,0.1320296714334754,0.0,4.222222222222222
0.09,3629.374521131283,0.9985875812803762,0.3542589624073853,0.4157838263702142,28204682841.88571,1172.2533123009543,0,0,0.1273940217907697,0.1252469737353408,4967926250.886664,0.1398983780208828,0.2453945908873602,850010.0,2069735.9323021483,2.4501422961374485e+23,0.1368749594351684,0.0,4.222222222222222
0.09,3584.7344237233274,0.9986203896087904,0.3530980837179546,0.4171578686977047,28400678162.919106,1171.681544146741,0,0,0.1192656742106407,0.1173099776055889,5001780209.08402,0.1395198977586186,0.2450969816697735,850010.0,2063736.272334542,2.44841069856926e+23,0.1282251528475256,0.0,4.222222222222222
0.09,3599.113510577376,0.9985909129583452,0.3531038217709465,0.417049467073599,27697280669.758217,1175.2236462460412,0,0,0.122534609658986,0.1200682043101061,4988978772.274032,0.1409009019661369,0.245209441757747,900010.0,2065818.222964372,2.4491556382860708e+23,0.1335807226418263,0.0,4.222222222222222
0.09,3615.558324149815,0.998603684056352,0.3531120144809428,0.4169077757376489,26949325512.017437,1179.1859820218665,0,0,0.1262745082631295,0.1231795950620105,4974279397.176994,0.1424403318410405,0.2453386906235038,950010.0,2068188.6322169215,2.4501896554972487e+23,0.1398265155153687,0.0,4.222222222222222
0.1,3030.9509924142226,0.994356644623582,0.3330197025275951,0.4237771094396683,8840136245.702827,1384.1262683736911,2,0,0.0236824728708766,0.0196415411671533,5204258771.076367,0.2152669769648849,0.2433306051338786,1850010.0,1996275.5015773743,2.4506115443216224e+23,0.1086660443959973,0.0,21.941176470588236
0.1,2992.693967695361,0.9939072843436516,0.3328679754121901,0.4234331934845761,7534350795.617443,1489.0547598171404,2,0,0.0106934577298302,0.0089989809547106,5241875336.801714,0.2245917503413665,0.2430049997954909,1900010.0,1989029.1457092413,2.4480840121673027e+23,0.081209522612493,0.0,21.941176470588236
0.1,2962.502985844662,0.993446056901808,0.3326812138370733,0.4229527933282839,6157510674.050124,1545.4825192288274,2,0,0.0030866556655737,0.0026239444104502,5266852566.0113945,0.2353199946058936,0.2427892387252933,1950010.0,1983600.75627749,2.4464126432959115e+23,0.0616196162022579,0.0,21.941176470588236
0.1,3045.353477823093,0.994368470633176,0.3342745917322302,0.4276315476107922,8998034970.419195,1586.0964266242756,0,0,0.0103062039990809,0.0090783483781951,5297894876.698153,0.2141921034457572,0.2425215733447587,1850010.0,1990404.377543912,2.438042514091992e+23,0.0523072770318104,0.0,21.941176470588236
0.1,3024.618346135478,0.9940008259607004,0.3341499716848015,0.4283582963878204,7650158578.280069,1644.2471201007515,0,0,0.0039377593797821,0.003518075200955,5336813608.032392,0.22373239871269,0.2421867548733085,1900010.0,1985016.3711393585,2.434097287437144e+23,0.0320015835533821,0.0,21.941176470588236
0.1,3009.1851715605985,0.9934883395044888,0.3339452078414293,0.428349706350921,6243853474.903307,1667.662579119805,0,0,0.00101442432397,0.0009125159897511,5351821014.725099,0.234618633408347,0.2420578720196088,1950010.0,1982089.769507945,2.4320817979097856e+23,0.0212343229687239,0.0,21.941176470588236
0.1,3032.407015830387,0.994372938672633,0.3328584506435837,0.4208488146525251,8790750609.119593,1336.7000389563716,0,0,0.0310591746061401,0.0250993403498502,5139206491.273598,0.2156054338923091,0.2438955736370473,1850010.0,2001628.2708084132,2.458443682666644e+23,0.1475747765015137,0.0,21.941176470588236
0.1,3345.887080162239,0.9974531493649316,0.341435305352483,0.4257844046221883,17390011779.897533,1232.224562146677,0,0,0.0803490701517819,0.0725954497807158,5106703172.178934,0.1703860338866373,0.2441787559596828,1500010.0,2035413.6296351375,2.447224526669111e+23,0.1339695150985685,0.0,21.941176470588236
0.1,3368.4332006942595,0.9973670581433232,0.3414164042572683,0.4240647248792614,16136484236.30862,1243.537641010389,0,0,0.0879832563201808,0.0778211909526012,5053843487.522445,0.1755122495701845,0.2446405709129239,1550010.0,2041451.8428701253,2.452249704971557e+23,0.1564729859588605,0.0,21.941176470588236
0.1,3027.850818725031,0.9943734236297488,0.3327789427783614,0.4216029776339237,8798357872.989374,1337.080344385554,0,0,0.0289247115382681,0.0235458219901448,5157861498.159948,0.2155532278544782,0.2437333135480924,1850010.0,1999642.5785897025,2.4565732919016347e+23,0.1389879049432371,0.0,21.941176470588236
0.1,3522.5203530508056,0.9984794801617116,0.3481947007128752,0.4211571769272558,22261631485.197937,1187.199773703027,0,0,0.107996503523757,0.1018701253433439,5018225902.994647,0.1539961693682889,0.2449526441951692,1250010.0,2057441.2547327776,2.449839018732088e+23,0.1392179819837526,0.0,21.941176470588236
0.1,3547.235646505919,0.9983303617356304,0.3481727150305447,0.4205668825385187,21207064432.12925,1194.9805586741672,0,0,0.113871261473682,0.1062770863918046,4987703649.093736,0.1571177330841366,0.2452206487872465,1300010.0,2061715.2917906684,2.451892873855318e+23,0.1519701486939282,0.0,21.941176470588236
0.1,3370.946772539302,0.9974474984626543,0.3419728359455138,0.4249442423108747,17326214100.092632,1232.1812897568122,0,0,0.0859130001592919,0.0773623341003241,5080151891.697112,0.1706369655905592,0.2444105260563951,1500010.0,2039697.8749788587,2.4488372895206404e+23,0.142647904940563,0.0,21.941176470588236
0.1,3395.600823633563,0.9973487033813324,0.3419512948382375,0.4231834786386222,16075781306.78031,1243.4120837594012,0,0,0.0936904098576523,0.0825299555015059,5025565848.338875,0.1757712512598842,0.2448882741246468,1550010.0,2046003.6456687665,2.4539876557699876e+23,0.1657635163436788,0.0,21.941176470588236
0.1,3340.383938660041,0.997386718921474,0.3408510181428211,0.4250084079363997,16201224912.578987,1243.6743582078757,0,0,0.0817848224483999,0.0726600436908211,5084193302.184814,0.1752371438412393,0.2443752221664892,1550010.0,2036610.3290811165,2.450383909631405e+23,0.1462633709818903,0.0,21.941176470588236
0.1,3364.438265110897,0.9971122799766852,0.3407794704284714,0.4228406404209315,14917918628.407553,1255.6372136542454,0,0,0.089938693375403,0.077846099373339,5020969599.078929,0.1809123002649718,0.2449285788534487,1600010.0,2043570.387428162,2.456073845570905e+23,0.1729436066288515,0.0,21.941176470588236
0.1,3473.354485089661,0.998367381530424,0.3464957006354872,0.4227536734104636,21428437705.906258,1194.5459295852838,0,0,0.0997945353358484,0.0935338606364673,5050681000.811116,0.1564445982121363,0.2446682506938376,1300010.0,2050901.792979672,2.448436501894075e+23,0.1338960058446994,0.0,27.391304347826086
0.1,3497.228886336832,0.9982701763083728,0.34648176891268,0.4220215721738435,20328629515.28097,1203.0077074162032,0,0,0.1059365761931576,0.0981114294079733,5017422014.140612,0.1598863639741099,0.2449596960296284,1350010.0,2055383.401115941,2.4509881634790547e+23,0.1478231548892442,0.0,27.391304347826086
0.1,3558.6795049959683,0.99856580948934,0.3501096712948008,0.4196402050073309,23980248764.318245,1174.056007628284,0,0,0.1125570541426274,0.107672543765816,5003251738.878624,0.1493459263962867,0.2450840603375526,1150010.0,2061515.950544524,2.4497542006383315e+23,0.1362013354711068,0.0,27.391304347826086
0.1,3581.262793609384,0.9984487797434888,0.3500981135101876,0.4192530515568021,23012213728.49212,1180.654709010474,0,0,0.1176479498912785,0.1116300364051376,4978748227.619125,0.1519012108258667,0.2452993839646183,1200010.0,2065128.895479197,2.4512811357762e+23,0.1463658651237148,0.0,27.391304347826086
0.1,3482.9075093288297,0.9985047874197784,0.3472580894135595,0.422358603827907,22390004695.380493,1186.8945654894867,0,0,0.100380172283339,0.0948705969448201,5052135276.661804,0.1536305813526517,0.2446555213844702,1250010.0,2051610.294380171,2.448022136176217e+23,0.1297204569537823,0.0,27.391304347826086
0.1,3505.412675684549,0.9983511283870552,0.347235469715594,0.4217849044403736,21330181169.834145,1194.743004842465,0,0,0.1060412730870634,0.0992015390323448,5022720666.298931,0.1567421740076336,0.2449132222416596,1300010.0,2055681.3524984464,2.449968074374417e+23,0.1419398277994307,0.0,27.391304347826086
0.1,3531.223477975508,0.9982461181774724,0.3472201824114109,0.4210379365514078,20234514616.983704,1203.146686846626,0,0,0.1123226466340562,0.1037919369157433,4988447428.3392,0.1601924775943264,0.2452141116149815,1350010.0,2060345.1844052053,2.452581928204149e+23,0.1562888537757168,0.0,27.391304347826086
0.1,3612.146642338415,0.9986271766846389,0.3532723935126331,0.4167439446321708,26927530678.66468,1154.379901809836,0,0,0.1191135203568014,0.1163274516969247,4977276430.806467,0.1424863214649901,0.245312328241912,950010.0,2067701.958185289,2.4500670143542568e+23,0.1319069958885982,0.0,27.391304347826086
0.1,3629.541066741593,0.9986176396482342,0.3532781634951362,0.4165749708985443,26142105742.964,1158.9020375086825,0,0,0.1227335096008755,0.1192739037489853,4961536624.535407,0.1441878987441197,0.2454508354214261,1000010.0,2070209.326059036,2.4511304659417776e+23,0.1383243240654229,0.0,27.391304347826086
0.1,3649.337272557409,0.9985483675070788,0.3532771229591805,0.4163681882755883,25313989579.159294,1163.881543079836,0,0,0.1267920573675268,0.1225245119211716,4943530752.375656,0.1460785784404599,0.2456094574051767,1050010.0,2073048.1724855956,2.4521904930011272e+23,0.1457284108622313,0.0,27.391304347826086
0.1,3506.2181816447733,0.9985068920546554,0.3483259651790178,0.4214768653325709,23260517514.75013,1180.009367610793,0,0,0.1037533402949497,0.0987395632673146,5040036764.368592,0.1512303641316514,0.2447614565791573,1200010.0,2054475.53760057,2.4480572773362085e+23,0.1295741636178961,0.0,27.391304347826086
0.1,3528.1114980058646,0.9984759294301992,0.3483244844352048,0.4209914375741427,22243967358.10242,1187.2406584102623,0,0,0.1090503765085044,0.1028367312048476,5013556995.345542,0.1540467133845373,0.2449936057034623,1250010.0,2058247.9804438737,2.4500896728551607e+23,0.1405287749805689,0.0,27.391304347826086
0.1,3553.1378336476632,0.9983274970749688,0.3483026071277133,0.4203988513023945,21190118577.479893,1195.0129028131028,0,0,0.1149428674295895,0.1072428112330212,4982888151.946611,0.1571696609443068,0.2452629804641135,1300010.0,2062549.212361048,2.452158317146483e+23,0.1533380876562798,0.0,27.391304347826086
0.1,3303.5477986011897,0.997138893283051,0.3396072886644194,0.4249832953947615,15046855914.65096,1256.1312350433454,0,0,0.0764598889602375,0.066965771712982,5090209176.558168,0.1803204731866548,0.2443226874489282,1600010.0,2032741.2205145904,2.451570504115724e+23,0.1492381471679294,0.0,27.391304347826086
0.1,3326.193322213213,0.996589244287541,0.3394588822581881,0.4222959382696162,13732389473.317636,1268.8395573398698,0,0,0.0849733882098575,0.0721281749216117,5016128721.447305,0.1865928171214222,0.2449710417617756,1650010.0,2040470.0470010685,2.457789634131117e+23,0.1803235832734077,0.0,27.391304347826086
0.1,3466.7662031454984,0.9982922976613702,0.3458032085192295,0.422932097061066,20415938988.418484,1202.8752744920746,0,0,0.0999726862624464,0.0927831761724548,5044348296.056625,0.1596040549100144,0.2447236950318591,1350010.0,2050805.78630107,2.449511150590797e+23,0.1398723487161458,0.0,27.391304347826086
0.1,3492.2389920803,0.9981756095149504,0.3457816332025736,0.4220206014333681,19278096150.273823,1211.962534957938,0,0,0.1065999517979025,0.0975610364190998,5006440736.302142,0.1634118358793341,0.2450560623626063,1400010.0,2055772.5510538972,2.452520640722655e+23,0.1558116167049277,0.0,27.391304347826086
0.1,3480.9224201088814,0.9982819643326004,0.3461206091554219,0.4225053900076958,20374999359.58039,1202.9380932679994,0,0,0.1027700352798609,0.0952850731496456,5031718698.719636,0.159736230850917,0.2448343383318063,1350010.0,2052948.8831827696,2.4502035138546336e+23,0.1436068296504628,0.0,2.625
0.1,3507.3201005675432,0.9981678100884758,0.3460995360070376,0.4215836961095082,19238933949.60832,1211.9984242532696,0,0,0.1094365037008687,0.1000376799834818,4993298983.067821,0.1635479712022357,0.2451714784244778,1400010.0,2058005.4266056155,2.4532674419320287e+23,0.1597179217160096,0.0,2.625
0.1,3266.836464449489,0.995953330456595,0.337818705140841,0.4219434645134873,12542605724.568058,1283.3192942335802,0,0,0.0757289032940875,0.0631355250833307,5028058625.94418,0.1927512603335133,0.2448664198747405,1700010.0,2034043.4743640209,2.4585661690643957e+23,0.1819588234606407,0.0,2.625
0.1,3675.0314812917222,0.9981049531271584,0.3566259070708095,0.4132914342824214,31377631311.002293,1375.027927824485,1,0,0.1089429215153664,0.1084357925754661,4939496499.768032,0.1343264097613762,0.2456450224504852,500010.0,2075316.558973022,2.44969395177391e+23,0.0966361718387078,0.0,2.625
0.1,3677.9130969558382,0.9982126510208388,0.3566732967137856,0.4132263082523494,31002091557.537174,1341.591107823696,2,0,0.1120749758203758,0.1114615026785204,4937281383.731267,0.134927526270953,0.2456645543717743,550010.0,2075695.31420868,2.4501857896516783e+23,0.100015881577911,0.0,2.625
0.1,3666.849360182976,0.9984140407764036,0.3567448900237654,0.4131239233161126,30514309338.70757,1136.7555130244464,0,0,0.12588950954607,0.1253612037156064,4944809096.20229,0.1357305373392221,0.2455981897649846,600010.0,2074308.6360078207,2.4504689665771056e+23,0.1290118845281039,0.0,2.625
0.1,3675.0308056945273,0.9984519663773364,0.356758053347883,0.4130854311577864,30055059680.05008,1138.4077964788728,0,0,0.1274503053391205,0.1266823806693734,4938588876.853985,0.1365102045877484,0.2456530251310298,650010.0,2075381.3987864088,2.450968558956025e+23,0.1314901011434519,0.0,2.625
0.1,3684.654322221393,0.9984804903320568,0.3567704146857278,0.4130387724238601,29551894229.490437,1140.4111406750912,0,0,0.1292837341782322,0.1282272824571833,4931247555.610775,0.1373915752075655,0.2457177722862969,700010.0,2076640.4431270915,2.451512493327924e+23,0.1344328691627686,0.0,2.625
0.1,3695.877075537223,0.998511547931143,0.3567823864814928,0.4129807581541146,29004547119.13651,1142.7786515519858,0,0,0.1314141395039276,0.1300088194766462,4922659211.774839,0.1383836437258009,0.2457935568454517,750010.0,2078104.430392782,2.452151379728085e+23,0.1378967994914041,0.0,2.625
0.1,3297.594542087184,0.9965948305313386,0.3389369788919993,0.4233689786996867,13787418793.699568,1269.1709469882958,0,0,0.07872416081905,0.0672839378400732,5050619990.774242,0.1863193412180733,0.2446687847423677,1650010.0,2035202.794992929,2.455405160081412e+23,0.1685341184102456,0.0,2.625
0.1,3645.524374009256,0.9985098551538872,0.3557559141482738,0.4142187729781801,29733333462.70574,1139.7726625254095,0,0,0.1227956469653624,0.1218147343027539,4959271777.722819,0.1370704287421835,0.245470777289798,700010.0,2071621.3244715168,2.450078277946416e+23,0.1277234371871468,0.0,2.625
0.1,3656.009205088536,0.9985400247901706,0.3557677788755969,0.4141615851183278,29181091246.37504,1142.165407015325,0,0,0.1248472532404753,0.1235421648141404,4950922030.5875845,0.1380597926700809,0.2455443217832731,750010.0,2073034.402092541,2.4506972708142294e+23,0.1310535182841991,0.0,2.625
0.1,3668.1437899184025,0.9985605351206364,0.3557786696618235,0.414090620357061,28584456181.57257,1144.9376360220524,0,0,0.1272182820625126,0.1255242599898263,4941222008.516864,0.1391693635517521,0.2456298096198788,800010.0,2074664.918351095,2.451381101691139e+23,0.1349564093999038,0.0,2.625
0.1,3682.1188096853903,0.9985801655159688,0.3557889011503609,0.4140014031815887,27943483176.152496,1148.1030732851273,0,0,0.1299341531632479,0.1277717188450514,4930012037.972754,0.140410325653779,0.2457286720345575,850010.0,2076535.5660775916,2.452173998844065e+23,0.1395024778714193,0.0,2.625
0.1,3300.545200086676,0.9965942117682464,0.3389914413008265,0.4232559020528196,13781650571.642958,1269.135119644479,0,0,0.0793923613633062,0.0678057727959474,5046984260.017499,0.1863479613320495,0.2447006137669498,1650010.0,2035755.0338176484,2.4556567094370863e+23,0.1698070068021336,0.0,2.625
0.1,3295.0400054182337,0.997142838897522,0.3394382934870172,0.4252989456333571,15065666475.70877,1256.2049202236185,0,0,0.0744448030926375,0.0653155744775598,5100419934.136061,0.1802345458374213,0.2442335671608146,1600010.0,2031165.168712847,2.450905018370832e+23,0.1456279249713389,0.0,2.625
0.1,3316.820345231634,0.9965909723826898,0.339289289071416,0.422641729849639,13750211037.2,1268.9440808788768,0,0,0.0829816909486978,0.070593223119119,5027246048.219709,0.1865041432454085,0.2448735433770188,1650010.0,2038764.885683024,2.457021900722527e+23,0.1765945871556665,0.0,2.625
0.1,3298.1288087947105,0.997141402563172,0.3394998082837129,0.4251838354920479,15058812757.402578,1256.178118880605,0,0,0.0751795431753074,0.0659179310725947,5096696462.695239,0.1802658417144449,0.2442660590580841,1600010.0,2031739.258481868,2.451147763766301e+23,0.1469461412372872,0.0,2.625
0.1,3320.222489219688,0.9965903328134496,0.3393510173533353,0.4225153101869001,13743717507.011848,1268.905613205183,0,0,0.0837112247679245,0.0711564594367827,5023185661.599472,0.1865364408886544,0.2449091445923518,1650010.0,2039386.493789745,2.4573026727071297e+23,0.1779635960378446,0.0,2.625
0.11,3003.1287958165026,0.993534705629671,0.333140714194989,0.4176026169932838,7533880099.592777,1329.8609073940506,0,0,0.0201090763433461,0.0160876407933315,5116388347.12543,0.2245952563572874,0.2440943121355387,1900010.0,2000267.0021090508,2.461023139622477e+23,0.1406674159219193,0.0,23.176470588235293
0.11,3077.8151237628863,0.9938264279159268,0.3362745858214547,0.4306662480709586,7824384344.584489,1716.3802302579638,0,0,0.0006672187824158,0.0006212534947073,5372031317.031556,0.222451681820542,0.2418845054992037,1900010.0,1988098.99569088,2.424334185108788e+23,0.0052486570470897,0.0,23.176470588235293
0.11,3070.0714276820368,0.9935606727084768,0.3361680349580004,0.430344181973376,6422987238.247505,1719.8573705177143,0,0,2.9612919334485543e-05,2.763280650199594e-05,5372560634.953831,0.2331760270298529,0.2418799680031539,1950010.0,1987211.1685402184,2.4241141702638083e+23,0.000537282740504,0.0,23.176470588235293
0.11,3289.024626774212,0.9967976480774028,0.3395582090037227,0.4236031303569477,13881000419.088224,1244.1976256911678,0,0,0.067819763870831,0.0588208195673604,5077538067.790175,0.1858565145674386,0.2444333641504326,1650010.0,2032345.5035727783,2.4532096525791744e+23,0.1458927600430848,0.0,23.176470588235293
0.11,3308.854886741312,0.9960756798241036,0.3393540263648069,0.4203253845560594,12557619193.881563,1257.7708196003491,0,0,0.0757015637962824,0.063310189903685,4993871196.126333,0.1926705447960783,0.2451664509704426,1700010.0,2040573.5803339144,2.4603121158166248e+23,0.1794837327282037,0.0,23.176470588235293
0.11,3070.148487888498,0.9938029757370238,0.3359862503604345,0.4294149361672209,7799500034.620968,1681.6096011821803,0,0,0.001827538071696,0.0016794679053968,5348254514.81888,0.2226337173632049,0.2420884895536195,1900010.0,1989135.8747951195,2.4278292027601164e+23,0.0142236228771195,0.0,23.176470588235293
0.11,3059.79197033443,0.9935480502273432,0.3358836059474537,0.4291852036621848,6403615890.633378,1691.9258872122523,0,0,0.0004207507567862,0.0003880913460128,5354192804.036303,0.2333312202806031,0.2420375147146488,1950010.0,1987533.253822381,2.4272349856068387e+23,0.0075708133765884,0.0,23.176470588235293
0.11,3065.535965170349,0.994737628069056,0.3343814744628635,0.4199397540976901,8876312166.972569,1309.9440928311574,0,0,0.030374229269435,0.0247753425272485,5120208000.842858,0.2150197393188033,0.244061023668639,1850010.0,2006693.830553837,2.4591085995404067e+23,0.1403433122398464,0.0,23.176470588235293
0.11,3021.5484692242458,0.9935350554109382,0.3334512957181432,0.4116903031515504,7505455156.669966,1327.3770813917145,0,0,0.0314133978318596,0.0236669733172237,4984939073.136704,0.2248071807103501,0.2452449497746382,1900010.0,2012831.9990925377,2.4755629979617585e+23,0.1976867141162737,0.0,23.176470588235293
0.11,3070.054624429445,0.9947300308471744,0.3348826317508464,0.4229114629103506,8954423592.281612,1402.1638547390855,3,1,0.0217245316009838,0.0182839426858262,5186827647.643764,0.2144878799518269,0.2434817573925062,1850010.0,2001888.0171526528,2.4505044008376123e+23,0.0971633589867325,0.0,23.176470588235293
0.11,3033.826068994285,0.9936684186651068,0.3345131957357643,0.4233700558909262,7666623714.895947,1501.569946462996,2,0,0.0094434064617133,0.0081010407346242,5231058942.972938,0.2236107435576766,0.2430985439152979,1900010.0,1994453.5241232305,2.444839399127504e+23,0.0688414721083391,0.0,23.176470588235293
0.11,3007.402861741436,0.9934818027586412,0.3344355128609606,0.4230454087765611,6304236017.762618,1550.0825793935553,0,0,0.0029722377070658,0.0025740311492958,5256033558.877162,0.2341304806536608,0.2428826536696671,1950010.0,1989539.4744588064,2.4436306983029884e+23,0.0508687685521854,0.0,23.176470588235293
0.11,3010.7260292388414,0.9935344652630368,0.3332782325785342,0.4146457676365266,7521096214.23367,1328.6208873133137,0,0,0.0256516861819276,0.0199242567015609,5051473097.376708,0.2246905191515347,0.2446613173054999,1900010.0,2006316.282062314,2.468280984431465e+23,0.1702353265594882,0.0,23.176470588235293
0.11,3328.154693444899,0.9972047229103764,0.3407943646593248,0.4238759431281965,15057743204.93587,1230.879511176331,0,0,0.0735338906545208,0.0647423850182223,5073590609.399654,0.1802707268295333,0.2444678621333055,1600010.0,2036288.8244762768,2.4520986239875053e+23,0.1428177726290929,0.0,23.176470588235293
0.11,3350.0463669309747,0.9967805312216196,0.3406782619121431,0.421282622285913,13762747387.678823,1243.705212955712,0,0,0.0810571441256662,0.0692774898073005,5003494235.066016,0.1864418282590058,0.2450819311253086,1650010.0,2043594.807668996,2.4583504923792843e+23,0.1711333168303049,0.0,23.176470588235293
0.11,3073.274556309109,0.9947440883511542,0.3352729083539402,0.4239971334381673,9004625088.286459,1466.2289830103932,1,0,0.0171825798296785,0.0147362156162103,5214763525.551822,0.2141474815177464,0.243239596865434,1850010.0,2000020.0654925057,2.4468486744663764e+23,0.0796579274816666,0.0,23.176470588235293
0.11,3042.9206511164816,0.9937083961244572,0.3349123757324122,0.4248578445206934,7703822015.042335,1550.899383002822,0,0,0.0070879099049755,0.0061957529122205,5260551225.128307,0.2233363771601439,0.2428436386321072,1900010.0,1993102.820689272,2.440585852629419e+23,0.0530216331177265,0.0,23.176470588235293
0.11,3021.4386538792314,0.9935001571330088,0.3348267414420929,0.4246995229875188,6331426425.392287,1588.4755351067345,0,0,0.0021867890669529,0.0019270934219094,5282562555.992008,0.2339112891137689,0.2426537102898129,1950010.0,1988982.497565594,2.439220436440285e+23,0.0379398664735007,0.0,23.176470588235293
0.11,3683.118070345278,0.9985055912791896,0.3568822688694217,0.4129141563408206,29515581992.294743,1114.9633949625063,0,0,0.1229885269516078,0.1220299616773012,4932409542.12486,0.1374563037762338,0.2457075220290256,700010.0,2076440.4961295428,2.4515245436098407e+23,0.1278884068980323,0.0,27.136363636363637
0.11,3693.603788906791,0.9985411527415118,0.3568947498601229,0.412857626214028,28970989282.949207,1117.431870367419,0,0,0.1248155043987049,0.1235401590147194,4924356696.832196,0.1384456233864094,0.2457785746823209,750010.0,2077811.4293772925,2.452145789441541e+23,0.1309753873635755,0.0,27.136363636363637
0.11,3705.726768288365,0.998556734622497,0.3569056828022703,0.4127883854987607,28382741918.07643,1120.280763577414,0,0,0.1269171150673223,0.1252652501100681,4915008294.876492,0.1395543337758406,0.2458611050794713,800010.0,2079391.8805679693,2.4527945718731893e+23,0.1345812243804889,0.0,27.136363636363637
0.11,3719.6772227164647,0.9985855296378818,0.3569169762838898,0.4127002282604505,27750900880.41146,1123.5243377406412,0,0,0.1293137728938441,0.1272079424760632,4904209410.083669,0.1407933900945365,0.2459565032042411,850010.0,2081203.9250403384,2.453595306117096e+23,0.1387678013130459,0.0,27.136363636363637
0.11,3482.488477558008,0.9982638573674436,0.3466390942942593,0.4220556357759333,20381892337.367752,1178.035130348474,0,0,0.0956871457032469,0.0890807586688119,5033650436.093055,0.159713951844531,0.2448174092001768,1350010.0,2052939.3651541895,2.449771705190408e+23,0.1337102156507283,0.0,27.136363636363637
0.11,3506.7656072978666,0.998211941562485,0.3466307743044876,0.4211684040351603,19259687557.26548,1187.221275961313,0,0,0.1014476071960676,0.093188909413389,4997801844.162752,0.1634757845195046,0.2451319214182133,1400010.0,2057627.8356025228,2.4528325282482152e+23,0.1480959337083,0.0,27.136363636363637
0.11,3534.7864635413125,0.997998467061631,0.3465876019145568,0.4200658524968023,18105310100.334404,1197.008973369735,0,0,0.1076267565178156,0.0972892029827626,4955401243.947995,0.1676426912284012,0.2455048639516945,1450010.0,2063059.0546014232,2.456096002965835e+23,0.1648690747095398,0.0,27.136363636363637
0.11,3704.186336073847,0.9984120251926196,0.3578415706368721,0.4118590663553981,30290948422.354107,1111.8338746352392,0,0,0.1259517076826506,0.1254386114855088,4918628365.670018,0.1361068300909282,0.2458291400971716,600010.0,2079018.429171415,2.4518922115601185e+23,0.12905392096077,0.0,27.136363636363637
0.11,3712.3558291985423,0.9984528789366978,0.3578551309460834,0.411820905994032,29837639471.02568,1113.5648870503387,0,0,0.1273383982774475,0.1265908014774123,4912634046.325727,0.1368875149667715,0.2458820736194963,650010.0,2080058.2931328795,2.4523899390207272e+23,0.1313466272326763,0.0,27.136363636363637
0.11,3721.9581848499815,0.9984785588943264,0.3578676623679321,0.4117750956243661,29341133437.322155,1115.6473010685402,0,0,0.1289620151057168,0.1279341173832771,4905563012.771963,0.1377694068977267,0.2459445417097251,700010.0,2081277.9363058456,2.4529104395944497e+23,0.1340627239126977,0.0,27.136363636363637
0.11,3733.15056905452,0.9985151574828623,0.3578803036124364,0.4117176820994203,28801183611.75528,1118.0945139220553,0,0,0.130842756697657,0.1294755872029464,4897292883.093258,0.138761327282701,0.246017639489417,750010.0,2082695.5556239283,2.45355078104336e+23,0.1372525529101132,0.0,27.136363636363637
0.11,3612.8287586953466,0.9985952720953308,0.3522422665184669,0.4174147177090932,24618231840.885136,1143.8428993019893,0,0,0.1144758881524188,0.1102531612558439,4967286505.787739,0.1477476622715879,0.2454002211761089,1100010.0,2068477.7375707428,2.4513190451660524e+23,0.1347403468604825,0.0,27.136363636363637
0.11,3634.288800912328,0.9985640019855264,0.3522432791921545,0.4171000749976419,23709480212.19623,1149.9552022998078,0,0,0.1186359881681853,0.1134538774130335,4946062526.301446,0.1500445427402159,0.2455871426296033,1150010.0,2071695.375007988,2.4528332440596226e+23,0.1431162534342764,0.0,27.136363636363637
0.11,3503.116858958834,0.9982479845731154,0.3470981456391415,0.4214403958912622,20322960719.00431,1178.1809384269152,0,0,0.0995269827267342,0.0925249467039407,5015566145.357819,0.1599047490773305,0.2449759773982732,1350010.0,2056015.0611943724,2.450764825185203e+23,0.1388286761490352,0.0,27.136363636363637
0.11,3528.7122730711203,0.9981998563551788,0.3470905972428618,0.4205380682137239,19203284307.23276,1187.3325236127805,0,0,0.1053597672335864,0.0966180123023604,4978972127.847383,0.163672197868841,0.2452974148973549,1400010.0,2060832.4997787976,2.4539052926190963e+23,0.1534782892053562,0.0,27.136363636363637
0.11,3493.476049898601,0.9984233734680694,0.3474215280516001,0.4217315861262622,21369679155.860306,1169.7274954299714,0,0,0.0966282907591812,0.0907708941856522,5035640738.211793,0.1566223235108697,0.2447999690489278,1300010.0,2053724.22895905,2.449263851174581e+23,0.1294656531125438,0.0,3.6666666666666665
0.11,3516.512799089264,0.9982377903386264,0.3473922456487858,0.421047888841028,20285395539.1022,1178.272929762756,0,0,0.1019733414433149,0.0947143890646155,5004048610.096392,0.1600267522235027,0.2450770636197793,1350010.0,2057981.7118903012,2.4513979423092616e+23,0.1420803719643251,0.0,3.6666666666666665
0.11,3542.96461552859,0.9981921942147406,0.3473852310108464,0.4201360056145085,19167325618.474342,1187.4040840138844,0,0,0.1078291899363832,0.0987759132520992,4966992256.760592,0.1637977934106001,0.2454028108907927,1400010.0,2062879.8933009417,2.454588875372994e+23,0.1568624187230731,0.0,3.6666666666666665
0.11,3698.9872198311728,0.9983758065460078,0.3578712139172559,0.4118407627352187,30693308245.765854,1110.4727381200487,0,0,0.1250411156399838,0.1247191666830682,4922491699.636661,0.1354328992220207,0.24579503541299,550010.0,2078351.3974752936,2.451537064748201e+23,0.1274023121544711,0.0,3.6666666666666665
0.11,3705.871963956832,0.99841084925545,0.357884950321124,0.4118091031488912,30282923200.12507,1111.8654537843893,0,0,0.1262101386210924,0.1256954667128426,4917466396.183386,0.1361204519958372,0.245839399390151,600010.0,2079227.945088814,2.4519521242884053e+23,0.1293177543395742,0.0,3.6666666666666665
0.11,3714.064528521949,0.998451705813563,0.3578985165048378,0.4117709217745884,29829806547.427677,1113.5956393673823,0,0,0.1275987887750866,0.1268489254404416,4911465039.907948,0.1369012079625828,0.2458923990678311,650010.0,2080269.3310703116,2.4524503563687045e+23,0.1316139533340099,0.0,3.6666666666666665
0.11,3723.6940098338855,0.9984774185870976,0.3579110547607107,0.4117250821929236,29333498309.83633,1115.6771815237548,0,0,0.1292244069696847,0.1281934120595164,4904385889.651998,0.1377831918105762,0.2459549436327614,700010.0,2081490.7344043672,2.452971546380524e+23,0.1343338645187852,0.0,3.6666666666666665
0.11,3734.917966333356,0.9985140122204152,0.357923701574088,0.4116676322074502,28793750496.87447,1118.123485520954,0,0,0.1311070426132909,0.1297357882847414,4896106538.346133,0.1387752267464488,0.2460281285416179,750010.0,2082910.359739433,2.453612544610135e+23,0.1375277016377775,0.0,3.6666666666666665
0.11,3355.5205695786262,0.997340832297534,0.3417905788689792,0.4242174395499931,16218489699.057714,1218.5648663138545,0,0,0.0769264520141268,0.0687591437197334,5076977252.6860485,0.1751639750560018,0.2444382647367249,1550010.0,2038538.5940915188,2.4500519643127897e+23,0.1372678871618697,0.0,3.6666666666666665
0.11,3378.0013831016554,0.9971788446700454,0.3417481430482374,0.4221348004724706,14953164175.39007,1230.6605512397246,0,0,0.0840689259727904,0.0733214033085087,5017753912.203622,0.180750028931866,0.2449567845250238,1600010.0,2045026.6573413347,2.455739905738438e+23,0.1613387278487497,0.0,3.6666666666666665
0.11,3567.498299045932,0.9984866751891808,0.3501696688994305,0.4192713447304034,23044238918.525505,1155.6593659150708,0,0,0.1081314314371439,0.1029128859804242,4991170162.090014,0.1518140784208085,0.2451901838507409,1200010.0,2063113.6458341037,2.450583328363916e+23,0.1346227517784268,0.0,3.6666666666666665
0.11,3590.71868115022,0.9984593333646417,0.3501699196406025,0.4187901196086802,22047041247.90556,1162.9168707532224,0,0,0.1129294614800348,0.1065052527375519,4965029796.477448,0.1546141438637023,0.2454200839639541,1250010.0,2066882.815816488,2.452614996397872e+23,0.1450051820442192,0.0,3.6666666666666665
0.11,3617.2103112986656,0.9983627792485764,0.350156968465681,0.4181939170184967,21013005144.33924,1170.7294191754904,0,0,0.1181327667982903,0.1102288535127379,4934812620.612366,0.1577158335216875,0.2456863261557267,1300010.0,2071168.9737526171,2.4548369697224087e+23,0.1569417156351722,0.0,3.6666666666666665
0.11,3599.0362714206003,0.9986045079474806,0.3519118941595718,0.4178161499453066,24666640344.861607,1143.6695058610787,0,0,0.1121624637633697,0.1080647385322018,4977817662.088797,0.1476290739308201,0.2453075680334242,1100010.0,2066620.1914063431,2.4507659509264845e+23,0.1320805043885574,0.0,3.6666666666666665
0.11,3619.915052985634,0.9985720092209568,0.3519127435069583,0.4175041480866663,23756123940.055603,1149.7952525744547,0,0,0.1162833054675148,0.1112531832296759,4956826196.952707,0.1499233178614344,0.2454923138088151,1150010.0,2069792.420676201,2.452257364906417e+23,0.140358057505511,0.0,3.6666666666666665
0.11,3643.6492044781576,0.9984510952553451,0.3519006543277996,0.4171230486244982,22806317819.218124,1156.4382574104593,0,0,0.1208180002381362,0.1146614068345965,4932736611.650141,0.1524657538187636,0.2457046369830305,1200010.0,2073382.655438009,2.4537540449788667e+23,0.1498745549857051,0.0,3.6666666666666665
0.11,3582.571413896632,0.998593214648336,0.3510374057665648,0.4185786483679025,23880548925.77289,1149.3663508743634,0,0,0.1100006190584499,0.1053670921848124,4985531473.262334,0.1496017352474066,0.2452397421317612,1150010.0,2064741.5645496813,2.4507266641817668e+23,0.1329771699170807,0.0,3.6666666666666665
0.11,3604.590565071253,0.9984690204172314,0.3510248515698222,0.4182066430490241,22926071220.39962,1156.0472329547251,0,0,0.1144511350845226,0.1087736711664925,4962141225.842145,0.152136484792112,0.245445512432135,1200010.0,2068196.879183431,2.4521545173482025e+23,0.1422344258533421,0.0,3.6666666666666665
0.11,3629.663965416458,0.9984356962844464,0.3510243516334898,0.4177155245799566,21933452092.447178,1163.2642682900469,0,0,0.1193214262531359,0.1123445392516511,4935210379.283286,0.1549447622784406,0.2456828181242468,1250010.0,2072115.873101189,2.4542335581754305e+23,0.1528845078593642,0.0,3.6666666666666665
0.11,3492.9846836956985,0.9984236245946588,0.3474101350110008,0.4217465036542428,21371191292.88113,1169.7231386155468,0,0,0.0965368768993538,0.0906876380271356,5036068870.230491,0.1566177412788751,0.2447962178092374,1300010.0,2053651.1056178943,2.4492403279674143e+23,0.1293478695005402,0.0,3.6666666666666665
0.11,3515.992508364116,0.9982381866747726,0.3473808802914901,0.4210630401740514,20286844557.440853,1178.2693919206813,0,0,0.1018790550616795,0.0946300757681321,5004492808.4791765,0.1600220406160997,0.2450731636102232,1350010.0,2057905.762614632,2.451373512218036e+23,0.1419551837821733,0.0,3.6666666666666665
0.11,3542.411062469865,0.9981924899844362,0.3473738441852973,0.4201515274613797,19168712741.57263,1187.4013109562602,0,0,0.1077343438187499,0.0986931290213857,4967454140.188229,0.1637929430587425,0.2453987458313781,1400010.0,2062800.8485438528,2.4545624932748424e+23,0.1567326366348995,0.0,3.6666666666666665
0.11,3680.206466606503,0.9985076378792902,0.3568072497688671,0.4130011349991859,29528947103.348248,1114.9108756797225,0,0,0.1225332009013366,0.121579846940183,4934462055.92455,0.1374324619581204,0.2456894180352005,700010.0,2076071.8987606112,2.4514188640820627e+23,0.1274176449181825,0.0,3.6666666666666665
0.11,3690.6392471374393,0.9985431262192066,0.3568197205525138,0.4129446712106589,28983996630.01771,1117.3810143783994,0,0,0.1243552789311895,0.1230868427144113,4926426336.599002,0.138421583414232,0.2457603100829387,750010.0,2077439.1959229785,2.4520386470498947e+23,0.1304959113699835,0.0,3.6666666666666665
0.11,3702.701031857079,0.9985587829310464,0.3568306522410738,0.4128755071225581,28395385970.464462,1120.231643691075,0,0,0.1264521485210665,0.1248091741849833,4917097251.594782,0.1395300541290878,0.2458426588139031,800010.0,2079015.533653983,2.4526862701180935e+23,0.1340925782436719,0.0,3.6666666666666665
0.11,3716.58111052761,0.9985874591520264,0.3568419299812835,0.4127874682813344,27763177864.55471,1123.477013246366,0,0,0.1288446371564604,0.1267500846531266,4906319951.888002,0.1407688266491795,0.2459378532610857,850010.0,2080822.9664254556,2.4534850039987785e+23,0.1382699206295384,0.0,3.6666666666666665
0.11,3612.92144038846,0.9986591384350084,0.3531385370844164,0.4167777610829178,26173507431.78977,1133.629400885681,0,0,0.1134521933148246,0.1104282143876351,4974541296.121926,0.1441181886570235,0.2453363867141957,1000010.0,2067960.95826554,2.4505060431654763e+23,0.1279170621287522,0.0,3.6666666666666665
0.11,3630.804220022012,0.9986062906897488,0.3531395816909642,0.4165799464285791,25351053766.93988,1138.729093672927,0,0,0.11689173543004,0.1131714022071246,4957875988.648987,0.1459917635500594,0.2454830686083621,1050010.0,2070572.065327816,2.451528162172979e+23,0.1344215885598841,0.0,3.6666666666666665
0.11,3651.118291288961,0.9985700387315616,0.3531418409722726,0.4163261027055371,24487387206.70429,1144.3088769088936,0,0,0.1207357353428789,0.1161671909436311,4938801419.769131,0.1480700714964561,0.2456511510581637,1100010.0,2073525.696234365,2.452819815318139e+23,0.1419252668117172,0.0,3.6666666666666665
0.12,3099.114274617324,0.9949879509039272,0.3358603462616111,0.4190055688753608,8957641307.437696,1283.1403504602845,0,0,0.0298471456365275,0.0245529326519107,5099955006.86356,0.2144660284417728,0.2442376237971174,1850010.0,2011825.9066223544,2.4595990256191486e+23,0.1341991592891858,0.0,24.11111111111111
0.12,3515.062100765804,0.9982784179482892,0.3478482342763034,0.4206807407158334,20299807662.631447,1153.086877229006,0,0,0.0945583196853816,0.0881883948032827,5008476561.424288,0.1599799097050508,0.2450381917609259,1350010.0,2057535.63197299,2.451022205741071e+23,0.1317826744508942,0.0,24.11111111111111
0.12,3539.2465658594447,0.9982087880998334,0.3478383734839683,0.4198235502894509,19194884709.64533,1162.3191696922238,0,0,0.0996203773193418,0.0917167940726869,4973984511.625851,0.1637015094859436,0.2453412847609498,1400010.0,2062063.961314909,2.453921938056181e+23,0.1449991085570013,0.0,24.11111111111111
0.12,3567.1147787406603,0.9980685617993672,0.3478105395086528,0.4187384547683485,18058192711.99501,1172.1645199994423,0,0,0.105049375819968,0.0952167789193575,4933198924.915665,0.1678195000896727,0.2457005590708006,1450010.0,2067304.7371140416,2.4573006359071676e+23,0.1603963676892801,0.0,24.11111111111111
0.12,3445.2379220411017,0.9977850355579612,0.3447853947225748,0.4217762144828815,17226317204.451077,1182.0316456466062,0,0,0.0852984016616194,0.0771173611468964,5019800610.7135,0.1710319805782376,0.2449388316889956,1500010.0,2050774.1459466373,2.452676478289947e+23,0.1401360524377222,0.0,24.11111111111111
0.12,3470.517496149908,0.9972381231566808,0.3446612885231765,0.4202451381390423,16015510430.507504,1193.3643330911789,0,0,0.0913119748927694,0.0809178975355692,4968934152.250859,0.1760294225480628,0.2453857209923768,1550010.0,2056710.4677325443,2.45603969104211e+23,0.159647392978969,0.0,24.11111111111111
0.12,3521.0882349536205,0.9982196101810414,0.3474588203421897,0.4203431337879698,19241318454.735542,1162.1859372824354,0,0,0.0965259987480558,0.0889915973204787,4989418668.039514,0.1635396722936155,0.2452055757390609,1400010.0,2059435.9050364397,2.453041574777199e+23,0.1407409352379405,0.0,24.11111111111111
0.12,3547.7135280170523,0.9980759135502124,0.3474302007714775,0.4192746433298326,18102601052.67399,1172.0554664756028,0,0,0.1019591326816779,0.0925711102062211,4949332186.778221,0.1676528423139755,0.2455583296366026,1450010.0,2064558.396664876,2.4563421971259613e+23,0.1560064289752077,0.0,24.11111111111111
0.12,3154.1522905202955,0.9949734102703548,0.3367045550314503,0.4129924064303314,8879850357.991901,1280.8491297536602,0,0,0.0470737086305378,0.036539510766805,4946260203.604489,0.2149955894025346,0.2455854004782514,1850010.0,2029513.7785963472,2.474544184146261e+23,0.1940675488036005,0.0,24.11111111111111
0.12,3074.741222782974,0.9940255278866824,0.3363578769170181,0.4231525654690007,7795381757.822824,1515.8093812732943,0,0,0.0079474269267918,0.0069477916866993,5223593050.456949,0.2226638720926732,0.2431631500526494,1900010.0,1999478.568159876,2.443267966141369e+23,0.0559912531976327,0.0,24.11111111111111
0.12,3052.569703795888,0.993339939240338,0.3361119213636439,0.423274566528994,6446589942.4692135,1556.3810989197436,0,0,0.0026658262587236,0.0023522341430456,5247049310.294424,0.2329871982385112,0.24296027663398,1950010.0,1995227.6361016585,2.440129772382553e+23,0.0401120379438216,0.0,24.11111111111111
0.12,3719.960170821165,0.998552086395509,0.3577266751490963,0.4119019835707239,28813263080.83812,1092.2789671826283,0,0,0.122707105988196,0.1214897877179934,4906318853.637794,0.1387387537442024,0.2459378629651815,750010.0,2081075.3247498565,2.4531647854629425e+23,0.1287330897247351,0.0,26.523809523809526
0.12,3731.843358207196,0.9985700793100036,0.3577380223309984,0.4118342337292636,28231910488.514915,1095.204897088175,0,0,0.1245473667379745,0.1229723656578265,4897373712.58555,0.139845510756196,0.246016924865906,800010.0,2082593.00469041,2.4537984808008933e+23,0.1320316658137592,0.0,26.523809523809526
0.12,3745.505560588496,0.9985990166652824,0.3577497117702548,0.4117481804852202,27607674613.674805,1098.52614647293,0,0,0.1266421035859457,0.1246379251693731,4887043661.530219,0.1410814061365795,0.2461082845499416,850010.0,2084332.142975664,2.454572377737172e+23,0.1358561553423761,0.0,26.523809523809526
0.12,3761.142479617406,0.9986026600939732,0.3577590853983386,0.4116420554138534,26940736849.74125,1102.2585682013437,0,0,0.1290014214710571,0.1264896567557441,4875169134.41723,0.1424584471356499,0.2462133795016793,900010.0,2086314.5547126825,2.455383294962209e+23,0.1402614915700223,0.0,26.523809523809526
0.12,3595.762920733009,0.998462615139704,0.3506998621530345,0.4182586450855983,22026046245.58034,1137.8534631457778,0,0,0.1066925717998953,0.1008951099564065,4962977431.275037,0.1546750692394403,0.2454381507144357,1250010.0,2067434.2022254013,2.452586170849337e+23,0.1369656904628987,0.0,26.523809523809526
0.12,3620.59442019057,0.9984091414113851,0.3506944405444666,0.4176818209337031,21004453223.3059,1145.7554764860006,0,0,0.1112327241941676,0.104123107696383,4934538904.82384,0.1577423649276959,0.2456887402440359,1300010.0,2071454.3832594263,2.454814073262037e+23,0.1477548114208016,0.0,26.523809523809526
0.12,3648.99148201674,0.9982308166587788,0.3506659491882528,0.4169719057214142,19947897668.925102,1154.238974348752,0,0,0.1160633074973456,0.1073534486455798,4901497411.830315,0.1611363333173286,0.2459804717137116,1350010.0,2076040.781160396,2.457122604637366e+23,0.1600832132264541,0.0,26.523809523809526
0.12,3717.897069702636,0.998512015462656,0.3579220316542602,0.4117173350016916,29314914822.175144,1089.8912216569126,0,0,0.1223035290927161,0.1213741736121406,4908402073.330359,0.1378167721469286,0.2459194569632302,700010.0,2080773.447833954,2.4528576150990124e+23,0.1271445399343509,0.0,3.6666666666666665
0.12,3728.3252263521617,0.9985469409872084,0.3579347923545873,0.4116618353699679,28777483600.575104,1092.4324844723926,0,0,0.1239159801990973,0.1226806190104626,4900651186.781795,0.1388056682731763,0.2459879514747032,750010.0,2082099.8514755864,2.453460535663257e+23,0.1299919111704376,0.0,3.6666666666666665
0.12,3740.376177656732,0.9985651645021394,0.3579461770639865,0.4115938285476332,28197120905.20488,1095.354110413265,0,0,0.1257661510343961,0.1241679076191674,4891654528.871101,0.1399130774598588,0.2460674981413567,800010.0,2083628.509569027,2.4540987735266943e+23,0.1333117515389861,0.0,3.6666666666666665
0.12,3754.231342492139,0.9985939954247248,0.3579578874678615,0.4115074657716986,27573885936.2024,1098.670930152458,0,0,0.1278694138106721,0.1258359076129399,4881266760.159644,0.1411497441277231,0.2461594026155333,850010.0,2085379.9790022369,2.454876656304635e+23,0.1371577254962106,0.0,3.6666666666666665
0.12,3770.089597018899,0.9985980100603052,0.3579673189835588,0.4114009025492798,26907956179.009964,1102.398827693958,0,0,0.1302347579894562,0.1276864956486576,4869328001.831587,0.1425276814982134,0.2462651059472658,900010.0,2087376.164503255,2.4556937408172765e+23,0.1415836353790514,0.0,3.6666666666666665
0.12,3615.6974577784026,0.9986018584356916,0.3526304837273806,0.4170055625841689,24584760642.838665,1118.6195872670185,0,0,0.1084401045206166,0.1046191864813538,4966019216.383286,0.1478298765391643,0.2454113750677646,1100010.0,2068796.1040886843,2.4513342292148853e+23,0.1276256836003896,0.0,3.6666666666666665
0.12,3635.771267548369,0.998596271888218,0.3526352687531224,0.4167012041102759,23685780580.457928,1124.819605500102,0,0,0.1120193280810372,0.1073439093374602,4946093294.045457,0.1501062779383496,0.2455868714686922,1150010.0,2071808.8783880365,2.4528416414328203e+23,0.1351296780990596,0.0,3.6666666666666665
0.12,3658.5636568920536,0.9985057527413445,0.3526276034724284,0.4163302617037945,22748134781.06712,1131.5411036172045,0,0,0.1159710051311561,0.1102684512701714,4923214374.916004,0.1526266590178104,0.2457886567413219,1200010.0,2075218.622926368,2.4543534078482287e+23,0.1437701750957504,0.0,3.6666666666666665
0.12,3684.493873783023,0.9984083372959626,0.3526183799830021,0.4158580410580819,21772889922.146065,1138.8043446782667,0,0,0.120240309467776,0.1132857493938617,4896894742.297883,0.1554162863963184,0.2460211595560911,1250010.0,2079080.9718235168,2.4561873024146486e+23,0.1536290066630643,0.0,3.6666666666666665
0.12,3554.8063630317943,0.9984891776438324,0.3497720424829112,0.4194324946336363,22150615207.352383,1137.3855113040752,0,0,0.0999266567644413,0.0946718158009651,4995568022.483424,0.1543147965142439,0.2451515437827631,1250010.0,2061760.1017972692,2.450823855020953e+23,0.1285820535314606,0.0,3.6666666666666665
0.12,3577.465188166097,0.9984301811484548,0.3497656435501891,0.4188729312547019,21124081007.942947,1145.3325912207654,0,0,0.1043589772038097,0.0979060467296593,4968158701.290817,0.1573725691533204,0.2453925451885356,1300010.0,2065592.8681059787,2.4529444530227388e+23,0.1390138143940148,0.0,3.6666666666666665
0.12,3603.359591558786,0.99824589520962,0.3497359741093931,0.4181852130902055,20062654581.2194,1153.8591118003617,0,0,0.1092017543609277,0.1012761918623614,4936253727.129197,0.1607563162890631,0.2456736167518167,1350010.0,2069973.0029303173,2.455129683299125e+23,0.1511247767147466,0.0,3.6666666666666665
0.12,3726.374449152938,0.998472351355858,0.3583530695107021,0.4112512883173678,29729385131.81017,1088.0589576446505,0,0,0.1234462224036927,0.1227495328235392,4903150935.885427,0.1370773770294151,0.2459658574453243,650010.0,2081777.7271439987,2.452971516463521e+23,0.1273220151411289,0.0,3.6666666666666665
0.12,3735.595482891028,0.998501153237444,0.3583659285884899,0.4112063919387119,29236807845.0293,1090.2262335069515,0,0,0.1248550766739348,0.1238963237589734,4896442477.834046,0.1379583557085067,0.2460251582547579,700010.0,2082936.69283444,2.453481278841216e+23,0.1297810941962293,0.0,3.6666666666666665
0.12,3746.335843614774,0.9985359725574564,0.3583787410628046,0.4111505051708016,28701440750.22864,1092.75878851479,0,0,0.1264871322294677,0.1252130313385499,4888596673.259385,0.1389484009640099,0.2460945456888409,750010.0,2084283.435735956,2.454090727030021e+23,0.1326687099902832,0.0,3.6666666666666665
0.12,3758.74842710289,0.9985547083261608,0.35839021280885,0.4110819522539725,28123175838.626705,1095.6713870319195,0,0,0.1283555017794869,0.1267073922740987,4879492422.086315,0.1400571986292934,0.2461751070539145,800010.0,2085835.1976975224,2.454738603318604e+23,0.1360305802096372,0.0,3.6666666666666665
0.12,3773.019475150654,0.9985833303291344,0.3584019755056747,0.4109949237184006,27502062177.72347,1098.9789448530728,0,0,0.1304734475454332,0.128377081551913,4868984082.253358,0.1412955080761302,0.246268152156769,850010.0,2087612.6062828307,2.4555249278691283e+23,0.1399183399948042,0.0,3.6666666666666665
0.12,3413.3277348161987,0.9972438961674082,0.3435604331425874,0.4220332157501021,16137746323.38268,1193.2694103471003,0,0,0.0808400370649397,0.0722164904207223,5025003540.397257,0.1755068754500029,0.2448932043833519,1550010.0,2047608.3041880624,2.45244767925343e+23,0.1427697464105601,0.0,3.6666666666666665
0.12,3438.0934725427287,0.99716122357433,0.3435413705502118,0.4199398974501619,14894600365.241993,1205.3467843817452,0,0,0.087161503896995,0.0759737465876064,4966216396.468857,0.1810198626189678,0.2454096395511624,1600010.0,2054147.0380777847,2.458381413856265e+23,0.1652595176980796,0.0,3.6666666666666665
0.12,3583.9652994292,0.998470189979231,0.3504355206246506,0.4185922142950385,22061390074.428288,1137.7210163861312,0,0,0.1047740719332086,0.0991327265318612,4972222494.257067,0.1545725528224535,0.2453567864387852,1250010.0,2065819.966736612,2.4520854369003808e+23,0.1345924263478277,0.0,3.6666666666666665
0.12,3608.169861327093,0.9984150928070348,0.3504298024612106,0.4180202791636551,21038398200.54356,1145.6352874138208,0,0,0.1092932090557731,0.1023718571054116,4944070394.225058,0.1576371411775647,0.2456047007536057,1300010.0,2069787.6110090725,2.4542829691943405e+23,0.1452938201112541,0.0,3.6666666666666665
0.12,3635.844104084713,0.9982350178757902,0.3504009559551091,0.4173166523082041,19980462761.50971,1154.1303012018573,0,0,0.1141378677731867,0.1056519577011752,4911345150.004728,0.1610282059331156,0.2458934580601846,1350010.0,2074316.1971992468,2.456556612936599e+23,0.1575766917817305,0.0,3.6666666666666665
0.12,3596.4640920209013,0.99861816181357,0.3517181055953447,0.4178236173438611,23815623582.390755,1124.2962288805036,0,0,0.1057616786395194,0.1014721333803961,4975899975.366434,0.1497692135472604,0.2453244351238732,1150010.0,2066553.8087773824,2.4512463666486277e+23,0.1277826570511847,0.0,3.6666666666666665
0.12,3617.495112942905,0.9985240883528428,0.3517099226311362,0.4174624596647061,22873146608.824097,1131.053158561956,0,0,0.1096179923323352,0.1043818872156942,4953757020.528227,0.1522816881167752,0.2455193467432035,1200010.0,2069823.362984097,2.45268543506846e+23,0.1361501724646666,0.0,3.6666666666666665
0.12,3641.412218279273,0.9984340432966404,0.3517016751492298,0.4170007491710527,21893129877.93448,1138.3512937502276,0,0,0.1138635309080901,0.1074659556227709,4928243875.183063,0.1550627144864599,0.2457442723061945,1250010.0,2073532.142835718,2.454473741422768e+23,0.1458074183235703,0.0,3.6666666666666665
0.12,3668.678616444355,0.9983870658357684,0.3516975049901591,0.4164056445651638,20876776642.944584,1146.2111816041363,0,0,0.1184157616309882,0.1105873444165219,4898768285.707628,0.1581402263889081,0.2460045958641178,1300010.0,2077745.2703015888,2.456815173023825e+23,0.1568300102452867,0.0,3.6666666666666665
0.12,3553.863058306687,0.9984897996615928,0.3497503308689551,0.4194600705734722,22153547664.60086,1137.3744455533683,0,0,0.0997674544136262,0.0945251179063574,4996335398.42505,0.1543063504882104,0.2451448026680798,1250010.0,2061627.0573171016,2.45078245285127e+23,0.1283843257205058,0.0,3.6666666666666665
0.12,3576.4719765978207,0.9984306775179542,0.3497439108370959,0.4189009166268742,21126896785.990616,1145.3226469836952,0,0,0.1041961107204782,0.0977583907155064,4968950990.873083,0.1573638995551052,0.2453855728113722,1300010.0,2065455.336067508,2.4529005048079637e+23,0.1388060726163603,0.0,3.6666666666666665
0.12,3602.308946300602,0.9982462594331064,0.3497142163950664,0.4182137238324751,20065355422.67099,1153.8502629075026,0,0,0.1090378795370937,0.1011305902974723,4937073550.478289,0.1607474065615655,0.2456663870985207,1350010.0,2069830.527655725,2.4550828199561608e+23,0.1509099542021188,0.0,3.6666666666666665
0.12,3387.460514770673,0.9972469443658136,0.3430451858110919,0.422885405662781,16195694036.117825,1193.2279618876305,0,0,0.0757637909205019,0.0679451057886995,5051820953.630875,0.1752606012654526,0.2446582725591296,1550010.0,2043310.0006367627,2.450730538802384e+23,0.1344561078112572,0.0,3.6666666666666665
0.12,3409.9296000129552,0.9971770294171532,0.3430288486211313,0.4208489866007124,14949719535.586687,1205.3681813205565,0,0,0.0820417276537712,0.0718539914296118,4995053992.836639,0.1807658717491895,0.245156059531723,1600010.0,2049550.997501058,2.456499254791004e+23,0.1564978058019118,0.0,3.6666666666666665
0.12,3436.720669565383,0.996891697580924,0.3429499534728414,0.4181597290360883,13679689324.931908,1218.1322230227895,0,0,0.0884726435314421,0.0751352176686826,4923343876.066597,0.1868556364432799,0.245787513734959,1650010.0,2057225.60712473,2.463420029083596e+23,0.1827786837542008,0.0,3.6666666666666665
