# Fe-S melting weight fraction S p in GPa T in K
# xmin xmax nodes pmin pmax nodes
0 12 49 0 40 401
0.	0.	1801.6248087566335
0.	0.1	1805.7279374649318
0.	0.2	1809.8176451836787
0.	0.30000000000000004	1813.8940016015033
0.	0.4	1817.9570759660628
0.	0.5	1822.0069370882702
0.	0.6000000000000001	1826.0436533476322
0.	0.7000000000000001	1830.0672926968568
0.	0.8	1834.0779226658553
0.	0.9	1838.0756103674296
0.	1.	1842.0604225012992
0.	1.1	1846.032425357421
0.	1.2000000000000002	1849.9916848223481
0.	1.3	1853.9382663807892
0.	1.4000000000000001	1857.8722351225979
0.	1.5	1861.7936557442376
0.	1.6	1865.702592554097
0.	1.7000000000000002	1869.59910947649
0.	1.8	1873.4832700543534
0.	1.9000000000000001	1877.3551374539238
0.	2.	1881.214774468029
0.	2.1	1885.0622435198259
0.	2.2	1888.8976066657356
0.	2.3000000000000003	1892.720925599805
0.	2.4000000000000004	1896.5322616561211
0.	2.5	1900.3316758131698
0.	2.6	1904.119228695895
0.	2.7	1907.894980579703
0.	2.8000000000000003	1911.6589913937887
0.	2.9000000000000004	1915.4113207228868
0.	3.	1919.152027812028
0.	3.1	1922.881171568138
0.	3.2	1926.5988105640006
0.	3.3000000000000003	1930.3050030403024
0.	3.4000000000000004	1933.999806908376
0.	3.5	1937.6832797542445
0.	3.6	1941.3554788391239
0.	3.7	1945.016461104961
0.	3.8000000000000003	1948.666283174178
0.	3.9000000000000004	1952.3050013542315
0.	4.	1955.9326716394032
0.	4.1000000000000005	1959.5493497128157
0.	4.2	1963.155090950577
0.	4.3	1966.7499504219556
0.	4.4	1970.3339828933665
0.	4.5	1973.9072428302316
0.	4.6000000000000005	1977.469784398866
0.	4.7	1981.0216614699816
0.	4.800000000000001	1984.5629276191448
0.	4.9	1988.0936361300849
0.	5.	1991.6138399975082
0.	5.1000000000000005	1995.1235919270007
0.	5.2	1998.6229443398588
0.	5.300000000000001	2002.1119493729727
0.	5.4	2005.5906588821813
0.	5.5	2009.0591244429868
0.	5.6000000000000005	2012.5173973545604
0.	5.7	2015.965528639457
0.	5.800000000000001	2019.4035690471396
0.	5.9	2022.831569055042
0.	6.	2026.2495788705555
0.	6.1000000000000005	2029.6576484335405
0.	6.2	2033.055827417294
0.	6.300000000000001	2036.444165230236
0.	6.4	2039.8227110189475
0.	6.5	2043.1915136681182
0.	6.6000000000000005	2046.5506218043868
0.	6.7	2049.900083795374
0.	6.800000000000001	2053.239947754629
0.	6.9	2056.5702615395817
0.	7.	2059.8910727569164
0.	7.1000000000000005	2063.202428761269
0.	7.2	2066.504376658397
0.	7.300000000000001	2069.7969633061566
0.	7.4	2073.0802353158224
0.	7.5	2076.354239055003
0.	7.6000000000000005	2079.6190206468686
0.	7.7	2082.8746259742616
0.	7.800000000000001	2086.1211006789263
0.	7.9	2089.358490164382
0.	8.	2092.5868395965817
0.	8.1	2095.80619390604
0.	8.200000000000001	2099.016597788533
0.	8.3	2102.2180957068867
0.	8.4	2105.410731892875
0.	8.5	2108.5945503476605
0.	8.6	2111.769594842855
0.	8.700000000000001	2114.9359089240274
0.	8.8	2118.093535909374
0.	8.9	2121.242518892513
0.	9.	2124.3829007437616
0.	9.1	2127.5147241107948
0.	9.200000000000001	2130.638031420469
0.	9.3	2133.7528648801554
0.	9.4	2136.859266478227
0.	9.5	2139.9572779859564
0.	9.600000000000001	2143.0469409588195
0.	9.700000000000001	2146.12829673729
0.	9.8	2149.2013864484593
0.	9.9	2152.266251006334
0.	10.	2155.3229311147297
0.	10.100000000000001	2158.3714672664246
0.	10.200000000000001	2161.4118997457554
0.	10.3	2164.4442686297516
0.	10.4	2167.468613787958
0.	10.5	2170.484974884796
0.	10.600000000000001	2173.493391380301
0.	10.700000000000001	2176.4939025317694
0.	10.8	2179.48654739333
0.	10.9	2182.4713648192537
0.	11.	2185.4483934628743
0.	11.100000000000001	2188.417671779056
0.	11.200000000000001	2191.3792380244404
0.	11.3	2194.3331302599554
0.	11.4	2197.2793863494257
0.	11.5	2200.2180439625263
0.	11.600000000000001	2203.1491405759793
0.	11.700000000000001	2206.0727134731774
0.	11.8	2208.9887997456563
0.	11.9	2211.897436294684
0.	12.	2214.798659832063
0.	12.100000000000001	2217.692506881254
0.	12.200000000000001	2220.5790137772747
0.	12.3	2223.458216669227
0.	12.4	2226.3301515201024
0.	12.5	2229.1948541083184
0.	12.600000000000001	2232.0523600288516
0.	12.700000000000001	2234.9027046935093
0.	12.8	2237.7459233320524
0.	12.9	2240.5820509942755
0.	13.	2243.411122549206
0.	13.100000000000001	2246.2331726865064
0.	13.200000000000001	2249.0482359189873
0.	13.3	2251.856346581316
0.	13.4	2254.6575388315764
0.	13.5	2257.451846653411
0.	13.600000000000001	2260.239303855359
0.	13.700000000000001	2263.019944072723
0.	13.8	2265.7938007670473
0.	13.9	2268.560907229703
0.	14.	2271.321296579967
0.	14.100000000000001	2274.075001766823
0.	14.200000000000001	2276.8220555709204
0.	14.3	2279.5624906039084
0.	14.4	2282.2963393102473
0.	14.5	2285.0236339672883
0.	14.600000000000001	2287.7444066869252
0.	14.700000000000001	2290.458689415992
0.	14.8	2293.166513937485
0.	14.9	2295.8679118702075
0.	15.	2298.5629146711403
0.	15.100000000000001	2301.251553635238
0.	15.200000000000001	2303.9338598969166
0.	15.3	2306.609864430771
0.	15.4	2309.279598051245
0.	15.5	2311.943091415022
0.	15.600000000000001	2314.600375020624
0.	15.700000000000001	2317.2514792105035
0.	15.8	2319.896434170507
0.	15.9	2322.5352699306295
0.	16.	2325.168016367755
0.	16.1	2327.794703204213
0.	16.2	2330.4153600088202
0.	16.3	2333.0300161989226
0.	16.400000000000002	2335.638701040579
0.	16.5	2338.2414436489685
0.	16.6	2340.838272988862
0.	16.7	2343.429217876536
0.	16.8	2346.014306979241
0.	16.900000000000002	2348.5935688175964
0.	17.	2351.1670317638377
0.	17.1	2353.734724045218
0.	17.2	2356.296673742931
0.	17.3	2358.852908793438
0.	17.400000000000002	2361.40345698949
0.	17.5	2363.948345980213
0.	17.6	2366.4876032724283
0.	17.7	2369.0212562308357
0.	17.8	2371.5493320793416
0.	17.900000000000002	2374.071857900906
0.	18.	2376.5888606394838
0.	18.1	2379.1003670990813
0.	18.2	2381.606403946192
0.	18.3	2384.1069977093703
0.	18.400000000000002	2386.6021747798904
0.	18.5	2389.0919614132563
0.	18.6	2391.5763837291165
0.	18.7	2394.0554677122336
0.	18.8	2396.529239213435
0.	18.900000000000002	2398.9977239494333
0.	19.	2401.4609475045672
0.	19.1	2403.9189353307897
0.	19.200000000000003	2406.371712748522
0.	19.3	2408.8193049470683
0.	19.400000000000002	2411.2617369861923
0.	19.5	2413.699033795333
0.	19.6	2416.1312201752417
0.	19.700000000000003	2418.55832079854
0.	19.8	2420.9803602102684
0.	19.900000000000002	2423.3973628282733
0.	20.	2425.8093529443922
0.	20.1	2428.2163547241225
0.	20.200000000000003	2430.618392208664
0.	20.3	2433.0154893141494
0.	20.400000000000002	2435.4076698335125
0.	20.5	2437.794957435968
0.	20.6	2440.1773756686075
0.	20.700000000000003	2442.554947956056
0.	20.8	2444.927697602255
0.	20.900000000000002	2447.2956477898633
0.	21.	2449.658821581817
0.	21.1	2452.0172419215123
0.	21.200000000000003	2454.370931633269
0.	21.3	2456.7199134233692
0.	21.400000000000002	2459.064209880341
0.	21.5	2461.4038434756953
0.	21.6	2463.7388365640663
0.	21.700000000000003	2466.0692113848145
0.	21.8	2468.394990061818
0.	21.900000000000002	2470.716194603595
0.	22.	2473.032846905541
0.	22.1	2475.3449687489424
0.	22.200000000000003	2477.652581802126
0.	22.3	2479.9557076210035
0.	22.400000000000002	2482.2543676500572
0.	22.5	2484.5485832218124
0.	22.6	2486.838375558831
0.	22.700000000000003	2489.1237657731995
0.	22.8	2491.404774867641
0.	22.900000000000002	2493.681423735509
0.	23.	2495.953733162064
0.	23.1	2498.2217238245307
0.	23.200000000000003	2500.4854162931542
0.	23.3	2502.74483103089
0.	23.400000000000002	2504.999988394913
0.	23.5	2507.250908636315
0.	23.6	2509.4976119014295
0.	23.700000000000003	2511.740118231614
0.	23.8	2513.9784475646534
0.	23.900000000000002	2516.212619734378
0.	24.	2518.442654471783
0.	24.1	2520.6685714053365
0.	24.200000000000003	2522.8903900619785
0.	24.3	2525.1081298663817
0.	24.400000000000002	2527.321810143392
0.	24.5	2529.5314501168255
0.	24.6	2531.7370689104446
0.	24.700000000000003	2533.9386855496173
0.	24.8	2536.136318960031
0.	24.900000000000002	2538.3299879693145
0.	25.	2540.519711307695
0.	25.1	2542.705507607504
0.	25.200000000000003	2544.887395404563
0.	25.3	2547.065393138599
0.	25.400000000000002	2549.2395191533165
0.	25.5	2551.409791697216
0.	25.6	2553.5762289243257
0.	25.700000000000003	2555.73884889351
0.	25.8	2557.897669570823
0.	25.900000000000002	2560.0527088285357
0.	26.	2562.2039844461897
0.	26.1	2564.351514110712
0.	26.200000000000003	2566.4953154174736
0.	26.3	2568.6354058704933
0.	26.400000000000002	2570.771802882675
0.	26.5	2572.904523776773
0.	26.6	2575.0335857852697
0.	26.700000000000003	2577.1590060513927
0.	26.8	2579.28080162911
0.	26.900000000000002	2581.398989484037
0.	27.	2583.5135864937365
0.	27.1	2585.624609447993
0.	27.200000000000003	2587.7320750495496
0.	27.3	2589.8359999142767
0.	27.400000000000002	2591.9364005718303
0.	27.5	2594.0332934664584
0.	27.6	2596.126694956275
0.	27.700000000000003	2598.216621315281
0.	27.8	2600.3030887324726
0.	27.900000000000002	2602.3861133131895
0.	28.	2604.4657110789
0.	28.1	2606.5418979680767
0.	28.200000000000003	2608.6146898365614
0.	28.3	2610.6841024581236
0.	28.400000000000002	2612.750151524005
0.	28.5	2614.8128526448563
0.	28.6	2616.8722213500814
0.	28.700000000000003	2618.9282730882524
0.	28.8	2620.981023228344
0.	28.900000000000002	2623.0304870590253
0.	29.	2625.076679790326
0.	29.1	2627.119616553172
0.	29.200000000000003	2629.159312400077
0.	29.3	2631.1957823055254
0.	29.400000000000002	2633.229041166089
0.	29.5	2635.259103801959
0.	29.6	2637.2859849556207
0.	29.700000000000003	2639.3096992938554
0.	29.8	2641.33026140703
0.	29.900000000000002	2643.347685810583
0.	30.	2645.361986944106
0.	30.1	2647.373179172502
0.	30.200000000000003	2649.381276786764
0.	30.3	2651.386294003563
0.	30.400000000000002	2653.3882449662924
0.	30.5	2655.3871437444946
0.	30.6	2657.383004335838
0.	30.700000000000003	2659.375840664925
0.	30.8	2661.3656665845347
0.	30.900000000000002	2663.3524958759926
0.	31.	2665.336342248844
0.	31.1	2667.317219342414
0.	31.200000000000003	2669.2951407250184
0.	31.3	2671.270119895137
0.	31.400000000000002	2673.242170281693
0.	31.5	2675.2113052434715
0.	31.6	2677.17753807116
0.	31.700000000000003	2679.14088198616
0.	31.8	2681.101350142028
0.	31.900000000000002	2683.058955623831
0.	32.	2685.013711450004
0.	32.1	2686.9656305710996
0.	32.2	2688.914725871013
0.	32.300000000000004	2690.8610101674685
0.	32.4	2692.8044962115923
0.	32.5	2694.7451966891
0.	32.6	2696.683124220189
0.	32.7	2698.6182913600505
0.	32.800000000000004	2700.550710599193
0.	32.9	2702.480394363893
0.	33.	2704.407355016185
0.	33.1	2706.3316048544593
0.	33.2	2708.2531561140286
0.	33.300000000000004	2710.1720209669397
0.	33.4	2712.0882115227296
0.	33.5	2714.001739828798
0.	33.6	2715.9126178702645
0.	33.7	2717.8208575709455
0.	33.800000000000004	2719.7264707928575
0.	33.9	2721.629469337792
0.	34.	2723.529864946016
0.	34.1	2725.4276692981134
0.	34.2	2727.3228940144113
0.	34.300000000000004	2729.2155506556687
0.	34.4	2731.1056507233357
0.	34.5	2732.993205659797
0.	34.6	2734.878226848381
0.	34.7	2736.760725614554
0.	34.800000000000004	2738.6407132254894
0.	34.9	2740.518200890421
0.	35.	2742.3931997615086
0.	35.1	2744.2657209330832
0.	35.2	2746.135775443519
0.	35.300000000000004	2748.0033742740607
0.	35.4	2749.868528350002
0.	35.5	2751.731248540382
0.	35.6	2753.5915456591365
0.	35.7	2755.4494304642035
0.	35.800000000000004	2757.304913659192
0.	35.9	2759.15800589238
0.	36.	2761.0087177583196
0.	36.1	2762.8570597965218
0.	36.2	2764.703042493527
0.	36.300000000000004	2766.5466762817414
0.	36.4	2768.3879715408107
0.	36.5	2770.2269385968602
0.	36.6	2772.0635877235104
0.	36.7	2773.897929142261
0.	36.800000000000004	2775.7299730219816
0.	36.9	2777.5597294802124
0.	37.	2779.3872085829707
0.	37.1	2781.2124203442168
0.	37.2	2783.035374727736
0.	37.300000000000004	2784.856081646242
0.	37.4	2786.674550962217
0.	37.5	2788.490792487459
0.	37.6	2790.3048159846894
0.	37.7	2792.1166311660695
0.	37.800000000000004	2793.9262476949634
0.	37.9	2795.7336751856997
0.	38.	2797.538923203271
0.	38.1	2799.342001264692
0.	38.2	2801.142918838265
0.	38.300000000000004	2802.941685344535
0.	38.400000000000006	2804.7383101557825
0.	38.5	2806.5328025972517
0.	38.6	2808.325171946999
0.	38.7	2810.1154274354
0.	38.800000000000004	2811.9035782468513
0.	38.900000000000006	2813.6896335185434
0.	39.	2815.4736023421956
0.	39.1	2817.2554937626874
0.	39.2	2819.035316780032
0.	39.300000000000004	2820.8130803477484
0.	39.400000000000006	2822.5887933750228
0.	39.5	2824.3624647253255
0.	39.6	2826.134103217835
0.	39.7	2827.903717627245
0.	39.800000000000004	2829.6713166832483
0.	39.900000000000006	2831.4369090722203
0.	40.	2833.200503436757
0.0025	0.	1793.2178258170231
0.0025	0.1	1797.2910984612317
0.0025	0.2	1801.3510519817285
0.0025	0.30000000000000004	1805.3977560861658
0.0025	0.4	1809.4312800367563
0.0025	0.5	1813.451692655655
0.0025	0.6000000000000001	1817.4590623285326
0.0025	0.7000000000000001	1821.453457011129
0.0025	0.8	1825.4349442322746
0.0025	0.9	1829.403591098894
0.0025	1.	1833.3594643016243
0.0025	1.1	1837.302630117359
0.0025	1.2000000000000002	1841.233154415063
0.0025	1.3	1845.1511026588646
0.0025	1.4000000000000001	1849.056539913124
0.0025	1.5	1852.949530845606
0.0025	1.6	1856.8301397324472
0.0025	1.7000000000000002	1860.6984304606844
0.0025	1.8	1864.5544665337734
0.0025	1.9000000000000001	1868.3983110738816
0.0025	2.	1872.230026825794
0.0025	2.1	1876.049676161534
0.0025	2.2	1879.8573210824527
0.0025	2.3000000000000003	1883.6530232237646
0.0025	2.4000000000000004	1887.436843857918
0.0025	2.5	1891.2088438966766
0.0025	2.6	1894.969083896117
0.0025	2.7	1898.7176240588456
0.0025	2.8000000000000003	1902.4545242370928
0.0025	2.9000000000000004	1906.1798439365268
0.0025	3.	1909.8936423183934
0.0025	3.1	1913.5959782033385
0.0025	3.2	1917.2869100736514
0.0025	3.3000000000000003	1920.9664960768134
0.0025	3.4000000000000004	1924.6347940280914
0.0025	3.5	1928.2918614125215
0.0025	3.6	1931.9377553895395
0.0025	3.7	1935.5725327935236
0.0025	3.8000000000000003	1939.1962501381142
0.0025	3.9000000000000004	1942.8089636176544
0.0025	4.	1946.4107291108712
0.0025	4.1000000000000005	1950.0016021824579
0.0025	4.2	1953.5816380853805
0.0025	4.3	1957.1508917652525
0.0025	4.4	1960.7094178601794
0.0025	4.5	1964.2572707042382
0.0025	4.6000000000000005	1967.7945043309978
0.0025	4.7	1971.3211724734333
0.0025	4.800000000000001	1974.8373285684936
0.0025	4.9	1978.343025757172
0.0025	5.	1981.8383168889175
0.0025	5.1000000000000005	1985.3232545217315
0.0025	5.2	1988.7978909261776
0.0025	5.300000000000001	1992.2622780860154
0.0025	5.4	1995.7164677006033
0.0025	5.5	1999.1605111878646
0.0025	5.6000000000000005	2002.594459684855
0.0025	5.7	2006.018364050957
0.0025	5.800000000000001	2009.4322748691864
0.0025	5.9	2012.836242448219
0.0025	6.	2016.230316824792
0.0025	6.1000000000000005	2019.6145477642222
0.0025	6.2	2022.98898476395
0.0025	6.300000000000001	2026.3536770545154
0.0025	6.4	2029.708673601483
0.0025	6.5	2033.0540231065374
0.0025	6.6000000000000005	2036.3897740103148
0.0025	6.7	2039.7159744941507
0.0025	6.800000000000001	2043.032672480774
0.0025	6.9	2046.339915636526
0.0025	7.	2049.6377513730713
0.0025	7.1000000000000005	2052.926226849449
0.0025	7.2	2056.2053889730064
0.0025	7.300000000000001	2059.4752844008917
0.0025	7.4	2062.7359595430025
0.0025	7.5	2065.9874605613627
0.0025	7.6000000000000005	2069.2298333739973
0.0025	7.7	2072.4631236546065
0.0025	7.800000000000001	2075.687376835413
0.0025	7.9	2078.9026381072513
0.0025	8.	2082.1089524232407
0.0025	8.1	2085.306364497277
0.0025	8.200000000000001	2088.4949188081846
0.0025	8.3	2091.6746596002085
0.0025	8.4	2094.8456308831096
0.0025	8.5	2098.0078764359696
0.0025	8.6	2101.1614398067504
0.0025	8.700000000000001	2104.306364314586
0.0025	8.8	2107.442693050104
0.0025	8.9	2110.5704688787105
0.0025	9.	2113.6897344390622
0.0025	9.1	2116.8005321478045
0.0025	9.200000000000001	2119.9029041979356
0.0025	9.3	2122.996892561564
0.0025	9.4	2126.0825389909955
0.0025	9.5	2129.1598850198507
0.0025	9.600000000000001	2132.228971963823
0.0025	9.700000000000001	2135.2898409231266
0.0025	9.8	2138.342532783311
0.0025	9.9	2141.3870882149245
0.0025	10.	2144.423547677867
0.0025	10.100000000000001	2147.451951418752
0.0025	10.200000000000001	2150.472339475611
0.0025	10.3	2153.4847516770546
0.0025	10.4	2156.4892276435994
0.0025	10.5	2159.485806790056
0.0025	10.600000000000001	2162.474528324455
0.0025	10.700000000000001	2165.4554312514756
0.0025	10.8	2168.4285543726205
0.0025	10.9	2171.3939362865667
0.0025	11.	2174.351615392002
0.0025	11.100000000000001	2177.30162988673
0.0025	11.200000000000001	2180.244017770831
0.0025	11.3	2183.17881684605
0.0025	11.4	2186.1060647172844
0.0025	11.5	2189.025798794463
0.0025	11.600000000000001	2191.9380562928623
0.0025	11.700000000000001	2194.8428742340875
0.0025	11.8	2197.740289447139
0.0025	11.9	2200.6303385707683
0.0025	12.	2203.5130580518
0.0025	12.100000000000001	2206.3884841486206
0.0025	12.200000000000001	2209.2566529317405
0.0025	12.3	2212.1176002830607
0.0025	12.4	2214.9713618991354
0.0025	12.5	2217.817973291041
0.0025	12.600000000000001	2220.6574697851947
0.0025	12.700000000000001	2223.4898865248265
0.0025	12.8	2226.315258470552
0.0025	12.9	2229.133620402062
0.0025	13.	2231.9450069180775
0.0025	13.100000000000001	2234.749452437906
0.0025	13.200000000000001	2237.5469912021304
0.0025	13.3	2240.3376572735806
0.0025	13.4	2243.1214845389886
0.0025	13.5	2245.8985067082035
0.0025	13.600000000000001	2248.668757317352
0.0025	13.700000000000001	2251.432269727404
0.0025	13.8	2254.189077127231
0.0025	13.9	2256.939212532731
0.0025	14.	2259.6827087894076
0.0025	14.100000000000001	2262.4195985707775
0.0025	14.200000000000001	2265.149914383232
0.0025	14.3	2267.873688561985
0.0025	14.4	2270.5909532762457
0.0025	14.5	2273.301740527805
0.0025	14.600000000000001	2276.0060821517395
0.0025	14.700000000000001	2278.704009819107
0.0025	14.8	2281.3955550354476
0.0025	14.9	2284.080749144239
0.0025	15.	2286.7596233244194
0.0025	15.100000000000001	2289.432208595112
0.0025	15.200000000000001	2292.0985358130843
0.0025	15.3	2294.758635675103
0.0025	15.4	2297.4125387193176
0.0025	15.5	2300.0602753247267
0.0025	15.600000000000001	2302.7018757128094
0.0025	15.700000000000001	2305.3373699482304
0.0025	15.8	2307.9667879395724
0.0025	15.9	2310.590159439591
0.0025	16.	2313.207514047579
0.0025	16.1	2315.8188812081494
0.0025	16.2	2318.4242902137275
0.0025	16.3	2321.0237702041004
0.0025	16.400000000000002	2323.6173501675003
0.0025	16.5	2326.2050589426103
0.0025	16.6	2328.786925217145
0.0025	16.7	2331.362977530361
0.0025	16.8	2333.9332442734953
0.0025	16.900000000000002	2336.4977536892948
0.0025	17.	2339.0565338747556
0.0025	17.1	2341.6096127804085
0.0025	17.2	2344.157018211162
0.0025	17.3	2346.698777827922
0.0025	17.400000000000002	2349.234919147622
0.0025	17.5	2351.7654695440983
0.0025	17.6	2354.2904562488857
0.0025	17.7	2356.8099063519244
0.0025	17.8	2359.3238468020904
0.0025	17.900000000000002	2361.832304408467
0.0025	18.	2364.3353058401453
0.0025	18.1	2366.832877628049
0.0025	18.2	2369.325046164684
0.0025	18.3	2371.8118377053042
0.0025	18.400000000000002	2374.2932783686515
0.0025	18.5	2376.7693941375064
0.0025	18.6	2379.2402108595866
0.0025	18.7	2381.705754247422
0.0025	18.8	2384.1660498805545
0.0025	18.900000000000002	2386.6211232048654
0.0025	19.	2389.070999533795
0.0025	19.1	2391.5157040491017
0.0025	19.200000000000003	2393.955261801117
0.0025	19.3	2396.389697710148
0.0025	19.400000000000002	2398.819036566565
0.0025	19.5	2401.2433030312577
0.0025	19.6	2403.662521637115
0.0025	19.700000000000003	2406.076716788854
0.0025	19.8	2408.4859127643977
0.0025	19.900000000000002	2410.890133715084
0.0025	20.	2413.2894036660414
0.0025	20.1	2415.6837465174535
0.0025	20.200000000000003	2418.0731860451087
0.0025	20.3	2420.4577459005845
0.0025	20.400000000000002	2422.837449612367
0.0025	20.5	2425.2123205860557
0.0025	20.6	2427.5823821054164
0.0025	20.700000000000003	2429.947657332965
0.0025	20.8	2432.3081693100225
0.0025	20.900000000000002	2434.6639409581912
0.0025	21.	2437.0149950790365
0.0025	21.1	2439.3613543559263
0.0025	21.200000000000003	2441.703041353298
0.0025	21.3	2444.0400785181173
0.0025	21.400000000000002	2446.372488180262
0.0025	21.5	2448.7002925531438
0.0025	21.6	2451.023513734278
0.0025	21.700000000000003	2453.3421737059098
0.0025	21.8	2455.6562943355516
0.0025	21.900000000000002	2457.9658973766577
0.0025	22.	2460.271004469352
0.0025	22.1	2462.5716371405433
0.0025	22.200000000000003	2464.867816804897
0.0025	22.3	2467.159564765296
0.0025	22.400000000000002	2469.4469022137114
0.0025	22.5	2471.7298502312283
0.0025	22.6	2474.008429789167
0.0025	22.700000000000003	2476.2826617489723
0.0025	22.8	2478.5525668635923
0.0025	22.900000000000002	2480.8181657777072
0.0025	23.	2483.0794790279215
0.0025	23.1	2485.3365270437844
0.0025	23.200000000000003	2487.5893301482984
0.0025	23.3	2489.8379085583133
0.0025	23.400000000000002	2492.0822823851026
0.0025	23.5	2494.322471635157
0.0025	23.6	2496.5584962102043
0.0025	23.700000000000003	2498.7903759083847
0.0025	23.8	2501.018130424433
0.0025	23.900000000000002	2503.2417793501313
0.0025	24.	2505.461342174909
0.0025	24.1	2507.6768382870578
0.0025	24.200000000000003	2509.888286972888
0.0025	24.3	2512.0957074185067
0.0025	24.400000000000002	2514.2991187096954
0.0025	24.5	2516.4985398327776
0.0025	24.6	2518.693989674797
0.0025	24.700000000000003	2520.8854870242553
0.0025	24.8	2523.0730505717734
0.0025	24.900000000000002	2525.2566989101465
0.0025	25.	2527.436450535139
0.0025	25.1	2529.6123238463824
0.0025	25.200000000000003	2531.78433714685
0.0025	25.3	2533.9525086447175
0.0025	25.400000000000002	2536.116856452438
0.0025	25.5	2538.277398588615
0.0025	25.6	2540.434152977195
0.0025	25.700000000000003	2542.587137449026
0.0025	25.8	2544.7363697417272
0.0025	25.900000000000002	2546.881867500508
0.0025	26.	2549.023648278591
0.0025	26.1	2551.161729537149
0.0025	26.200000000000003	2553.2961286469877
0.0025	26.3	2555.4268628878094
0.0025	26.400000000000002	2557.5539494493164
0.0025	26.5	2559.677405431548
0.0025	26.6	2561.7972478453507
0.0025	26.700000000000003	2563.913493612965
0.0025	26.8	2566.0261595684096
0.0025	26.900000000000002	2568.135262457862
0.0025	27.	2570.2408189400203
0.0025	27.1	2572.342845587094
0.0025	27.200000000000003	2574.441358884686
0.0025	27.3	2576.536375232435
0.0025	27.400000000000002	2578.6279109448737
0.0025	27.5	2580.7159822510976
0.0025	27.6	2582.800605295619
0.0025	27.700000000000003	2584.8817961393374
0.0025	27.8	2586.9595707590315
0.0025	27.900000000000002	2589.0339450485058
0.0025	28.	2591.104934818568
0.0025	28.1	2593.172555797689
0.0025	28.200000000000003	2595.236823632838
0.0025	28.3	2597.297753889266
0.0025	28.400000000000002	2599.3553620509233
0.0025	28.5	2601.4096635214073
0.0025	28.6	2603.4606736245214
0.0025	28.700000000000003	2605.5084076034577
0.0025	28.8	2607.552880623156
0.0025	28.900000000000002	2609.5941077686375
0.0025	29.	2611.6321040474104
0.0025	29.1	2613.666884388016
0.0025	29.200000000000003	2615.698463641947
0.0025	29.3	2617.7268565834147
0.0025	29.400000000000002	2619.7520779098945
0.0025	29.5	2621.7741422420327
0.0025	29.6	2623.7930641247153
0.0025	29.700000000000003	2625.8088580277877
0.0025	29.8	2627.821538345125
0.0025	29.900000000000002	2629.8311193960217
0.0025	30.	2631.837615426089
0.0025	30.1	2633.841040605787
0.0025	30.200000000000003	2635.8414090331075
0.0025	30.3	2637.838734732258
0.0025	30.400000000000002	2639.833031654701
0.0025	30.5	2641.8243136798783
0.0025	30.6	2643.812594614611
0.0025	30.700000000000003	2645.797888194541
0.0025	30.8	2647.7802080841516
0.0025	30.900000000000002	2649.7595678769003
0.0025	31.	2651.7359810954176
0.0025	31.1	2653.709461193002
0.0025	31.200000000000003	2655.6800215528165
0.0025	31.3	2657.6476754885207
0.0025	31.400000000000002	2659.612436244974
0.0025	31.5	2661.574316998759
0.0025	31.6	2663.533330857561
0.0025	31.700000000000003	2665.489490861801
0.0025	31.8	2667.442809984296
0.0025	31.900000000000002	2669.393301130562
0.0025	32.	2671.340977139262
0.0025	32.1	2673.2858507829096
0.0025	32.2	2675.227934768033
0.0025	32.300000000000004	2677.1672417352024
0.0025	32.4	2679.103784259739
0.0025	32.5	2681.037574852122
0.0025	32.6	2682.9686259578807
0.0025	32.7	2684.896949958606
0.0025	32.800000000000004	2686.822559171922
0.0025	32.9	2688.745465851835
0.0025	33.	2690.665682188545
0.0025	33.1	2692.5832203104137
0.0025	33.2	2694.498092282355
0.0025	33.300000000000004	2696.4103101074734
0.0025	33.4	2698.3198857268058
0.0025	33.5	2700.2268310199725
0.0025	33.6	2702.1311578052328
0.0025	33.7	2704.03287784001
0.0025	33.800000000000004	2705.9320028216107
0.0025	33.9	2707.8285443860386
0.0025	34.	2709.722514110604
0.0025	34.1	2711.6139235121527
0.0025	34.2	2713.5027840488474
0.0025	34.300000000000004	2715.389107119564
0.0025	34.4	2717.272904064571
0.0025	34.5	2719.154186166261
0.0025	34.6	2721.032964648357
0.0025	34.7	2722.909250677644
0.0025	34.800000000000004	2724.783055362855
0.0025	34.9	2726.6543897564243
0.0025	35.	2728.52326485318
0.0025	35.1	2730.3896915923447
0.0025	35.2	2732.253680856561
0.0025	35.300000000000004	2734.115243472931
0.0025	35.4	2735.974390212643
0.0025	35.5	2737.8311317919533
0.0025	35.6	2739.6854788723117
0.0025	35.7	2741.537442060247
0.0025	35.800000000000004	2743.3870319084513
0.0025	35.9	2745.2342589150126
0.0025	36.	2747.079133524706
0.0025	36.1	2748.9216661286273
0.0025	36.2	2750.761867064805
0.0025	36.300000000000004	2752.5997466187337
0.0025	36.4	2754.4353150228485
0.0025	36.5	2756.2685824576083
0.0025	36.6	2758.099559051152
0.0025	36.7	2759.9282548804463
0.0025	36.800000000000004	2761.754679970652
0.0025	36.9	2763.578844295447
0.0025	37.	2765.4007577785874
0.0025	37.1	2767.220430292303
0.0025	37.2	2769.0378716588925
0.0025	37.300000000000004	2770.853091650722
0.0025	37.4	2772.666099990153
0.0025	37.5	2774.476906350126
0.0025	37.6	2776.285520354377
0.0025	37.7	2778.0919515774394
0.0025	37.800000000000004	2779.896209545751
0.0025	37.9	2781.6983037365612
0.0025	38.	2783.498243579356
0.0025	38.1	2785.296038455633
0.0025	38.2	2787.0916976992776
0.0025	38.300000000000004	2788.8852305967416
0.0025	38.400000000000006	2790.676646387367
0.0025	38.5	2792.4659542637205
0.0025	38.6	2794.2531633713065
0.0025	38.7	2796.0382828100473
0.0025	38.800000000000004	2797.8213216329755
0.0025	38.900000000000006	2799.60228884764
0.0025	39.	2801.381193415861
0.0025	39.1	2803.158044254165
0.0025	39.2	2804.932850234237
0.0025	39.300000000000004	2806.7056201819846
0.0025	39.400000000000006	2808.4763628799014
0.0025	39.5	2810.2450870650487
0.0025	39.6	2812.0118014309546
0.0025	39.7	2813.7765146270112
0.0025	39.800000000000004	2815.539235259142
0.0025	39.900000000000006	2817.2999718895016
0.0025	40.	2819.058733037201
0.005	0.	1785.1105728279688
0.005	0.1	1789.1533124266168
0.005	0.2	1793.1828266390637
0.005	0.30000000000000004	1797.1991852349684
0.005	0.4	1801.2024575348162
0.005	0.5	1805.1927124134702
0.005	0.6000000000000001	1809.1700183066243
0.005	0.7000000000000001	1813.1344432143444
0.005	0.8	1817.0860547066748
0.005	0.9	1821.024919927552
0.005	1.	1824.9511055994055
0.005	1.1	1828.8646780278107
0.005	1.2000000000000002	1832.7657031057508
0.005	1.3	1836.654246318181
0.005	1.4000000000000001	1840.530372745002
0.005	1.5	1844.3941470667753
0.005	1.6	1848.245633567348
0.005	1.7000000000000002	1852.0848961383847
0.005	1.8	1855.9119982834627
0.005	1.9000000000000001	1859.7270031210749
0.005	2.	1863.5299733890683
0.005	2.1	1867.3209714478012
0.005	2.2	1871.1000592837518
0.005	2.3000000000000003	1874.8672985138746
0.005	2.4000000000000004	1878.6227503872033
0.005	2.5	1882.3664757901292
0.005	2.6	1886.0985352487116
0.005	2.7	1889.8189889314945
0.005	2.8000000000000003	1893.527896654118
0.005	2.9000000000000004	1897.225317881453
0.005	3.	1900.9113117302031
0.005	3.1	1904.5859369738982
0.005	3.2	1908.2492520432488
0.005	3.3000000000000003	1911.9013150311232
0.005	3.4000000000000004	1915.5421836945081
0.005	3.5	1919.1719154575055
0.005	3.6	1922.7905674141005
0.005	3.7	1926.39819633119
0.005	3.8000000000000003	1929.9948586506912
0.005	3.9000000000000004	1933.5806104922528
0.005	4.	1937.1555076570512
0.005	4.1000000000000005	1940.7196056281139
0.005	4.2	1944.2729595752057
0.005	4.3	1947.8156243559993
0.005	4.4	1951.3476545178403
0.005	4.5	1954.869104302495
0.005	4.6000000000000005	1958.3800276460877
0.005	4.7	1961.8804781824535
0.005	4.800000000000001	1965.3705092458372
0.005	4.9	1968.8501738728753
0.005	5.	1972.3195248036573
0.005	5.1000000000000005	1975.778614486189
0.005	5.2	1979.2274950762207
0.005	5.300000000000001	1982.6662184412364
0.005	5.4	1986.0948361615492
0.005	5.5	1989.513399532325
0.005	5.6000000000000005	1992.9219595662732
0.005	5.7	1996.3205669951174
0.005	5.800000000000001	1999.709272271953
0.005	5.9	2003.0881255724842
0.005	6.	2006.4571767976731
0.005	6.1000000000000005	2009.8164755763362
0.005	6.2	2013.1660712650705
0.005	6.300000000000001	2016.5060129513622
0.005	6.4	2019.8363494556088
0.005	6.5	2023.1571293323482
0.005	6.6000000000000005	2026.4684008722481
0.005	6.7	2029.7702121044185
0.005	6.800000000000001	2033.062610796397
0.005	6.9	2036.3456444583157
0.005	7.	2039.6193603429283
0.005	7.1000000000000005	2042.8838054477071
0.005	7.2	2046.1390265161658
0.005	7.300000000000001	2049.385070040715
0.005	7.4	2052.621982262728
0.005	7.5	2055.849809175071
0.005	7.6000000000000005	2059.0685965235284
0.005	7.7	2062.278389808223
0.005	7.800000000000001	2065.4792342853434
0.005	7.9	2068.6711749682167
0.005	8.	2071.8542566295087
0.005	8.1	2075.0285238025203
0.005	8.200000000000001	2078.194020782016
0.005	8.3	2081.350791626561
0.005	8.4	2084.498880159335
0.005	8.5	2087.6383299703393
0.005	8.6	2090.7691844170326
0.005	8.700000000000001	2093.891486625261
0.005	8.8	2097.0052794930625
0.005	8.9	2100.110605688533
0.005	9.	2103.207507654398
0.005	9.1	2106.296027607157
0.005	9.200000000000001	2109.376207539748
0.005	9.3	2112.448089222091
0.005	9.4	2115.511714202707
0.005	9.5	2118.567123810075
0.005	9.600000000000001	2121.6143591540135
0.005	9.700000000000001	2124.653461125791
0.005	9.8	2127.6844704019363
0.005	9.9	2130.7074274422357
0.005	10.	2133.72237249364
0.005	10.100000000000001	2136.7293455905356
0.005	10.200000000000001	2139.728386555451
0.005	10.3	2142.7195350007014
0.005	10.4	2145.702830329719
0.005	10.5	2148.678311738493
0.005	10.600000000000001	2151.6460182155092
0.005	10.700000000000001	2154.60598854457
0.005	10.8	2157.5582613051606
0.005	10.9	2160.5028748725013
0.005	11.	2163.4398674209356
0.005	11.100000000000001	2166.3692769230847
0.005	11.200000000000001	2169.291141152499
0.005	11.3	2172.205497683309
0.005	11.4	2175.1123838924514
0.005	11.5	2178.0118369598986
0.005	11.600000000000001	2180.9038938708286
0.005	11.700000000000001	2183.788591415315
0.005	11.8	2186.6659661905364
0.005	11.9	2189.536054601879
0.005	12.	2192.3988928619874
0.005	12.100000000000001	2195.2545169953137
0.005	12.200000000000001	2198.1029628357683
0.005	12.3	2200.9442660294712
0.005	12.4	2203.778462035836
0.005	12.5	2206.6055861276736
0.005	12.600000000000001	2209.425673393189
0.005	12.700000000000001	2212.2387587358157
0.005	12.8	2215.044876876968
0.005	12.9	2217.844062354907
0.005	13.	2220.6363495272276
0.005	13.100000000000001	2223.4217725713497
0.005	13.200000000000001	2226.2003654853893
0.005	13.3	2228.9721620893706
0.005	13.4	2231.737196025915
0.005	13.5	2234.49550076118
0.005	13.600000000000001	2237.2471095860847
0.005	13.700000000000001	2239.992055617094
0.005	13.8	2242.7303717967593
0.005	13.9	2245.4620908949755
0.005	14.	2248.18724551075
0.005	14.100000000000001	2250.905868071551
0.005	14.200000000000001	2253.617990834588
0.005	14.3	2256.3236458888505
0.005	14.4	2259.0228651550947
0.005	14.5	2261.715680385677
0.005	14.600000000000001	2264.402123168273
0.005	14.700000000000001	2267.0822249238518
0.005	14.8	2269.756016909526
0.005	14.9	2272.4235302178754
0.005	15.	2275.0847957792394
0.005	15.100000000000001	2277.7398443611696
0.005	15.200000000000001	2280.3887065711306
0.005	15.3	2283.0314128550535
0.005	15.4	2285.667993499897
0.005	15.5	2288.2984786340817
0.005	15.600000000000001	2290.922898228254
0.005	15.700000000000001	2293.5412820948504
0.005	15.8	2296.153659892035
0.005	15.9	2298.760061120709
0.005	16.	2301.3605151286692
0.005	16.1	2303.9550511085013
0.005	16.2	2306.543698101195
0.005	16.3	2309.1264849944946
0.005	16.400000000000002	2311.703440525469
0.005	16.5	2314.2745932800335
0.005	16.6	2316.839971694486
0.005	16.7	2319.3996040564684
0.005	16.8	2321.9535185050413
0.005	16.900000000000002	2324.5017430310286
0.005	17.	2327.044305480082
0.005	17.1	2329.581233550445
0.005	17.2	2332.112554795987
0.005	17.3	2334.6382966259202
0.005	17.400000000000002	2337.1584863056314
0.005	17.5	2339.6731509575347
0.005	17.6	2342.1823175621485
0.005	17.7	2344.686012957917
0.005	17.8	2347.184263843448
0.005	17.900000000000002	2349.677096776454
0.005	18.	2352.1645381758008
0.005	18.1	2354.6466143216458
0.005	18.2	2357.123351356738
0.005	18.3	2359.5947752859397
0.005	18.400000000000002	2362.060911978416
0.005	18.5	2364.5217871671766
0.005	18.6	2366.9774264504294
0.005	18.7	2369.427855292295
0.005	18.8	2371.8730990228396
0.005	18.900000000000002	2374.3131828396217
0.005	19.	2376.748131807621
0.005	19.1	2379.177970860749
0.005	19.200000000000003	2381.6027248018213
0.005	19.3	2384.0224183035943
0.005	19.400000000000002	2386.437075909163
0.005	19.5	2388.8467220328566
0.005	19.6	2391.2513809613124
0.005	19.700000000000003	2393.65107685297
0.005	19.8	2396.045833740164
0.005	19.900000000000002	2398.4356755287627
0.005	20.	2400.8206259989074
0.005	20.1	2403.200708806459
0.005	20.200000000000003	2405.575947482972
0.005	20.3	2407.946365435841
0.005	20.400000000000002	2410.311985950555
0.005	20.5	2412.672832189594
0.005	20.6	2415.0289271942393
0.005	20.700000000000003	2417.3802938846466
0.005	20.8	2419.7269550607443
0.005	20.900000000000002	2422.0689334026765
0.005	21.	2424.406251471397
0.005	21.1	2426.7389317096117
0.005	21.200000000000003	2429.066996442213
0.005	21.3	2431.390467876583
0.005	21.400000000000002	2433.709368103788
0.005	21.5	2436.023719098778
0.005	21.6	2438.3335427212874
0.005	21.700000000000003	2440.638860715754
0.005	21.8	2442.9396947130085
0.005	21.900000000000002	2445.2360662299784
0.005	22.	2447.527996670865
0.005	22.1	2449.815507327239
0.005	22.200000000000003	2452.0986193789
0.005	22.3	2454.377353894419
0.005	22.400000000000002	2456.651731832072
0.005	22.5	2458.9217740395356
0.005	22.6	2461.187501255385
0.005	22.700000000000003	2463.4489341092826
0.005	22.8	2465.706093122293
0.005	22.900000000000002	2467.9589987083073
0.005	23.	2470.20767117328
0.005	23.1	2472.452130717013
0.005	23.200000000000003	2474.692397433431
0.005	23.3	2476.9284913103543
0.005	23.400000000000002	2479.1604322313065
0.005	23.5	2481.388239974969
0.005	23.6	2483.611934216481
0.005	23.700000000000003	2485.8315345274477
0.005	23.8	2488.047060376733
0.005	23.900000000000002	2490.2585311313596
0.005	24.	2492.4659660564726
0.005	24.1	2494.6693843159946
0.005	24.200000000000003	2496.868804973426
0.005	24.3	2499.0642469921695
0.005	24.400000000000002	2501.255729236003
0.005	24.5	2503.443270469719
0.005	24.6	2505.6268893601496
0.005	24.700000000000003	2507.8066044753955
0.005	24.8	2509.982434286577
0.005	24.900000000000002	2512.1543971679557
0.005	25.	2514.322511397082
0.005	25.1	2516.4867951560977
0.005	25.200000000000003	2518.647266531451
0.005	25.3	2520.8039435145765
0.005	25.400000000000002	2522.956844002998
0.005	25.5	2525.105985799978
0.005	25.6	2527.251386615832
0.005	25.700000000000003	2529.3930640675057
0.005	25.8	2531.531035680205
0.005	25.900000000000002	2533.6653188866317
0.005	26.	2535.7959310282995
0.005	26.1	2537.9228893562677
0.005	26.200000000000003	2540.0462110307863
0.005	26.3	2542.1659131221995
0.005	26.400000000000002	2544.282012611301
0.005	26.5	2546.394526390085
0.005	26.6	2548.5034712623365
0.005	26.700000000000003	2550.608863943347
0.005	26.8	2552.7107210611116
0.005	26.900000000000002	2554.809059156454
0.005	27.	2556.9038946834726
0.005	27.1	2558.9952440103903
0.005	27.200000000000003	2561.083123419766
0.005	27.3	2563.1675491086894
0.005	27.400000000000002	2565.2485371894136
0.005	27.5	2567.3261036902786
0.005	27.6	2569.400264555509
0.005	27.700000000000003	2571.471035645751
0.005	27.8	2573.538432739119
0.005	27.900000000000002	2575.602471530903
0.005	28.	2577.6631676343413
0.005	28.1	2579.720536580943
0.005	28.200000000000003	2581.774593821478
0.005	28.3	2583.825354725485
0.005	28.400000000000002	2585.8728345825925
0.005	28.5	2587.9170486017824
0.005	28.6	2589.958011913593
0.005	28.700000000000003	2591.995739568835
0.005	28.8	2594.030246539941
0.005	28.900000000000002	2596.061547721087
0.005	29.	2598.0896579286355
0.005	29.1	2600.1145919020164
0.005	29.200000000000003	2602.136364303255
0.005	29.3	2604.15498971805
0.005	29.400000000000002	2606.1704826560135
0.005	29.5	2608.182857551098
0.005	29.6	2610.1921287618816
0.005	29.700000000000003	2612.1983105723393
0.005	29.8	2614.2014171914834
0.005	29.900000000000002	2616.2014627549247
0.005	30.	2618.1984613238706
0.005	30.1	2620.192426886908
0.005	30.200000000000003	2622.1833733595677
0.005	30.3	2624.1713145847893
0.005	30.400000000000002	2626.1562643334264
0.005	30.5	2628.138236304917
0.005	30.6	2630.1172441270496
0.005	30.700000000000003	2632.0933013568556
0.005	30.8	2634.0664214808257
0.005	30.900000000000002	2636.036617915346
0.005	31.	2638.00390400724
0.005	31.1	2639.9682930335007
0.005	31.200000000000003	2641.9297982021885
0.005	31.3	2643.8884326533553
0.005	31.400000000000002	2645.844209457715
0.005	31.5	2647.7971416192645
0.005	31.6	2649.7472420735185
0.005	31.700000000000003	2651.694523689372
0.005	31.8	2653.6389992685795
0.005	31.900000000000002	2655.5806815469728
0.005	32.	2657.5195831940086
0.005	32.1	2659.455716813081
0.005	32.2	2661.3890949428496
0.005	32.300000000000004	2663.3197300568067
0.005	32.4	2665.2476345633568
0.005	32.5	2667.1728208074114
0.005	32.6	2669.0953010692538
0.005	32.7	2671.015087566071
0.005	32.800000000000004	2672.9321924511696
0.005	32.9	2674.846627815748
0.005	33.	2676.7584056878313
0.005	33.1	2678.667538033493
0.005	33.2	2680.574036756895
0.005	33.300000000000004	2682.4779137007718
0.005	33.4	2684.37918064642
0.005	33.5	2686.2778493144037
0.005	33.6	2688.173931364636
0.005	33.7	2690.067438396976
0.005	33.800000000000004	2691.9583819512595
0.005	33.9	2693.8467735081463
0.005	34.	2695.7326244884453
0.005	34.1	2697.615946254516
0.005	34.2	2699.4967501099763
0.005	34.300000000000004	2701.3750473001055
0.005	34.4	2703.250849012476
0.005	34.5	2705.1241663768847
0.005	34.6	2706.9950104656086
0.005	34.7	2708.8633922944227
0.005	34.800000000000004	2710.729322821966
0.005	34.9	2712.592812950675
0.005	35.	2714.453873526756
0.005	35.1	2716.312515340945
0.005	35.2	2718.1687491283833
0.005	35.300000000000004	2720.022585568869
0.005	35.4	2721.874035287479
0.005	35.5	2723.723108854716
0.005	35.6	2725.5698167872515
0.005	35.7	2727.414169546929
0.005	35.800000000000004	2729.256177542525
0.005	35.9	2731.0958511294007
0.005	36.	2732.9332006094846
0.005	36.1	2734.7682362325704
0.005	36.2	2736.6009681951828
0.005	36.300000000000004	2738.431406642266
0.005	36.4	2740.2595616663343
0.005	36.5	2742.085443308443
0.005	36.6	2743.9090615585337
0.005	36.7	2745.730426355075
0.005	36.800000000000004	2747.5495475861226
0.005	36.9	2749.3664350886797
0.005	37.	2751.181098650148
0.005	37.1	2752.9935480070876
0.005	37.2	2754.803792847418
0.005	37.300000000000004	2756.6118428088425
0.005	37.4	2758.417707480183
0.005	37.5	2760.221396401329
0.005	37.6	2762.022919063605
0.005	37.7	2763.8222849099684
0.005	37.800000000000004	2765.6195033349245
0.005	37.9	2767.4145836859434
0.005	38.	2769.207535261952
0.005	38.1	2770.998367315509
0.005	38.2	2772.7870890515414
0.005	38.300000000000004	2774.573709628079
0.005	38.400000000000006	2776.3582381572355
0.005	38.5	2778.1406837042136
0.005	38.6	2779.9210552886607
0.005	38.7	2781.699361884048
0.005	38.800000000000004	2783.4756124184273
0.005	38.900000000000006	2785.249815774918
0.005	39.	2787.021980791093
0.005	39.1	2788.792116260182
0.005	39.2	2790.560230930574
0.005	39.300000000000004	2792.3263335066395
0.005	39.400000000000006	2794.0904326483233
0.005	39.5	2795.8525369720237
0.005	39.6	2797.6126550504937
0.005	39.7	2799.370795413418
0.005	39.800000000000004	2801.1269665466366
0.005	39.900000000000006	2802.8811768941864
0.005	40.	2804.6334348564646
0.0075	0.	1777.2942355784742
0.0075	0.1	1781.3056996690557
0.0075	0.2	1785.3040242705365
0.0075	0.30000000000000004	1789.2892792594798
0.0075	0.4	1793.2615340587477
0.0075	0.5	1797.220857641093
0.0075	0.6000000000000001	1801.1673185353627
0.0075	0.7000000000000001	1805.1009848308015
0.0075	0.8	1809.0219241817008
0.0075	0.9	1812.9302038120516
0.0075	1.	1816.8258905202583
0.0075	1.1	1820.7090506835652
0.0075	1.2000000000000002	1824.5797502617886
0.0075	1.3	1828.438054802588
0.0075	1.4000000000000001	1832.2840294450223
0.0075	1.5	1836.1177389239492
0.0075	1.6	1839.9392475737006
0.0075	1.7000000000000002	1843.748619331982
0.0075	1.8	1847.5459177446778
0.0075	1.9000000000000001	1851.3312059681762
0.0075	2.	1855.1045467745998
0.0075	2.1	1858.8660025542604
0.0075	2.2	1862.6156353200308
0.0075	2.3000000000000003	1866.3535067103082
0.0075	2.4000000000000004	1870.079677993236
0.0075	2.5	1873.7942100691364
0.0075	2.6	1877.4971634744406
0.0075	2.7	1881.1885983853342
0.0075	2.8000000000000003	1884.8685746197202
0.0075	2.9000000000000004	1888.5371516423118
0.0075	3.	1892.1943885654293
0.0075	3.1	1895.8403441540847
0.0075	3.2	1899.4750768277568
0.0075	3.3000000000000003	1903.0986446640825
0.0075	3.4000000000000004	1906.7111054009902
0.0075	3.5	1910.3125164406943
0.0075	3.6	1913.90293485142
0.0075	3.7	1917.4824173703134
0.0075	3.8000000000000003	1921.0510204067493
0.0075	3.9000000000000004	1924.608800044882
0.0075	4.	1928.1558120456696
0.0075	4.1000000000000005	1931.6921118503917
0.0075	4.2	1935.217754581996
0.0075	4.3	1938.7327950490403
0.0075	4.4	1942.2372877471057
0.0075	4.5	1945.7312868612173
0.0075	4.6000000000000005	1949.2148462697053
0.0075	4.7	1952.6880195441365
0.0075	4.800000000000001	1956.1508599539754
0.0075	4.9	1959.603420467377
0.0075	5.	1963.045753754184
0.0075	5.1000000000000005	1966.4779121875592
0.0075	5.2	1969.8999478468984
0.0075	5.300000000000001	1973.311912519502
0.0075	5.4	1976.7138577031787
0.0075	5.5	1980.105834607638
0.0075	5.6000000000000005	1983.4878941570284
0.0075	5.7	1986.860086991943
0.0075	5.800000000000001	1990.222463471211
0.0075	5.9	1993.575073674686
0.0075	6.	1996.9179674038207
0.0075	6.1000000000000005	2000.2511941852342
0.0075	6.2	2003.5748032710692
0.0075	6.300000000000001	2006.8888436419516
0.0075	6.4	2010.193364008375
0.0075	6.5	2013.4884128130207
0.0075	6.6000000000000005	2016.7740382316845
0.0075	6.7	2020.0502881763487
0.0075	6.800000000000001	2023.3172102952612
0.0075	6.9	2026.5748519762362
0.0075	7.	2029.823260348218
0.0075	7.1000000000000005	2033.0624822819952
0.0075	7.2	2036.2925643923106
0.0075	7.300000000000001	2039.5135530400853
0.0075	7.4	2042.7254943337382
0.0075	7.5	2045.9284341304035
0.0075	7.6000000000000005	2049.1224180383765
0.0075	7.7	2052.3074914179256
0.0075	7.800000000000001	2055.483699383071
0.0075	7.9	2058.6510868032196
0.0075	8.	2061.8096983053556
0.0075	8.1	2064.95957827418
0.0075	8.200000000000001	2068.1007708545753
0.0075	8.3	2071.233319953473
0.0075	8.4	2074.35726924002
0.0075	8.5	2077.4726621479977
0.0075	8.6	2080.5795418770526
0.0075	8.700000000000001	2083.677951394757
0.0075	8.8	2086.76793343666
0.0075	8.9	2089.8495305081865
0.0075	9.	2092.9227848871656
0.0075	9.1	2095.98773862364
0.0075	9.200000000000001	2099.0444335423754
0.0075	9.3	2102.0929112433123
0.0075	9.4	2105.1332131036247
0.0075	9.5	2108.1653802781943
0.0075	9.600000000000001	2111.189453702342
0.0075	9.700000000000001	2114.2054740917306
0.0075	9.8	2117.213481943602
0.0075	9.9	2120.2135175400063
0.0075	10.	2123.205620946483
0.0075	10.100000000000001	2126.189832015183
0.0075	10.200000000000001	2129.1661903849886
0.0075	10.3	2132.1347354832997
0.0075	10.4	2135.095506527523
0.0075	10.5	2138.048542525171
0.0075	10.600000000000001	2140.9938822766467
0.0075	10.700000000000001	2143.931564374752
0.0075	10.8	2146.861627207712
0.0075	10.9	2149.7841089579224
0.0075	11.	2152.699047605367
0.0075	11.100000000000001	2155.6064809282807
0.0075	11.200000000000001	2158.5064465031837
0.0075	11.3	2161.398981706989
0.0075	11.4	2164.284123717704
0.0075	11.5	2167.161909516123
0.0075	11.600000000000001	2170.0323758863397
0.0075	11.700000000000001	2172.8955594165104
0.0075	11.8	2175.75149650166
0.0075	11.9	2178.6002233423196
0.0075	12.	2181.4417759476946
0.0075	12.100000000000001	2184.2761901349836
0.0075	12.200000000000001	2187.1035015324014
0.0075	12.3	2189.9237455782663
0.0075	12.4	2192.7369575235757
0.0075	12.5	2195.5431724319014
0.0075	12.600000000000001	2198.3424251809847
0.0075	12.700000000000001	2201.134750463945
0.0075	12.8	2203.9201827897864
0.0075	12.9	2206.6987564848177
0.0075	13.	2209.4705056928947
0.0075	13.100000000000001	2212.235464377404
0.0075	13.200000000000001	2214.993666322358
0.0075	13.3	2217.7451451315205
0.0075	13.4	2220.4899342320045
0.0075	13.5	2223.228066872981
0.0075	13.600000000000001	2225.9595761280443
0.0075	13.700000000000001	2228.6844948958856
0.0075	13.8	2231.4028559000008
0.0075	13.9	2234.1146916922203
0.0075	14.	2236.820034650744
0.0075	14.100000000000001	2239.5189169829214
0.0075	14.200000000000001	2242.2113707255053
0.0075	14.3	2244.897427746466
0.0075	14.4	2247.577119744252
0.0075	14.5	2250.250478249958
0.0075	14.600000000000001	2252.9175346275015
0.0075	14.700000000000001	2255.578320075658
0.0075	14.8	2258.232865627754
0.0075	14.9	2260.88120215231
0.0075	15.	2263.5233603559464
0.0075	15.100000000000001	2266.1593707816123
0.0075	15.200000000000001	2268.78926381094
0.0075	15.3	2271.4130696658726
0.0075	15.4	2274.030818407095
0.0075	15.5	2276.6425399377044
0.0075	15.600000000000001	2279.248264001193
0.0075	15.700000000000001	2281.84802018485
0.0075	15.8	2284.4418379192375
0.0075	15.9	2287.029746479446
0.0075	16.	2289.611774985053
0.0075	16.1	2292.187952402215
0.0075	16.2	2294.7583075442553
0.0075	16.3	2297.322869071255
0.0075	16.400000000000002	2299.881665492642
0.0075	16.5	2302.4347251665336
0.0075	16.6	2304.9820763011667
0.0075	16.7	2307.5237469557865
0.0075	16.8	2310.059765041002
0.0075	16.900000000000002	2312.5901583203386
0.0075	17.	2315.1149544099912
0.0075	17.1	2317.6341807803947
0.0075	17.2	2320.1478647568356
0.0075	17.3	2322.6560335199247
0.0075	17.400000000000002	2325.158714106592
0.0075	17.5	2327.6559334106687
0.0075	17.6	2330.1477181841165
0.0075	17.7	2332.63409503726
0.0075	17.8	2335.1150904395763
0.0075	17.900000000000002	2337.5907307208345
0.0075	18.	2340.0610420715084
0.0075	18.1	2342.5260505434208
0.0075	18.2	2344.9857820509324
0.0075	18.3	2347.440262371146
0.0075	18.400000000000002	2349.88951714481
0.0075	18.5	2352.333571877173
0.0075	18.6	2354.772451938809
0.0075	18.7	2357.206182565919
0.0075	18.8	2359.634788861289
0.0075	18.900000000000002	2362.058295795032
0.0075	19.	2364.4767282051375
0.0075	19.1	2366.8901107982315
0.0075	19.200000000000003	2369.2984681505095
0.0075	19.3	2371.7018247079404
0.0075	19.400000000000002	2374.10020478721
0.0075	19.5	2376.4936325768763
0.0075	19.6	2378.882132136921
0.0075	19.700000000000003	2381.2657274008584
0.0075	19.8	2383.644442174723
0.0075	19.900000000000002	2386.0183001395735
0.0075	20.	2388.3873248506
0.0075	20.1	2390.7515397389343
0.0075	20.200000000000003	2393.110968111415
0.0075	20.3	2395.4656331516503
0.0075	20.400000000000002	2397.8155579211375
0.0075	20.5	2400.1607653589385
0.0075	20.6	2402.501278282904
0.0075	20.700000000000003	2404.837119390479
0.0075	20.8	2407.168311258651
0.0075	20.900000000000002	2409.4948763458165
0.0075	21.	2411.8168369907917
0.0075	21.1	2414.1342154146923
0.0075	21.200000000000003	2416.447033721103
0.0075	21.3	2418.755313897076
0.0075	21.400000000000002	2421.0590778125575
0.0075	21.5	2423.3583472230366
0.0075	21.6	2425.653143767835
0.0075	21.700000000000003	2427.943488972859
0.0075	21.8	2430.229404249529
0.0075	21.900000000000002	2432.510910896649
0.0075	22.	2434.78803009978
0.0075	22.1	2437.060782933443
0.0075	22.200000000000003	2439.3291903598597
0.0075	22.3	2441.593273230941
0.0075	22.400000000000002	2443.853052288267
0.0075	22.5	2446.1085481638706
0.0075	22.6	2448.3597813809056
0.0075	22.700000000000003	2450.606772353742
0.0075	22.8	2452.849541389122
0.0075	22.900000000000002	2455.0881086866275
0.0075	23.	2457.3224943386576
0.0075	23.1	2459.552718331853
0.0075	23.200000000000003	2461.7788005472153
0.0075	23.3	2464.0007607608245
0.0075	23.400000000000002	2466.2186186440117
0.0075	23.5	2468.432393764294
0.0075	23.6	2470.6421055864457
0.0075	23.700000000000003	2472.847773471463
0.0075	23.8	2475.0494166786716
0.0075	23.900000000000002	2477.247054365973
0.0075	24.	2479.4407055894635
0.0075	24.1	2481.630389305246
0.0075	24.200000000000003	2483.816124369051
0.0075	24.3	2485.997929536936
0.0075	24.400000000000002	2488.1758234665967
0.0075	24.5	2490.349824716419
0.0075	24.6	2492.519951747544
0.0075	24.700000000000003	2494.6862229234534
0.0075	24.8	2496.848656510604
0.0075	24.900000000000002	2499.0072706795113
0.0075	25.	2501.162083504447
0.0075	25.1	2503.3131129646226
0.0075	25.200000000000003	2505.4603769442238
0.0075	25.3	2507.603893233395
0.0075	25.400000000000002	2509.743679528113
0.0075	25.5	2511.8797534314435
0.0075	25.6	2514.0121324534684
0.0075	25.700000000000003	2516.140834012144
0.0075	25.8	2518.2658754334966
0.0075	25.900000000000002	2520.387273952067
0.0075	26.	2522.5050467121564
0.0075	26.1	2524.619210767396
0.0075	26.200000000000003	2526.7297830814114
0.0075	26.3	2528.836780528991
0.0075	26.400000000000002	2530.940219895586
0.0075	26.5	2533.0401178784905
0.0075	26.6	2535.1364910872303
0.0075	26.700000000000003	2537.22935604371
0.0075	26.8	2539.318729182947
0.0075	26.900000000000002	2541.404626853538
0.0075	27.	2543.4870653180333
0.0075	27.1	2545.566060753494
0.0075	27.200000000000003	2547.6416292517333
0.0075	27.3	2549.7137868201107
0.0075	27.400000000000002	2551.782549381761
0.0075	27.5	2553.847932776188
0.0075	27.6	2555.909952759579
0.0075	27.700000000000003	2557.9686250053414
0.0075	27.8	2560.023965104539
0.0075	27.900000000000002	2562.0759885664606
0.0075	28.	2564.1247108185057
0.0075	28.1	2566.1701472076893
0.0075	28.200000000000003	2568.212312999901
0.0075	28.3	2570.251223381311
0.0075	28.400000000000002	2572.286893458097
0.0075	28.5	2574.3193382572063
0.0075	28.6	2576.3485727270286
0.0075	28.700000000000003	2578.374611737365
0.0075	28.8	2580.397470079883
0.0075	28.900000000000002	2582.4171624687406
0.0075	29.	2584.4337035413523
0.0075	29.1	2586.4471078580027
0.0075	29.200000000000003	2588.457389902665
0.0075	29.3	2590.4645640837757
0.0075	29.400000000000002	2592.468644733998
0.0075	29.5	2594.469646111193
0.0075	29.6	2596.467582398171
0.0075	29.700000000000003	2598.4624677040993
0.0075	29.8	2600.4543160637545
0.0075	29.900000000000002	2602.443141438814
0.0075	30.	2604.428957717892
0.0075	30.1	2606.4117787168593
0.0075	30.200000000000003	2608.391618179432
0.0075	30.3	2610.3684897772782
0.0075	30.400000000000002	2612.342407111191
0.0075	30.5	2614.313383710305
0.0075	30.6	2616.281433033369
0.0075	30.700000000000003	2618.2465684687027
0.0075	30.8	2620.2088033349955
0.0075	30.900000000000002	2622.168150881015
0.0075	31.	2624.1246242870343
0.0075	31.1	2626.078236663768
0.0075	31.200000000000003	2628.029001054023
0.0075	31.3	2629.9769304328406
0.0075	31.400000000000002	2631.9220377070615
0.0075	31.5	2633.864335716643
0.0075	31.6	2635.8038372345186
0.0075	31.700000000000003	2637.7405549672267
0.0075	31.8	2639.6745015547003
0.0075	31.900000000000002	2641.605689571865
0.0075	32.	2643.5341315273595
0.0075	32.1	2645.4598398653293
0.0075	32.2	2647.382826964946
0.0075	32.300000000000004	2649.3031051412922
0.0075	32.4	2651.2206866447914
0.0075	32.5	2653.13558366289
0.0075	32.6	2655.0478083195676
0.0075	32.7	2656.9573726754656
0.0075	32.800000000000004	2658.8642887290553
0.0075	32.9	2660.768568416193
0.0075	33.	2662.670223611107
0.0075	33.1	2664.5692661261533
0.0075	33.2	2666.465707712577
0.0075	33.300000000000004	2668.359560060735
0.0075	33.4	2670.250834800054
0.0075	33.5	2672.1395435003733
0.0075	33.6	2674.025697670819
0.0075	33.7	2675.9093087617302
0.0075	33.800000000000004	2677.790388163393
0.0075	33.9	2679.6689472079047
0.0075	34.	2681.54499716808
0.0075	34.1	2683.4185492587535
0.0075	34.2	2685.2896146368294
0.0075	34.300000000000004	2687.1582044016045
0.0075	34.4	2689.0243295946498
0.0075	34.5	2690.888001201072
0.0075	34.6	2692.749230148654
0.0075	34.7	2694.608027309418
0.0075	34.800000000000004	2696.464403498774
0.0075	34.9	2698.3183694768177
0.0075	35.	2700.1699359475037
0.0075	35.1	2702.019113560316
0.0075	35.2	2703.865912909545
0.0075	35.300000000000004	2705.7103445348152
0.0075	35.4	2707.5524189218236
0.0075	35.5	2709.3921465020217
0.0075	35.6	2711.229537653316
0.0075	35.7	2713.0646027002254
0.0075	35.800000000000004	2714.8973519141077
0.0075	35.9	2716.7277955135482
0.0075	36.	2718.555943664807
0.0075	36.1	2720.381806481664
0.0075	36.2	2722.205394026281
0.0075	36.300000000000004	2724.0267163088865
0.0075	36.4	2725.8457832886293
0.0075	36.5	2727.662604873225
0.0075	36.6	2729.477190920252
0.0075	36.7	2731.2895512361147
0.0075	36.800000000000004	2733.0996955772553
0.0075	36.9	2734.9076336500775
0.0075	37.	2736.713375111534
0.0075	37.1	2738.5169295687506
0.0075	37.2	2740.318306580397
0.0075	37.300000000000004	2742.117515655505
0.0075	37.4	2743.9145662550654
0.0075	37.5	2745.7094677913847
0.0075	37.6	2747.5022296291954
0.0075	37.7	2749.2928610846952
0.0075	37.800000000000004	2751.081371427219
0.0075	37.9	2752.867769878379
0.0075	38.	2754.6520656132893
0.0075	38.1	2756.434267759591
0.0075	38.2	2758.2143853992784
0.0075	38.300000000000004	2759.992427567179
0.0075	38.400000000000006	2761.7684032528905
0.0075	38.5	2763.5423214000316
0.0075	38.6	2765.3141909064384
0.0075	38.7	2767.0840206250905
0.0075	38.800000000000004	2768.851819364135
0.0075	38.900000000000006	2770.6175958862814
0.0075	39.	2772.381358910408
0.0075	39.1	2774.143117110968
0.0075	39.2	2775.9028791184346
0.0075	39.300000000000004	2777.66065351907
0.0075	39.400000000000006	2779.416448856315
0.0075	39.5	2781.1702736300895
0.0075	39.6	2782.9221362969834
0.0075	39.7	2784.6720452708255
0.0075	39.800000000000004	2786.4200089235387
0.0075	39.900000000000006	2788.166035583708
0.0075	40.	2789.910133538664
0.01	0.	1769.7603944558466
0.01	0.1	1773.7397768953501
0.01	0.2	1777.7060981716415
0.01	0.30000000000000004	1781.6594283143204
0.01	0.4	1785.5998368946184
0.01	0.5	1789.5273930292747
0.01	0.6000000000000001	1793.4421653863815
0.01	0.7000000000000001	1797.344222189084
0.01	0.8	1801.2336312215007
0.01	0.9	1805.110459832739
0.01	1.	1808.9747749416285
0.01	1.1	1812.826643041154
0.01	1.2000000000000002	1816.6661302029952
0.01	1.3	1820.4933020815818
0.01	1.4000000000000001	1824.3082239186563
0.01	1.5	1828.1109605467154
0.01	1.6	1831.901576394193
0.01	1.7000000000000002	1835.6801354882748
0.01	1.8	1839.4467014595298
0.01	1.9000000000000001	1843.2013375456334
0.01	2.	1846.944106595178
0.01	2.1	1850.6750710711015
0.01	2.2	1854.394293054
0.01	2.3000000000000003	1858.1018342472053
0.01	2.4000000000000004	1861.7977559781284
0.01	2.5	1865.4821192036643
0.01	2.6	1869.154984512218
0.01	2.7	1872.8164121275915
0.01	2.8000000000000003	1876.4664619126377
0.01	2.9000000000000004	1880.1051933710585
0.01	3.	1883.7326656526282
0.01	3.1	1887.3489375542392
0.01	3.2	1890.9540675243004
0.01	3.3000000000000003	1894.5481136652122
0.01	3.4000000000000004	1898.131133736482
0.01	3.5	1901.7031851573431
0.01	3.6	1905.2643250100548
0.01	3.7	1908.8146100422366
0.01	3.8000000000000003	1912.3540966700152
0.01	3.9000000000000004	1915.882840980213
0.01	4.	1919.4008987338477
0.01	4.1000000000000005	1922.908325367695
0.01	4.2	1926.4051759984993
0.01	4.3	1929.8915054230845
0.01	4.4	1933.3673681233997
0.01	4.5	1936.8328182671435
0.01	4.6000000000000005	1940.2879097118064
0.01	4.7	1943.7326960050252
0.01	4.800000000000001	1947.1672303888656
0.01	4.9	1950.5915658016315
0.01	5.	1954.0057548788463
0.01	5.1000000000000005	1957.4098499576066
0.01	5.2	1960.8039030772702
0.01	5.300000000000001	1964.1879659826523
0.01	5.4	1967.5620901253762
0.01	5.5	1970.9263266664598
0.01	5.6000000000000005	1974.2807264779185
0.01	5.7	1977.6253401462586
0.01	5.800000000000001	1980.9602179725696
0.01	5.9	1984.2854099760405
0.01	6.	1987.6009658948876
0.01	6.1000000000000005	1990.9069351900444
0.01	6.2	1994.2033670442593
0.01	6.300000000000001	1997.4903103674312
0.01	6.4	2000.7678137952532
0.01	6.5	2004.0359256940424
0.01	6.6000000000000005	2007.2946941598252
0.01	6.7	2010.544167022204
0.01	6.800000000000001	2013.7843918457872
0.01	6.9	2017.0154159308315
0.01	7.	2020.2372863163089
0.01	7.1000000000000005	2023.4500497812553
0.01	7.2	2026.6537528464123
0.01	7.300000000000001	2029.8484417751656
0.01	7.4	2033.0341625771107
0.01	7.5	2036.210961007536
0.01	7.6000000000000005	2039.3788825713434
0.01	7.7	2042.537972521887
0.01	7.800000000000001	2045.6882758657716
0.01	7.9	2048.8298373613616
0.01	8.	2051.962701523044
0.01	8.1	2055.0869126203543
0.01	8.200000000000001	2058.202514681824
0.01	8.3	2061.309551494714
0.01	8.4	2064.408066607407
0.01	8.5	2067.4981033308472
0.01	8.6	2070.5797047392116
0.01	8.700000000000001	2073.6529136724866
0.01	8.8	2076.717772737884
0.01	8.9	2079.7743243098857
0.01	9.	2082.8226105334643
0.01	9.1	2085.8626733238443
0.01	9.200000000000001	2088.8945543694103
0.01	9.3	2091.918295131781
0.01	9.4	2094.9339368482574
0.01	9.5	2097.941520532111
0.01	9.600000000000001	2100.941086975038
0.01	9.700000000000001	2103.932676747265
0.01	9.8	2106.9163302003813
0.01	9.9	2109.892087466586
0.01	10.	2112.8599884623854
0.01	10.100000000000001	2115.8200728879037
0.01	10.200000000000001	2118.7723802288924
0.01	10.3	2121.7169497587506
0.01	10.4	2124.6538205381057
0.01	10.5	2127.5830314173168
0.01	10.600000000000001	2130.504621037702
0.01	10.700000000000001	2133.4186278316115
0.01	10.8	2136.3250900247035
0.01	10.9	2139.2240456374634
0.01	11.	2142.1155324850997
0.01	11.100000000000001	2144.9995881794216
0.01	11.200000000000001	2147.8762501303063
0.01	11.3	2150.745555545951
0.01	11.4	2153.6075414353913
0.01	11.5	2156.4622446080016
0.01	11.600000000000001	2159.309701675928
0.01	11.700000000000001	2162.1499490544265
0.01	11.8	2164.9830229641157
0.01	11.9	2167.8089594300623
0.01	12.	2170.627794284525
0.01	12.100000000000001	2173.439563168185
0.01	12.200000000000001	2176.244301529609
0.01	12.3	2179.0420446277353
0.01	12.4	2181.8328275329136
0.01	12.5	2184.616685127189
0.01	12.600000000000001	2187.3936521058044
0.01	12.700000000000001	2190.1637629776774
0.01	12.8	2192.9270520676555
0.01	12.9	2195.6835535165615
0.01	13.	2198.4333012824045
0.01	13.100000000000001	2201.176329141447
0.01	13.200000000000001	2203.9126706887946
0.01	13.3	2206.6423593406826
0.01	13.4	2209.3654283340015
0.01	13.5	2212.0819107276816
0.01	13.600000000000001	2214.7918394045582
0.01	13.700000000000001	2217.4952470707444
0.01	13.8	2220.1921662581353
0.01	13.9	2222.8826293245293
0.01	14.	2225.566668454832
0.01	14.100000000000001	2228.2443156614554
0.01	14.200000000000001	2230.9156027866334
0.01	14.3	2233.5805615017266
0.01	14.4	2236.239223308917
0.01	14.5	2238.8916195423667
0.01	14.600000000000001	2241.537781368758
0.01	14.700000000000001	2244.1777397886453
0.01	14.8	2246.8115256361175
0.01	14.9	2249.4391695816335
0.01	15.	2252.0607021311453
0.01	15.100000000000001	2254.6761536278345
0.01	15.200000000000001	2257.2855542535053
0.01	15.3	2259.888934027614
0.01	15.4	2262.486322810927
0.01	15.5	2265.0777503033305
0.01	15.600000000000001	2267.6632460472006
0.01	15.700000000000001	2270.2428394267995
0.01	15.8	2272.8165596696567
0.01	15.9	2275.384435847062
0.01	16.	2277.9464968755724
0.01	16.1	2280.502771517332
0.01	16.2	2283.0532883811643
0.01	16.3	2285.5980759228355
0.01	16.400000000000002	2288.137162446239
0.01	16.5	2290.67057610505
0.01	16.6	2293.1983449019867
0.01	16.7	2295.7204966908853
0.01	16.8	2298.2370591763624
0.01	16.900000000000002	2300.7480599161327
0.01	17.	2303.253526319976
0.01	17.1	2305.753485652276
0.01	17.2	2308.247965031668
0.01	17.3	2310.736991432026
0.01	17.400000000000002	2313.2205916837197
0.01	17.5	2315.698792473637
0.01	17.6	2318.171620346491
0.01	17.7	2320.6391017058368
0.01	17.8	2323.1012628137464
0.01	17.900000000000002	2325.558129792913
0.01	18.	2328.009728626342
0.01	18.1	2330.4560851586475
0.01	18.2	2332.897225096666
0.01	18.3	2335.3331740099434
0.01	18.400000000000002	2337.7639573321535
0.01	18.5	2340.1896003611128
0.01	18.6	2342.6101282597538
0.01	18.7	2345.0255660569287
0.01	18.8	2347.4359386481374
0.01	18.900000000000002	2349.8412707960006
0.01	19.	2352.241587131462
0.01	19.1	2354.636912154029
0.01	19.200000000000003	2357.0272702324155
0.01	19.3	2359.412685605852
0.01	19.400000000000002	2361.7931823840995
0.01	19.5	2364.1687845486977
0.01	19.6	2366.539515953099
0.01	19.700000000000003	2368.905400323851
0.01	19.8	2371.266461261085
0.01	19.900000000000002	2373.6227222390494
0.01	20.	2375.974206607133
0.01	20.1	2378.3209375901542
0.01	20.200000000000003	2380.662938289152
0.01	20.3	2383.000231682455
0.01	20.400000000000002	2385.3328406257533
0.01	20.5	2387.660787852682
0.01	20.6	2389.984095976478
0.01	20.700000000000003	2392.3027874894156
0.01	20.8	2394.616884763963
0.01	20.900000000000002	2396.9264100539863
0.01	21.	2399.2313854943072
0.01	21.1	2401.5318331019494
0.01	21.200000000000003	2403.8277747771276
0.01	21.3	2406.119232302745
0.01	21.400000000000002	2408.40622734663
0.01	21.5	2410.6887814603383
0.01	21.6	2412.9669160815693
0.01	21.700000000000003	2415.24065253318
0.01	21.8	2417.510012025028
0.01	21.900000000000002	2419.775015653896
0.01	22.	2422.0356844044127
0.01	22.1	2424.292039149313
0.01	22.200000000000003	2426.544100650591
0.01	22.3	2428.79188955959
0.01	22.400000000000002	2431.0354264178395
0.01	22.5	2433.2747316574673
0.01	22.6	2435.5098256020433
0.01	22.700000000000003	2437.740728467313
0.01	22.8	2439.967460360986
0.01	22.900000000000002	2442.1900412843675
0.01	23.	2444.408491131847
0.01	23.1	2446.6228296925724
0.01	23.200000000000003	2448.833076650285
0.01	23.3	2451.039251584239
0.01	23.400000000000002	2453.2413739691447
0.01	23.5	2455.4394631767523
0.01	23.6	2457.633538475776
0.01	23.700000000000003	2459.823619032288
0.01	23.8	2462.0097239109637
0.01	23.900000000000002	2464.191872074657
0.01	24.	2466.370082385942
0.01	24.1	2468.5443736071284
0.01	24.200000000000003	2470.7147644008373
0.01	24.3	2472.8812733306313
0.01	24.400000000000002	2475.0439188613846
0.01	24.5	2477.2027193601493
0.01	24.6	2479.3576930964086
0.01	24.700000000000003	2481.5088582426984
0.01	24.8	2483.6562328752057
0.01	24.900000000000002	2485.799834974119
0.01	25.	2487.93968242419
0.01	25.1	2490.0757930155355
0.01	25.200000000000003	2492.208184443678
0.01	25.3	2494.3368743105443
0.01	25.400000000000002	2496.461880124446
0.01	25.5	2498.58321930123
0.01	25.6	2500.7009091642803
0.01	25.700000000000003	2502.8149669450986
0.01	25.8	2504.9254097839503
0.01	25.900000000000002	2507.0322547305072
0.01	26.	2509.1355187437002
0.01	26.1	2511.2352186928965
0.01	26.200000000000003	2513.331371358362
0.01	26.3	2515.4239934311036
0.01	26.400000000000002	2517.5131015139677
0.01	26.5	2519.5987121222142
0.01	26.6	2521.6808416830872
0.01	26.700000000000003	2523.759506537586
0.01	26.8	2525.8347229397987
0.01	26.900000000000002	2527.9065070580577
0.01	27.	2529.974874975328
0.01	27.1	2532.039842689221
0.01	27.200000000000003	2534.1014261130485
0.01	27.3	2536.159641075921
0.01	27.400000000000002	2538.2145033234847
0.01	27.5	2540.2660285178595
0.01	27.6	2542.314232238891
0.01	27.700000000000003	2544.3591299838386
0.01	27.8	2546.400737168359
0.01	27.900000000000002	2548.4390691263998
0.01	28.	2550.474141111482
0.01	28.1	2552.505968296197
0.01	28.200000000000003	2554.5345657733774
0.01	28.3	2556.5599485561947
0.01	28.400000000000002	2558.5821315787553
0.01	28.5	2560.601129696232
0.01	28.6	2562.616957685718
0.01	28.700000000000003	2564.6296302461847
0.01	28.8	2566.6391619993583
0.01	28.900000000000002	2568.6455674902236
0.01	29.	2570.6488611866016
0.01	29.1	2572.649057480578
0.01	29.200000000000003	2574.6461706883774
0.01	29.3	2576.6402150507574
0.01	29.400000000000002	2578.6312047339425
0.01	29.5	2580.6191538293224
0.01	29.6	2582.60407635419
0.01	29.700000000000003	2584.585986252295
0.01	29.8	2586.5648973942316
0.01	29.900000000000002	2588.540823577486
0.01	30.	2590.5137785271636
0.01	30.1	2592.4837758961935
0.01	30.200000000000003	2594.4508292661467
0.01	30.3	2596.414952147007
0.01	30.400000000000002	2598.3761579778884
0.01	30.5	2600.3344601275967
0.01	30.6	2602.2898718946703
0.01	30.700000000000003	2604.2424065080622
0.01	30.8	2606.1920771272903
0.01	30.900000000000002	2608.138896842932
0.01	31.	2610.0828786770803
0.01	31.1	2612.024035583442
0.01	31.200000000000003	2613.9623804481485
0.01	31.3	2615.89792608965
0.01	31.400000000000002	2617.830685259605
0.01	31.5	2619.760670642799
0.01	31.6	2621.687894857632
0.01	31.700000000000003	2623.612370456594
0.01	31.8	2625.534109926646
0.01	31.900000000000002	2627.4531256896375
0.01	32.	2629.369430102
0.01	32.1	2631.2830354563653
0.01	32.2	2633.1939539806062
0.01	32.300000000000004	2635.102197839154
0.01	32.4	2637.0077791329218
0.01	32.5	2638.910709899511
0.01	32.6	2640.811002113993
0.01	32.7	2642.708667688992
0.01	32.800000000000004	2644.603718475023
0.01	32.9	2646.496166260841
0.01	33.	2648.3860227739196
0.01	33.1	2650.2732996806362
0.01	33.2	2652.1580085867
0.01	33.300000000000004	2654.0401610374884
0.01	33.4	2655.9197685182135
0.01	33.5	2657.7968424545215
0.01	33.6	2659.6713942125284
0.01	33.7	2661.5434350996547
0.01	33.800000000000004	2663.4129763641827
0.01	33.9	2665.2800291962367
0.01	34.	2667.144604727946
0.01	34.1	2669.006714033446
0.01	34.2	2670.866368129609
0.01	34.300000000000004	2672.723577976281
0.01	34.4	2674.578354476506
0.01	34.5	2676.4307084764077
0.01	34.6	2678.280650766559
0.01	34.7	2680.1281920815354
0.01	34.800000000000004	2681.973343100143
0.01	34.9	2683.8161144459855
0.01	35.	2685.656516687866
0.01	35.1	2687.494560340046
0.01	35.2	2689.330255862108
0.01	35.300000000000004	2691.1636136601205
0.01	35.4	2692.994644086031
0.01	35.5	2694.82335743847
0.01	35.6	2696.649763962876
0.01	35.7	2698.4738738521014
0.01	35.800000000000004	2700.2956972460356
0.01	35.9	2702.115244232702
0.01	36.	2703.9325248480704
0.01	36.1	2705.7475490764773
0.01	36.2	2707.5603268504483
0.01	36.300000000000004	2709.3708680520995
0.01	36.4	2711.179182512078
0.01	36.5	2712.985280010923
0.01	36.6	2714.7891702787024
0.01	36.7	2716.5908629956143
0.01	36.800000000000004	2718.3903677921044
0.01	36.9	2720.187694249104
0.01	37.	2721.9828518985396
0.01	37.1	2723.775850223402
0.01	37.2	2725.5666986579427
0.01	37.300000000000004	2727.355406588418
0.01	37.4	2729.141983352488
0.01	37.5	2730.926438240277
0.01	37.6	2732.70878049463
0.01	37.7	2734.4890193106335
0.01	37.800000000000004	2736.267163836495
0.01	37.9	2738.0432231739255
0.01	38.	2739.8172063778306
0.01	38.1	2741.5891224568963
0.01	38.2	2743.3589803740515
0.01	38.300000000000004	2745.1267890461254
0.01	38.400000000000006	2746.892557344902
0.01	38.5	2748.656294096557
0.01	38.6	2750.4180080824954
0.01	38.7	2752.177708039235
0.01	38.800000000000004	2753.9354026589517
0.01	38.900000000000006	2755.691100589567
0.01	39.	2757.4448104348194
0.01	39.1	2759.196540755038
0.01	39.2	2760.9463000667242
0.01	39.300000000000004	2762.694096843313
0.01	39.400000000000006	2764.4399395149544
0.01	39.5	2766.183836469349
0.01	39.6	2767.925796051357
0.01	39.7	2769.665826563703
0.01	39.800000000000004	2771.403936266956
0.01	39.900000000000006	2773.1401333797567
0.01	40.	2774.8744260792273
0.0125	0.	1762.5010020431102
0.0125	0.1	1766.4474345594217
0.0125	0.2	1770.3808769174145
0.0125	0.30000000000000004	1774.3013993490017
0.0125	0.4	1778.209071620918
0.0125	0.5	1782.1039630418259
0.0125	0.6000000000000001	1785.9861424653907
0.0125	0.7000000000000001	1789.8556782965304
0.0125	0.8	1793.7126384956755
0.0125	0.9	1797.55709058345
0.0125	1.	1801.3891016450611
0.0125	1.1	1805.2087383356034
0.0125	1.2000000000000002	1809.0160668837702
0.0125	1.3	1812.8111530962672
0.0125	1.4000000000000001	1816.5940623624933
0.0125	1.5	1820.3648596578435
0.0125	1.6	1824.123609549252
0.0125	1.7000000000000002	1827.8703761977708
0.0125	1.8	1831.6052233631865
0.0125	1.9000000000000001	1835.3282144081409
0.0125	2.	1839.0394123008557
0.0125	2.1	1842.738879620865
0.0125	2.2	1846.4266785601606
0.0125	2.3000000000000003	1850.1028709288764
0.0125	2.4000000000000004	1853.7675181575914
0.0125	2.5	1857.4206813018598
0.0125	2.6	1861.0624210442757
0.0125	2.7	1864.6927976991842
0.0125	2.8000000000000003	1868.3118712149892
0.0125	2.9000000000000004	1871.9197011778053
0.0125	3.	1875.5163468146684
0.0125	3.1	1879.101866996828
0.0125	3.2	1882.6763202422858
0.0125	3.3000000000000003	1886.2397647192086
0.0125	3.4000000000000004	1889.7922582493045
0.0125	3.5	1893.333858309741
0.0125	3.6	1896.8646220367807
0.0125	3.7	1900.3846062287942
0.0125	3.8000000000000003	1903.8938673479806
0.0125	3.9000000000000004	1907.3924615246672
0.0125	4.	1910.8804445588296
0.0125	4.1000000000000005	1914.3578719228326
0.0125	4.2	1917.8247987649768
0.0125	4.3	1921.281279910996
0.0125	4.4	1924.7273698668498
0.0125	4.5	1928.1631228223637
0.0125	4.6000000000000005	1931.5885926520184
0.0125	4.7	1935.0038329183276
0.0125	4.800000000000001	1938.408896874226
0.0125	4.9	1941.8038374648443
0.0125	5.	1945.188707330898
0.0125	5.1000000000000005	1948.5635588101723
0.0125	5.2	1951.928443939595
0.0125	5.300000000000001	1955.283414458354
0.0125	5.4	1958.6285218092085
0.0125	5.5	1961.9638171414595
0.0125	5.6000000000000005	1965.2893513123524
0.0125	5.7	1968.6051748898115
0.0125	5.800000000000001	1971.9113381541886
0.0125	5.9	1975.2078911002195
0.0125	6.	1978.4948834395486
0.0125	6.1000000000000005	1981.7723646021911
0.0125	6.2	1985.0403837385807
0.0125	6.300000000000001	1988.2989897223933
0.0125	6.4	1991.5482311508201
0.0125	6.5	1994.7881563481803
0.0125	6.6000000000000005	1998.0188133668494
0.0125	6.7	2001.240249989079
0.0125	6.800000000000001	2004.4525137297076
0.0125	6.9	2007.6556518365542
0.0125	7.	2010.8497112938364
0.0125	7.1000000000000005	2014.0347388225537
0.0125	7.2	2017.210780883295
0.0125	7.300000000000001	2020.3778836767756
0.0125	7.4	2023.5360931471182
0.0125	7.5	2026.6854549821328
0.0125	7.6000000000000005	2029.8260146159555
0.0125	7.7	2032.9578172300394
0.0125	7.800000000000001	2036.0809077552558
0.0125	7.9	2039.1953308730635
0.0125	8.	2042.3011310177135
0.0125	8.1	2045.3983523774261
0.0125	8.200000000000001	2048.4870388958475
0.0125	8.3	2051.5672342740845
0.0125	8.4	2054.638981971573
0.0125	8.5	2057.7023252086415
0.0125	8.6	2060.7573069664522
0.0125	8.700000000000001	2063.8039699899755
0.0125	8.8	2066.842356789113
0.0125	8.9	2069.8725096393964
0.0125	9.	2072.8944705841204
0.0125	9.1	2075.908281435772
0.0125	9.200000000000001	2078.9139837769603
0.0125	9.3	2081.9116189630463
0.0125	9.4	2084.9012281214127
0.0125	9.5	2087.8828521551122
0.0125	9.600000000000001	2090.8565317424773
0.0125	9.700000000000001	2093.8223073399136
0.0125	9.8	2096.78021918214
0.0125	9.9	2099.730307283571
0.0125	10.	2102.672611440457
0.0125	10.100000000000001	2105.6071712316493
0.0125	10.200000000000001	2108.5340260200733
0.0125	10.3	2111.4532149533266
0.0125	10.4	2114.3647769661743
0.0125	10.5	2117.2687507805817
0.0125	10.600000000000001	2120.165174908248
0.0125	10.700000000000001	2123.054087650344
0.0125	10.8	2125.9355270999545
0.0125	10.9	2128.809531142897
0.0125	11.	2131.6761374588696
0.0125	11.100000000000001	2134.5353835224832
0.0125	11.200000000000001	2137.3873066048723
0.0125	11.3	2140.231943774396
0.0125	11.4	2143.06933189834
0.0125	11.5	2145.8995076441834
0.0125	11.600000000000001	2148.7225074792727
0.0125	11.700000000000001	2151.538367674126
0.0125	11.8	2154.3471243017625
0.0125	11.9	2157.148813240118
0.0125	12.	2159.943470172649
0.0125	12.100000000000001	2162.731130588998
0.0125	12.200000000000001	2165.511829786405
0.0125	12.3	2168.2856028718907
0.0125	12.4	2171.052484760907
0.0125	12.5	2173.8125101811474
0.0125	12.600000000000001	2176.5657136716864
0.0125	12.700000000000001	2179.312129584507
0.0125	12.8	2182.051792086547
0.0125	12.9	2184.7847351591213
0.0125	13.	2187.510992600343
0.0125	13.100000000000001	2190.230598024881
0.0125	13.200000000000001	2192.943584866511
0.0125	13.3	2195.6499863778376
0.0125	13.4	2198.349835631721
0.0125	13.5	2201.0431655227485
0.0125	13.600000000000001	2203.73000876712
0.0125	13.700000000000001	2206.4103979054303
0.0125	13.8	2209.084365301545
0.0125	13.9	2211.7519431446826
0.0125	14.	2214.4131634511955
0.0125	14.100000000000001	2217.0680580634385
0.0125	14.200000000000001	2219.716658653135
0.0125	14.3	2222.358996719808
0.0125	14.4	2224.9951035939844
0.0125	14.5	2227.625010437347
0.0125	14.600000000000001	2230.2487482424726
0.0125	14.700000000000001	2232.8663478354692
0.0125	14.8	2235.4778398765884
0.0125	14.9	2238.083254860077
0.0125	15.	2240.682623115974
0.0125	15.100000000000001	2243.2759748109047
0.0125	15.200000000000001	2245.8633399492423
0.0125	15.3	2248.444748372969
0.0125	15.4	2251.0202297638675
0.0125	15.5	2253.589813643489
0.0125	15.600000000000001	2256.15352937416
0.0125	15.700000000000001	2258.7114061607217
0.0125	15.8	2261.2634730502396
0.0125	15.9	2263.809758932707
0.0125	16.	2266.3502925439016
0.0125	16.1	2268.885102463951
0.0125	16.2	2271.414217119129
0.0125	16.3	2273.9376647830345
0.0125	16.400000000000002	2276.4554735763863
0.0125	16.5	2278.9676714695784
0.0125	16.6	2281.4742862816947
0.0125	16.7	2283.9753456820185
0.0125	16.8	2286.4708771911837
0.0125	16.900000000000002	2288.9609081818694
0.0125	17.	2291.4454658791537
0.0125	17.1	2293.924577361856
0.0125	17.2	2296.398269563014
0.0125	17.3	2298.866569270639
0.0125	17.400000000000002	2301.3295031288294
0.0125	17.5	2303.7870976384193
0.0125	17.6	2306.239379157398
0.0125	17.7	2308.6863739023
0.0125	17.8	2311.12810794868
0.0125	17.900000000000002	2313.5646072314266
0.0125	18.	2315.995897546627
0.0125	18.1	2318.4220045512534
0.0125	18.2	2320.8429537643365
0.0125	18.3	2323.258770567963
0.0125	18.400000000000002	2325.669480207623
0.0125	18.5	2328.0751077929694
0.0125	18.6	2330.475678298935
0.0125	18.7	2332.87121656622
0.0125	18.8	2335.2617473019295
0.0125	18.900000000000002	2337.647295080353
0.0125	19.	2340.027884343708
0.0125	19.1	2342.403539403341
0.0125	19.200000000000003	2344.7742844392405
0.0125	19.3	2347.14014350219
0.0125	19.400000000000002	2349.5011405132523
0.0125	19.5	2351.8572992655118
0.0125	19.6	2354.208643423842
0.0125	19.700000000000003	2356.555196526189
0.0125	19.8	2358.8969819841204
0.0125	19.900000000000002	2361.2340230835953
0.0125	20.	2363.5663429851547
0.0125	20.1	2365.8939647255356
0.0125	20.200000000000003	2368.2169112174206
0.0125	20.3	2370.5352052505996
0.0125	20.400000000000002	2372.848869492755
0.0125	20.5	2375.157926489696
0.0125	20.6	2377.4623986660845
0.0125	20.700000000000003	2379.7623083266276
0.0125	20.8	2382.0576776562066
0.0125	20.900000000000002	2384.348528720549
0.0125	21.	2386.634883467168
0.0125	21.1	2388.9167637260293
0.0125	21.200000000000003	2391.1941912094994
0.0125	21.3	2393.4671875140134
0.0125	21.400000000000002	2395.7357741199435
0.0125	21.5	2397.9999723924293
0.0125	21.6	2400.2598035824085
0.0125	21.700000000000003	2402.5152888265716
0.0125	21.8	2404.766449148455
0.0125	21.900000000000002	2407.0133054588046
0.0125	22.	2409.255878556323
0.0125	22.1	2411.4941891285407
0.0125	22.200000000000003	2413.7282577519245
0.0125	22.3	2415.9581048924924
0.0125	22.400000000000002	2418.1837509071147
0.0125	22.5	2420.4052160433134
0.0125	22.6	2422.6225204403
0.0125	22.700000000000003	2424.835684129252
0.0125	22.8	2427.04472703441
0.0125	22.900000000000002	2429.2496689732225
0.0125	23.	2431.450529656997
0.0125	23.1	2433.6473286915398
0.0125	23.200000000000003	2435.840085577902
0.0125	23.3	2438.0288197126806
0.0125	23.400000000000002	2440.213550388637
0.0125	23.5	2442.3942967956
0.0125	23.6	2444.571078020311
0.0125	23.700000000000003	2446.7439130480225
0.0125	23.8	2448.9128207620624
0.0125	23.900000000000002	2451.077819944785
0.0125	24.	2453.238929278525
0.0125	24.1	2455.396167345469
0.0125	24.200000000000003	2457.549552628523
0.0125	24.3	2459.6991035119495
0.0125	24.400000000000002	2461.844838281727
0.0125	24.5	2463.9867751261504
0.0125	24.6	2466.1249321366063
0.0125	24.700000000000003	2468.259327307541
0.0125	24.8	2470.3899785376516
0.0125	24.900000000000002	2472.5169036298407
0.0125	25.	2474.640120292187
0.0125	25.1	2476.7596461382955
0.0125	25.200000000000003	2478.8754986875215
0.0125	25.3	2480.987695366285
0.0125	25.400000000000002	2483.0962535075932
0.0125	25.5	2485.2011903521416
0.0125	25.6	2487.302523048856
0.0125	25.700000000000003	2489.400268655316
0.0125	25.8	2491.4944441379985
0.0125	25.900000000000002	2493.5850663730475
0.0125	26.	2495.6721521467484
0.0125	26.1	2497.755718155983
0.0125	26.200000000000003	2499.8357810087086
0.0125	26.3	2501.912357224383
0.0125	26.400000000000002	2503.9854632346614
0.0125	26.5	2506.055115383775
0.0125	26.6	2508.121329928867
0.0125	26.700000000000003	2510.1841230405767
0.0125	26.8	2512.243510803823
0.0125	26.900000000000002	2514.299509217801
0.0125	27.	2516.3521341964047
0.0125	27.1	2518.401401569438
0.0125	27.200000000000003	2520.4473270822673
0.0125	27.3	2522.4899263968177
0.0125	27.400000000000002	2524.529215091412
0.0125	27.5	2526.565208662354
0.0125	27.6	2528.5979225228507
0.0125	27.700000000000003	2530.62737200494
0.0125	27.8	2532.653572359139
0.0125	27.900000000000002	2534.676538754814
0.0125	28.	2536.6962862811747
0.0125	28.1	2538.7128299472724
0.0125	28.200000000000003	2540.7261846826596
0.0125	28.3	2542.7363653376333
0.0125	28.400000000000002	2544.7433866838937
0.0125	28.5	2546.7472634149376
0.0125	28.6	2548.748010146344
0.0125	28.700000000000003	2550.745641416315
0.0125	28.8	2552.740171686164
0.0125	28.900000000000002	2554.7316153407364
0.0125	29.	2556.719986688477
0.0125	29.1	2558.7052999624752
0.0125	29.200000000000003	2560.6875693202887
0.0125	29.3	2562.6668088448873
0.0125	29.400000000000002	2564.6430325447845
0.0125	29.5	2566.6162543540295
0.0125	29.6	2568.5864881338407
0.0125	29.700000000000003	2570.553747671583
0.0125	29.8	2572.518046682175
0.0125	29.900000000000002	2574.4793988078445
0.0125	30.	2576.4378176193345
0.0125	30.1	2578.3933166153342
0.0125	30.200000000000003	2580.345909223533
0.0125	30.3	2582.2956088009155
0.0125	30.400000000000002	2584.2424286339306
0.0125	30.5	2586.186381939086
0.0125	30.6	2588.1274818633383
0.0125	30.700000000000003	2590.065741484342
0.0125	30.8	2592.001173810778
0.0125	30.900000000000002	2593.9337917832586
0.0125	31.	2595.8636082739267
0.0125	31.1	2597.790636087376
0.0125	31.200000000000003	2599.7148879609535
0.0125	31.3	2601.636376564999
0.0125	31.400000000000002	2603.555114503301
0.0125	31.5	2605.4711143132877
0.0125	31.6	2607.384388466791
0.0125	31.700000000000003	2609.2949493701494
0.0125	31.8	2611.2028093644203
0.0125	31.900000000000002	2613.1079807260912
0.0125	32.	2615.010475667089
0.0125	32.1	2616.910306335639
0.0125	32.2	2618.8074848159285
0.0125	32.300000000000004	2620.7020231291717
0.0125	32.4	2622.593933233363
0.0125	32.5	2624.483227024091
0.0125	32.6	2626.3699163345314
0.0125	32.7	2628.2540129361155
0.0125	32.800000000000004	2630.135528538488
0.0125	32.9	2632.0144747902814
0.0125	33.	2633.8908632791517
0.0125	33.1	2635.7647055323746
0.0125	33.2	2637.636013016704
0.0125	33.300000000000004	2639.50479713931
0.0125	33.4	2641.371069247708
0.0125	33.5	2643.2348406301912
0.0125	33.6	2645.0961225162014
0.0125	33.7	2646.9549260769522
0.0125	33.800000000000004	2648.8112624247624
0.0125	33.9	2650.6651426147214
0.0125	34.	2652.5165776439308
0.0125	34.1	2654.3655784525317
0.0125	34.2	2656.21215592345
0.0125	34.300000000000004	2658.0563208832846
0.0125	34.4	2659.8980841021917
0.0125	34.5	2661.7374562943437
0.0125	34.6	2663.574448118257
0.0125	34.7	2665.4090701770833
0.0125	34.800000000000004	2667.241333018919
0.0125	34.9	2669.0712471372904
0.0125	35.	2670.8988229708148
0.0125	35.1	2672.7240709046478
0.0125	35.2	2674.547001269489
0.0125	35.300000000000004	2676.367624343058
0.0125	35.4	2678.185950349293
0.0125	35.5	2680.001989459672
0.0125	35.6	2681.815751792581
0.0125	35.7	2683.627247414548
0.0125	35.800000000000004	2685.4364863396127
0.0125	35.9	2687.243478530148
0.0125	36.	2689.048233897588
0.0125	36.1	2690.8507623012797
0.0125	36.2	2692.6510735501865
0.0125	36.300000000000004	2694.4491774025814
0.0125	36.4	2696.2450835665277
0.0125	36.5	2698.0388016996967
0.0125	36.6	2699.830341410336
0.0125	36.7	2701.61971225706
0.0125	36.800000000000004	2703.406923748789
0.0125	36.9	2705.1919853464847
0.0125	37.	2706.9749064616176
0.0125	37.1	2708.755696457352
0.0125	37.2	2710.5343646490287
0.0125	37.300000000000004	2712.310920304066
0.0125	37.4	2714.0853726417904
0.0125	37.5	2715.8577308348904
0.0125	37.6	2717.6280040085667
0.0125	37.7	2719.3962012411284
0.0125	37.800000000000004	2721.162331564665
0.0125	37.9	2722.926403964703
0.0125	38.	2724.688427380885
0.0125	38.1	2726.44841070688
0.0125	38.2	2728.2063627911048
0.0125	38.300000000000004	2729.962292436354
0.0125	38.400000000000006	2731.7162084009137
0.0125	38.5	2733.4681193978276
0.0125	38.6	2735.218034095689
0.0125	38.7	2736.9659611190923
0.0125	38.800000000000004	2738.7119090482006
0.0125	38.900000000000006	2740.455886419798
0.0125	39.	2742.197901726761
0.0125	39.1	2743.9379634191387
0.0125	39.2	2745.6760799034637
0.0125	39.300000000000004	2747.4122595434274
0.0125	39.400000000000006	2749.1465106607134
0.0125	39.5	2750.878841534029
0.0125	39.6	2752.60926040045
0.0125	39.7	2754.337775454653
0.0125	39.800000000000004	2756.0643948501975
0.0125	39.900000000000006	2757.7891266989186
0.0125	40.	2759.5119790715744
0.015	0.	1755.5083613915278
0.015	0.1	1759.420914911691
0.015	0.2	1763.3205421932953
0.015	0.30000000000000004	1767.2073137186612
0.015	0.4	1771.0812995011538
0.015	0.5	1774.9425690894122
0.015	0.6000000000000001	1778.791191572221
0.015	0.7000000000000001	1782.6272355842566
0.015	0.8	1786.4507693108615
0.015	0.9	1790.261860491436
0.015	1.	1794.0605764262214
0.015	1.1	1797.8469839786692
0.015	1.2000000000000002	1801.6211495822722
0.015	1.3	1805.383139242266
0.015	1.4000000000000001	1809.1330185421
0.015	1.5	1812.870852647017
0.015	1.6	1816.5967063078115
0.015	1.7000000000000002	1820.3106438647992
0.015	1.8	1824.012729252431
0.015	1.9000000000000001	1827.7030260035385
0.015	2.	1831.3815972516038
0.015	2.1	1835.0485057360374
0.015	2.2	1838.7038138051428
0.015	2.3000000000000003	1842.3475834202209
0.015	2.4000000000000004	1845.979876158522
0.015	2.5	1849.600753217706
0.015	2.6	1853.2102754180899
0.015	2.7	1856.808503207503
0.015	2.8000000000000003	1860.3954966627705
0.015	2.9000000000000004	1863.9713154951176
0.015	3.	1867.5360190514848
0.015	3.1	1871.0896663192348
0.015	3.2	1874.6323159279457
0.015	3.3000000000000003	1878.1640261536772
0.015	3.4000000000000004	1881.6848549209171
0.015	3.5	1885.1948598067627
0.015	3.6	1888.6940980424622
0.015	3.7	1892.1826265175457
0.015	3.8000000000000003	1895.6605017815023
0.015	3.9000000000000004	1899.1277800477314
0.015	4.	1902.584517195918
0.015	4.1000000000000005	1906.0307687736258
0.015	4.2	1909.4665900008583
0.015	4.3	1912.8920357708591
0.015	4.4	1916.3071606545902
0.015	4.5	1919.712018901448
0.015	4.6000000000000005	1923.1066644429827
0.015	4.7	1926.4911508945313
0.015	4.800000000000001	1929.8655315585443
0.015	4.9	1933.2298594261445
0.015	5.	1936.5841871804687
0.015	5.1000000000000005	1939.9285671979312
0.015	5.2	1943.2630515511207
0.015	5.300000000000001	1946.5876920108467
0.015	5.4	1949.9025400491425
0.015	5.5	1953.2076468398657
0.015	5.6000000000000005	1956.5030632624373
0.015	5.7	1959.7888399039518
0.015	5.800000000000001	1963.065027059498
0.015	5.9	1966.3316747363078
0.015	6.	1969.5888326552795
0.015	6.1000000000000005	1972.8365502524387
0.015	6.2	1976.0748766807756
0.015	6.300000000000001	1979.3038608140512
0.015	6.4	1982.5235512461688
0.015	6.5	1985.7339962953777
0.015	6.6000000000000005	1988.9352440047207
0.015	6.7	1992.127342144723
0.015	6.800000000000001	1995.3103382144784
0.015	6.9	1998.484279445242
0.015	7.	2001.649212799469
0.015	7.1000000000000005	2004.805184975437
0.015	7.2	2007.9522424069612
0.015	7.300000000000001	2011.0904312668792
0.015	7.4	2014.2197974667752
0.015	7.5	2017.340386661287
0.015	7.6000000000000005	2020.4522442468235
0.015	7.7	2023.5554153659054
0.015	7.800000000000001	2026.6499449072037
0.015	7.9	2029.735877508122
0.015	8.	2032.813257556045
0.015	8.1	2035.882129189116
0.015	8.200000000000001	2038.9425362996806
0.015	8.3	2041.994522534686
0.015	8.4	2045.038131296665
0.015	8.5	2048.073405747171
0.015	8.6	2051.100388806452
0.015	8.700000000000001	2054.1191231558814
0.015	8.8	2057.1296512395147
0.015	8.9	2060.1320152649446
0.015	9.	2063.1262572055143
0.015	9.1	2066.1124188013932
0.015	9.200000000000001	2069.090541561077
0.015	9.3	2072.06066676316
0.015	9.4	2075.0228354569886
0.015	9.5	2077.9770884645436
0.015	9.600000000000001	2080.923466381954
0.015	9.700000000000001	2083.86200958121
0.015	9.8	2086.7927582099596
0.015	9.9	2089.71575219494
0.015	10.	2092.6310312422406
0.015	10.100000000000001	2095.5386348382513
0.015	10.200000000000001	2098.4386022518747
0.015	10.3	2101.3309725350473
0.015	10.4	2104.2157845252896
0.015	10.5	2107.09307684504
0.015	10.600000000000001	2109.962887905098
0.015	10.700000000000001	2112.8252559038383
0.015	10.8	2115.6802188299753
0.015	10.9	2118.527814463337
0.015	11.	2121.368080375901
0.015	11.100000000000001	2124.201053933483
0.015	11.200000000000001	2127.026772295817
0.015	11.3	2129.8452724194553
0.015	11.4	2132.656591057828
0.015	11.5	2135.460764762374
0.015	11.600000000000001	2138.257829884169
0.015	11.700000000000001	2141.0478225756624
0.015	11.8	2143.8307787899394
0.015	11.9	2146.606734283754
0.015	12.	2149.3757246181635
0.015	12.100000000000001	2152.137785158936
0.015	12.200000000000001	2154.892951078676
0.015	12.3	2157.6412573574335
0.015	12.4	2160.3827387831857
0.015	12.5	2163.1174299547583
0.015	12.600000000000001	2165.845365280799
0.015	12.700000000000001	2168.5665789821974
0.015	12.8	2171.281105093285
0.015	12.9	2173.9889774614307
0.015	13.	2176.690229749457
0.015	13.100000000000001	2179.384895437129
0.015	13.200000000000001	2182.0730078201236
0.015	13.3	2184.754600013288
0.015	13.4	2187.4297049503134
0.015	13.5	2190.098355384912
0.015	13.600000000000001	2192.7605838930617
0.015	13.700000000000001	2195.416422871711
0.015	13.8	2198.0659045423126
0.015	13.9	2200.709060950138
0.015	14.	2203.3459239652598
0.015	14.100000000000001	2205.9765252849843
0.015	14.200000000000001	2208.6008964333873
0.015	14.3	2211.2190687624807
0.015	14.4	2213.8310734540996
0.015	14.5	2216.4369415198908
0.015	14.600000000000001	2219.0367038027644
0.015	14.700000000000001	2221.630390977422
0.015	14.8	2224.218033551407
0.015	14.9	2226.7996618671473
0.015	15.	2229.375306100885
0.015	15.100000000000001	2231.9449962651042
0.015	15.200000000000001	2234.508762209075
0.015	15.3	2237.066633619398
0.015	15.4	2239.618640021184
0.015	15.5	2242.164810779371
0.015	15.600000000000001	2244.7051750986343
0.015	15.700000000000001	2247.239762025268
0.015	15.8	2249.7686004478637
0.015	15.9	2252.291719097074
0.015	16.	2254.8091465482707
0.015	16.1	2257.3209112212103
0.015	16.2	2259.8270413810483
0.015	16.3	2262.3275651395384
0.015	16.400000000000002	2264.8225104558305
0.015	16.5	2267.3119051370327
0.015	16.6	2269.7957768390966
0.015	16.7	2272.2741530680332
0.015	16.8	2274.7470611803
0.015	16.900000000000002	2277.214528383995
0.015	17.	2279.6765817392156
0.015	17.1	2282.133248159344
0.015	17.2	2284.5845544119256
0.015	17.3	2287.0305271185935
0.015	17.400000000000002	2289.4711927571734
0.015	17.5	2291.906577661508
0.015	17.6	2294.336708022347
0.015	17.7	2296.761609888948
0.015	17.8	2299.181309168531
0.015	17.900000000000002	2301.5958316283654
0.015	18.	2304.005202895845
0.015	18.1	2306.409448459094
0.015	18.2	2308.8085936685375
0.015	18.3	2311.2026637366025
0.015	18.400000000000002	2313.591683739556
0.015	18.5	2315.975678617382
0.015	18.6	2318.354673175102
0.015	18.7	2320.7286920829847
0.015	18.8	2323.097759878032
0.015	18.900000000000002	2325.4619009642206
0.015	19.	2327.821139612979
0.015	19.1	2330.1754999645264
0.015	19.200000000000003	2332.525006028305
0.015	19.3	2334.8696816838683
0.015	19.400000000000002	2337.2095506809724
0.015	19.5	2339.544636641251
0.015	19.6	2341.87496305826
0.015	19.700000000000003	2344.2005532985313
0.015	19.8	2346.5214306017288
0.015	19.900000000000002	2348.837618082243
0.015	20.	2351.149138728794
0.015	20.1	2353.4560154063397
0.015	20.200000000000003	2355.7582708557957
0.015	20.3	2358.055927694878
0.015	20.400000000000002	2360.349008419192
0.015	20.5	2362.6375354027236
0.015	20.6	2364.921530898454
0.015	20.700000000000003	2367.201017038896
0.015	20.8	2369.476015836967
0.015	20.900000000000002	2371.746549186495
0.015	21.	2374.0126388631143
0.015	21.1	2376.2743065248346
0.015	21.200000000000003	2378.531573712438
0.015	21.3	2380.784461850334
0.015	21.400000000000002	2383.0329922473843
0.015	21.5	2385.2771860969533
0.015	21.6	2387.517064478603
0.015	21.700000000000003	2389.7526483572365
0.015	21.8	2391.983958585253
0.015	21.900000000000002	2394.2110159021972
0.015	22.	2396.433840935556
0.015	22.1	2398.652454201599
0.015	22.200000000000003	2400.866876105955
0.015	22.3	2403.0771269440093
0.015	22.400000000000002	2405.2832269018745
0.015	22.5	2407.485196056395
0.015	22.6	2409.6830543765864
0.015	22.700000000000003	2411.8768217234333
0.015	22.8	2414.066517850963
0.015	22.900000000000002	2416.2521624068318
0.015	23.	2418.433774932688
0.015	23.1	2420.6113748647517
0.015	23.200000000000003	2422.7849815347786
0.015	23.3	2424.954614170251
0.015	23.400000000000002	2427.120291894998
0.015	23.5	2429.2820337299754
0.015	23.6	2431.4398585936115
0.015	23.700000000000003	2433.593785302687
0.015	23.8	2435.7438325725975
0.015	23.900000000000002	2437.8900190177883
0.015	24.	2440.0323631530287
0.015	24.1	2442.1708833930034
0.015	24.200000000000003	2444.305598053643
0.015	24.3	2446.43652535225
0.015	24.400000000000002	2448.563683408217
0.015	24.5	2450.6870902435576
0.015	24.6	2452.8067637834683
0.015	24.700000000000003	2454.9227218566944
0.015	24.8	2457.034982196174
0.015	24.900000000000002	2459.1435624397523
0.015	25.	2461.2484801305013
0.015	25.1	2463.3497527171444
0.015	25.200000000000003	2465.4473975550013
0.015	25.3	2467.541431905912
0.015	25.400000000000002	2469.631872939498
0.015	25.5	2471.7187377328446
0.015	25.6	2473.8020432716307
0.015	25.700000000000003	2475.881806450566
0.015	25.8	2477.95804407346
0.015	25.900000000000002	2480.030772854504
0.015	26.	2482.100009418079
0.015	26.1	2484.1657702991033
0.015	26.200000000000003	2486.2280719446358
0.015	26.3	2488.2869307132773
0.015	26.400000000000002	2490.3423628757623
0.015	26.5	2492.3943846164343
0.015	26.6	2494.443012032307
0.015	26.700000000000003	2496.488261134659
0.015	26.8	2498.530147849269
0.015	26.900000000000002	2500.568688016151
0.015	27.	2502.6038973912914
0.015	27.1	2504.635791645914
0.015	27.200000000000003	2506.664386367865
0.015	27.3	2508.6896970616654
0.015	27.400000000000002	2510.711739148656
0.015	27.5	2512.7305279683087
0.015	27.6	2514.746078777985
0.015	27.700000000000003	2516.758406753683
0.015	27.8	2518.7675269900924
0.015	27.900000000000002	2520.7734545020357
0.015	28.	2522.7762042236213
0.015	28.1	2524.775791009505
0.015	28.200000000000003	2526.772229635494
0.015	28.3	2528.765534798224
0.015	28.400000000000002	2530.755721116489
0.015	28.5	2532.742803130588
0.015	28.6	2534.7267953039877
0.015	28.700000000000003	2536.7077120229546
0.015	28.8	2538.6855675971815
0.015	28.900000000000002	2540.6603762602354
0.015	29.	2542.63215217007
0.015	29.1	2544.600909409158
0.015	29.200000000000003	2546.5666619853087
0.015	29.3	2548.529423831914
0.015	29.400000000000002	2550.4892088083084
0.015	29.5	2552.446030700164
0.015	29.6	2554.3999032197767
0.015	29.700000000000003	2556.350840007195
0.015	29.8	2558.298854629764
0.015	29.900000000000002	2560.243960582819
0.015	30.	2562.1861712901837
0.015	30.1	2564.125500104665
0.015	30.200000000000003	2566.061960308053
0.015	30.3	2567.995565112015
0.015	30.400000000000002	2569.926327658158
0.015	30.5	2571.854261018501
0.015	30.6	2573.7793781959545
0.015	30.700000000000003	2575.701692124428
0.015	30.8	2577.6212156698084
0.015	30.900000000000002	2579.537961629486
0.015	31.	2581.4519427336286
0.015	31.1	2583.363171644869
0.015	31.200000000000003	2585.2716609590525
0.015	31.3	2587.177423205399
0.015	31.400000000000002	2589.0804708474675
0.015	31.5	2590.980816282305
0.015	31.6	2592.8784718420216
0.015	31.700000000000003	2594.773449793878
0.015	31.8	2596.6657623399024
0.015	31.900000000000002	2598.555421618438
0.015	32.	2600.442439703499
0.015	32.1	2602.3268286053303
0.015	32.2	2604.208600271695
0.015	32.300000000000004	2606.0877665867633
0.015	32.4	2607.9643393724673
0.015	32.5	2609.8383303887367
0.015	32.6	2611.7097513334543
0.015	32.7	2613.578613843146
0.015	32.800000000000004	2615.444929493188
0.015	32.9	2617.3087097980892
0.015	33.	2619.1699662121787
0.015	33.1	2621.028710129415
0.015	33.2	2622.8849528842306
0.015	33.300000000000004	2624.7387057513583
0.015	33.4	2626.589979946739
0.015	33.5	2628.438786627576
0.015	33.6	2630.2851368920974
0.015	33.7	2632.12904178112
0.015	33.800000000000004	2633.9705122773344
0.015	33.9	2635.8095593060148
0.015	34.	2637.646193735411
0.015	34.1	2639.480426377034
0.015	34.2	2641.3122679856133
0.015	34.300000000000004	2643.1417292600086
0.015	34.4	2644.9688208429943
0.015	34.5	2646.7935533218247
0.015	34.6	2648.6159372291518
0.015	34.7	2650.435983041623
0.015	34.800000000000004	2652.2537011821632
0.015	34.9	2654.069102018884
0.015	35.	2655.8821958663157
0.015	35.1	2657.692992985023
0.015	35.2	2659.5015035821293
0.015	35.300000000000004	2661.3077378119388
0.015	35.4	2663.1117057755773
0.015	35.5	2664.9134175221934
0.015	35.6	2666.712883048327
0.015	35.7	2668.5101122988285
0.015	35.800000000000004	2670.3051151666655
0.015	35.9	2672.097901493699
0.015	36.	2673.888481070853
0.015	36.1	2675.67686363786
0.015	36.2	2677.4630588845685
0.015	36.300000000000004	2679.2470764501345
0.015	36.4	2681.028925924338
0.015	36.5	2682.8086168466466
0.015	36.6	2684.586158707767
0.015	36.7	2686.3615609490917
0.015	36.800000000000004	2688.1348329631874
0.015	36.9	2689.905984094561
0.015	37.	2691.675023638508
0.015	37.1	2693.441960843314
0.015	37.2	2695.206804909141
0.015	37.300000000000004	2696.969564988608
0.015	37.4	2698.730250187635
0.015	37.5	2700.4888695643463
0.015	37.6	2702.245432131167
0.015	37.7	2703.9999468537403
0.015	37.800000000000004	2705.7524226512223
0.015	37.9	2707.50286839769
0.015	38.	2709.251292921012
0.015	38.1	2710.9977050039474
0.015	38.2	2712.7421133837397
0.015	38.300000000000004	2714.4845267536557
0.015	38.400000000000006	2716.2249537613175
0.015	38.5	2717.963403010984
0.015	38.6	2719.699883061967
0.015	38.7	2721.43440243028
0.015	38.800000000000004	2723.166969588099
0.015	38.900000000000006	2724.8975929643557
0.015	39.	2726.626280944479
0.015	39.1	2728.3530418719283
0.015	39.2	2730.0778840462776
0.015	39.300000000000004	2731.800815725813
0.015	39.400000000000006	2733.521845125877
0.015	39.5	2735.2409804204062
0.015	39.6	2736.958229741488
0.015	39.7	2738.6736011792177
0.015	39.800000000000004	2740.387102783376
0.015	39.900000000000006	2742.098742562115
0.015	40.	2743.8085284831063
0.0175	0.	1748.7751049567194
0.0175	0.1	1752.6527907410718
0.0175	0.2	1756.5176073391756
0.0175	0.30000000000000004	1760.3696255367715
0.0175	0.4	1764.2089156435045
0.0175	0.5	1768.0355474991118
0.0175	0.6000000000000001	1771.849590478636
0.0175	0.7000000000000001	1775.6511134960374
0.0175	0.8	1779.4401850108156
0.0175	0.9	1783.2168730319129
0.0175	1.	1786.9812451222026
0.0175	1.1	1790.7333684037976
0.0175	1.2000000000000002	1794.4733095618205
0.0175	1.3	1798.2011348494793
0.0175	1.4000000000000001	1801.9169100920235
0.0175	1.5	1805.6207006910834
0.0175	1.6	1809.312571629006
0.0175	1.7000000000000002	1812.9925874726828
0.0175	1.8	1816.6608123778933
0.0175	1.9000000000000001	1820.3173100931308
0.0175	2.	1823.962143963384
0.0175	2.1	1827.5953769342684
0.0175	2.2	1831.2170715552643
0.0175	2.3000000000000003	1834.8272899844264
0.0175	2.4000000000000004	1838.4260939903422
0.0175	2.5	1842.0135449572062
0.0175	2.6	1845.5897038881371
0.0175	2.7	1849.1546314073234
0.0175	2.8000000000000003	1852.708387765174
0.0175	2.9000000000000004	1856.2510328403184
0.0175	3.	1859.7826261438784
0.0175	3.1	1863.3032268215438
0.0175	3.2	1866.8128936579074
0.0175	3.3000000000000003	1870.3116850787715
0.0175	3.4000000000000004	1873.799659154559
0.0175	3.5	1877.276873603315
0.0175	3.6	1880.7433857933981
0.0175	3.7	1884.199252747305
0.0175	3.8000000000000003	1887.644531142783
0.0175	3.9000000000000004	1891.0792773177375
0.0175	4.	1894.5035472714594
0.0175	4.1000000000000005	1897.9173966680214
0.0175	4.2	1901.3208808392912
0.0175	4.3	1904.7140547869171
0.0175	4.4	1908.096973184892
0.0175	4.5	1911.4696903830697
0.0175	4.6000000000000005	1914.8322604092677
0.0175	4.7	1918.1847369707361
0.0175	4.800000000000001	1921.5271734585633
0.0175	4.9	1924.8596229484883
0.0175	5.	1928.1821382045293
0.0175	5.1000000000000005	1931.49477167995
0.0175	5.2	1934.7975755211858
0.0175	5.300000000000001	1938.0906015687651
0.0175	5.4	1941.373901360938
0.0175	5.5	1944.6475261344679
0.0175	5.6000000000000005	1947.9115268278806
0.0175	5.7	1951.165954083564
0.0175	5.800000000000001	1954.410858249473
0.0175	5.9	1957.646289381738
0.0175	6.	1960.8722972460605
0.0175	6.1000000000000005	1964.088931321022
0.0175	6.2	1967.2962407990083
0.0175	6.300000000000001	1970.494274588313
0.0175	6.4	1973.6830813162758
0.0175	6.5	1976.8627093296982
0.0175	6.6000000000000005	1980.033206697827
0.0175	6.7	1983.1946212139887
0.0175	6.800000000000001	1986.3470003977388
0.0175	6.9	1989.4903914961199
0.0175	7.	1992.6248414866423
0.0175	7.1000000000000005	1995.7503970774276
0.0175	7.2	1998.8671047107314
0.0175	7.300000000000001	2001.9750105638977
0.0175	7.4	2005.074160551529
0.0175	7.5	2008.164600326314
0.0175	7.6000000000000005	2011.246375282393
0.0175	7.7	2014.3195305551012
0.0175	7.800000000000001	2017.384111024646
0.0175	7.9	2020.4401613164055
0.0175	8.	2023.487725803248
0.0175	8.1	2026.526848607082
0.0175	8.200000000000001	2029.5575735998596
0.0175	8.3	2032.5799444062957
0.0175	8.4	2035.5940044049191
0.0175	8.5	2038.5997967294861
0.0175	8.6	2041.597364270467
0.0175	8.700000000000001	2044.5867496774638
0.0175	8.8	2047.5679953597678
0.0175	8.9	2050.541143488093
0.0175	9.	2053.506235996231
0.0175	9.1	2056.4633145831963
0.0175	9.200000000000001	2059.4124207135033
0.0175	9.3	2062.353595619325
0.0175	9.4	2065.2868803015353
0.0175	9.5	2068.2123155318263
0.0175	9.600000000000001	2071.1299418535264
0.0175	9.700000000000001	2074.0397995834523
0.0175	9.8	2076.941928812874
0.0175	9.9	2079.8363694089735
0.0175	10.	2082.7231610166004
0.0175	10.100000000000001	2085.6023430592377
0.0175	10.200000000000001	2088.4739547404897
0.0175	10.3	2091.3380350454413
0.0175	10.4	2094.1946227421245
0.0175	10.5	2097.043756382538
0.0175	10.600000000000001	2099.8854743036754
0.0175	10.700000000000001	2102.7198146303463
0.0175	10.8	2105.5468152740345
0.0175	10.9	2108.366513936513
0.0175	11.	2111.1789481094806
0.0175	11.100000000000001	2113.9841550765177
0.0175	11.200000000000001	2116.782171914412
0.0175	11.3	2119.5730354941643
0.0175	11.4	2122.35678248178
0.0175	11.5	2125.1334493406503
0.0175	11.600000000000001	2127.9030723317373
0.0175	11.700000000000001	2130.665687514971
0.0175	11.8	2133.4213307504824
0.0175	11.9	2136.170037700187
0.0175	12.	2138.9118438280652
0.0175	12.100000000000001	2141.646784402531
0.0175	12.200000000000001	2144.374894496451
0.0175	12.3	2147.0962089887907
0.0175	12.4	2149.810762565795
0.0175	12.5	2152.518589721783
0.0175	12.600000000000001	2155.2197247609274
0.0175	12.700000000000001	2157.9142017973127
0.0175	12.8	2160.602054757369
0.0175	12.9	2163.2833173794816
0.0175	13.	2165.9580232165486
0.0175	13.100000000000001	2168.626205635878
0.0175	13.200000000000001	2171.2878978208278
0.0175	13.3	2173.943132771603
0.0175	13.4	2176.5919433067115
0.0175	13.5	2179.2343620637953
0.0175	13.600000000000001	2181.87042150033
0.0175	13.700000000000001	2184.500153895415
0.0175	13.8	2187.1235913497276
0.0175	13.9	2189.740765787834
0.0175	14.	2192.351708958082
0.0175	14.100000000000001	2194.956452433899
0.0175	14.200000000000001	2197.5550276157114
0.0175	14.3	2200.1474657301733
0.0175	14.4	2202.7337978327055
0.0175	14.5	2205.314054808207
0.0175	14.600000000000001	2207.888267370851
0.0175	14.700000000000001	2210.4564660667625
0.0175	14.8	2213.018681273658
0.0175	14.9	2215.574943202426
0.0175	15.	2218.1252818979187
0.0175	15.100000000000001	2220.669727240039
0.0175	15.200000000000001	2223.2083089442554
0.0175	15.3	2225.741056563319
0.0175	15.4	2228.2679994869454
0.0175	15.5	2230.789166944289
0.0175	15.600000000000001	2233.3045880030936
0.0175	15.700000000000001	2235.8142915726908
0.0175	15.8	2238.3183064028435
0.0175	15.9	2240.8166610859903
0.0175	16.	2243.3093840573297
0.0175	16.1	2245.796503596657
0.0175	16.2	2248.27804782804
0.0175	16.3	2250.754044721728
0.0175	16.400000000000002	2253.2245220942978
0.0175	16.5	2255.689507610203
0.0175	16.6	2258.1490287819806
0.0175	16.7	2260.6031129714097
0.0175	16.8	2263.0517873903004
0.0175	16.900000000000002	2265.495079101408
0.0175	17.	2267.9330150192213
0.0175	17.1	2270.3656219108702
0.0175	17.2	2272.7929263966753
0.0175	17.3	2275.2149549513647
0.0175	17.400000000000002	2277.6317339047423
0.0175	17.5	2280.043289442286
0.0175	17.6	2282.449647606063
0.0175	17.7	2284.850834295993
0.0175	17.8	2287.2468752699892
0.0175	17.900000000000002	2289.637796144863
0.0175	18.	2292.023622397625
0.0175	18.1	2294.404379365693
0.0175	18.2	2296.7800922479028
0.0175	18.3	2299.150786105456
0.0175	18.400000000000002	2301.5164858624535
0.0175	18.5	2303.877216306585
0.0175	18.6	2306.23300208996
0.0175	18.7	2308.5838677304487
0.0175	18.8	2310.9298376113716
0.0175	18.900000000000002	2313.2709359829937
0.0175	19.	2315.6071869632137
0.0175	19.1	2317.9386145380604
0.0175	19.200000000000003	2320.2652425625984
0.0175	19.3	2322.587094761463
0.0175	19.400000000000002	2324.904194729948
0.0175	19.5	2327.2165659345123
0.0175	19.6	2329.524231713265
0.0175	19.700000000000003	2331.8272152771597
0.0175	19.8	2334.125539710538
0.0175	19.900000000000002	2336.419227971406
0.0175	20.	2338.7083028928105
0.0175	20.1	2340.9927871834225
0.0175	20.200000000000003	2343.272703427449
0.0175	20.3	2345.548074086628
0.0175	20.400000000000002	2347.818921499776
0.0175	20.5	2350.085267883895
0.0175	20.6	2352.347135335114
0.0175	20.700000000000003	2354.604545829252
0.0175	20.8	2356.857521221766
0.0175	20.900000000000002	2359.1060832497174
0.0175	21.	2361.35025353145
0.0175	21.1	2363.5900535674105
0.0175	21.200000000000003	2365.8255047412836
0.0175	21.3	2368.056628319897
0.0175	21.400000000000002	2370.283445454857
0.0175	21.5	2372.5059771821466
0.0175	21.6	2374.724244423432
0.0175	21.700000000000003	2376.9382679866862
0.0175	21.8	2379.1480685662177
0.0175	21.900000000000002	2381.3536667444364
0.0175	22.	2383.555082991217
0.0175	22.1	2385.7523376656177
0.0175	22.200000000000003	2387.945451015283
0.0175	22.3	2390.134443178735
0.0175	22.400000000000002	2392.3193341842402
0.0175	22.5	2394.5001439516464
0.0175	22.6	2396.676892292572
0.0175	22.700000000000003	2398.8495989107187
0.0175	22.8	2401.01828340339
0.0175	22.900000000000002	2403.182965260702
0.0175	23.	2405.343663867397
0.0175	23.1	2407.500398503114
0.0175	23.200000000000003	2409.6531883424923
0.0175	23.3	2411.8020524563576
0.0175	23.400000000000002	2413.9470098122256
0.0175	23.5	2416.088079274364
0.0175	23.6	2418.225279604955
0.0175	23.700000000000003	2420.3586294646907
0.0175	23.8	2422.488147412606
0.0175	23.900000000000002	2424.613851907435
0.0175	24.	2426.7357613081786
0.0175	24.1	2428.8538938736287
0.0175	24.200000000000003	2430.9682677646897
0.0175	24.3	2433.0789010430185
0.0175	24.400000000000002	2435.1858116730705
0.0175	24.5	2437.289017521814
0.0175	24.6	2439.388536359466
0.0175	24.700000000000003	2441.484385860349
0.0175	24.8	2443.5765836031474
0.0175	24.900000000000002	2445.665147071483
0.0175	25.	2447.7500936541037
0.0175	25.1	2449.831440646104
0.0175	25.200000000000003	2451.909205249241
0.0175	25.3	2453.9834045722755
0.0175	25.400000000000002	2456.0540556310593
0.0175	25.5	2458.121175349982
0.0175	25.6	2460.1847805624093
0.0175	25.700000000000003	2462.244888010066
0.0175	25.8	2464.3015143449848
0.0175	25.900000000000002	2466.3546761289135
0.0175	26.	2468.404389834514
0.0175	26.1	2470.450671845826
0.0175	26.200000000000003	2472.4935384578766
0.0175	26.3	2474.533005878633
0.0175	26.400000000000002	2476.569090228277
0.0175	26.5	2478.6018075405964
0.0175	26.6	2480.631173762402
0.0175	26.700000000000003	2482.657204755022
0.0175	26.8	2484.6799162944035
0.0175	26.900000000000002	2486.6993240717384
0.0175	27.	2488.7154436933038
0.0175	27.1	2490.7282906820938
0.0175	27.200000000000003	2492.7378804770756
0.0175	27.3	2494.7442284347067
0.0175	27.400000000000002	2496.747349828753
0.0175	27.5	2498.7472598505683
0.0175	27.6	2500.7439736105594
0.0175	27.700000000000003	2502.7375061372245
0.0175	27.8	2504.7278723795243
0.0175	27.900000000000002	2506.715087204984
0.0175	28.	2508.699165402061
0.0175	28.1	2510.6801216798085
0.0175	28.200000000000003	2512.6579706682633
0.0175	28.3	2514.6327269192943
0.0175	28.400000000000002	2516.6044049065513
0.0175	28.5	2518.5730190262207
0.0175	28.6	2520.5385835978473
0.0175	28.700000000000003	2522.5011128633223
0.0175	28.8	2524.460620989443
0.0175	28.900000000000002	2526.4171220662915
0.0175	29.	2528.3706301092134
0.0175	29.1	2530.3211590583924
0.0175	29.200000000000003	2532.268722779357
0.0175	29.3	2534.2133350638064
0.0175	29.400000000000002	2536.155009629669
0.0175	29.5	2538.093760121683
0.0175	29.6	2540.029600111624
0.0175	29.700000000000003	2541.962543098938
0.0175	29.8	2543.8926025109804
0.0175	29.900000000000002	2545.819791703489
0.0175	30.	2547.7441239611385
0.0175	30.1	2549.665612497922
0.0175	30.200000000000003	2551.5842704569495
0.0175	30.3	2553.500110911729
0.0175	30.400000000000002	2555.413146866296
0.0175	30.5	2557.3233912548444
0.0175	30.6	2559.230856943498
0.0175	30.700000000000003	2561.1355567294336
0.0175	30.8	2563.0375033421988
0.0175	30.900000000000002	2564.936709443254
0.0175	31.	2566.8331876269726
0.0175	31.1	2568.7269504210844
0.0175	31.200000000000003	2570.6180102865123
0.0175	31.3	2572.5063796183144
0.0175	31.400000000000002	2574.3920707453185
0.0175	31.5	2576.275095931572
0.0175	31.6	2578.155467375601
0.0175	31.700000000000003	2580.0331972113963
0.0175	31.8	2581.908297509184
0.0175	31.900000000000002	2583.780780274413
0.0175	32.	2585.65065744983
0.0175	32.1	2587.5179409141347
0.0175	32.2	2589.3826424842096
0.0175	32.300000000000004	2591.2447739132895
0.0175	32.4	2593.1043468936555
0.0175	32.5	2594.9613730548517
0.0175	32.6	2596.815863965621
0.0175	32.7	2598.6678311332707
0.0175	32.800000000000004	2600.5172860046355
0.0175	32.9	2602.364239966004
0.0175	33.	2604.2087043436854
0.0175	33.1	2606.050690404272
0.0175	33.2	2607.890209354955
0.0175	33.300000000000004	2609.727272343866
0.0175	33.4	2611.5618904608605
0.0175	33.5	2613.394074736937
0.0175	33.6	2615.2238361450063
0.0175	33.7	2617.051185600718
0.0175	33.800000000000004	2618.8761339618004
0.0175	33.9	2620.6986920296854
0.0175	34.	2622.518870548485
0.0175	34.1	2624.336680205815
0.0175	34.2	2626.1521316339017
0.0175	34.300000000000004	2627.9652354082396
0.0175	34.4	2629.7760020499336
0.0175	34.5	2631.584442023996
0.0175	34.6	2633.390565741095
0.0175	34.7	2635.194383557384
0.0175	34.800000000000004	2636.99590577481
0.0175	34.9	2638.795142641079
0.0175	35.	2640.5921043508392
0.0175	35.1	2642.3868010451106
0.0175	35.2	2644.1792428117915
0.0175	35.300000000000004	2645.969439686453
0.0175	35.4	2647.757401651917
0.0175	35.5	2649.543138639477
0.0175	35.6	2651.326660527731
0.0175	35.7	2653.1079771445425
0.0175	35.800000000000004	2654.88709826627
0.0175	35.9	2656.6640336183623
0.0175	36.	2658.438792875536
0.0175	36.1	2660.211385662264
0.0175	36.2	2661.981821552965
0.0175	36.300000000000004	2663.750110072198
0.0175	36.4	2665.516260695003
0.0175	36.5	2667.2802828472895
0.0175	36.6	2669.0421859060207
0.0175	36.7	2670.8019791994075
0.0175	36.800000000000004	2672.5596720070853
0.0175	36.9	2674.3152735608533
0.0175	37.	2676.0687930447916
0.0175	37.1	2677.8202395950207
0.0175	37.2	2679.5696223004643
0.0175	37.300000000000004	2681.316950202995
0.0175	37.4	2683.062232297843
0.0175	37.5	2684.805477533755
0.0175	37.6	2686.5466948128387
0.0175	37.7	2688.285892991628
0.0175	37.800000000000004	2690.0230808805627
0.0175	37.9	2691.7582672449
0.0175	38.	2693.491460804745
0.0175	38.1	2695.2226702348976
0.0175	38.2	2696.9519041654844
0.0175	38.300000000000004	2698.67917118253
0.0175	38.400000000000006	2700.4044798275727
0.0175	38.5	2702.1278385982064
0.0175	38.6	2703.8492559483557
0.0175	38.7	2705.5687402883773
0.0175	38.800000000000004	2707.2862999855465
0.0175	38.900000000000006	2709.00194336399
0.0175	39.	2710.7156787054964
0.0175	39.1	2712.4275142488373
0.0175	39.2	2714.137458190717
0.0175	39.300000000000004	2715.845518686
0.0175	39.400000000000006	2717.551703847421
0.0175	39.5	2719.256021746458
0.0175	39.6	2720.9584804135284
0.0175	39.7	2722.6590878370184
0.0175	39.800000000000004	2724.357851965451
0.0175	39.900000000000006	2726.0547807061917
0.0175	40.	2727.7498819265325
0.02	0.	1742.2941741831207
0.02	0.1	1746.135944786038
0.02	0.2	1749.9648965930605
0.02	0.30000000000000004	1753.7811007452533
0.02	0.4	1757.5846279028187
0.02	0.5	1761.3755482489362
0.02	0.6000000000000001	1765.153931495674
0.02	0.7000000000000001	1768.9198468894936
0.02	0.8	1772.6733632153664
0.02	0.9	1776.4145488015938
0.02	1.	1780.1434715255875
0.02	1.1	1783.8601988173045
0.02	1.2000000000000002	1787.564797664627
0.02	1.3	1791.2573346173397
0.02	1.4000000000000001	1794.9378757917325
0.02	1.5	1798.6064868752676
0.02	1.6	1802.2632331302898
0.02	1.7000000000000002	1805.9081793981884
0.02	1.8	1809.5413901039365
0.02	1.9000000000000001	1813.1629292598602
0.02	2.	1816.7728604692854
0.02	2.1	1820.371246930917
0.02	2.2	1823.9581514424046
0.02	2.3000000000000003	1827.5336364040525
0.02	2.4000000000000004	1831.097763822524
0.02	2.5	1834.6505953145538
0.02	2.6	1838.1921921099809
0.02	2.7	1841.7226150560825
0.02	2.8000000000000003	1845.241924620702
0.02	2.9000000000000004	1848.7501808950162
0.02	3.	1852.2474435976596
0.02	3.1	1855.7337720774487
0.02	3.2	1859.209225317099
0.02	3.3000000000000003	1862.6738619356881
0.02	3.4000000000000004	1866.1277401927782
0.02	3.5	1869.5709179899775
0.02	3.6	1873.0034528756992
0.02	3.7	1876.4254020470203
0.02	3.8000000000000003	1879.8368223525276
0.02	3.9000000000000004	1883.2377702957972
0.02	4.	1886.6283020380695
0.02	4.1000000000000005	1890.0084734006753
0.02	4.2	1893.378339867918
0.02	4.3	1896.7379565901947
0.02	4.4	1900.0873783863603
0.02	4.5	1903.4266597463507
0.02	4.6000000000000005	1906.755854833554
0.02	4.7	1910.075017487563
0.02	4.800000000000001	1913.3842012269945
0.02	4.9	1916.6834592519174
0.02	5.	1919.9728444454813
0.02	5.1000000000000005	1923.2524093771294
0.02	5.2	1926.5222063053482
0.02	5.300000000000001	1929.7822871789238
0.02	5.4	1933.0327036400063
0.02	5.5	1936.2735070257238
0.02	5.6000000000000005	1939.5047483719127
0.02	5.7	1942.7264784135475
0.02	5.800000000000001	1945.938747587876
0.02	5.9	1949.141606036925
0.02	6.	1952.3351036083654
0.02	6.1000000000000005	1955.5192898594576
0.02	6.2	1958.6942140573724
0.02	6.300000000000001	1961.8599251824467
0.02	6.4	1965.0164719294592
0.02	6.5	1968.1639027104584
0.02	6.6000000000000005	1971.3022656560204
0.02	6.7	1974.4316086173778
0.02	6.800000000000001	1977.5519791686374
0.02	6.9	1980.663424608692
0.02	7.	1983.7659919628964
0.02	7.1000000000000005	1986.8597279847154
0.02	7.2	1989.9446791583937
0.02	7.300000000000001	1993.0208917000466
0.02	7.4	1996.0884115594724
0.02	7.5	1999.1472844230561
0.02	7.6000000000000005	2002.19755571372
0.02	7.7	2005.2392705942168
0.02	7.800000000000001	2008.2724739679622
0.02	7.9	2011.297210481749
0.02	8.	2014.3135245263186
0.02	8.1	2017.3214602383177
0.02	8.200000000000001	2020.3210615027183
0.02	8.3	2023.3123719538187
0.02	8.4	2026.2954349768247
0.02	8.5	2029.2702937093375
0.02	8.6	2032.2369910441432
0.02	8.700000000000001	2035.1955696292875
0.02	8.8	2038.1460718703227
0.02	8.9	2041.088539931571
0.02	9.	2044.023015738728
0.02	9.1	2046.9495409788262
0.02	9.200000000000001	2049.8681571027755
0.02	9.3	2052.7789053265165
0.02	9.4	2055.681826632275
0.02	9.5	2058.5769617708547
0.02	9.600000000000001	2061.464351262371
0.02	9.700000000000001	2064.344035397373
0.02	9.8	2067.216054239731
0.02	9.9	2070.0804476259596
0.02	10.	2072.937255168784
0.02	10.100000000000001	2075.786516256862
0.02	10.200000000000001	2078.6282700568713
0.02	10.3	2081.4625555152315
0.02	10.4	2084.289411358604
0.02	10.5	2087.10887609579
0.02	10.600000000000001	2089.920988018815
0.02	10.700000000000001	2092.7257852048892
0.02	10.8	2095.5233055168087
0.02	10.9	2098.3135866043012
0.02	11.	2101.0966659065793
0.02	11.100000000000001	2103.8725806517105
0.02	11.200000000000001	2106.6413678598137
0.02	11.3	2109.4030643425526
0.02	11.4	2112.157706705938
0.02	11.5	2114.905331350589
0.02	11.600000000000001	2117.6459744726653
0.02	11.700000000000001	2120.379672066789
0.02	11.8	2123.1064599248357
0.02	11.9	2125.826373639454
0.02	12.	2128.5394486035616
0.02	12.100000000000001	2131.2457200125373
0.02	12.200000000000001	2133.9452228648647
0.02	12.3	2136.63799196341
0.02	12.4	2139.324061916956
0.02	12.5	2142.0034671404287
0.02	12.600000000000001	2144.676241857271
0.02	12.700000000000001	2147.3424200996574
0.02	12.8	2150.0020357097465
0.02	12.9	2152.655122341101
0.02	13.	2155.3017134598044
0.02	13.100000000000001	2157.9418423450325
0.02	13.200000000000001	2160.5755420909036
0.02	13.3	2163.2028456066337
0.02	13.4	2165.8237856188352
0.02	13.5	2168.4383946714092
0.02	13.600000000000001	2171.0467051270252
0.02	13.700000000000001	2173.648749168812
0.02	13.8	2176.2445587999864
0.02	13.9	2178.834165846463
0.02	14.	2181.417601956783
0.02	14.100000000000001	2183.9948986036825
0.02	14.200000000000001	2186.5660870847946
0.02	14.3	2189.131198524206
0.02	14.4	2191.6902638723213
0.02	14.5	2194.2433139082395
0.02	14.600000000000001	2196.7903792400416
0.02	14.700000000000001	2199.3314903057435
0.02	14.8	2201.8666773741243
0.02	14.9	2204.3959705464695
0.02	15.	2206.919399756642
0.02	15.100000000000001	2209.4369947725045
0.02	15.200000000000001	2211.948785197055
0.02	15.3	2214.454800468231
0.02	15.4	2216.95506986227
0.02	15.5	2219.4496224915215
0.02	15.600000000000001	2221.938487308054
0.02	15.700000000000001	2224.42169310304
0.02	15.8	2226.8992685082267
0.02	15.9	2229.3712419963745
0.02	16.	2231.8376418831463
0.02	16.1	2234.2984963271274
0.02	16.2	2236.753833330679
0.02	16.3	2239.203680741851
0.02	16.400000000000002	2241.648066253831
0.02	16.5	2244.0870174069523
0.02	16.6	2246.5205615891455
0.02	16.7	2248.948726036648
0.02	16.8	2251.371537835152
0.02	16.900000000000002	2253.789023920732
0.02	17.	2256.2012110801675
0.02	17.1	2258.608125952343
0.02	17.2	2261.009795029172
0.02	17.3	2263.406244655359
0.02	17.400000000000002	2265.7975010310483
0.02	17.5	2268.1835902110424
0.02	17.6	2270.5645381060135
0.02	17.7	2272.940370484064
0.02	17.8	2275.3111129708423
0.02	17.900000000000002	2277.6767910502954
0.02	18.	2280.0374300659987
0.02	18.1	2282.3930552211846
0.02	18.2	2284.7436915806843
0.02	18.3	2287.089364070579
0.02	18.400000000000002	2289.4300974791827
0.02	18.5	2291.7659164589204
0.02	18.6	2294.096845525438
0.02	18.7	2296.4229090597587
0.02	18.8	2298.744131307971
0.02	18.900000000000002	2301.060536383113
0.02	19.	2303.372148264821
0.02	19.1	2305.6789908009864
0.02	19.200000000000003	2307.9810877076334
0.02	19.3	2310.2784625708823
0.02	19.400000000000002	2312.5711388462373
0.02	19.5	2314.859139860606
0.02	19.6	2317.14248881165
0.02	19.700000000000003	2319.4212087703895
0.02	19.8	2321.6953226801998
0.02	19.900000000000002	2323.9648533582535
0.02	20.	2326.2298234965797
0.02	20.1	2328.4902556617003
0.02	20.200000000000003	2330.7461722965495
0.02	20.3	2332.9975957208353
0.02	20.400000000000002	2335.244548130766
0.02	20.5	2337.4870516014435
0.02	20.6	2339.7251280857386
0.02	20.700000000000003	2341.9587994167396
0.02	20.8	2344.18808730697
0.02	20.900000000000002	2346.4130133500744
0.02	21.	2348.6335990210246
0.02	21.1	2350.849865676455
0.02	21.200000000000003	2353.06183455642
0.02	21.3	2355.2695267840054
0.02	21.400000000000002	2357.472963366385
0.02	21.5	2359.6721651956295
0.02	21.6	2361.8671530488723
0.02	21.700000000000003	2364.0579475896816
0.02	21.8	2366.2445693680634
0.02	21.900000000000002	2368.427038821627
0.02	22.	2370.6053762755805
0.02	22.1	2372.779601944188
0.02	22.200000000000003	2374.9497359303123
0.02	22.3	2377.115798227282
0.02	22.400000000000002	2379.2778087188317
0.02	22.5	2381.4357871796024
0.02	22.6	2383.589753276016
0.02	22.700000000000003	2385.7397265670966
0.02	22.8	2387.885726504423
0.02	22.900000000000002	2390.0277724334837
0.02	23.	2392.1658835938774
0.02	23.1	2394.300079119776
0.02	23.200000000000003	2396.4303780410623
0.02	23.3	2398.556799283432
0.02	23.400000000000002	2400.67936166912
0.02	23.5	2402.798083917625
0.02	23.6	2404.912984645921
0.02	23.700000000000003	2407.024082369537
0.02	23.8	2409.1313955031396
0.02	23.900000000000002	2411.234942360237
0.02	24.	2413.3347411548275
0.02	24.1	2415.430810001563
0.02	24.200000000000003	2417.5231669159166
0.02	24.3	2419.6118298155825
0.02	24.400000000000002	2421.6968165201833
0.02	24.5	2423.778144752532
0.02	24.6	2425.8558321384317
0.02	24.700000000000003	2427.9298962080297
0.02	24.8	2430.000354395847
0.02	24.900000000000002	2432.067224041201
0.02	25.	2434.1305223895542
0.02	25.1	2436.190266592222
0.02	25.200000000000003	2438.246473706987
0.02	25.3	2440.299160699086
0.02	25.400000000000002	2442.3483444412977
0.02	25.5	2444.394041715182
0.02	25.6	2446.4362692102172
0.02	25.700000000000003	2448.4750435260703
0.02	25.8	2450.5103811714607
0.02	25.900000000000002	2452.5422985658624
0.02	26.	2454.57081203979
0.02	26.1	2456.5959378343255
0.02	26.200000000000003	2458.6176921033552
0.02	26.3	2460.6360909125115
0.02	26.400000000000002	2462.6511502403937
0.02	26.5	2464.6628859790953
0.02	26.6	2466.671313934546
0.02	26.700000000000003	2468.6764498268585
0.02	26.8	2470.6783092910764
0.02	26.900000000000002	2472.6769078776947
0.02	27.	2474.6722610528577
0.02	27.1	2476.6643841988353
0.02	27.200000000000003	2478.653292615251
0.02	27.3	2480.6390015179254
0.02	27.400000000000002	2482.6215260414983
0.02	27.5	2484.6008812383184
0.02	27.6	2486.5770820790253
0.02	27.700000000000003	2488.550143454072
0.02	27.8	2490.5200801729566
0.02	27.900000000000002	2492.4869069653687
0.02	28.	2494.4506384814686
0.02	28.1	2496.4112892923918
0.02	28.200000000000003	2498.3688738906453
0.02	28.3	2500.3234066907635
0.02	28.400000000000002	2502.274902029283
0.02	28.5	2504.2233741656814
0.02	28.6	2506.1688372824797
0.02	28.700000000000003	2508.1113054855796
0.02	28.8	2510.0507928056218
0.02	28.900000000000002	2511.987313197174
0.02	29.	2513.9208805398284
0.02	29.1	2515.8515086386383
0.02	29.200000000000003	2517.7792112244247
0.02	29.3	2519.7040019539168
0.02	29.400000000000002	2521.6258944108176
0.02	29.5	2523.544902105754
0.02	29.6	2525.4610384768102
0.02	29.700000000000003	2527.374316889848
0.02	29.8	2529.2847506390417
0.02	29.900000000000002	2531.192352947546
0.02	30.	2533.097136967058
0.02	30.1	2534.9991157793747
0.02	30.200000000000003	2536.8983023958513
0.02	30.3	2538.7947097581086
0.02	30.400000000000002	2540.6883507385737
0.02	30.5	2542.579238140861
0.02	30.6	2544.4673847001454
0.02	30.700000000000003	2546.352803083357
0.02	30.8	2548.2355058893936
0.02	30.900000000000002	2550.1155056503126
0.02	31.	2551.9928148311706
0.02	31.1	2553.8674458300734
0.02	31.200000000000003	2555.739410979463
0.02	31.3	2557.608722545719
0.02	31.400000000000002	2559.475392729649
0.02	31.5	2561.3394336671754
0.02	31.6	2563.200857429467
0.02	31.700000000000003	2565.059676023235
0.02	31.8	2566.915901391709
0.02	31.900000000000002	2568.769545414203
0.02	32.	2570.6206199066223
0.02	32.1	2572.4691366224843
0.02	32.2	2574.315107252418
0.02	32.300000000000004	2576.158543425293
0.02	32.4	2577.999456707677
0.02	32.5	2579.8378586051117
0.02	32.6	2581.673760561779
0.02	32.7	2583.507173961521
0.02	32.800000000000004	2585.3381101274545
0.02	32.9	2587.166580322575
0.02	33.	2588.9925957507817
0.02	33.1	2590.8161675556644
0.02	33.2	2592.6373068228445
0.02	33.300000000000004	2594.45602457818
0.02	33.4	2596.272331790337
0.02	33.5	2598.086239368871
0.02	33.6	2599.8977581665886
0.02	33.7	2601.706898978036
0.02	33.800000000000004	2603.5136725417665
0.02	33.9	2605.318089538667
0.02	34.	2607.1201605936726
0.02	34.1	2608.919896275796
0.02	34.2	2610.7173070983195
0.02	34.300000000000004	2612.5124035185972
0.02	34.4	2614.305195939466
0.02	34.5	2616.095694708808
0.02	34.6	2617.8839101199214
0.02	34.7	2619.669852412036
0.02	34.800000000000004	2621.453531770485
0.02	34.9	2623.234958327009
0.02	35.	2625.0141421602416
0.02	35.1	2626.791093295625
0.02	35.2	2628.5658217065693
0.02	35.300000000000004	2630.338337313193
0.02	35.4	2632.1086499844855
0.02	35.5	2633.876769537256
0.02	35.6	2635.642705736793
0.02	35.7	2637.40646829746
0.02	35.800000000000004	2639.168066882648
0.02	35.9	2640.927511105252
0.02	36.	2642.6848105278877
0.02	36.1	2644.4399746628305
0.02	36.2	2646.193012973392
0.02	36.300000000000004	2647.943934872398
0.02	36.4	2649.692749724485
0.02	36.5	2651.4394668451378
0.02	36.6	2653.184095500917
0.02	36.7	2654.926644910511
0.02	36.800000000000004	2656.667124243997
0.02	36.9	2658.405542624613
0.02	37.	2660.1419091273106
0.02	37.1	2661.876232779595
0.02	37.2	2663.6085225632523
0.02	37.300000000000004	2665.338787411961
0.02	37.4	2667.06703621401
0.02	37.5	2668.7932778110066
0.02	37.6	2670.5175209988884
0.02	37.7	2672.239774527587
0.02	37.800000000000004	2673.9600471018816
0.02	37.9	2675.67834738196
0.02	38.	2677.3946839821024
0.02	38.1	2679.109065472764
0.02	38.2	2680.821500379887
0.02	38.300000000000004	2682.53199718493
0.02	38.400000000000006	2684.240564326013
0.02	38.5	2685.9472101975634
0.02	38.6	2687.651943150132
0.02	38.7	2689.354771491601
0.02	38.800000000000004	2691.055703487156
0.02	38.900000000000006	2692.754747358949
0.02	39.	2694.451911286892
0.02	39.1	2696.147203408769
0.02	39.2	2697.840631820445
0.02	39.300000000000004	2699.5322045760013
0.02	39.400000000000006	2701.2219296885564
0.02	39.5	2702.909815129351
0.02	39.6	2704.5958688289957
0.02	39.7	2706.2800986774278
0.02	39.800000000000004	2707.9625125239218
0.02	39.900000000000006	2709.643118177676
0.02	40.	2711.3219234075887
0.0225	0.	1736.0587997114458
0.0225	0.1	1739.8635497923817
0.0225	0.2	1743.6555249961305
0.0225	0.30000000000000004	1747.4347968750571
0.0225	0.4	1751.2014364934355
0.0225	0.5	1754.9555144323317
0.0225	0.6000000000000001	1758.697100796033
0.0225	0.7000000000000001	1762.426265215057
0.0225	0.8	1766.1430768536543
0.0225	0.9	1769.8476044128347
0.0225	1.	1773.5399161357475
0.0225	1.1	1777.2200798127408
0.0225	1.2000000000000002	1780.8881627852172
0.0225	1.3	1784.544231951424
0.0225	1.4000000000000001	1788.1883537691028
0.0225	1.5	1791.8205942615423
0.0225	1.6	1795.4410190214955
0.0225	1.7000000000000002	1799.0496932142873
0.0225	1.8	1802.6466815833135
0.0225	1.9000000000000001	1806.232048453418
0.0225	2.	1809.8058577352951
0.0225	2.1	1813.3681729286184
0.0225	2.2	1816.919057127076
0.0225	2.3000000000000003	1820.4585730208719
0.0225	2.4000000000000004	1823.9867829016555
0.0225	2.5	1827.5037486652304
0.0225	2.6	1831.0095318157303
0.0225	2.7	1834.5041934692078
0.0225	2.8000000000000003	1837.9877943561498
0.0225	2.9000000000000004	1841.4603948264303
0.0225	3.	1844.9220548514113
0.0225	3.1	1848.372834027641
0.0225	3.2	1851.812791580985
0.0225	3.3000000000000003	1855.2419863679272
0.0225	3.4000000000000004	1858.6604768807144
0.0225	3.5	1862.0683212490642
0.0225	3.6	1865.4655772439116
0.0225	3.7	1868.8523022803777
0.0225	3.8000000000000003	1872.228553420689
0.0225	3.9000000000000004	1875.5943873767878
0.0225	4.	1878.949860513337
0.0225	4.1000000000000005	1882.2950288512936
0.0225	4.2	1885.629948069471
0.0225	4.3	1888.9546735081276
0.0225	4.4	1892.2692601715169
0.0225	4.5	1895.5737627306344
0.0225	4.6000000000000005	1898.868235525122
0.0225	4.7	1902.1527325674238
0.0225	4.800000000000001	1905.4273075434405
0.0225	4.9	1908.6920138167459
0.0225	5.	1911.946904429917
0.0225	5.1000000000000005	1915.192032107669
0.0225	5.2	1918.4274492586394
0.0225	5.300000000000001	1921.653207979046
0.0225	5.4	1924.8693600532067
0.0225	5.5	1928.0759569574125
0.0225	5.6000000000000005	1931.2730498616063
0.0225	5.7	1934.4606896312803
0.0225	5.800000000000001	1937.638926831116
0.0225	5.9	1940.807811725273
0.0225	6.	1943.9673942809884
0.0225	6.1000000000000005	1947.1177241699668
0.0225	6.2	1950.2588507715097
0.0225	6.300000000000001	1953.3908231733333
0.0225	6.4	1956.513690174668
0.0225	6.5	1959.627500287391
0.0225	6.6000000000000005	1962.7323017390452
0.0225	6.7	1965.8281424741722
0.0225	6.800000000000001	1968.915070156724
0.0225	6.9	1971.9931321717772
0.0225	7.	1975.0623756270227
0.0225	7.1000000000000005	1978.1228473559015
0.0225	7.2	1981.174593918079
0.0225	7.300000000000001	1984.2176616029149
0.0225	7.4	1987.2520964292871
0.0225	7.5	1990.277944149475
0.0225	7.6000000000000005	1993.295250249416
0.0225	7.7	1996.3040599519186
0.0225	7.800000000000001	1999.3044182165984
0.0225	7.9	2002.29636974326
0.0225	8.	2005.2799589735378
0.0225	8.1	2008.2552300913546
0.0225	8.200000000000001	2011.2222270258578
0.0225	8.3	2014.1809934523133
0.0225	8.4	2017.131572794822
0.0225	8.5	2020.0740082263185
0.0225	8.6	2023.008342671951
0.0225	8.700000000000001	2025.9346188095362
0.0225	8.8	2028.852879071478
0.0225	8.9	2031.763165646958
0.0225	9.	2034.6655204823626
0.0225	9.1	2037.55998528363
0.0225	9.200000000000001	2040.4466015177172
0.0225	9.3	2043.3254104140917
0.0225	9.4	2046.196452965897
0.0225	9.5	2049.0597699319906
0.0225	9.600000000000001	2051.915401838089
0.0225	9.700000000000001	2054.763388977975
0.0225	9.8	2057.6037714162926
0.0225	9.9	2060.4365889880623
0.0225	10.	2063.2618813011118
0.0225	10.100000000000001	2066.079687738146
0.0225	10.200000000000001	2068.890047456814
0.0225	10.3	2071.6929993923354
0.0225	10.4	2074.4885822573997
0.0225	10.5	2077.2768345455534
0.0225	10.600000000000001	2080.057794530652
0.0225	10.700000000000001	2082.8315002692384
0.0225	10.8	2085.597989601861
0.0225	10.9	2088.3573001542854
0.0225	11.	2091.109469337751
0.0225	11.100000000000001	2093.8545343528504
0.0225	11.200000000000001	2096.59253218786
0.0225	11.3	2099.3234996221418
0.0225	11.4	2102.0474732262014
0.0225	11.5	2104.764489363905
0.0225	11.600000000000001	2107.4745841929685
0.0225	11.700000000000001	2110.177793666698
0.0225	11.8	2112.874153534838
0.0225	11.9	2115.563699344875
0.0225	12.	2118.2464664435342
0.0225	12.100000000000001	2120.9224899779692
0.0225	12.200000000000001	2123.5918048965023
0.0225	12.3	2126.254445950283
0.0225	12.4	2128.91044769432
0.0225	12.5	2131.559844488621
0.0225	12.600000000000001	2134.2026704991667
0.0225	12.700000000000001	2136.8389596997886
0.0225	12.8	2139.4687458722165
0.0225	12.9	2142.092062608088
0.0225	13.	2144.7089433101223
0.0225	13.100000000000001	2147.319421191947
0.0225	13.200000000000001	2149.9235292815356
0.0225	13.3	2152.5213004195443
0.0225	13.4	2155.1127672628454
0.0225	13.5	2157.6979622844606
0.0225	13.600000000000001	2160.276917774219
0.0225	13.700000000000001	2162.849665841224
0.0225	13.8	2165.4162384133356
0.0225	13.9	2167.9766672391534
0.0225	14.	2170.530983889377
0.0225	14.100000000000001	2173.0792197568426
0.0225	14.200000000000001	2175.6214060588295
0.0225	14.3	2178.157573836391
0.0225	14.4	2180.687753956698
0.0225	14.5	2183.211977114544
0.0225	14.600000000000001	2185.730273831453
0.0225	14.700000000000001	2188.2426744579834
0.0225	14.8	2190.749209175373
0.0225	14.9	2193.2499079943564
0.0225	15.	2195.744800758157
0.0225	15.100000000000001	2198.2339171434696
0.0225	15.200000000000001	2200.717286659189
0.0225	15.3	2203.1949386500237
0.0225	15.4	2205.666902296032
0.0225	15.5	2208.133206614163
0.0225	15.600000000000001	2210.593880458735
0.0225	15.700000000000001	2213.048952522507
0.0225	15.8	2215.4984513378918
0.0225	15.9	2217.9424052771647
0.0225	16.	2220.3808425549055
0.0225	16.1	2222.8137912272437
0.0225	16.2	2225.2412791933552
0.0225	16.3	2227.663334197038
0.0225	16.400000000000002	2230.079983826647
0.0225	16.5	2232.491255516437
0.0225	16.6	2234.897176547558
0.0225	16.7	2237.297774048648
0.0225	16.8	2239.6930749967673
0.0225	16.900000000000002	2242.0831062187754
0.0225	17.	2244.4678943915724
0.0225	17.1	2246.8474660428437
0.0225	17.2	2249.2218475529685
0.0225	17.3	2251.5910651544696
0.0225	17.400000000000002	2253.955144933963
0.0225	17.5	2256.31411283254
0.0225	17.6	2258.6679946463746
0.0225	17.7	2261.016816028414
0.0225	17.8	2263.360602488191
0.0225	17.900000000000002	2265.699379393303
0.0225	18.	2268.033171969699
0.0225	18.1	2270.362005303337
0.0225	18.2	2272.685904339834
0.0225	18.3	2275.0048938867058
0.0225	18.400000000000002	2277.3189986126413
0.0225	18.5	2279.6282430493607
0.0225	18.6	2281.9326515921475
0.0225	18.7	2284.232248500407
0.0225	18.8	2286.5270578985464
0.0225	18.900000000000002	2288.817103777043
0.0225	19.	2291.102409992567
0.0225	19.1	2293.383000269871
0.0225	19.200000000000003	2295.658898200864
0.0225	19.3	2297.930127247217
0.0225	19.400000000000002	2300.1967107396863
0.0225	19.5	2302.458671879852
0.0225	19.6	2304.716033740159
0.0225	19.700000000000003	2306.968819264989
0.0225	19.8	2309.217051271135
0.0225	19.900000000000002	2311.4607524492517
0.0225	20.	2313.6999453637077
0.0225	20.1	2315.9346524536163
0.0225	20.200000000000003	2318.1648960337516
0.0225	20.3	2320.3906982952217
0.0225	20.400000000000002	2322.6120813058888
0.0225	20.5	2324.8290670113997
0.0225	20.6	2327.041677235417
0.0225	20.700000000000003	2329.249933681605
0.0225	20.8	2331.4538579321643
0.0225	20.900000000000002	2333.6534714505765
0.0225	21.	2335.8487955809433
0.0225	21.1	2338.0398515497936
0.0225	21.200000000000003	2340.226660465516
0.0225	21.3	2342.409243319953
0.0225	21.400000000000002	2344.5876209889802
0.0225	21.5	2346.761814232635
0.0225	21.6	2348.9318436963413
0.0225	21.700000000000003	2351.097729911332
0.0225	21.8	2353.259493295088
0.0225	21.900000000000002	2355.417154152616
0.0225	22.	2357.5707326765137
0.0225	22.1	2359.7202489479178
0.0225	22.200000000000003	2361.8657229368255
0.0225	22.3	2364.0071745031905
0.0225	22.400000000000002	2366.1446233972
0.0225	22.5	2368.278089260196
0.0225	22.6	2370.4075916248107
0.0225	22.700000000000003	2372.5331499162394
0.0225	22.8	2374.6547834523344
0.0225	22.900000000000002	2376.7725114442455
0.0225	23.	2378.8863529978707
0.0225	23.1	2380.9963271131087
0.0225	23.200000000000003	2383.1024526853826
0.0225	23.3	2385.2047485060352
0.0225	23.400000000000002	2387.3032332632597
0.0225	23.5	2389.397925541593
0.0225	23.6	2391.4888438237576
0.0225	23.700000000000003	2393.5760064908054
0.0225	23.8	2395.659431822536
0.0225	23.900000000000002	2397.739137998291
0.0225	24.	2399.815143096925
0.0225	24.1	2401.887465098662
0.0225	24.200000000000003	2403.95612188458
0.0225	24.3	2406.0211312371357
0.0225	24.400000000000002	2408.0825108415725
0.0225	24.5	2410.1402782860837
0.0225	24.6	2412.1944510618564
0.0225	24.700000000000003	2414.245046564184
0.0225	24.8	2416.2920820931827
0.0225	24.900000000000002	2418.3355748537133
0.0225	25.	2420.375541956589
0.0225	25.1	2422.4120004185675
0.0225	25.200000000000003	2424.444967163278
0.0225	25.3	2426.4744590213404
0.0225	25.400000000000002	2428.5004927316604
0.0225	25.5	2430.5230849409863
0.0225	25.6	2432.5422522051504
0.0225	25.700000000000003	2434.558010989494
0.0225	25.8	2436.5703776688997
0.0225	25.900000000000002	2438.5793685289273
0.0225	26.	2440.5849997659575
0.0225	26.1	2442.5872874881707
0.0225	26.200000000000003	2444.586247715104
0.0225	26.3	2446.581896379222
0.0225	26.400000000000002	2448.5742493258285
0.0225	26.5	2450.563322313815
0.0225	26.6	2452.5491310158272
0.0225	26.700000000000003	2454.5316910191036
0.0225	26.8	2456.511017825774
0.0225	26.900000000000002	2458.487126853725
0.0225	27.	2460.460033436433
0.0225	27.1	2462.429752823832
0.0225	27.200000000000003	2464.396300183102
0.0225	27.3	2466.3596905984623
0.0225	27.400000000000002	2468.3199390721174
0.0225	27.5	2470.2770605245123
0.0225	27.6	2472.2310697952803
0.0225	27.700000000000003	2474.181981642875
0.0225	27.8	2476.1298107457546
0.0225	27.900000000000002	2478.0745717023838
0.0225	28.	2480.0162790322934
0.0225	28.1	2481.954947175662
0.0225	28.200000000000003	2483.8905904946632
0.0225	28.3	2485.8232232733253
0.0225	28.400000000000002	2487.7528597179066
0.0225	28.5	2489.679513958034
0.0225	28.6	2491.6032000466203
0.0225	28.700000000000003	2493.5239319601305
0.0225	28.8	2495.4417235997357
0.0225	28.900000000000002	2497.3565887907253
0.0225	29.	2499.2685412839915
0.0225	29.1	2501.177594756013
0.0225	29.200000000000003	2503.0837628088548
0.0225	29.3	2504.9870589712687
0.0225	29.400000000000002	2506.8874966987964
0.0225	29.5	2508.78508937445
0.0225	29.6	2510.6798503086443
0.0225	29.700000000000003	2512.5717927401442
0.0225	29.8	2514.4609298359246
0.0225	29.900000000000002	2516.347274692012
0.0225	30.	2518.2308403341913
0.0225	30.1	2520.111639717272
0.0225	30.200000000000003	2521.989685726906
0.0225	30.3	2523.8649911785656
0.0225	30.400000000000002	2525.737568819641
0.0225	30.5	2527.607431328089
0.0225	30.6	2529.474591313761
0.0225	30.700000000000003	2531.3390613190745
0.0225	30.8	2533.20085381841
0.0225	30.900000000000002	2535.05998121958
0.0225	31.	2536.91645586353
0.0225	31.1	2538.7702900246204
0.0225	31.200000000000003	2540.6214959115546
0.0225	31.3	2542.4700856679506
0.0225	31.400000000000002	2544.316071371312
0.0225	31.5	2546.1594650349807
0.0225	31.6	2548.000278607918
0.0225	31.700000000000003	2549.8385239749978
0.0225	31.8	2551.67421295691
0.0225	31.900000000000002	2553.5073573118516
0.0225	32.	2555.3379687345277
0.0225	32.1	2557.166058857262
0.0225	32.2	2558.9916392500286
0.0225	32.300000000000004	2560.814721421332
0.0225	32.4	2562.635316817819
0.0225	32.5	2564.453436825046
0.0225	32.6	2566.2690927677945
0.0225	32.7	2568.0822959103834
0.0225	32.800000000000004	2569.893057457307
0.0225	32.9	2571.701388552738
0.0225	33.	2573.507300282261
0.0225	33.1	2575.310803671656
0.0225	33.2	2577.1119096883726
0.0225	33.300000000000004	2578.910629241364
0.0225	33.4	2580.706973181572
0.0225	33.5	2582.5009523023955
0.0225	33.6	2584.2925773392185
0.0225	33.7	2586.081858971291
0.0225	33.800000000000004	2587.8688078206005
0.0225	33.9	2589.653434452737
0.0225	34.	2591.4357493774355
0.0225	34.1	2593.215763048322
0.0225	34.2	2594.99348586422
0.0225	34.300000000000004	2596.768928168109
0.0225	34.4	2598.5421002487415
0.0225	34.5	2600.3130123402966
0.0225	34.6	2602.081674622592
0.0225	34.7	2603.848097221647
0.0225	34.800000000000004	2605.6122902102065
0.0225	34.9	2607.3742636073725
0.0225	35.	2609.1340273794917
0.0225	35.1	2610.891591440368
0.0225	35.2	2612.6469656517334
0.0225	35.300000000000004	2614.400159822682
0.0225	35.4	2616.15118371089
0.0225	35.5	2617.900047022891
0.0225	35.6	2619.6467594136843
0.0225	35.7	2621.3913304876696
0.0225	35.800000000000004	2623.133769798448
0.0225	35.9	2624.874086849739
0.0225	36.	2626.612291095044
0.0225	36.1	2628.348391938136
0.0225	36.2	2630.082398733789
0.0225	36.300000000000004	2631.814320786936
0.0225	36.4	2633.5441673546525
0.0225	36.5	2635.271947644722
0.0225	36.6	2636.9976708166664
0.0225	36.7	2638.721345982494
0.0225	36.800000000000004	2640.4429822062257
0.0225	36.9	2642.162588504421
0.0225	37.	2643.880173846351
0.0225	37.1	2645.5957471546753
0.0225	37.2	2647.3093173052325
0.0225	37.300000000000004	2649.0208931275965
0.0225	37.4	2650.7304834050537
0.0225	37.5	2652.438096875382
0.0225	37.6	2654.1437422302424
0.0225	37.7	2655.847428116528
0.0225	37.800000000000004	2657.5491631359278
0.0225	37.9	2659.2489558449643
0.0225	38.	2660.946814756284
0.0225	38.1	2662.6427483376638
0.0225	38.2	2664.336765013094
0.0225	38.300000000000004	2666.028873162933
0.0225	38.400000000000006	2667.7190811234163
0.0225	38.5	2669.4073971883186
0.0225	38.6	2671.0938296077975
0.0225	38.7	2672.7783865892675
0.0225	38.800000000000004	2674.4610762979296
0.0225	38.900000000000006	2676.14190685638
0.0225	39.	2677.8208863449167
0.0225	39.1	2679.4980228026975
0.0225	39.2	2681.1733242270484
0.0225	39.300000000000004	2682.8467985732555
0.0225	39.400000000000006	2684.5184537565806
0.0225	39.5	2686.1882976505876
0.0225	39.6	2687.8563380886612
0.0225	39.7	2689.5225828632733
0.0225	39.800000000000004	2691.1870397275193
0.0225	39.900000000000006	2692.8497163935986
0.0225	40.	2694.5106205345514
0.025	0.	1730.0624821766291
0.025	0.1	1733.8290491813186
0.025	0.2	1737.5828789346908
0.025	0.30000000000000004	1741.324043457183
0.025	0.4	1745.0526142740894
0.025	0.5	1748.768662420458
0.025	0.6000000000000001	1752.4722584474252
0.025	0.7000000000000001	1756.163472426684
0.025	0.8	1759.8423739552218
0.025	0.9	1763.5090321612226
0.025	1.	1767.1635157077676
0.025	1.1	1770.8058927988322
0.025	1.2000000000000002	1774.436231183257
0.025	1.3	1778.0545981589353
0.025	1.4000000000000001	1781.6610605784672
0.025	1.5	1785.2556848528707
0.025	1.6	1788.838536955932
0.025	1.7000000000000002	1792.4096824287774
0.025	1.8	1795.9691863835585
0.025	1.9000000000000001	1799.5171135078654
0.025	2.	1803.0535280696154
0.025	2.1	1806.5784939191735
0.025	2.2	1810.092074495068
0.025	2.3000000000000003	1813.5943328265691
0.025	2.4000000000000004	1817.0853315386428
0.025	2.5	1820.565132854332
0.025	2.6	1824.0337985992783
0.025	2.7	1827.4913902056321
0.025	2.8000000000000003	1830.9379687140752
0.025	2.9000000000000004	1834.3735947794596
0.025	3.	1837.7983286722947
0.025	3.1	1841.2122302831654
0.025	3.2	1844.6153591253983
0.025	3.3000000000000003	1848.0077743391935
0.025	3.4000000000000004	1851.3895346942215
0.025	3.5	1854.760698592715
0.025	3.6	1858.1213240725494
0.025	3.7	1861.4714688110867
0.025	3.8000000000000003	1864.811190127383
0.025	3.9000000000000004	1868.1405449849606
0.025	4.	1871.459589995691
0.025	4.1000000000000005	1874.768381421859
0.025	4.2	1878.066975179812
0.025	4.3	1881.3554268414387
0.025	4.4	1884.6337916382272
0.025	4.5	1887.9021244635212
0.025	4.6000000000000005	1891.1604798749202
0.025	4.7	1894.4089120976903
0.025	4.800000000000001	1897.647475026264
0.025	4.9	1900.8762222275989
0.025	5.	1904.0952069441332
0.025	5.1000000000000005	1907.3044820947775
0.025	5.2	1910.5041002790915
0.025	5.300000000000001	1913.6941137783876
0.025	5.4	1916.8745745589276
0.025	5.5	1920.0455342738805
0.025	5.6000000000000005	1923.2070442664078
0.025	5.7	1926.3591555706384
0.025	5.800000000000001	1929.5019189152304
0.025	5.9	1932.6353847250532
0.025	6.	1935.7596031236615
0.025	6.1000000000000005	1938.874623934911
0.025	6.2	1941.9804966857912
0.025	6.300000000000001	1945.0772706085456
0.025	6.4	1948.1649946421787
0.025	6.5	1951.243717435383
0.025	6.6000000000000005	1954.3134873479646
0.025	6.7	1957.374352452889
0.025	6.800000000000001	1960.4263605393426
0.025	6.9	1963.4695591129291
0.025	7.	1966.5039953991275
0.025	7.1000000000000005	1969.5297163452096
0.025	7.2	1972.546768621129
0.025	7.300000000000001	1975.5551986220664
0.025	7.4	1978.5550524707805
0.025	7.5	1981.5463760185378
0.025	7.6000000000000005	1984.529214847781
0.025	7.7	1987.5036142732051
0.025	7.800000000000001	1990.4696193443467
0.025	7.9	1993.4272748470237
0.025	8.	1996.3766253049737
0.025	8.1	1999.317714981567
0.025	8.200000000000001	2002.2505878819823
0.025	8.3	2005.175287754635
0.025	8.4	2008.0918580929922
0.025	8.5	2011.0003421370038
0.025	8.6	2013.9007828748202
0.025	8.700000000000001	2016.7932230449367
0.025	8.8	2019.6777051373588
0.025	8.9	2022.5542713953066
0.025	9.	2025.422963816842
0.025	9.1	2028.2838241563438
0.025	9.200000000000001	2031.1368939266806
0.025	9.3	2033.9822143996948
0.025	9.4	2036.8198266089378
0.025	9.5	2039.6497713502154
0.025	9.600000000000001	2042.472089183749
0.025	9.700000000000001	2045.2868204353988
0.025	9.8	2048.094005198201
0.025	9.9	2050.8936833339385
0.025	10.	2053.6858944746486
0.025	10.100000000000001	2056.4706780236547
0.025	10.200000000000001	2059.248073157401
0.025	10.3	2062.018118826982
0.025	10.4	2064.7808537594387
0.025	10.5	2067.5363164586547
0.025	10.600000000000001	2070.284545207528
0.025	10.700000000000001	2073.02557806896
0.025	10.8	2075.759452887533
0.025	10.9	2078.4862072901437
0.025	11.	2081.2058786882553
0.025	11.100000000000001	2083.9185042783856
0.025	11.200000000000001	2086.624121044116
0.025	11.3	2089.3227657573934
0.025	11.4	2092.014474979278
0.025	11.5	2094.699285061236
0.025	11.600000000000001	2097.377232147286
0.025	11.700000000000001	2100.048352174613
0.025	11.8	2102.7126808746743
0.025	11.9	2105.3702537749696
0.025	12.	2108.021106200178
0.025	12.100000000000001	2110.665273272761
0.025	12.200000000000001	2113.302789915055
0.025	12.3	2115.9336908498276
0.025	12.4	2118.5580106022544
0.025	12.5	2121.1757835001927
0.025	12.600000000000001	2123.787043676201
0.025	12.700000000000001	2126.391825067776
0.025	12.8	2128.9901614193955
0.025	12.9	2131.5820862837168
0.025	13.	2134.167633021741
0.025	13.100000000000001	2136.7468348050106
0.025	13.200000000000001	2139.319724616334
0.025	13.3	2141.886335250876
0.025	13.4	2144.446699316945
0.025	13.5	2147.0008492385155
0.025	13.600000000000001	2149.548817254095
0.025	13.700000000000001	2152.0906354197123
0.025	13.8	2154.6263356093746
0.025	13.9	2157.155949515931
0.025	14.	2159.6795086521593
0.025	14.100000000000001	2162.1970443526443
0.025	14.200000000000001	2164.7085877736936
0.025	14.3	2167.2141698948562
0.025	14.4	2169.7138215202176
0.025	14.5	2172.2075732793533
0.025	14.600000000000001	2174.695455628293
0.025	14.700000000000001	2177.1774988499265
0.025	14.8	2179.6537330562815
0.025	14.9	2182.1241881885703
0.025	15.	2184.588894018817
0.025	15.100000000000001	2187.0478801499185
0.025	15.200000000000001	2189.5011760178486
0.025	15.3	2191.948810891539
0.025	15.4	2194.3908138748916
0.025	15.5	2196.8272139069627
0.025	15.600000000000001	2199.258039763232
0.025	15.700000000000001	2201.683320056611
0.025	15.8	2204.103083238146
0.025	15.9	2206.517357598396
0.025	16.	2208.9261712679818
0.025	16.1	2211.3295522185435
0.025	16.2	2213.7275282640044
0.025	16.3	2216.1201270613738
0.025	16.400000000000002	2218.5073761113536
0.025	16.5	2220.8893027597865
0.025	16.6	2223.2659341977906
0.025	16.7	2225.637297463665
0.025	16.8	2228.0034194427394
0.025	16.900000000000002	2230.364326869433
0.025	17.	2232.7200463271065
0.025	17.1	2235.070604249099
0.025	17.2	2237.416026920304
0.025	17.3	2239.756340477287
0.025	17.400000000000002	2242.0915709097508
0.025	17.5	2244.421744060585
0.025	17.6	2246.7468856277965
0.025	17.7	2249.067021164242
0.025	17.8	2251.3821760794553
0.025	17.900000000000002	2253.6923756398182
0.025	18.	2255.997644969564
0.025	18.1	2258.298009051808
0.025	18.2	2260.5934927292337
0.025	18.3	2262.8841207048304
0.025	18.400000000000002	2265.169917542754
0.025	18.5	2267.4509076695153
0.025	18.6	2269.7271153736287
0.025	18.7	2271.9985648081424
0.025	18.8	2274.265279990006
0.025	18.900000000000002	2276.5272848013647
0.025	19.	2278.784602990406
0.025	19.1	2281.037258172189
0.025	19.200000000000003	2283.285273829392
0.025	19.3	2285.528673312659
0.025	19.400000000000002	2287.7674798418543
0.025	19.5	2290.0017165069185
0.025	19.6	2292.23140626798
0.025	19.700000000000003	2294.4565719568845
0.025	19.8	2296.6772362772913
0.025	19.900000000000002	2298.8934218060836
0.025	20.	2301.105150993372
0.025	20.1	2303.312446163608
0.025	20.200000000000003	2305.5153295165746
0.025	20.3	2307.7138231276203
0.025	20.400000000000002	2309.907948948536
0.025	20.5	2312.097728808448
0.025	20.6	2314.283184414538
0.025	20.700000000000003	2316.464337352546
0.025	20.8	2318.64120908752
0.025	20.900000000000002	2320.813820964466
0.025	21.	2322.982194209203
0.025	21.1	2325.14634992937
0.025	21.200000000000003	2327.3063091142226
0.025	21.3	2329.4620926360026
0.025	21.400000000000002	2331.6137212506856
0.025	21.5	2333.7612155983156
0.025	21.6	2335.904596203524
0.025	21.700000000000003	2338.0438834769143
0.025	21.8	2340.1790977150354
0.025	21.900000000000002	2342.310259101282
0.025	22.	2344.4373877067605
0.025	22.1	2346.5605034904365
0.025	22.200000000000003	2348.679626300514
0.025	22.3	2350.794775874186
0.025	22.400000000000002	2352.9059718391554
0.025	22.5	2355.013233713703
0.025	22.6	2357.116580907728
0.025	22.700000000000003	2359.216032722794
0.025	22.8	2361.311608353249
0.025	22.900000000000002	2363.4033268869466
0.025	23.	2365.4912073053815
0.025	23.1	2367.5752684845256
0.025	23.200000000000003	2369.6555291959344
0.025	23.3	2371.7320081063126
0.025	23.400000000000002	2373.8047237790142
0.025	23.5	2375.873694674554
0.025	23.6	2377.9389391504797
0.025	23.700000000000003	2380.0004754629317
0.025	23.8	2382.058321766406
0.025	23.900000000000002	2384.112496115503
0.025	24.	2386.163016463773
0.025	24.1	2388.2099006656954
0.025	24.200000000000003	2390.2531664772196
0.025	24.3	2392.29283155519
0.025	24.400000000000002	2394.3289134595025
0.025	24.5	2396.3614296521273
0.025	24.6	2398.390397498623
0.025	24.700000000000003	2400.415834268927
0.025	24.8	2402.437757136989
0.025	24.900000000000002	2404.4561831817286
0.025	25.	2406.4711293882274
0.025	25.1	2408.4826126471316
0.025	25.200000000000003	2410.4906497561656
0.025	25.3	2412.495257419982
0.025	25.400000000000002	2414.4964522514447
0.025	25.5	2416.494250771371
0.025	25.6	2418.4886694096176
0.025	25.700000000000003	2420.479724505165
0.025	25.8	2422.467432307355
0.025	25.900000000000002	2424.451808975594
0.025	26.	2426.432870580601
0.025	26.1	2428.4106331040994
0.025	26.200000000000003	2430.385112440243
0.025	26.3	2432.356324395584
0.025	26.400000000000002	2434.3242846895037
0.025	26.5	2436.289008955065
0.025	26.6	2438.250512739456
0.025	26.700000000000003	2440.208811504322
0.025	26.8	2442.1639206262157
0.025	26.900000000000002	2444.1158553975215
0.025	27.	2446.064631026241
0.025	27.1	2448.010262637124
0.025	27.200000000000003	2449.952765271964
0.025	27.3	2451.8921538899717
0.025	27.400000000000002	2453.8284433681974
0.025	27.5	2455.7616485024914
0.025	27.6	2457.691784007108
0.025	27.700000000000003	2459.6188645161033
0.025	27.8	2461.5429045833243
0.025	27.900000000000002	2463.46391868271
0.025	28.	2465.381921209173
0.025	28.1	2467.296926478996
0.025	28.200000000000003	2469.208948730009
0.025	28.3	2471.1180021221526
0.025	28.400000000000002	2473.024100738093
0.025	28.5	2474.927258583549
0.025	28.6	2476.8274895879094
0.025	28.700000000000003	2478.7248076043425
0.025	28.8	2480.6192264104075
0.025	28.900000000000002	2482.51075970853
0.025	29.	2484.39942112668
0.025	29.1	2486.285224218416
0.025	29.200000000000003	2488.16818246308
0.025	29.3	2490.048309267163
0.025	29.400000000000002	2491.925617964037
0.025	29.5	2493.800121814006
0.025	29.6	2495.6718340060993
0.025	29.700000000000003	2497.5407676569885
0.025	29.8	2499.4069358123515
0.025	29.900000000000002	2501.2703514466393
0.025	30.	2503.1310274644193
0.025	30.1	2504.988976699594
0.025	30.200000000000003	2506.8442119167835
0.025	30.3	2508.6967458112154
0.025	30.400000000000002	2510.5465910094435
0.025	30.5	2512.3937600695435
0.025	30.6	2514.238265481319
0.025	30.700000000000003	2516.0801196670886
0.025	30.8	2517.9193349820166
0.025	30.900000000000002	2519.755923714338
0.025	31.	2521.5898980857664
0.025	31.1	2523.421270251852
0.025	31.200000000000003	2525.2500523028134
0.025	31.3	2527.0762562633463
0.025	31.400000000000002	2528.8998940928964
0.025	31.5	2530.7209776866844
0.025	31.6	2532.5395188760417
0.025	31.700000000000003	2534.35552942785
0.025	31.8	2536.169021045875
0.025	31.900000000000002	2537.980005370977
0.025	32.	2539.788493980908
0.025	32.1	2541.5944983917807
0.025	32.2	2543.398030056764
0.025	32.300000000000004	2545.1991003682715
0.025	32.4	2546.9977206569965
0.025	32.5	2548.793902193046
0.025	32.6	2550.5876561855193
0.025	32.7	2552.3789937839206
0.025	32.800000000000004	2554.1679260775245
0.025	32.9	2555.95446409591
0.025	33.	2557.738618810308
0.025	33.1	2559.520401132496
0.025	33.2	2561.2998219156825
0.025	33.300000000000004	2563.0768919553207
0.025	33.4	2564.8516219891712
0.025	33.5	2566.6240226970776
0.025	33.6	2568.394104702232
0.025	33.7	2570.1618785706614
0.025	33.800000000000004	2571.927354812426
0.025	33.9	2573.6905438808894
0.025	34.	2575.45145617405
0.025	34.1	2577.210102034174
0.025	34.2	2578.966491748577
0.025	34.300000000000004	2580.7206355495105
0.025	34.4	2582.472543614891
0.025	34.5	2584.222226068342
0.025	34.6	2585.969692979695
0.025	34.7	2587.714954365294
0.025	34.800000000000004	2589.458020187813
0.025	34.9	2591.1989003573676
0.025	35.	2592.9376047312176
0.025	35.1	2594.6741431144346
0.025	35.2	2596.4085252599907
0.025	35.300000000000004	2598.140760869177
0.025	35.4	2599.8708595915473
0.025	35.5	2601.598831026077
0.025	35.6	2603.3246847203395
0.025	35.7	2605.048430171471
0.025	35.800000000000004	2606.770076826749
0.025	35.9	2608.489634083051
0.025	36.	2610.2071112876774
0.025	36.1	2611.9225177387325
0.025	36.2	2613.6358626848346
0.025	36.300000000000004	2615.3471553265035
0.025	36.4	2617.0564048145675
0.025	36.5	2618.76362025287
0.025	36.6	2620.4688106962108
0.025	36.7	2622.171985152382
0.025	36.800000000000004	2623.873152581505
0.025	36.9	2625.5723218964126
0.025	37.	2627.269501963341
0.025	37.1	2628.9647016016456
0.025	37.2	2630.657929584639
0.025	37.300000000000004	2632.349194639235
0.025	37.4	2634.0385054467583
0.025	37.5	2635.725870642735
0.025	37.6	2637.4112988178626
0.025	37.7	2639.094798517471
0.025	37.800000000000004	2640.7763782419656
0.025	37.9	2642.4560464478905
0.025	38.	2644.1338115468716
0.025	38.1	2645.809681906752
0.025	38.2	2647.483665851673
0.025	38.300000000000004	2649.1557716627067
0.025	38.400000000000006	2650.8260075766375
0.025	38.5	2652.4943817884478
0.025	38.6	2654.160902449706
0.025	38.7	2655.825577669298
0.025	38.800000000000004	2657.488415514554
0.025	38.900000000000006	2659.149424010151
0.025	39.	2660.808611139271
0.025	39.1	2662.465984843716
0.025	39.2	2664.121553023762
0.025	39.300000000000004	2665.775323538458
0.025	39.400000000000006	2667.4273042067116
0.025	39.5	2669.0775028059925
0.025	39.6	2670.7259270739823
0.025	39.7	2672.372584708286
0.025	39.800000000000004	2674.0174833661636
0.025	39.900000000000006	2675.6606306654776
0.025	40.	2677.302034184728
0.0275	0.	1724.298973566678
0.0275	0.1	1728.0261382974463
0.0275	0.2	1731.740597276795
0.0275	0.30000000000000004	1735.442423052363
0.0275	0.4	1739.1316876690096
0.0275	0.5	1742.8084626741131
0.0275	0.6000000000000001	1746.4728191234071
0.0275	0.7000000000000001	1750.124827585933
0.0275	0.8	1753.7645581489758
0.0275	0.9	1757.3920804231811
0.0275	1.	1761.0074635482508
0.0275	1.1	1764.6107761965404
0.0275	1.2000000000000002	1768.2020865784727
0.0275	1.3	1771.7814624472655
0.0275	1.4000000000000001	1775.3489711033453
0.0275	1.5	1778.9046793990947
0.0275	1.6	1782.4486537427454
0.0275	1.7000000000000002	1785.9809601027796
0.0275	1.8	1789.5016640133063
0.0275	1.9000000000000001	1793.0108305762699
0.0275	2.	1796.508524467717
0.0275	2.1	1799.9948099400485
0.0275	2.2	1803.469750826824
0.0275	2.3000000000000003	1806.933410547022
0.0275	2.4000000000000004	1810.3858521077034
0.0275	2.5	1813.8271381092827
0.0275	2.6	1817.257330747882
0.0275	2.7	1820.676491819708
0.0275	2.8000000000000003	1824.0846827243436
0.0275	2.9000000000000004	1827.4819644691122
0.0275	3.	1830.8683976709938
0.0275	3.1	1834.2440425614504
0.0275	3.2	1837.6089589889286
0.0275	3.3000000000000003	1840.9632064226726
0.0275	3.4000000000000004	1844.3068439561926
0.0275	3.5	1847.6399303094681
0.0275	3.6	1850.9625238331007
0.0275	3.7	1854.274682511029
0.0275	3.8000000000000003	1857.5764639635386
0.0275	3.9000000000000004	1860.8679254507088
0.0275	4.	1864.1491238747192
0.0275	4.1000000000000005	1867.4201157835207
0.0275	4.2	1870.6809573727808
0.0275	4.3	1873.9317044900192
0.0275	4.4	1877.172412636023
0.0275	4.5	1880.4031369690956
0.0275	4.6000000000000005	1883.62393230619
0.0275	4.7	1886.8348531269594
0.0275	4.800000000000001	1890.035953575749
0.0275	4.9	1893.2272874640798
0.0275	5.	1896.4089082738192
0.0275	5.1000000000000005	1899.580869159537
0.0275	5.2	1902.7432229504498
0.0275	5.300000000000001	1905.8960221536431
0.0275	5.4	1909.0393189562183
0.0275	5.5	1912.1731652278456
0.0275	5.6000000000000005	1915.297612522672
0.0275	5.7	1918.4127120825349
0.0275	5.800000000000001	1921.518514838366
0.0275	5.9	1924.6150714136968
0.0275	6.	1927.7024321250613
0.0275	6.1000000000000005	1930.7806469865197
0.0275	6.2	1933.8497657097498
0.0275	6.300000000000001	1936.9098377081898
0.0275	6.4	1939.960912097113
0.0275	6.5	1943.0030376979328
0.0275	6.6000000000000005	1946.0362630384923
0.0275	6.7	1949.060636356571
0.0275	6.800000000000001	1952.076205601033
0.0275	6.9	1955.0830184337635
0.0275	7.	1958.0811222330792
0.0275	7.1000000000000005	1961.0705640935541
0.0275	7.2	1964.0513908302141
0.0275	7.300000000000001	1967.02364897872
0.0275	7.4	1969.9873847985511
0.0275	7.5	1972.9426442740098
0.0275	7.6000000000000005	1975.8894731167327
0.0275	7.7	1978.8279167675748
0.0275	7.800000000000001	1981.758020397593
0.0275	7.9	1984.6798289109554
0.0275	8.	1987.593386946545
0.0275	8.1	1990.498738878993
0.0275	8.200000000000001	1993.395928821273
0.0275	8.3	1996.2850006263088
0.0275	8.4	1999.1659978881596
0.0275	8.5	2002.0389639446444
0.0275	8.6	2004.9039418784437
0.0275	8.700000000000001	2007.760974518781
0.0275	8.8	2010.610104443557
0.0275	8.9	2013.451373980265
0.0275	9.	2016.284825208577
0.0275	9.1	2019.1104999610714
0.0275	9.200000000000001	2021.9284398255595
0.0275	9.3	2024.738686145809
0.0275	9.4	2027.541280024504
0.0275	9.5	2030.3362623234875
0.0275	9.600000000000001	2033.1236736657406
0.0275	9.700000000000001	2035.9035544372982
0.0275	9.8	2038.675944788231
0.0275	9.9	2041.4408846346978
0.0275	10.	2044.1984136603453
0.0275	10.100000000000001	2046.9485713168133
0.0275	10.200000000000001	2049.691396826554
0.0275	10.3	2052.4269291842156
0.0275	10.4	2055.1552071563924
0.0275	10.5	2057.8762692854143
0.0275	10.600000000000001	2060.5901538893563
0.0275	10.700000000000001	2063.296899063445
0.0275	10.8	2065.9965426817935
0.0275	10.9	2068.689122399459
0.0275	11.	2071.3746756522
0.0275	11.100000000000001	2074.0532396595436
0.0275	11.200000000000001	2076.724851424527
0.0275	11.3	2079.3895477369324
0.0275	11.4	2082.047365172419
0.0275	11.5	2084.6983400962663
0.0275	11.600000000000001	2087.342508662353
0.0275	11.700000000000001	2089.9799068156913
0.0275	11.8	2092.6105702942277
0.0275	11.9	2095.2345346288776
0.0275	12.	2097.851835145695
0.0275	12.100000000000001	2100.462506966677
0.0275	12.200000000000001	2103.066585010898
0.0275	12.3	2105.66410399645
0.0275	12.4	2108.2550984409604
0.0275	12.5	2110.839602663665
0.0275	12.600000000000001	2113.4176507849684
0.0275	12.700000000000001	2115.9892767300835
0.0275	12.8	2118.5545142276537
0.0275	12.9	2121.113396813287
0.0275	13.	2123.665957828932
0.0275	13.100000000000001	2126.21223042467
0.0275	13.200000000000001	2128.752247560626
0.0275	13.3	2131.2860420072807
0.0275	13.4	2133.813646346058
0.0275	13.5	2136.3350929720787
0.0275	13.600000000000001	2138.8504140943237
0.0275	13.700000000000001	2141.3596417363156
0.0275	13.8	2143.862807738539
0.0275	13.9	2146.3599437582907
0.0275	14.	2148.8510812713216
0.0275	14.100000000000001	2151.3362515729154
0.0275	14.200000000000001	2153.8154857791965
0.0275	14.3	2156.2888148282736
0.0275	14.4	2158.7562694795506
0.0275	14.5	2161.2178803180277
0.0275	14.600000000000001	2163.6736777524093
0.0275	14.700000000000001	2166.123692017596
0.0275	14.8	2168.5679531758665
0.0275	14.9	2171.006491117173
0.0275	15.	2173.439335560429
0.0275	15.100000000000001	2175.8665160543937
0.0275	15.200000000000001	2178.2880619796283
0.0275	15.3	2180.704002548405
0.0275	15.4	2183.114366805686
0.0275	15.5	2185.519183630879
0.0275	15.600000000000001	2187.9184817388045
0.0275	15.700000000000001	2190.3122896792333
0.0275	15.8	2192.7006358402964
0.0275	15.9	2195.0835484472873
0.0275	16.	2197.4610555646373
0.0275	16.1	2199.8331850965997
0.0275	16.2	2202.199964788756
0.0275	16.3	2204.5614222279437
0.0275	16.400000000000002	2206.917584844109
0.0275	16.5	2209.268479910614
0.0275	16.6	2211.61413454585
0.0275	16.7	2213.9545757133164
0.0275	16.8	2216.2898302233284
0.0275	16.900000000000002	2218.6199247330483
0.0275	17.	2220.944885748591
0.0275	17.1	2223.2647396248044
0.0275	17.2	2225.5795125667787
0.0275	17.3	2227.889230630316
0.0275	17.400000000000002	2230.193919723454
0.0275	17.5	2232.493605606432
0.0275	17.6	2234.7883138936054
0.0275	17.7	2237.07807005345
0.0275	17.8	2239.362899409819
0.0275	17.900000000000002	2241.642827142725
0.0275	18.	2243.917878289454
0.0275	18.1	2246.188077744737
0.0275	18.2	2248.4534502622478
0.0275	18.3	2250.7140204550797
0.0275	18.400000000000002	2252.969812796918
0.0275	18.5	2255.220851622461
0.0275	18.6	2257.467161128397
0.0275	18.7	2259.7087653744393
0.0275	18.8	2261.945688283722
0.0275	18.900000000000002	2264.177953644084
0.0275	19.	2266.4055851081134
0.0275	19.1	2268.628606195063
0.0275	19.200000000000003	2270.847040290704
0.0275	19.3	2273.0609106483644
0.0275	19.400000000000002	2275.2702403898497
0.0275	19.5	2277.4750525060194
0.0275	19.6	2279.6753698579537
0.0275	19.700000000000003	2281.8712151773466
0.0275	19.8	2284.062611067166
0.0275	19.900000000000002	2286.249580003054
0.0275	20.	2288.432144332941
0.0275	20.1	2290.610326279238
0.0275	20.200000000000003	2292.7841479383887
0.0275	20.3	2294.953631282136
0.0275	20.400000000000002	2297.1187981583957
0.0275	20.5	2299.279670291447
0.0275	20.6	2301.4362692831046
0.0275	20.700000000000003	2303.588616613488
0.0275	20.8	2305.7367336413545
0.0275	20.900000000000002	2307.8806416052626
0.0275	21.	2310.0203616236995
0.0275	21.1	2312.1559146966306
0.0275	21.200000000000003	2314.287321705116
0.0275	21.3	2316.414603413173
0.0275	21.400000000000002	2318.537780467638
0.0275	21.5	2320.656873398957
0.0275	21.6	2322.771902622325
0.0275	21.700000000000003	2324.882888437777
0.0275	21.8	2326.989851031591
0.0275	21.900000000000002	2329.092810476137
0.0275	22.	2331.1917867311568
0.0275	22.1	2333.2867996439063
0.0275	22.200000000000003	2335.3778689506908
0.0275	22.3	2337.465014276252
0.0275	22.400000000000002	2339.548255135505
0.0275	22.5	2341.6276109340765
0.0275	22.6	2343.7031009682632
0.0275	22.700000000000003	2345.7747444259708
0.0275	22.8	2347.842560387921
0.0275	22.900000000000002	2349.9065678277175
0.0275	23.	2351.9667856122546
0.0275	23.1	2354.023232503041
0.0275	23.200000000000003	2356.0759271563297
0.0275	23.3	2358.124888124096
0.0275	23.400000000000002	2360.170133853957
0.0275	23.5	2362.2116826908555
0.0275	23.6	2364.2495528764734
0.0275	23.700000000000003	2366.2837625506977
0.0275	23.8	2368.314329752358
0.0275	23.900000000000002	2370.341272418817
0.0275	24.	2372.3646083873314
0.0275	24.1	2374.3843553956167
0.0275	24.200000000000003	2376.400531082443
0.0275	24.3	2378.413152987764
0.0275	24.400000000000002	2380.4222385538696
0.0275	24.5	2382.427805125353
0.0275	24.6	2384.4298699504284
0.0275	24.700000000000003	2386.428450180919
0.0275	24.8	2388.423562873009
0.0275	24.900000000000002	2390.415224988139
0.0275	25.	2392.4034533926306
0.0275	25.1	2394.388264859345
0.0275	25.200000000000003	2396.369676067561
0.0275	25.3	2398.3477036038876
0.0275	25.400000000000002	2400.3223639622993
0.0275	25.5	2402.2936735454364
0.0275	25.6	2404.2616486641905
0.0275	25.700000000000003	2406.2263055395583
0.0275	25.8	2408.187660301503
0.0275	25.900000000000002	2410.1457289910654
0.0275	26.	2412.100527559971
0.0275	26.1	2414.0520718710904
0.0275	26.200000000000003	2416.0003776999592
0.0275	26.3	2417.945460733815
0.0275	26.400000000000002	2419.8873365734844
0.0275	26.5	2421.826020733207
0.0275	26.6	2423.7615286407718
0.0275	26.700000000000003	2425.6938756390573
0.0275	26.8	2427.623076985853
0.0275	26.900000000000002	2429.549147854372
0.0275	27.	2431.472103333788
0.0275	27.1	2433.391958430051
0.0275	27.200000000000003	2435.3087280659265
0.0275	27.3	2437.2224270818606
0.0275	27.400000000000002	2439.133070236024
0.0275	27.5	2441.0406722054413
0.0275	27.6	2442.945247585607
0.0275	27.700000000000003	2444.8468108919906
0.0275	27.8	2446.7453765598634
0.0275	27.900000000000002	2448.640958944381
0.0275	28.	2450.533572321919
0.0275	28.1	2452.4232308905566
0.0275	28.200000000000003	2454.3099487694935
0.0275	28.3	2456.193740000331
0.0275	28.400000000000002	2458.0746185477656
0.0275	28.5	2459.952598299202
0.0275	28.6	2461.8276930659063
0.0275	28.700000000000003	2463.699916583181
0.0275	28.8	2465.56928251067
0.0275	28.900000000000002	2467.435804433077
0.0275	29.	2469.2994958603977
0.0275	29.1	2471.1603702288244
0.0275	29.200000000000003	2473.0184409003655
0.0275	29.3	2474.8737211641533
0.0275	29.400000000000002	2476.7262242359543
0.0275	29.5	2478.575963259711
0.0275	29.6	2480.4229513066166
0.0275	29.700000000000003	2482.267201376992
0.0275	29.8	2484.10872639954
0.0275	29.900000000000002	2485.947539232583
0.0275	30.	2487.783652663631
0.0275	30.1	2489.617079410704
0.0275	30.200000000000003	2491.447832122184
0.0275	30.3	2493.2759233772786
0.0275	30.400000000000002	2495.1013656865125
0.0275	30.5	2496.9241714924974
0.0275	30.6	2498.744353169153
0.0275	30.700000000000003	2500.561923023983
0.0275	30.8	2502.3768932963217
0.0275	30.900000000000002	2504.189276159755
0.0275	31.	2505.9990837206947
0.0275	31.1	2507.8063280206693
0.0275	31.200000000000003	2509.611021034591
0.0275	31.3	2511.4131746730195
0.0275	31.400000000000002	2513.21280078149
0.0275	31.5	2515.0099111410213
0.0275	31.6	2516.804517468901
0.0275	31.700000000000003	2518.596631418801
0.0275	31.8	2520.3862645809086
0.0275	31.900000000000002	2522.1734284824406
0.0275	32.	2523.9581345888355
0.0275	32.1	2525.740394302389
0.0275	32.2	2527.520218964577
0.0275	32.300000000000004	2529.297619854548
0.0275	32.4	2531.0726081912835
0.0275	32.5	2532.8451951323045
0.0275	32.6	2534.6153917755023
0.0275	32.7	2536.3832091581535
0.0275	32.800000000000004	2538.1486582583243
0.0275	32.9	2539.9117499945773
0.0275	33.	2541.672495226622
0.0275	33.1	2543.430904755618
0.0275	33.2	2545.1869893246567
0.0275	33.300000000000004	2546.9407596184465
0.0275	33.4	2548.6922262644853
0.0275	33.5	2550.4413998329615
0.0275	33.6	2552.1882908373727
0.0275	33.7	2553.932909734146
0.0275	33.800000000000004	2555.67526692408
0.0275	33.9	2557.415372751784
0.0275	34.	2559.153237506213
0.0275	34.1	2560.8888714211275
0.0275	34.2	2562.6222846755377
0.0275	34.300000000000004	2564.3534873938916
0.0275	34.4	2566.08248964582
0.0275	34.5	2567.8093014478045
0.0275	34.6	2569.5339327621923
0.0275	34.7	2571.2563934976647
0.0275	34.800000000000004	2572.9766935107805
0.0275	34.9	2574.694842604582
0.0275	35.	2576.410850530272
0.0275	35.1	2578.124726986397
0.0275	35.2	2579.8364816203757
0.0275	35.300000000000004	2581.5461240272953
0.0275	35.4	2583.2536637520284
0.0275	35.5	2584.959110287825
0.0275	35.6	2586.6624730776
0.0275	35.7	2588.363761513991
0.0275	35.800000000000004	2590.0629849395555
0.0275	35.9	2591.760152647142
0.0275	36.	2593.455273880226
0.0275	36.1	2595.1483578332827
0.0275	36.2	2596.8394136515553
0.0275	36.300000000000004	2598.5284504320994
0.0275	36.4	2600.215477223346
0.0275	36.5	2601.900503026219
0.0275	36.6	2603.583536793458
0.0275	36.7	2605.2645874305963
0.0275	36.800000000000004	2606.9436637958097
0.0275	36.9	2608.6207747006797
0.0275	37.	2610.2959289096852
0.0275	37.1	2611.9691351415604
0.0275	37.2	2613.6404020686105
0.0275	37.300000000000004	2615.309738317216
0.0275	37.4	2616.9771524687176
0.0275	37.5	2618.642653058407
0.0275	37.6	2620.306248577223
0.0275	37.7	2621.9679474711943
0.0275	37.800000000000004	2623.6277581414324
0.0275	37.9	2625.2856889455675
0.0275	38.	2626.941748196517
0.0275	38.1	2628.5959441639316
0.0275	38.2	2630.248285073907
0.0275	38.300000000000004	2631.8987791090667
0.0275	38.400000000000006	2633.5474344094728
0.0275	38.5	2635.1942590720128
0.0275	38.6	2636.839261151344
0.0275	38.7	2638.4824486600623
0.0275	38.800000000000004	2640.1238295683956
0.0275	38.900000000000006	2641.7634118053365
0.0275	39.	2643.4012032577834
0.0275	39.1	2645.0372117717898
0.0275	39.2	2646.671445152323
0.0275	39.300000000000004	2648.3039111633975
0.0275	39.400000000000006	2649.9346175286178
0.0275	39.5	2651.5635719313163
0.0275	39.6	2653.1907820146025
0.0275	39.7	2654.8162553819793
0.0275	39.800000000000004	2656.4399995968233
0.0275	39.900000000000006	2658.0620221837985
0.0275	40.	2659.682330628108
0.03	0.	1718.7622590993985
0.03	0.1	1722.4487461928625
0.03	0.2	1726.1225530658041
0.03	0.30000000000000004	1729.783752853948
0.03	0.4	1733.4324181822408
0.03	0.5	1737.0686211708414
0.03	0.6000000000000001	1740.6924334391827
0.03	0.7000000000000001	1744.303926113299
0.03	0.8	1747.90316982889
0.03	0.9	1751.4902347380312
0.03	1.	1755.0651905132877
0.03	1.1	1758.6281063532854
0.03	1.2000000000000002	1762.179050986706
0.03	1.3	1765.718092677991
0.03	1.4000000000000001	1769.2452992308451
0.03	1.5	1772.7607379940719
0.03	1.6	1776.2644758652236
0.03	1.7000000000000002	1779.7565792952364
0.03	1.8	1783.237114292174
0.03	1.9000000000000001	1786.706146427168
0.03	2.	1790.1637408364134
0.03	2.1	1793.609962227162
0.03	2.2	1797.0448748798935
0.03	2.3000000000000003	1800.4685426543606
0.03	2.4000000000000004	1803.8810289919456
0.03	2.5	1807.2823969201945
0.03	2.6	1810.672709055965
0.03	2.7	1814.0520276099246
0.03	2.8000000000000003	1817.4204143896663
0.03	2.9000000000000004	1820.7779308038303
0.03	3.	1824.124637864854
0.03	3.1	1827.4605961931884
0.03	3.2	1830.7858660199154
0.03	3.3000000000000003	1834.1005071914824
0.03	3.4000000000000004	1837.404579171627
0.03	3.5	1840.698141044756
0.03	3.6	1843.981251520551
0.03	3.7	1847.2539689355042
0.03	3.8000000000000003	1850.516351256985
0.03	3.9000000000000004	1853.768456085894
0.03	4.	1857.010340660209
0.03	4.1000000000000005	1860.24206185726
0.03	4.2	1863.4636761971506
0.03	4.3	1866.675239845693
0.03	4.4	1869.876808617103
0.03	4.5	1873.068437976518
0.03	4.6000000000000005	1876.2501830438243
0.03	4.7	1879.4220985949637
0.03	4.800000000000001	1882.5842390659548
0.03	4.9	1885.7366585548316
0.03	5.	1888.8794108242303
0.03	5.1000000000000005	1892.0125493047815
0.03	5.2	1895.136127096388
0.03	5.300000000000001	1898.250196971974
0.03	5.4	1901.3548113792697
0.03	5.5	1904.4500224439994
0.03	5.6000000000000005	1907.5358819709518
0.03	5.7	1910.6124414483575
0.03	5.800000000000001	1913.6797520484142
0.03	5.9	1916.7378646306254
0.03	6.	1919.7868297440543
0.03	6.1000000000000005	1922.8266976292234
0.03	6.2	1925.857518220797
0.03	6.300000000000001	1928.8793411498482
0.03	6.4	1931.8922157455172
0.03	6.5	1934.8961910377907
0.03	6.6000000000000005	1937.8913157595346
0.03	6.7	1940.877638347977
0.03	6.800000000000001	1943.8552069480609
0.03	6.9	1946.824069413854
0.03	7.	1949.784273309826
0.03	7.1000000000000005	1952.7358659144643
0.03	7.2	1955.6788942213263
0.03	7.300000000000001	1958.6134049410862
0.03	7.4	1961.5394445036718
0.03	7.5	1964.4570590601502
0.03	7.6000000000000005	1967.3662944850723
0.03	7.7	1970.267196377428
0.03	7.800000000000001	1973.1598100639635
0.03	7.9	1976.0441805992618
0.03	8.	1978.920352769346
0.03	8.1	1981.7883710922365
0.03	8.200000000000001	1984.6482798207544
0.03	8.3	1987.5001229432821
0.03	8.4	1990.343944186718
0.03	8.5	1993.179787017308
0.03	8.6	1996.007694642577
0.03	8.700000000000001	1998.8277100132548
0.03	8.8	2001.639875825367
0.03	8.9	2004.444234520923
0.03	9.	2007.240828290675
0.03	9.1	2010.0296990749782
0.03	9.200000000000001	2012.8108885659012
0.03	9.3	2015.5844382084194
0.03	9.4	2018.350389202732
0.03	9.5	2021.1087825049399
0.03	9.600000000000001	2023.8596588303337
0.03	9.700000000000001	2026.60305865214
0.03	9.8	2029.3390222060211
0.03	9.9	2032.067589489938
0.03	10.	2034.7888002658071
0.03	10.100000000000001	2037.5026940619432
0.03	10.200000000000001	2040.2093101734984
0.03	10.3	2042.9086876641068
0.03	10.4	2045.6008653685521
0.03	10.5	2048.2858818923746
0.03	10.600000000000001	2050.9637756151055
0.03	10.700000000000001	2053.6345846905883
0.03	10.8	2056.298347048723
0.03	10.9	2058.9551003965476
0.03	11.	2061.604882220713
0.03	11.100000000000001	2064.2477297878277
0.03	11.200000000000001	2066.883680145949
0.03	11.3	2069.512770126909
0.03	11.4	2072.135036346368
0.03	11.5	2074.750515205526
0.03	11.600000000000001	2077.3592428935312
0.03	11.700000000000001	2079.9612553875227
0.03	11.8	2082.556588454565
0.03	11.9	2085.1452776525794
0.03	12.	2087.727358332519
0.03	12.100000000000001	2090.30286563845
0.03	12.200000000000001	2092.8718345097286
0.03	12.3	2095.434299681766
0.03	12.4	2097.9902956876176
0.03	12.5	2100.5398568593146
0.03	12.600000000000001	2103.0830173284166
0.03	12.700000000000001	2105.6198110285195
0.03	12.8	2108.150271694973
0.03	12.9	2110.6744328677046
0.03	13.	2113.1923278903655
0.03	13.100000000000001	2115.70398991361
0.03	13.200000000000001	2118.2094518955655
0.03	13.3	2120.708746601855
0.03	13.4	2123.2019066093576
0.03	13.5	2125.6889643041427
0.03	13.600000000000001	2128.169951885245
0.03	13.700000000000001	2130.6449013647352
0.03	13.8	2133.113844569155
0.03	13.9	2135.5768131397726
0.03	14.	2138.0338385350306
0.03	14.100000000000001	2140.4849520309317
0.03	14.200000000000001	2142.9301847220163
0.03	14.3	2145.3695675237636
0.03	14.4	2147.8031311709356
0.03	14.5	2150.2309062215395
0.03	14.600000000000001	2152.6529230568685
0.03	14.700000000000001	2155.0692118817847
0.03	14.8	2157.479802726659
0.03	14.9	2159.884725448238
0.03	15.	2162.2840097311846
0.03	15.100000000000001	2164.6776850878096
0.03	15.200000000000001	2167.0657808605965
0.03	15.3	2169.448326222097
0.03	15.4	2171.8253501767795
0.03	15.5	2174.196881561194
0.03	15.600000000000001	2176.562949046376
0.03	15.700000000000001	2178.923581136783
0.03	15.8	2181.278806173354
0.03	15.9	2183.628652333125
0.03	16.	2185.973147631102
0.03	16.1	2188.312319920593
0.03	16.2	2190.6461968944495
0.03	16.3	2192.974806085843
0.03	16.400000000000002	2195.2981748696284
0.03	16.5	2197.6163304631964
0.03	16.6	2199.929299926928
0.03	16.7	2202.2371101655467
0.03	16.8	2204.539787929189
0.03	16.900000000000002	2206.8373598142207
0.03	17.	2209.129852263703
0.03	17.1	2211.417291568959
0.03	17.2	2213.699703870154
0.03	17.3	2215.9771151573586
0.03	17.400000000000002	2218.249551271389
0.03	17.5	2220.517037904444
0.03	17.6	2222.779600601223
0.03	17.7	2225.0372647601735
0.03	17.8	2227.290055633844
0.03	17.900000000000002	2229.5379983296016
0.03	18.	2231.781117811242
0.03	18.1	2234.0194388992086
0.03	18.2	2236.2529862716674
0.03	18.3	2238.4817844655827
0.03	18.400000000000002	2240.705857877073
0.03	18.5	2242.92523076277
0.03	18.6	2245.13992723996
0.03	18.7	2247.349971288412
0.03	18.8	2249.5553867504527
0.03	18.900000000000002	2251.7561973318407
0.03	19.	2253.952426602705
0.03	19.1	2256.1440979987624
0.03	19.200000000000003	2258.3312348212635
0.03	19.3	2260.513860238695
0.03	19.400000000000002	2262.691997286699
0.03	19.5	2264.8656688699384
0.03	19.6	2267.0348977615286
0.03	19.700000000000003	2269.1997066050385
0.03	19.8	2271.3601179147327
0.03	19.900000000000002	2273.516154076304
0.03	20.	2275.667837347661
0.03	20.1	2277.8151898600236
0.03	20.200000000000003	2279.9582336179724
0.03	20.3	2282.0969905010365
0.03	20.400000000000002	2284.2314822639137
0.03	20.5	2286.3617305374546
0.03	20.6	2288.4877568290376
0.03	20.700000000000003	2290.609582524045
0.03	20.8	2292.7272288853924
0.03	20.900000000000002	2294.8407170557803
0.03	21.	2296.95006805699
0.03	21.1	2299.055302791752
0.03	21.200000000000003	2301.1564420432724
0.03	21.3	2303.253506477366
0.03	21.400000000000002	2305.3465166418887
0.03	21.5	2307.4354929681635
0.03	21.6	2309.5204557712595
0.03	21.700000000000003	2311.6014252511
0.03	21.8	2313.678421492957
0.03	21.900000000000002	2315.7514644679104
0.03	22.	2317.8205740338285
0.03	22.1	2319.8857699362165
0.03	22.200000000000003	2321.947071808171
0.03	22.3	2324.004499171821
0.03	22.400000000000002	2326.0580714385915
0.03	22.5	2328.107807909734
0.03	22.6	2330.153727777677
0.03	22.700000000000003	2332.195850125777
0.03	22.8	2334.234193929431
0.03	22.900000000000002	2336.26877805679
0.03	23.	2338.2996212693797
0.03	23.1	2340.3267422223644
0.03	23.200000000000003	2342.3501594656914
0.03	23.3	2344.369891444322
0.03	23.400000000000002	2346.385956499019
0.03	23.5	2348.3983728672033
0.03	23.6	2350.40715868302
0.03	23.700000000000003	2352.412331978539
0.03	23.8	2354.4139106839166
0.03	23.900000000000002	2356.411912628418
0.03	24.	2358.406355540321
0.03	24.1	2360.397257048356
0.03	24.200000000000003	2362.3846346820683
0.03	24.3	2364.36850587167
0.03	24.400000000000002	2366.348887949809
0.03	24.5	2368.3257981513357
0.03	24.6	2370.299253614109
0.03	24.700000000000003	2372.2692713797105
0.03	24.8	2374.235868393578
0.03	24.900000000000002	2376.199061506272
0.03	25.	2378.1588674735167
0.03	25.1	2380.1153029568195
0.03	25.200000000000003	2382.06838452433
0.03	25.3	2384.018128651072
0.03	25.400000000000002	2385.964551719391
0.03	25.5	2387.907670020131
0.03	25.6	2389.8474997528
0.03	25.700000000000003	2391.7840570256003
0.03	25.8	2393.7173578568395
0.03	25.900000000000002	2395.6474181752515
0.03	26.	2397.5742538201644
0.03	26.1	2399.4978805420956
0.03	26.200000000000003	2401.41831400366
0.03	26.3	2403.3355697798165
0.03	26.400000000000002	2405.249663358312
0.03	26.5	2407.160610140796
0.03	26.6	2409.0684254420607
0.03	26.700000000000003	2410.9731244921304
0.03	26.8	2412.8747224357594
0.03	26.900000000000002	2414.773234332791
0.03	27.	2416.6686751595835
0.03	27.1	2418.561059808772
0.03	27.200000000000003	2420.4504030899793
0.03	27.3	2422.336719730337
0.03	27.400000000000002	2424.220024374825
0.03	27.5	2426.1003315870503
0.03	27.6	2427.9776558493836
0.03	27.700000000000003	2429.852011563918
0.03	27.8	2431.723413052083
0.03	27.900000000000002	2433.5918745565236
0.03	28.	2435.4574102400825
0.03	28.1	2437.3200341869306
0.03	28.200000000000003	2439.1797604036487
0.03	28.3	2441.0366028183184
0.03	28.400000000000002	2442.8905752823484
0.03	28.5	2444.741691569987
0.03	28.6	2446.589965379117
0.03	28.700000000000003	2448.43541033193
0.03	28.8	2450.278039975138
0.03	28.900000000000002	2452.1178677802673
0.03	29.	2453.9549071442675
0.03	29.1	2455.7891713904332
0.03	29.200000000000003	2457.6206737678267
0.03	29.3	2459.449427452628
0.03	29.400000000000002	2461.2754455481063
0.03	29.5	2463.0987410848998
0.03	29.6	2464.919327022332
0.03	29.700000000000003	2466.737216247754
0.03	29.8	2468.552421577423
0.03	29.900000000000002	2470.3649557572667
0.03	30.	2472.174831462572
0.03	30.1	2473.9820612991684
0.03	30.200000000000003	2475.786657803164
0.03	30.3	2477.588633442012
0.03	30.400000000000002	2479.3880006143663
0.03	30.5	2481.184771650601
0.03	30.6	2482.9789588135745
0.03	30.700000000000003	2484.770574298583
0.03	30.8	2486.559630234065
0.03	30.900000000000002	2488.3461386818317
0.03	31.	2490.130111637591
0.03	31.1	2491.9115610312415
0.03	31.200000000000003	2493.690498727212
0.03	31.3	2495.4669365250843
0.03	31.400000000000002	2497.2408861595627
0.03	31.5	2499.0123593014337
0.03	31.6	2500.781367557472
0.03	31.700000000000003	2502.5479224708074
0.03	31.8	2504.312035521648
0.03	31.900000000000002	2506.073718127676
0.03	32.	2507.8329816440455
0.03	32.1	2509.589837363611
0.03	32.2	2511.344296518295
0.03	32.300000000000004	2513.096370278067
0.03	32.4	2514.846069752277
0.03	32.5	2516.593405990216
0.03	32.6	2518.338389980052
0.03	32.7	2520.0810326511564
0.03	32.800000000000004	2521.8213448726324
0.03	32.9	2523.559337455034
0.03	33.	2525.295021149698
0.03	33.1	2527.028406649986
0.03	33.2	2528.759504590851
0.03	33.300000000000004	2530.488325549864
0.03	33.4	2532.2148800468267
0.03	33.5	2533.9391785448397
0.03	33.6	2535.6612314501904
0.03	33.7	2537.381049112714
0.03	33.800000000000004	2539.098641826362
0.03	33.9	2540.814019829161
0.03	34.	2542.5271933038866
0.03	34.1	2544.2381723784715
0.03	34.2	2545.9469671259635
0.03	34.300000000000004	2547.6535875647155
0.03	34.4	2549.3580436596203
0.03	34.5	2551.060345321152
0.03	34.6	2552.7605024069685
0.03	34.7	2554.45852472107
0.03	34.800000000000004	2556.154422014939
0.03	34.9	2557.8482039876226
0.03	35.	2559.539880285799
0.03	35.1	2561.2294605041784
0.03	35.2	2562.9169541861734
0.03	35.300000000000004	2564.6023708237603
0.03	35.4	2566.2857198578863
0.03	35.5	2567.967010679106
0.03	35.6	2569.646252627053
0.03	35.7	2571.3234549919334
0.03	35.800000000000004	2572.9986270138743
0.03	35.9	2574.671777883271
0.03	36.	2576.342916741714
0.03	36.1	2578.0120526817514
0.03	36.2	2579.6791947472457
0.03	36.300000000000004	2581.3443519335888
0.03	36.4	2583.0075331885937
0.03	36.5	2584.6687474118276
0.03	36.6	2586.328003455634
0.03	36.7	2587.985310124932
0.03	36.800000000000004	2589.640676177865
0.03	36.9	2591.294110325942
0.03	37.	2592.9456212343207
0.03	37.1	2594.595217521727
0.03	37.2	2596.2429077613806
0.03	37.300000000000004	2597.888700480844
0.03	37.4	2599.532604162264
0.03	37.5	2601.1746272430833
0.03	37.6	2602.8147781152916
0.03	37.7	2604.4530651271753
0.03	37.800000000000004	2606.0894965820307
0.03	37.9	2607.7240807397566
0.03	38.	2609.3568258162127
0.03	38.1	2610.9877399838797
0.03	38.2	2612.616831371568
0.03	38.300000000000004	2614.244108066024
0.03	38.400000000000006	2615.869578110365
0.03	38.5	2617.4932495058156
0.03	38.6	2619.115130210968
0.03	38.7	2620.7352281426647
0.03	38.800000000000004	2622.3535511762166
0.03	38.900000000000006	2623.970107144822
0.03	39.	2625.5849038411197
0.03	39.1	2627.197949016187
0.03	39.2	2628.8092503807657
0.03	39.300000000000004	2630.4188156046716
0.03	39.400000000000006	2632.0266523176974
0.03	39.5	2633.6327681094576
0.03	39.6	2635.2371705297464
0.03	39.7	2636.839867088809
0.03	39.800000000000004	2638.4408652576717
0.03	39.900000000000006	2640.0401724677045
0.03	40.	2641.6377961116077
0.0325	0.	1713.446539586961
0.0325	0.1	1717.0910179169332
0.0325	0.2	1720.7228357346441
0.0325	0.30000000000000004	1724.3420668276005
0.0325	0.4	1727.9487844643472
0.0325	0.5	1731.543061398976
0.0325	0.6000000000000001	1735.124969877593
0.0325	0.7000000000000001	1738.6945816435664
0.0325	0.8	1742.2519679420104
0.0325	0.9	1745.797199526111
0.0325	1.	1749.3303466615207
0.0325	1.1	1752.8514791315013
0.0325	1.2000000000000002	1756.3606662418736
0.0325	1.3	1759.857976825931
0.0325	1.4000000000000001	1763.343479248571
0.0325	1.5	1766.817241411823
0.0325	1.6	1770.2793307590575
0.0325	1.7000000000000002	1773.729814278692
0.0325	1.8	1777.1687585102102
0.0325	1.9000000000000001	1780.5962295467386
0.0325	2.	1784.0122930404666
0.0325	2.1	1787.4170142066016
0.0325	2.2	1790.8104578272762
0.0325	2.3000000000000003	1794.1926882552063
0.0325	2.4000000000000004	1797.563769418388
0.0325	2.5	1800.9237648243086
0.0325	2.6	1804.2727375620764
0.0325	2.7	1807.6107503080455
0.0325	2.8000000000000003	1810.9378653285414
0.0325	2.9000000000000004	1814.2541444840824
0.0325	3.	1817.5596492324348
0.0325	3.1	1820.8544406319045
0.0325	3.2	1824.1385793463644
0.0325	3.3000000000000003	1827.4121256469582
0.0325	3.4000000000000004	1830.6751394163468
0.0325	3.5	1833.927680151553
0.0325	3.6	1837.169806968041
0.0325	3.7	1840.40157860228
0.0325	3.8000000000000003	1843.623053414961
0.0325	3.9000000000000004	1846.8342893943202
0.0325	4.	1850.0353441594254
0.0325	4.1000000000000005	1853.2262749627728
0.0325	4.2	1856.4071386934215
0.0325	4.3	1859.5779918806059
0.0325	4.4	1862.7388906956137
0.0325	4.5	1865.889890955095
0.0325	4.6000000000000005	1869.0310481241083
0.0325	4.7	1872.1624173190141
0.0325	4.800000000000001	1875.2840533100275
0.0325	4.9	1878.3960105232668
0.0325	5.	1881.4983430449656
0.0325	5.1000000000000005	1884.591104622739
0.0325	5.2	1887.6743486687922
0.0325	5.300000000000001	1890.7481282629903
0.0325	5.4	1893.8124961541223
0.0325	5.5	1896.8675047637873
0.0325	5.6000000000000005	1899.9132061879739
0.0325	5.7	1902.9496522001211
0.0325	5.800000000000001	1905.9768942527016
0.0325	5.9	1908.9949834809495
0.0325	6.	1912.0039707041067
0.0325	6.1000000000000005	1915.0039064279204
0.0325	6.2	1917.9948408476478
0.0325	6.300000000000001	1920.9768238496347
0.0325	6.4	1923.9499050135441
0.0325	6.5	1926.9141336154328
0.0325	6.6000000000000005	1929.8695586290978
0.0325	6.7	1932.8162287283653
0.0325	6.800000000000001	1935.754192289816
0.0325	6.9	1938.6834973944449
0.0325	7.	1941.6041918296091
0.0325	7.1000000000000005	1944.516323091826
0.0325	7.2	1947.4199383881648
0.0325	7.300000000000001	1950.3150846385627
0.0325	7.4	1953.2018084776112
0.0325	7.5	1956.080156257167
0.0325	7.6000000000000005	1958.9501740476637
0.0325	7.7	1961.8119076403027
0.0325	7.800000000000001	1964.6654025495002
0.0325	7.9	1967.5107040134242
0.0325	8.	1970.3478569978201
0.0325	8.1	1973.1769061958057
0.0325	8.200000000000001	1975.9978960320407
0.0325	8.3	1978.8108706623038
0.0325	8.4	1981.6158739768214
0.0325	8.5	1984.412949601582
0.0325	8.6	1987.2021408998153
0.0325	8.700000000000001	1989.9834909744916
0.0325	8.8	1992.7570426694142
0.0325	8.9	1995.5228385711882
0.0325	9.	1998.280921011728
0.0325	9.1	2001.031332067928
0.0325	9.200000000000001	2003.7741135656725
0.0325	9.3	2006.509307079934
0.0325	9.4	2009.2369539374197
0.0325	9.5	2011.9570952175334
0.0325	9.600000000000001	2014.6697717538118
0.0325	9.700000000000001	2017.375024136484
0.0325	9.8	2020.07289271401
0.0325	9.9	2022.7634175929895
0.0325	10.	2025.446638642072
0.0325	10.100000000000001	2028.1225954920496
0.0325	10.200000000000001	2030.7913275373514
0.0325	10.3	2033.452873938614
0.0325	10.4	2036.1072736235997
0.0325	10.5	2038.754565287731
0.0325	10.600000000000001	2041.3947873976851
0.0325	10.700000000000001	2044.0279781911488
0.0325	10.8	2046.6541756788076
0.0325	10.9	2049.2734176466074
0.0325	11.	2051.8857416552396
0.0325	11.100000000000001	2054.4911850437898
0.0325	11.200000000000001	2057.0897849296193
0.0325	11.3	2059.6815782105623
0.0325	11.4	2062.266601566093
0.0325	11.5	2064.84489145859
0.0325	11.600000000000001	2067.416484134772
0.0325	11.700000000000001	2069.98141562737
0.0325	11.8	2072.5397217565055
0.0325	11.9	2075.0914381294215
0.0325	12.	2077.6366001450565
0.0325	12.100000000000001	2080.175242991901
0.0325	12.200000000000001	2082.7074016518136
0.0325	12.3	2085.233110900243
0.0325	12.4	2087.7524053072743
0.0325	12.5	2090.2653192394914
0.0325	12.600000000000001	2092.7718868616366
0.0325	12.700000000000001	2095.2721421366673
0.0325	12.8	2097.7661188277393
0.0325	12.9	2100.2538505000125
0.0325	13.	2102.735370520474
0.0325	13.100000000000001	2105.210712060287
0.0325	13.200000000000001	2107.679908095788
0.0325	13.3	2110.142991409708
0.0325	13.4	2112.5999945915214
0.0325	13.5	2115.050950040268
0.0325	13.600000000000001	2117.495889964556
0.0325	13.700000000000001	2119.9348463842844
0.0325	13.8	2122.367851130619
0.0325	13.9	2124.79493584928
0.0325	14.	2127.2161319998186
0.0325	14.100000000000001	2129.6314708578443
0.0325	14.200000000000001	2132.0409835156925
0.0325	14.3	2134.4447008833054
0.0325	14.4	2136.84265368996
0.0325	14.5	2139.234872485255
0.0325	14.600000000000001	2141.621387639827
0.0325	14.700000000000001	2144.0022293470083
0.0325	14.8	2146.3774276233225
0.0325	14.9	2148.747012309991
0.0325	15.	2151.111013073933
0.0325	15.100000000000001	2153.4694594083544
0.0325	15.200000000000001	2155.822380634826
0.0325	15.3	2158.169805903389
0.0325	15.4	2160.5117641940737
0.0325	15.5	2162.8482843180373
0.0325	15.600000000000001	2165.1793949180733
0.0325	15.700000000000001	2167.5051244699134
0.0325	15.8	2169.8255012835107
0.0325	15.9	2172.140553503888
0.0325	16.	2174.450309111885
0.0325	16.1	2176.7547959254834
0.0325	16.2	2179.054041600819
0.0325	16.3	2181.3480736325405
0.0325	16.400000000000002	2183.636919355773
0.0325	16.5	2185.9206059464527
0.0325	16.6	2188.1991604226832
0.0325	16.7	2190.472609644891
0.0325	16.8	2192.7409803177397
0.0325	16.900000000000002	2195.0042989910035
0.0325	17.	2197.262592059479
0.0325	17.1	2199.5158857652186
0.0325	17.2	2201.764206197597
0.0325	17.3	2204.0075792946304
0.0325	17.400000000000002	2206.246030844058
0.0325	17.5	2208.479586483488
0.0325	17.6	2210.7082717020385
0.0325	17.7	2212.9321118413436
0.0325	17.8	2215.1511320956583
0.0325	17.900000000000002	2217.3653575134563
0.0325	18.	2219.5748129978774
0.0325	18.1	2221.7795233081742
0.0325	18.2	2223.9795130599064
0.0325	18.3	2226.1748067260423
0.0325	18.400000000000002	2228.365428638399
0.0325	18.5	2230.551402987524
0.0325	18.6	2232.7327538241916
0.0325	18.7	2234.9095050601813
0.0325	18.8	2237.0816804689134
0.0325	18.900000000000002	2239.2493036863534
0.0325	19.	2241.4123982120573
0.0325	19.1	2243.570987409846
0.0325	19.200000000000003	2245.725094508419
0.0325	19.3	2247.8747426024192
0.0325	19.400000000000002	2250.019954653418
0.0325	19.5	2252.1607534902187
0.0325	19.6	2254.2971618101838
0.0325	19.700000000000003	2256.4292021794727
0.0325	19.8	2258.556897034486
0.0325	19.900000000000002	2260.680268682244
0.0325	20.	2262.799339300846
0.0325	20.1	2264.9141309412375
0.0325	20.200000000000003	2267.0246655270416
0.0325	20.3	2269.130964855721
0.0325	20.400000000000002	2271.233050599368
0.0325	20.5	2273.3309443053126
0.0325	20.6	2275.424667396577
0.0325	20.700000000000003	2277.514241173891
0.0325	20.8	2279.5996868148127
0.0325	20.900000000000002	2281.6810253755593
0.0325	21.	2283.7582777912257
0.0325	21.1	2285.8314648764967
0.0325	21.200000000000003	2287.9006073269647
0.0325	21.3	2289.965725719037
0.0325	21.400000000000002	2292.026840511347
0.0325	21.5	2294.0839720451195
0.0325	21.6	2296.137140544894
0.0325	21.700000000000003	2298.1863661192265
0.0325	21.8	2300.2316687612347
0.0325	21.900000000000002	2302.273068350219
0.0325	22.	2304.310584650593
0.0325	22.1	2306.34423731452
0.0325	22.200000000000003	2308.3740458812745
0.0325	22.3	2310.400029778168
0.0325	22.400000000000002	2312.4222083217755
0.0325	22.5	2314.440600717918
0.0325	22.6	2316.4552260628057
0.0325	22.700000000000003	2318.466103343538
0.0325	22.8	2320.473251438524
0.0325	22.900000000000002	2322.476689118634
0.0325	23.	2324.476435047268
0.0325	23.1	2326.4725077818016
0.0325	23.200000000000003	2328.464925773173
0.0325	23.3	2330.453707367481
0.0325	23.400000000000002	2332.4388708059973
0.0325	23.5	2334.4204342264093
0.0325	23.6	2336.3984156624892
0.0325	23.700000000000003	2338.3728330456875
0.0325	23.8	2340.343704205475
0.0325	23.900000000000002	2342.3110468694194
0.0325	24.	2344.2748786646257
0.0325	24.1	2346.2352171176876
0.0325	24.200000000000003	2348.1920796556274
0.0325	24.3	2350.1454836064877
0.0325	24.400000000000002	2352.095446199852
0.0325	24.5	2354.0419845672723
0.0325	24.6	2355.985115743164
0.0325	24.700000000000003	2357.9248566654874
0.0325	24.8	2359.8612241755477
0.0325	24.900000000000002	2361.794235019674
0.0325	25.	2363.723905849105
0.0325	25.1	2365.6502532205354
0.0325	25.200000000000003	2367.573293597105
0.0325	25.3	2369.493043348272
0.0325	25.400000000000002	2371.409518751598
0.0325	25.5	2373.3227359918087
0.0325	25.6	2375.2327111625264
0.0325	25.700000000000003	2377.1394602660685
0.0325	25.8	2379.042999214418
0.0325	25.900000000000002	2380.9433438297883
0.0325	26.	2382.8405098447806
0.0325	26.1	2384.7345129033547
0.0325	26.200000000000003	2386.6253685610286
0.0325	26.3	2388.5130922855933
0.0325	26.400000000000002	2390.3976994579502
0.0325	26.5	2392.279205371715
0.0325	26.6	2394.1576252346363
0.0325	26.700000000000003	2396.032974168769
0.0325	26.8	2397.9052672111775
0.0325	26.900000000000002	2399.7745193140613
0.0325	27.	2401.640745345412
0.0325	27.1	2403.5039600899086
0.0325	27.200000000000003	2405.364178248918
0.0325	27.3	2407.221414441317
0.0325	27.400000000000002	2409.075683203699
0.0325	27.5	2410.926998991183
0.0325	27.6	2412.7753761777703
0.0325	27.700000000000003	2414.620829056606
0.0325	27.8	2416.4633718409054
0.0325	27.900000000000002	2418.3030186641627
0.0325	28.	2420.1397835806
0.0325	28.1	2421.973680565845
0.0325	28.200000000000003	2423.8047235171407
0.0325	28.3	2425.6329262541117
0.0325	28.400000000000002	2427.4583025190045
0.0325	28.5	2429.280865977219
0.0325	28.6	2431.100630217593
0.0325	28.700000000000003	2432.917608753607
0.0325	28.8	2434.7318150224596
0.0325	28.900000000000002	2436.5432623871534
0.0325	29.	2438.351964135756
0.0325	29.1	2440.1579334819785
0.0325	29.200000000000003	2441.961183566471
0.0325	29.3	2443.76172745621
0.0325	29.400000000000002	2445.559578145325
0.0325	29.5	2447.3547485560907
0.0325	29.6	2449.1472515385067
0.0325	29.700000000000003	2450.937099871157
0.0325	29.8	2452.7243062614552
0.0325	29.900000000000002	2454.508883346739
0.0325	30.	2456.2908436933744
0.0325	30.1	2458.070199798311
0.0325	30.200000000000003	2459.8469640895846
0.0325	30.3	2461.621148925412
0.0325	30.400000000000002	2463.3927665963224
0.0325	30.5	2465.1618293241227
0.0325	30.6	2466.9283492633062
0.0325	30.700000000000003	2468.6923385009873
0.0325	30.8	2470.4538090570722
0.0325	30.900000000000002	2472.212772885411
0.0325	31.	2473.9692418734758
0.0325	31.1	2475.7232278433366
0.0325	31.200000000000003	2477.474742551305
0.0325	31.3	2479.2237976892893
0.0325	31.400000000000002	2480.9704048841827
0.0325	31.5	2482.7145756991804
0.0325	31.6	2484.456321633484
0.0325	31.700000000000003	2486.1956541230716
0.0325	31.8	2487.932584540738
0.0325	31.900000000000002	2489.667124196622
0.0325	32.	2491.3992843389433
0.0325	32.1	2493.129076153904
0.0325	32.2	2494.856510766214
0.0325	32.300000000000004	2496.581599239097
0.0325	32.4	2498.3043525757416
0.0325	32.5	2500.02478171848
0.0325	32.6	2501.742897549489
0.0325	32.7	2503.458710891457
0.0325	32.800000000000004	2505.1722325077976
0.0325	32.9	2506.883473103021
0.0325	33.	2508.592443322923
0.0325	33.1	2510.299153754769
0.0325	33.2	2512.003614928263
0.0325	33.300000000000004	2513.7058373155214
0.0325	33.4	2515.405831331101
0.0325	33.5	2517.1036073331766
0.0325	33.6	2518.799175623096
0.0325	33.7	2520.4925464459398
0.0325	33.800000000000004	2522.183729990893
0.0325	33.9	2523.872736392011
0.0325	34.	2525.5595757273695
0.0325	34.1	2527.2442580210413
0.0325	34.2	2528.9267932418966
0.0325	34.300000000000004	2530.607191305002
0.0325	34.4	2532.2854620711305
0.0325	34.5	2533.961615347715
0.0325	34.6	2535.635660888823
0.0325	34.7	2537.307608395906
0.0325	34.800000000000004	2538.9774675171598
0.0325	34.9	2540.645247849196
0.0325	35.	2542.310958935635
0.0325	35.1	2543.9746102697045
0.0325	35.2	2545.636211292127
0.0325	35.300000000000004	2547.2957713929727
0.0325	35.4	2548.9532999113894
0.0325	35.5	2550.6088061363726
0.0325	35.6	2552.2622993065174
0.0325	35.7	2553.9137886102985
0.0325	35.800000000000004	2555.5632831870953
0.0325	35.9	2557.2107921265574
0.0325	36.	2558.8563244694933
0.0325	36.1	2560.4998892082795
0.0325	36.2	2562.1414952863292
0.0325	36.300000000000004	2563.7811515993126
0.0325	36.4	2565.4188669949344
0.0325	36.5	2567.054650273374
0.0325	36.6	2568.688510187673
0.0325	36.7	2570.320455443173
0.0325	36.800000000000004	2571.9504946996053
0.0325	36.9	2573.578636569196
0.0325	37.	2575.2048896187775
0.0325	37.1	2576.829262368669
0.0325	37.2	2578.451763294078
0.0325	37.300000000000004	2580.0724008245083
0.0325	37.4	2581.6911833446497
0.0325	37.5	2583.308119193949
0.0325	37.6	2584.923216667715
0.0325	37.7	2586.5364840166194
0.0325	37.800000000000004	2588.1479294476435
0.0325	37.9	2589.7575611238008
0.0325	38.	2591.3653871645315
0.0325	38.1	2592.97141564618
0.0325	38.2	2594.575654601753
0.0325	38.300000000000004	2596.178112021877
0.0325	38.400000000000006	2597.7787958545314
0.0325	38.5	2599.3777140054244
0.0325	38.6	2600.974874338361
0.0325	38.7	2602.570284675264
0.0325	38.800000000000004	2604.1639527963375
0.0325	38.900000000000006	2605.755886441239
0.0325	39.	2607.3460933076262
0.0325	39.1	2608.934581053245
0.0325	39.2	2610.5213572948333
0.0325	39.300000000000004	2612.1064296088853
0.0325	39.400000000000006	2613.6898055319416
0.0325	39.5	2615.2714925604905
0.0325	39.6	2616.8514981515896
0.0325	39.7	2618.4298297229966
0.0325	39.800000000000004	2620.006494653217
0.0325	39.900000000000006	2621.58150028168
0.0325	40.	2623.154853909545
0.035	0.	1708.3462142417527
0.035	0.1	1711.9472972622282
0.035	0.2	1715.5357337951675
0.035	0.30000000000000004	1719.1115983454956
0.035	0.4	1722.6749648900325
0.035	0.5	1726.2259068821268
0.035	0.6000000000000001	1729.7644972579458
0.035	0.7000000000000001	1733.2908084416308
0.035	0.8	1736.804912351041
0.035	0.9	1740.3068804024063
0.035	1.	1743.7967835161614
0.035	1.1	1747.2746921215314
0.035	1.2000000000000002	1750.7406761616055
0.035	1.3	1754.1948050985932
0.035	1.4000000000000001	1757.637147918072
0.035	1.5	1761.067773134183
0.035	1.6	1764.4867487938736
0.035	1.7000000000000002	1767.8941424820566
0.035	1.8	1771.2900213255566
0.035	1.9000000000000001	1774.6744519971621
0.035	2.	1778.0475007208458
0.035	2.1	1781.4092332757555
0.035	2.2	1784.7597149999535
0.035	2.3000000000000003	1788.0990107950756
0.035	2.4000000000000004	1791.4271851295348
0.035	2.5	1794.744302043786
0.035	2.6	1798.0504251531559
0.035	2.7	1801.3456176520765
0.035	2.8000000000000003	1804.6299423178098
0.035	2.9000000000000004	1807.90346151454
0.035	3.	1811.1662371961922
0.035	3.1	1814.4183309110733
0.035	3.2	1817.659803804974
0.035	3.3000000000000003	1820.8907166237898
0.035	3.4000000000000004	1824.1111297191353
0.035	3.5	1827.3211030491523
0.035	3.6	1830.5206961838448
0.035	3.7	1833.7099683075762
0.035	3.8000000000000003	1836.88897822234
0.035	3.9000000000000004	1840.0577843509018
0.035	4.	1843.2164447400996
0.035	4.1000000000000005	1846.3650170642481
0.035	4.2	1849.503558627506
0.035	4.3	1852.6321263672148
0.035	4.4	1855.7507768573985
0.035	4.5	1858.8595663110384
0.035	4.6000000000000005	1861.9585505831112
0.035	4.7	1865.0477851737112
0.035	4.800000000000001	1868.1273252304834
0.035	4.9	1871.1972255519424
0.035	5.	1874.2575405894347
0.035	5.1000000000000005	1877.3083244508468
0.035	5.2	1880.3496309025431
0.035	5.300000000000001	1883.3815133722946
0.035	5.4	1886.4040249517648
0.035	5.5	1889.4172183991907
0.035	5.6000000000000005	1892.4211461417913
0.035	5.7	1895.415860278801
0.035	5.800000000000001	1898.4014125829972
0.035	5.9	1901.3778545043872
0.035	6.	1904.345237171073
0.035	6.1000000000000005	1907.3036113932862
0.035	6.2	1910.2530276647292
0.035	6.300000000000001	1913.1935361653093
0.035	6.4	1916.1251867630683
0.035	6.5	1919.0480290169978
0.035	6.6000000000000005	1921.9621121789228
0.035	6.7	1924.867485195866
0.035	6.800000000000001	1927.7641967124105
0.035	6.9	1930.6522950725682
0.035	7.	1933.5318283219624
0.035	7.1000000000000005	1936.4028442103138
0.035	7.2	1939.2653901935757
0.035	7.300000000000001	1942.1195134351965
0.035	7.4	1944.9652608094457
0.035	7.5	1947.802678902288
0.035	7.6000000000000005	1950.6318140144429
0.035	7.7	1953.4527121620126
0.035	7.800000000000001	1956.265419080564
0.035	7.9	1959.0699802249378
0.035	8.	1961.8664407722836
0.035	8.1	1964.6548456241499
0.035	8.200000000000001	1967.4352394079033
0.035	8.3	1970.2076664788142
0.035	8.4	1972.97217092188
0.035	8.5	1975.7287965535652
0.035	8.6	1978.4775869237556
0.035	8.700000000000001	1981.218585317732
0.035	8.8	1983.9518347581206
0.035	8.9	1986.677378005654
0.035	9.	1989.3952575622957
0.035	9.1	1992.105515672017
0.035	9.200000000000001	1994.8081943231853
0.035	9.3	1997.5033352493558
0.035	9.4	2000.19097993192
0.035	9.5	2002.8711696021414
0.035	9.600000000000001	2005.5439452409057
0.035	9.700000000000001	2008.2093475821457
0.035	9.8	2010.8674171144241
0.035	9.9	2013.5181940813218
0.035	10.	2016.1617184840457
0.035	10.100000000000001	2018.7980300834447
0.035	10.200000000000001	2021.4271683995487
0.035	10.3	2024.049172715909
0.035	10.4	2026.6640820791245
0.035	10.5	2029.2719353010252
0.035	10.600000000000001	2031.8727709607942
0.035	10.700000000000001	2034.4666274045053
0.035	10.8	2037.0535427500422
0.035	10.9	2039.633554884894
0.035	11.	2042.2067014704976
0.035	11.100000000000001	2044.773019941489
0.035	11.200000000000001	2047.332547509348
0.035	11.3	2049.885321161849
0.035	11.4	2052.431377665642
0.035	11.5	2054.970753567643
0.035	11.600000000000001	2057.503485195826
0.035	11.700000000000001	2060.02960866097
0.035	11.8	2062.5491598588787
0.035	11.9	2065.062174469668
0.035	12.	2067.5686879613763
0.035	12.100000000000001	2070.0687355904424
0.035	12.200000000000001	2072.562352402095
0.035	12.3	2075.0495732336167
0.035	12.4	2077.5304327141384
0.035	12.5	2080.0049652660864
0.035	12.600000000000001	2082.4732051081774
0.035	12.700000000000001	2084.935186253495
0.035	12.8	2087.390942514329
0.035	12.9	2089.8405075012593
0.035	13.	2092.2839146245824
0.035	13.100000000000001	2094.721197096456
0.035	13.200000000000001	2097.152387931306
0.035	13.3	2099.5775199481795
0.035	13.4	2101.99662577005
0.035	13.5	2104.4097378274596
0.035	13.600000000000001	2106.8168883574454
0.035	13.700000000000001	2109.218109406451
0.035	13.8	2111.613432830743
0.035	13.9	2114.0028902975855
0.035	14.	2116.386513286554
0.035	14.100000000000001	2118.764333091045
0.035	14.200000000000001	2121.136380818593
0.035	14.3	2123.5026873929423
0.035	14.4	2125.8632835550197
0.035	14.5	2128.2181998630567
0.035	14.600000000000001	2130.567466695273
0.035	14.700000000000001	2132.9111142501465
0.035	14.8	2135.249172547443
0.035	14.9	2137.581671429363
0.035	15.	2139.9086405621965
0.035	15.100000000000001	2142.2301094371355
0.035	15.200000000000001	2144.5461073704537
0.035	15.3	2146.85666350631
0.035	15.4	2149.1618068166213
0.035	15.5	2151.461566102233
0.035	15.600000000000001	2153.75596999412
0.035	15.700000000000001	2156.045046954559
0.035	15.8	2158.328825278207
0.035	15.9	2160.6073330931927
0.035	16.	2162.880598361168
0.035	16.1	2165.1486488802693
0.035	16.2	2167.411512284163
0.035	16.3	2169.669216044121
0.035	16.400000000000002	2171.9217874699957
0.035	16.5	2174.169253710821
0.035	16.6	2176.411641755976
0.035	16.7	2178.6489784363994
0.035	16.8	2180.8812904252995
0.035	16.900000000000002	2183.108604239086
0.035	17.	2185.3309462385155
0.035	17.1	2187.5483426295345
0.035	17.2	2189.760819464486
0.035	17.3	2191.968402642659
0.035	17.400000000000002	2194.1711179113977
0.035	17.5	2196.368990867144
0.035	17.6	2198.562046956281
0.035	17.7	2200.750311475896
0.035	17.8	2202.93380957521
0.035	17.900000000000002	2205.1125662557947
0.035	18.	2207.2866063730203
0.035	18.1	2209.4559546367223
0.035	18.2	2211.620635612016
0.035	18.3	2213.780673720257
0.035	18.400000000000002	2215.9360932402797
0.035	18.5	2218.0869183087134
0.035	18.6	2220.233172921168
0.035	18.7	2222.3748809329713
0.035	18.8	2224.5120660602606
0.035	18.900000000000002	2226.644751880227
0.035	19.	2228.772961833032
0.035	19.1	2230.8967192215528
0.035	19.200000000000003	2233.0160472129946
0.035	19.3	2235.1309688390775
0.035	19.400000000000002	2237.2415069976178
0.035	19.5	2239.347684452591
0.035	19.6	2241.449523835418
0.035	19.700000000000003	2243.5470476457494
0.035	19.8	2245.6402782524515
0.035	19.900000000000002	2247.729237893413
0.035	20.	2249.813948677644
0.035	20.1	2251.894432585283
0.035	20.200000000000003	2253.970711468873
0.035	20.3	2256.042807053542
0.035	20.400000000000002	2258.1107409383208
0.035	20.5	2260.1745345963614
0.035	20.6	2262.234209376715
0.035	20.700000000000003	2264.2897865038794
0.035	20.8	2266.34128707933
0.035	20.900000000000002	2268.3887320818617
0.035	21.	2270.4321423688853
0.035	21.1	2272.471538676407
0.035	21.200000000000003	2274.506941620565
0.035	21.3	2276.538371697923
0.035	21.400000000000002	2278.5658492857715
0.035	21.5	2280.5893946440324
0.035	21.6	2282.6090279149325
0.035	21.700000000000003	2284.6247691241106
0.035	21.8	2286.63663818123
0.035	21.900000000000002	2288.644654881094
0.035	22.	2290.648838903689
0.035	22.1	2292.6492098153008
0.035	22.200000000000003	2294.6457870690656
0.035	22.3	2296.638590005752
0.035	22.400000000000002	2298.6276378545454
0.035	22.5	2300.6129497335965
0.035	22.6	2302.594544650477
0.035	22.700000000000003	2304.572441503298
0.035	22.8	2306.54665908089
0.035	22.900000000000002	2308.5172160639627
0.035	23.	2310.4841310258803
0.035	23.1	2312.447422432171
0.035	23.200000000000003	2314.4071086426693
0.035	23.3	2316.363207911245
0.035	23.400000000000002	2318.315738386697
0.035	23.5	2320.264718113437
0.035	23.6	2322.2101650318587
0.035	23.700000000000003	2324.152096979885
0.035	23.8	2326.090531692021
0.035	23.900000000000002	2328.025486801509
0.035	24.	2329.956979839969
0.035	24.1	2331.8850282386743
0.035	24.200000000000003	2333.809649328403
0.035	24.3	2335.7308603409633
0.035	24.400000000000002	2337.6486784090675
0.035	24.5	2339.563120567114
0.035	24.6	2341.4742037524375
0.035	24.700000000000003	2343.381944804537
0.035	24.8	2345.286360467213
0.035	24.900000000000002	2347.1874673878556
0.035	25.	2349.0852821188437
0.035	25.1	2350.979821118024
0.035	25.200000000000003	2352.8711007489765
0.035	25.3	2354.759137281659
0.035	25.400000000000002	2356.6439468931167
0.035	25.5	2358.5255456682353
0.035	25.6	2360.403949599744
0.035	25.700000000000003	2362.279174589473
0.035	25.8	2364.151236448208
0.035	25.900000000000002	2366.0201508966275
0.035	26.	2367.885933566049
0.035	26.1	2369.7485999983255
0.035	26.200000000000003	2371.6081656474403
0.035	26.3	2373.46464587857
0.035	26.400000000000002	2375.3180559700536
0.035	26.5	2377.168411113226
0.035	26.6	2379.0157264128998
0.035	26.700000000000003	2380.860016888194
0.035	26.8	2382.701297472535
0.035	26.900000000000002	2384.5395830151087
0.035	27.	2386.3748882804157
0.035	27.1	2388.2072279491686
0.035	27.200000000000003	2390.03661661915
0.035	27.3	2391.8630688048715
0.035	27.400000000000002	2393.686598939307
0.035	27.5	2395.507221372754
0.035	27.6	2397.324950375113
0.035	27.700000000000003	2399.13980013496
0.035	27.8	2400.951784760872
0.035	27.900000000000002	2402.760918281651
0.035	28.	2404.567214646564
0.035	28.1	2406.370687726293
0.035	28.200000000000003	2408.1713513129644
0.035	28.3	2409.9692191213126
0.035	28.400000000000002	2411.764304788207
0.035	28.5	2413.5566218738672
0.035	28.6	2415.346183861783
0.035	28.700000000000003	2417.13300415973
0.035	28.8	2418.917096100034
0.035	28.900000000000002	2420.6984729396804
0.035	29.	2422.4771478611233
0.035	29.1	2424.2531339730326
0.035	29.200000000000003	2426.0264443096717
0.035	29.3	2427.797091832869
0.035	29.400000000000002	2429.565089430979
0.035	29.5	2431.33044992024
0.035	29.6	2433.0931860451014
0.035	29.700000000000003	2434.8533104785342
0.035	29.8	2436.6108358220454
0.035	29.900000000000002	2438.365774606963
0.035	30.	2440.118139294239
0.035	30.1	2441.867942274984
0.035	30.200000000000003	2443.61519587135
0.035	30.3	2445.359912335958
0.035	30.400000000000002	2447.102103853374
0.035	30.5	2448.841782539992
0.035	30.6	2450.5789604443326
0.035	30.700000000000003	2452.313649547866
0.035	30.8	2454.0458617653903
0.035	30.900000000000002	2455.7756089446266
0.035	31.	2457.5029028678205
0.035	31.1	2459.2277552511828
0.035	31.200000000000003	2460.950177745987
0.035	31.3	2462.670181938607
0.035	31.400000000000002	2464.387779350766
0.035	31.5	2466.1029814399903
0.035	31.6	2467.81579960055
0.035	31.700000000000003	2469.526245163258
0.035	31.8	2471.234329395831
0.035	31.900000000000002	2472.9400635035286
0.035	32.	2474.6434586294886
0.035	32.1	2476.3445258551283
0.035	32.2	2478.0432762003506
0.035	32.300000000000004	2479.739720623966
0.035	32.4	2481.433870024238
0.035	32.5	2483.1257352391635
0.035	32.6	2484.8153270466855
0.035	32.7	2486.5026561649993
0.035	32.800000000000004	2488.1877332535823
0.035	32.9	2489.8705689126905
0.035	33.	2491.5511736839385
0.035	33.1	2493.229558051129
0.035	33.2	2494.905732440145
0.035	33.300000000000004	2496.5797072193354
0.035	33.4	2498.251492700084
0.035	33.5	2499.9210991367086
0.035	33.6	2501.5885367273704
0.035	33.7	2503.253815614316
0.035	33.800000000000004	2504.9169458836377
0.035	33.9	2506.577937566146
0.035	34.	2508.23680063766
0.035	34.1	2509.8935450193876
0.035	34.2	2511.5481805779814
0.035	34.300000000000004	2513.200717125702
0.035	34.4	2514.851164421551
0.035	34.5	2516.4995321708684
0.035	34.6	2518.1458300257127
0.035	34.7	2519.790067585919
0.035	34.800000000000004	2521.432254398067
0.035	34.9	2523.0723999569723
0.035	35.	2524.7105137057824
0.035	35.1	2526.3466050355814
0.035	35.2	2527.9806832868435
0.035	35.300000000000004	2529.612757748633
0.035	35.4	2531.242837659613
0.035	35.5	2532.87093220805
0.035	35.6	2534.4970505321903
0.035	35.7	2536.121201720811
0.035	35.800000000000004	2537.743394812687
0.035	35.9	2539.36363879826
0.035	36.	2540.98194261829
0.035	36.1	2542.5983151658274
0.035	36.2	2544.2127652851054
0.035	36.300000000000004	2545.8253017727666
0.035	36.4	2547.435933377365
0.035	36.5	2549.044668800371
0.035	36.6	2550.6515166961394
0.035	36.7	2552.2564856720296
0.035	36.800000000000004	2553.8595842893174
0.035	36.9	2555.4608210623023
0.035	37.	2557.0602044600873
0.035	37.1	2558.6577429052336
0.035	37.2	2560.2534447755606
0.035	37.300000000000004	2561.847318403333
0.035	37.4	2563.4393720759267
0.035	37.5	2565.0296140365176
0.035	37.6	2566.6180524831757
0.035	37.7	2568.204695570665
0.035	37.800000000000004	2569.7895514091015
0.035	37.9	2571.3726280659344
0.035	38.	2572.9539335643635
0.035	38.1	2574.5334758852455
0.035	38.2	2576.111262966086
0.035	38.300000000000004	2577.68730270235
0.035	38.400000000000006	2579.261602946853
0.035	38.5	2580.8341715103793
0.035	38.6	2582.405016162324
0.035	38.7	2583.974144629727
0.035	38.800000000000004	2585.5415645992075
0.035	38.900000000000006	2587.1072837156357
0.035	39.	2588.671309583534
0.035	39.1	2590.2336497666365
0.035	39.2	2591.794311788405
0.035	39.300000000000004	2593.3533031320258
0.035	39.400000000000006	2594.9106312411686
0.035	39.5	2596.4663035196377
0.035	39.6	2598.020327331863
0.035	39.7	2599.5727100031318
0.035	39.800000000000004	2601.1234588200446
0.035	39.900000000000006	2602.672581029998
0.035	40.	2604.2200838424787
0.0375	0.	1703.4558638911412
0.0375	0.1	1707.0121099381788
0.0375	0.2	1710.5557179687285
0.0375	0.30000000000000004	1714.0867632740517
0.0375	0.4	1717.6053206067675
0.0375	0.5	1721.1114641864854
0.0375	0.6000000000000001	1724.6052677061018
0.0375	0.7000000000000001	1728.0868043365763
0.0375	0.8	1731.5561467326852
0.0375	0.9	1735.0133670389785
0.0375	1.	1738.4585368940898
0.0375	1.1	1741.8917274366863
0.0375	1.2000000000000002	1745.3130093098666
0.0375	1.3	1748.7224526666264
0.0375	1.4000000000000001	1752.1201271749835
0.0375	1.5	1755.5061020219225
0.0375	1.6	1758.8804459187895
0.0375	1.7000000000000002	1762.2432271058133
0.0375	1.8	1765.5945133565192
0.0375	1.9000000000000001	1768.934371982576
0.0375	2.	1772.262869837343
0.0375	2.1	1775.5800733212316
0.0375	2.2	1778.886048385762
0.0375	2.3000000000000003	1782.1808605369542
0.0375	2.4000000000000004	1785.4645748403975
0.0375	2.5	1788.7372559244593
0.0375	2.6	1791.9989679854486
0.0375	2.7	1795.2497747901218
0.0375	2.8000000000000003	1798.4897396806575
0.0375	2.9000000000000004	1801.718925578111
0.0375	3.	1804.937394985784
0.0375	3.1	1808.1452099932621
0.0375	3.2	1811.3424322801577
0.0375	3.3000000000000003	1814.5291231197123
0.0375	3.4000000000000004	1817.7053433816186
0.0375	3.5	1820.8711535363645
0.0375	3.6	1824.0266136581738
0.0375	3.7	1827.1717834287324
0.0375	3.8000000000000003	1830.3067221398535
0.0375	3.9000000000000004	1833.4314886974455
0.0375	4.	1836.5461416243822
0.0375	4.1000000000000005	1839.6507390639797
0.0375	4.2	1842.7453387820658
0.0375	4.3	1845.8299981720802
0.0375	4.4	1848.9047742562338
0.0375	4.5	1851.9697236891482
0.0375	4.6000000000000005	1855.024902761435
0.0375	4.7	1858.0703674015676
0.0375	4.800000000000001	1861.1061731794982
0.0375	4.9	1864.132375309612
0.0375	5.	1867.1490286526719
0.0375	5.1000000000000005	1870.156187719575
0.0375	5.2	1873.1539066734053
0.0375	5.300000000000001	1876.1422393326036
0.0375	5.4	1879.1212391735444
0.0375	5.5	1882.090959332775
0.0375	5.6000000000000005	1885.0514526100021
0.0375	5.7	1888.0027714706787
0.0375	5.800000000000001	1890.9449680487523
0.0375	5.9	1893.8780941480118
0.0375	6.	1896.802201246496
0.0375	6.1000000000000005	1899.7173404973914
0.0375	6.2	1902.623562731685
0.0375	6.300000000000001	1905.5209184614796
0.0375	6.4	1908.4094578810689
0.0375	6.5	1911.2892308705316
0.0375	6.6000000000000005	1914.1602869971414
0.0375	6.7	1917.0226755178833
0.0375	6.800000000000001	1919.8764453821814
0.0375	6.9	1922.7216452331213
0.0375	7.	1925.5583234110616
0.0375	7.1000000000000005	1928.3865279547397
0.0375	7.2	1931.2063066032335
0.0375	7.300000000000001	1934.017706799868
0.0375	7.4	1936.820775691877
0.0375	7.5	1939.6155601342311
0.0375	7.6000000000000005	1942.402106691721
0.0375	7.7	1945.1804616396116
0.0375	7.800000000000001	1947.9506709674945
0.0375	7.9	1950.7127803793312
0.0375	8.	1953.4668352974793
0.0375	8.1	1956.2128808631076
0.0375	8.200000000000001	1958.950961939126
0.0375	8.3	1961.6811231116496
0.0375	8.4	1964.4034086918919
0.0375	8.5	1967.1178627177449
0.0375	8.6	1969.8245289571869
0.0375	8.700000000000001	1972.5234509080267
0.0375	8.8	1975.2146718015097
0.0375	8.9	1977.8982346025646
0.0375	9.	1980.5741820135618
0.0375	9.1	1983.2425564736727
0.0375	9.200000000000001	1985.9034001634182
0.0375	9.3	1988.5567550036894
0.0375	9.4	1991.2026626598454
0.0375	9.5	1993.841164541626
0.0375	9.600000000000001	1996.4723018059397
0.0375	9.700000000000001	1999.0961153583694
0.0375	9.8	2001.7126458546243
0.0375	9.9	2004.3219337019782
0.0375	10.	2006.9240190620308
0.0375	10.100000000000001	2009.5189418508548
0.0375	10.200000000000001	2012.1067417418064
0.0375	10.3	2014.6874581667516
0.0375	10.4	2017.2611303172619
0.0375	10.5	2019.827797146288
0.0375	10.600000000000001	2022.387497371072
0.0375	10.700000000000001	2024.9402694723722
0.0375	10.8	2027.4861516978551
0.0375	10.9	2030.0251820635958
0.0375	11.	2032.5573983536335
0.0375	11.100000000000001	2035.0828381240722
0.0375	11.200000000000001	2037.6015387030805
0.0375	11.3	2040.1135371924051
0.0375	11.4	2042.618870469609
0.0375	11.5	2045.1175751882486
0.0375	11.600000000000001	2047.6096877809161
0.0375	11.700000000000001	2050.0952444595023
0.0375	11.8	2052.5742812173385
0.0375	11.9	2055.046833829843
0.0375	12.	2057.5129378563674
0.0375	12.100000000000001	2059.972628642127
0.0375	12.200000000000001	2062.42594131851
0.0375	12.3	2064.8729108049397
0.0375	12.4	2067.31357181087
0.0375	12.5	2069.747958835995
0.0375	12.600000000000001	2072.176106172084
0.0375	12.700000000000001	2074.5980479051577
0.0375	12.8	2077.013817915317
0.0375	12.9	2079.423449878439
0.0375	13.	2081.826977268333
0.0375	13.100000000000001	2084.224433358361
0.0375	13.200000000000001	2086.615851220097
0.0375	13.3	2089.00126372792
0.0375	13.4	2091.380703557409
0.0375	13.5	2093.7542031888406
0.0375	13.600000000000001	2096.1217949075035
0.0375	13.700000000000001	2098.4835108042494
0.0375	13.8	2100.839382778216
0.0375	13.9	2103.189442536922
0.0375	14.	2105.5337215977843
0.0375	14.100000000000001	2107.8722512890254
0.0375	14.200000000000001	2110.20506275213
0.0375	14.3	2112.532186941295
0.0375	14.4	2114.853654625476
0.0375	14.5	2117.169496389607
0.0375	14.600000000000001	2119.479742635879
0.0375	14.700000000000001	2121.78442358452
0.0375	14.8	2124.083569274773
0.0375	14.9	2126.37720956647
0.0375	15.	2128.6653741415666
0.0375	15.100000000000001	2130.9480925041335
0.0375	15.200000000000001	2133.225393982369
0.0375	15.3	2135.49730772913
0.0375	15.4	2137.7638627234664
0.0375	15.5	2140.0250877716862
0.0375	15.600000000000001	2142.2810115080797
0.0375	15.700000000000001	2144.53166239647
0.0375	15.8	2146.7770687307184
0.0375	15.9	2149.0172586363883
0.0375	16.	2151.2522600715524
0.0375	16.1	2153.4821008275703
0.0375	16.2	2155.706808530519
0.0375	16.3	2157.9264106421915
0.0375	16.400000000000002	2160.1409344606463
0.0375	16.5	2162.3504071220477
0.0375	16.6	2164.554855601073
0.0375	16.7	2166.7543067118486
0.0375	16.8	2168.948787109493
0.0375	16.900000000000002	2171.138323290517
0.0375	17.	2173.3229415945016
0.0375	17.1	2175.502668204214
0.0375	17.2	2177.677529147469
0.0375	17.3	2179.8475502973865
0.0375	17.400000000000002	2182.012757373694
0.0375	17.5	2184.173175943533
0.0375	17.6	2186.3288314229535
0.0375	17.7	2188.47974907688
0.0375	17.8	2190.6259540207657
0.0375	17.900000000000002	2192.767471221386
0.0375	18.	2194.9043254976805
0.0375	18.1	2197.036541521963
0.0375	18.2	2199.164143820038
0.0375	18.3	2201.287156773058
0.0375	18.400000000000002	2203.405604618127
0.0375	18.5	2205.519511448744
0.0375	18.6	2207.6289012160332
0.0375	18.7	2209.7337977301295
0.0375	18.8	2211.8342246598795
0.0375	18.900000000000002	2213.93020553515
0.0375	19.	2216.0217637462993
0.0375	19.1	2218.108922546027
0.0375	19.200000000000003	2220.1917050498055
0.0375	19.3	2222.270134236762
0.0375	19.400000000000002	2224.3442329509226
0.0375	19.5	2226.414023901177
0.0375	19.6	2228.4795296630105
0.0375	19.700000000000003	2230.5407726789326
0.0375	19.8	2232.5977752593108
0.0375	19.900000000000002	2234.650559583189
0.0375	20.	2236.6991476990697
0.0375	20.1	2238.7435615261243
0.0375	20.200000000000003	2240.7838228541295
0.0375	20.3	2242.8199533453394
0.0375	20.400000000000002	2244.8519745344174
0.0375	20.5	2246.8799078296393
0.0375	20.6	2248.903774513622
0.0375	20.700000000000003	2250.923595743908
0.0375	20.8	2252.939392554205
0.0375	20.900000000000002	2254.9511858546516
0.0375	21.	2256.9589964326956
0.0375	21.1	2258.9628449541883
0.0375	21.200000000000003	2260.9627519637193
0.0375	21.3	2262.958737885511
0.0375	21.400000000000002	2264.950823024345
0.0375	21.5	2266.9390275659916
0.0375	21.6	2268.9233715782934
0.0375	21.700000000000003	2270.9038750115037
0.0375	21.8	2272.8805576994187
0.0375	21.900000000000002	2274.853439359686
0.0375	22.	2276.822539594892
0.0375	22.1	2278.7878778931236
0.0375	22.200000000000003	2280.7494736285394
0.0375	22.3	2282.7073460624665
0.0375	22.400000000000002	2284.6615143434196
0.0375	22.5	2286.6119975087677
0.0375	22.6	2288.5588144842363
0.0375	22.700000000000003	2290.5019840860377
0.0375	22.8	2292.441525019823
0.0375	22.900000000000002	2294.3774558830887
0.0375	23.	2296.3097951645846
0.0375	23.1	2298.2385612457224
0.0375	23.200000000000003	2300.1637724007865
0.0375	23.3	2302.085446797877
0.0375	23.400000000000002	2304.003602499311
0.0375	23.5	2305.9182574626225
0.0375	23.6	2307.829429540987
0.0375	23.700000000000003	2309.737136483771
0.0375	23.8	2311.641395937538
0.0375	23.900000000000002	2313.542225446367
0.0375	24.	2315.4396424523225
0.0375	24.1	2317.3336642965314
0.0375	24.200000000000003	2319.224308219781
0.0375	24.3	2321.1115913628855
0.0375	24.400000000000002	2322.995530767069
0.0375	24.5	2324.876143375285
0.0375	24.6	2326.753446032118
0.0375	24.700000000000003	2328.6274554849865
0.0375	24.8	2330.4981883843525
0.0375	24.900000000000002	2332.365661284435
0.0375	25.	2334.2298906438323
0.0375	25.1	2336.0908928259028
0.0375	25.200000000000003	2337.9486840999903
0.0375	25.3	2339.8032806408887
0.0375	25.400000000000002	2341.654698530722
0.0375	25.5	2343.502953758596
0.0375	25.6	2345.3480622213515
0.0375	25.700000000000003	2347.19003972434
0.0375	25.8	2349.0289019819143
0.0375	25.900000000000002	2350.8646646180423
0.0375	26.	2352.69734316656
0.0375	26.1	2354.5269530722594
0.0375	26.200000000000003	2356.353509690957
0.0375	26.3	2358.177028290039
0.0375	26.400000000000002	2359.9975240496237
0.0375	26.5	2361.8150120620394
0.0375	26.6	2363.6295073337283
0.0375	26.700000000000003	2365.4410247846195
0.0375	26.8	2367.249579248841
0.0375	26.900000000000002	2369.0551854760474
0.0375	27.	2370.8578581311363
0.0375	27.1	2372.657611794679
0.0375	27.200000000000003	2374.4544609643845
0.0375	27.3	2376.2484200545673
0.0375	27.400000000000002	2378.0395033972122
0.0375	27.5	2379.827725242457
0.0375	27.6	2381.613099758766
0.0375	27.700000000000003	2383.3956410338474
0.0375	27.8	2385.175363075197
0.0375	27.900000000000002	2386.952279809792
0.0375	28.	2388.7264050856174
0.0375	28.1	2390.4977526715647
0.0375	28.200000000000003	2392.2663362582157
0.0375	28.3	2394.032169457849
0.0375	28.400000000000002	2395.7952658053846
0.0375	28.5	2397.5556387586157
0.0375	28.6	2399.313301699139
0.0375	28.700000000000003	2401.068267932004
0.0375	28.8	2402.8205506868558
0.0375	28.900000000000002	2404.570163118048
0.0375	29.	2406.3171183056293
0.0375	29.1	2408.0614292549058
0.0375	29.200000000000003	2409.803108897622
0.0375	29.3	2411.542170092346
0.0375	29.400000000000002	2413.278625624334
0.0375	29.5	2415.012488207042
0.0375	29.6	2416.7437704812974
0.0375	29.700000000000003	2418.4724850170246
0.0375	29.8	2420.1986443123806
0.0375	29.900000000000002	2421.9222607953375
0.0375	30.	2423.643346823345
0.0375	30.1	2425.361914684358
0.0375	30.200000000000003	2427.0779765967554
0.0375	30.3	2428.791544709814
0.0375	30.400000000000002	2430.502631104762
0.0375	30.5	2432.2112477941596
0.0375	30.6	2433.9174067232
0.0375	30.700000000000003	2435.6211197698244
0.0375	30.8	2437.3223987449146
0.0375	30.900000000000002	2439.0212553930314
0.0375	31.	2440.717701392776
0.0375	31.1	2442.4117483567097
0.0375	31.200000000000003	2444.10340783282
0.0375	31.3	2445.792691303827
0.0375	31.400000000000002	2447.47961018773
0.0375	31.5	2449.164175839038
0.0375	31.6	2450.8463995484376
0.0375	31.700000000000003	2452.526292543216
0.0375	31.8	2454.203865987828
0.0375	31.900000000000002	2455.8791309841454
0.0375	32.	2457.552098572049
0.0375	32.1	2459.2227797297464
0.0375	32.2	2460.891185373896
0.0375	32.300000000000004	2462.557326360414
0.0375	32.4	2464.2212134842284
0.0375	32.5	2465.8828574804825
0.0375	32.6	2467.5422690240425
0.0375	32.7	2469.199458730541
0.0375	32.800000000000004	2470.8544371562157
0.0375	32.9	2472.507214798788
0.0375	33.	2474.157802097415
0.0375	33.1	2475.8062094331517
0.0375	33.2	2477.452447129285
0.0375	33.300000000000004	2479.0965254520315
0.0375	33.4	2480.7384546100434
0.0375	33.5	2482.378244755897
0.0375	33.6	2484.01590598565
0.0375	33.7	2485.6514483389205
0.0375	33.800000000000004	2487.284881800409
0.0375	33.9	2488.9162162991306
0.0375	34.	2490.545461709009
0.0375	34.1	2492.172627849534
0.0375	34.2	2493.7977244858857
0.0375	34.300000000000004	2495.4207613293993
0.0375	34.4	2497.0417480373735
0.0375	34.5	2498.6606942140684
0.0375	34.6	2500.2776094105475
0.0375	34.7	2501.892503125783
0.0375	34.800000000000004	2503.505384805436
0.0375	34.9	2505.116263844076
0.0375	35.	2506.7251495839682
0.0375	35.1	2508.3320513159433
0.0375	35.2	2509.9369782801828
0.0375	35.300000000000004	2511.5399396656603
0.0375	35.4	2513.140944611081
0.0375	35.5	2514.74000220483
0.0375	35.6	2516.3371214855943
0.0375	35.7	2517.932311442391
0.0375	35.800000000000004	2519.525581014834
0.0375	35.9	2521.1169390939554
0.0375	36.	2522.706394521749
0.0375	36.1	2524.2939560917475
0.0375	36.2	2525.879632549883
0.0375	36.300000000000004	2527.4634325939246
0.0375	36.4	2529.0453648739676
0.0375	36.5	2530.6254379934935
0.0375	36.6	2532.2036605081544
0.0375	36.7	2533.7800409278566
0.0375	36.800000000000004	2535.354587715694
0.0375	36.9	2536.927309288447
0.0375	37.	2538.498214017622
0.0375	37.1	2540.0673102286564
0.0375	37.2	2541.634606201891
0.0375	37.300000000000004	2543.200110172973
0.0375	37.4	2544.763830332406
0.0375	37.5	2546.3257748263827
0.0375	37.6	2547.8859517571477
0.0375	37.7	2549.444369182575
0.0375	37.800000000000004	2551.0010351171545
0.0375	37.9	2552.555957531834
0.0375	38.	2554.1091443547148
0.0375	38.1	2555.6606034706765
0.0375	38.2	2557.21034272211
0.0375	38.300000000000004	2558.7583699092706
0.0375	38.400000000000006	2560.3046927896908
0.0375	38.5	2561.849319079801
0.0375	38.6	2563.392256453794
0.0375	38.7	2564.9335125448474
0.0375	38.800000000000004	2566.4730949450636
0.0375	38.900000000000006	2568.0110112052857
0.0375	39.	2569.547268836256
0.0375	39.1	2571.0818753078615
0.0375	39.2	2572.6148380502445
0.0375	39.300000000000004	2574.1461644532246
0.0375	39.400000000000006	2575.675861867483
0.0375	39.5	2577.2039376039556
0.0375	39.6	2578.730398934254
0.0375	39.7	2580.255253091361
0.0375	39.800000000000004	2581.7785072692545
0.0375	39.900000000000006	2583.300168623759
0.0375	40.	2584.8202442721426
0.04	0.	1698.770234558901
0.04	0.1	1702.2801471237863
0.04	0.2	1705.7774247140717
0.04	0.30000000000000004	1709.2621434776988
0.04	0.4	1712.7343790140915
0.04	0.5	1716.1942063785468
0.04	0.6000000000000001	1719.6417000890867
0.04	0.7000000000000001	1723.0769341324694
0.04	0.8	1726.4999819679745
0.04	0.9	1729.9109165350337
0.04	1.	1733.3098102573329
0.04	1.1	1736.6967350476764
0.04	1.2000000000000002	1740.071762315057
0.04	1.3	1743.4349629672215
0.04	1.4000000000000001	1746.7864074179436
0.04	1.5	1750.1261655905894
0.04	1.6	1753.4543069226568
0.04	1.7000000000000002	1756.7709003721413
0.04	1.8	1760.0760144204833
0.04	1.9000000000000001	1763.369717078082
0.04	2.	1766.65207588838
0.04	2.1	1769.923157932484
0.04	2.2	1773.1830298336508
0.04	2.3000000000000003	1776.4317577607862
0.04	2.4000000000000004	1779.6694074339896
0.04	2.5	1782.8960441277034
0.04	2.6	1786.1117326743856
0.04	2.7	1789.3165374700354
0.04	2.8000000000000003	1792.510522476733
0.04	2.9000000000000004	1795.6937512271193
0.04	3.	1798.8662868282454
0.04	3.1	1802.028191965117
0.04	3.2	1805.1795289046263
0.04	3.3000000000000003	1808.3203594988333
0.04	3.4000000000000004	1811.4507451893585
0.04	3.5	1814.5707470095563
0.04	3.6	1817.680425589636
0.04	3.7	1820.7798411589092
0.04	3.8000000000000003	1823.8690535497005
0.04	3.9000000000000004	1826.9481222001712
0.04	4.	1830.0171061585884
0.04	4.1000000000000005	1833.0760640859203
0.04	4.2	1836.125054258602
0.04	4.3	1839.164134572654
0.04	4.4	1842.1933625465047
0.04	4.5	1845.2127953232075
0.04	4.6000000000000005	1848.222489675107
0.04	4.7	1851.22250200539
0.04	4.800000000000001	1854.2128883515202
0.04	4.9	1857.1937043882217
0.04	5.	1860.1650054308593
0.04	5.1000000000000005	1863.1268464369266
0.04	5.2	1866.0792820101158
0.04	5.300000000000001	1869.0223664029388
0.04	5.4	1871.956153518787
0.04	5.5	1874.8806969152508
0.04	5.6000000000000005	1877.7960498061593
0.04	5.7	1880.7022650651045
0.04	5.800000000000001	1883.5993952274098
0.04	5.9	1886.487492492785
0.04	6.	1889.366608728087
0.04	6.1000000000000005	1892.236795469741
0.04	6.2	1895.0981039257729
0.04	6.300000000000001	1897.950584979124
0.04	6.4	1900.794289189658
0.04	6.5	1903.629266796365
0.04	6.6000000000000005	1906.4555677195822
0.04	6.7	1909.273241564481
0.04	6.800000000000001	1912.0823376216758
0.04	6.9	1914.8829048710686
0.04	7.	1917.6749919831816
0.04	7.1000000000000005	1920.4586473217848
0.04	7.2	1923.2339189460906
0.04	7.300000000000001	1926.0008546128547
0.04	7.4	1928.7595017784076
0.04	7.5	1931.5099076011606
0.04	7.6000000000000005	1934.2521189437427
0.04	7.7	1936.9861823746544
0.04	7.800000000000001	1939.7121441705965
0.04	7.9	1942.4300503189327
0.04	8.	1945.1399465194577
0.04	8.1	1947.84187818546
0.04	8.200000000000001	1950.5358904474817
0.04	8.3	1953.22202815445
0.04	8.4	1955.9003358751118
0.04	8.5	1958.5708579011064
0.04	8.6	1961.2336382475141
0.04	8.700000000000001	1963.8887206567329
0.04	8.8	1966.5361485981805
0.04	8.9	1969.1759652711849
0.04	9.	1971.8082136076252
0.04	9.1	1974.432936272469
0.04	9.200000000000001	1977.0501756659326
0.04	9.3	1979.6599739261874
0.04	9.4	1982.2623729295858
0.04	9.5	1984.8574142939865
0.04	9.600000000000001	1987.445139379334
0.04	9.700000000000001	1990.0255892900723
0.04	9.8	1992.5988048770248
0.04	9.9	1995.1648267380435
0.04	10.	1997.7236952212422
0.04	10.100000000000001	2000.2754504255513
0.04	10.200000000000001	2002.8201322023658
0.04	10.3	2005.3577801581093
0.04	10.4	2007.8884336550661
0.04	10.5	2010.4121318131088
0.04	10.600000000000001	2012.9289135119018
0.04	10.700000000000001	2015.4388173916063
0.04	10.8	2017.9418818551896
0.04	10.9	2020.4381450698957
0.04	11.	2022.9276449681292
0.04	11.100000000000001	2025.4104192502912
0.04	11.200000000000001	2027.886505384619
0.04	11.3	2030.3559406106376
0.04	11.4	2032.8187619388882
0.04	11.5	2035.275006153567
0.04	11.600000000000001	2037.7247098138912
0.04	11.700000000000001	2040.1679092548713
0.04	11.8	2042.6046405894242
0.04	11.9	2045.03493971022
0.04	12.	2047.4588422895051
0.04	12.100000000000001	2049.876383782663
0.04	12.200000000000001	2052.287599427879
0.04	12.3	2054.6925242484526
0.04	12.4	2057.091193054068
0.04	12.5	2059.483640442014
0.04	12.600000000000001	2061.869900798662
0.04	12.700000000000001	2064.2500083010214
0.04	12.8	2066.6239969172557
0.04	12.9	2068.99190040966
0.04	13.	2071.353752334126
0.04	13.100000000000001	2073.7095860428544
0.04	13.200000000000001	2076.0594346851612
0.04	13.3	2078.4033312082074
0.04	13.4	2080.741308360044
0.04	13.5	2083.073398688629
0.04	13.600000000000001	2085.3996345444993
0.04	13.700000000000001	2087.720048082377
0.04	13.8	2090.0346712612086
0.04	13.9	2092.3435358458246
0.04	14.	2094.6466734095193
0.04	14.100000000000001	2096.9441153328444
0.04	14.200000000000001	2099.235892806625
0.04	14.3	2101.522036833157
0.04	14.4	2103.80257822657
0.04	14.5	2106.077547614296
0.04	14.600000000000001	2108.3469754384078
0.04	14.700000000000001	2110.6108919572266
0.04	14.8	2112.8693272454616
0.04	14.9	2115.1223111965865
0.04	15.	2117.3698735225053
0.04	15.100000000000001	2119.6120437565614
0.04	15.200000000000001	2121.8488512528356
0.04	15.3	2124.0803251889442
0.04	15.4	2126.306494565721
0.04	15.5	2128.527388209256
0.04	15.600000000000001	2130.7430347716972
0.04	15.700000000000001	2132.953462732349
0.04	15.8	2135.158700399181
0.04	15.9	2137.358775908867
0.04	16.	2139.5537172289555
0.04	16.1	2141.7435521587613
0.04	16.2	2143.9283083298888
0.04	16.3	2146.1080132075926
0.04	16.400000000000002	2148.2826940919554
0.04	16.5	2150.4523781188773
0.04	16.6	2152.617092261083
0.04	16.7	2154.776863328977
0.04	16.8	2156.9317179720038
0.04	16.900000000000002	2159.081682679717
0.04	17.	2161.226783781941
0.04	17.1	2163.367047450973
0.04	17.2	2165.5024997019236
0.04	17.3	2167.633166393523
0.04	17.400000000000002	2169.7590732298963
0.04	17.5	2171.8802457604024
0.04	17.6	2173.996709381899
0.04	17.7	2176.1084893386605
0.04	17.8	2178.215610723657
0.04	17.900000000000002	2180.318098479868
0.04	18.	2182.4159774009054
0.04	18.1	2184.50927213177
0.04	18.2	2186.5980071702293
0.04	18.3	2188.682206867447
0.04	18.400000000000002	2190.761895429135
0.04	18.5	2192.83709691589
0.04	18.6	2194.907835245113
0.04	18.7	2196.9741341910512
0.04	18.8	2199.036017385972
0.04	18.900000000000002	2201.0935083211043
0.04	19.	2203.146630347463
0.04	19.1	2205.195406677064
0.04	19.200000000000003	2207.2398603829324
0.04	19.3	2209.2800144010694
0.04	19.400000000000002	2211.315891530519
0.04	19.5	2213.3475144345116
0.04	19.6	2215.3749056415204
0.04	19.700000000000003	2217.3980875457646
0.04	19.8	2219.4170824079706
0.04	19.900000000000002	2221.431912356788
0.04	20.	2223.4425993890445
0.04	20.1	2225.4491653708346
0.04	20.200000000000003	2227.4516320384114
0.04	20.3	2229.4500209984585
0.04	20.400000000000002	2231.4443537299535
0.04	20.5	2233.4346515839466
0.04	20.6	2235.420935784795
0.04	20.700000000000003	2237.4032274309616
0.04	20.8	2239.3815474959288
0.04	20.900000000000002	2241.3559168286874
0.04	21.	2243.326356154653
0.04	21.1	2245.2928860764505
0.04	21.200000000000003	2247.2555270746348
0.04	21.3	2249.2142995088384
0.04	21.400000000000002	2251.169223617456
0.04	21.5	2253.1203195200947
0.04	21.6	2255.067607216583
0.04	21.700000000000003	2257.011106588908
0.04	21.8	2258.9508374014513
0.04	21.900000000000002	2260.8868193019584
0.04	22.	2262.819071821884
0.04	22.1	2264.7476143775925
0.04	22.200000000000003	2266.6724662708702
0.04	22.3	2268.593646689325
0.04	22.400000000000002	2270.5111747080227
0.04	22.5	2272.4250692888218
0.04	22.6	2274.3353492826154
0.04	22.700000000000003	2276.2420334286508
0.04	22.8	2278.1451403562173
0.04	22.900000000000002	2280.044688584815
0.04	23.	2281.9406965249987
0.04	23.1	2283.8331824789498
0.04	23.200000000000003	2285.7221646414678
0.04	23.3	2287.607661100332
0.04	23.400000000000002	2289.489689836957
0.04	23.5	2291.36826872725
0.04	23.6	2293.2434155421224
0.04	23.700000000000003	2295.1151479484392
0.04	23.8	2296.9834835093106
0.04	23.900000000000002	2298.848439684574
0.04	24.	2300.710033832397
0.04	24.1	2302.568283208693
0.04	24.200000000000003	2304.423204968421
0.04	24.3	2306.2748161665727
0.04	24.400000000000002	2308.123133757508
0.04	24.5	2309.968174597434
0.04	24.6	2311.809955443128
0.04	24.700000000000003	2313.6484929538246
0.04	24.8	2315.483803691786
0.04	24.900000000000002	2317.3159041217164
0.04	25.	2319.1448106131647
0.04	25.1	2320.970539439462
0.04	25.200000000000003	2322.793106779317
0.04	25.3	2324.61252871711
0.04	25.400000000000002	2326.4288212436536
0.04	25.5	2328.242000256331
0.04	25.6	2330.0520815601885
0.04	25.700000000000003	2331.859080868078
0.04	25.8	2333.6630138016694
0.04	25.900000000000002	2335.4638958918345
0.04	26.	2337.2617425790054
0.04	26.1	2339.056569214026
0.04	26.200000000000003	2340.8483910583095
0.04	26.3	2342.6372232851804
0.04	26.400000000000002	2344.423080979617
0.04	26.5	2346.2059791392153
0.04	26.6	2347.985932674597
0.04	26.700000000000003	2349.7629564099852
0.04	26.8	2351.5370650836635
0.04	26.900000000000002	2353.308273348879
0.04	27.	2355.076595773794
0.04	27.1	2356.842046842469
0.04	27.200000000000003	2358.604640955129
0.04	27.3	2360.364392428853
0.04	27.400000000000002	2362.1213154982142
0.04	27.5	2363.8754243151902
0.04	27.6	2365.6267329504044
0.04	27.700000000000003	2367.3752553933678
0.04	27.8	2369.12100555248
0.04	27.900000000000002	2370.8639972568303
0.04	28.	2372.604244254799
0.04	28.1	2374.341760216605
0.04	28.200000000000003	2376.0765587332976
0.04	28.3	2377.8086533177375
0.04	28.400000000000002	2379.5380574050873
0.04	28.5	2381.264784353649
0.04	28.6	2382.9888474446516
0.04	28.700000000000003	2384.7102598832234
0.04	28.8	2386.429034798754
0.04	28.900000000000002	2388.14518524506
0.04	29.	2389.8587242015965
0.04	29.1	2391.56966457296
0.04	29.200000000000003	2393.278019190284
0.04	29.3	2394.9838008110396
0.04	29.400000000000002	2396.687022119613
0.04	29.5	2398.387695728141
0.04	29.6	2400.0858341762732
0.04	29.700000000000003	2401.781449932206
0.04	29.8	2403.474555393336
0.04	29.900000000000002	2405.1651628856393
0.04	30.	2406.8532846652156
0.04	30.1	2408.538932918197
0.04	30.200000000000003	2410.2221197611652
0.04	30.3	2411.902857241926
0.04	30.400000000000002	2413.581157339251
0.04	30.5	2415.2570319642086
0.04	30.6	2416.930492960082
0.04	30.700000000000003	2418.601552102358
0.04	30.8	2420.270221100377
0.04	30.900000000000002	2421.9365115963396
0.04	31.	2423.600435166801
0.04	31.1	2425.2620033222424
0.04	31.200000000000003	2426.9212275082327
0.04	31.3	2428.578119105386
0.04	31.400000000000002	2430.2326894297507
0.04	31.5	2431.884949733447
0.04	31.6	2433.5349112050626
0.04	31.700000000000003	2435.182584969321
0.04	31.8	2436.8279820888906
0.04	31.900000000000002	2438.4711135634875
0.04	32.	2440.1119903306057
0.04	32.1	2441.7506232662154
0.04	32.2	2443.3870231850265
0.04	32.300000000000004	2445.0212008407298
0.04	32.4	2446.6531669262467
0.04	32.5	2448.2829320746137
0.04	32.6	2449.9105068586423
0.04	32.7	2451.5359017920364
0.04	32.800000000000004	2453.1591273291747
0.04	32.9	2454.7801938658245
0.04	33.	2456.399111738995
0.04	33.1	2458.015891228373
0.04	33.2	2459.63054255542
0.04	33.300000000000004	2461.243075884372
0.04	33.4	2462.853501322792
0.04	33.5	2464.4618289213972
0.04	33.6	2466.068068674657
0.04	33.7	2467.672230521125
0.04	33.800000000000004	2469.274324343791
0.04	33.9	2470.8743599705613
0.04	34.	2472.4723471743123
0.04	34.1	2474.068295673286
0.04	34.2	2475.6622151319666
0.04	34.300000000000004	2477.2541151602077
0.04	34.4	2478.8440053150357
0.04	34.5	2480.4318950997904
0.04	34.6	2482.0177939650016
0.04	34.7	2483.6017113087855
0.04	34.800000000000004	2485.1836564767514
0.04	34.9	2486.763638762988
0.04	35.	2488.3416674095374
0.04	35.1	2489.917751607249
0.04	35.2	2491.4919004961675
0.04	35.300000000000004	2493.0641231653935
0.04	35.4	2494.6344286541175
0.04	35.5	2496.2028259508916
0.04	35.6	2497.7693239948635
0.04	35.7	2499.3339316758547
0.04	35.800000000000004	2500.8966578340123
0.04	35.9	2502.457511261375
0.04	36.	2504.0165007007645
0.04	36.1	2505.5736348472283
0.04	36.2	2507.1289223473927
0.04	36.300000000000004	2508.6823718008013
0.04	36.4	2510.233991759275
0.04	36.5	2511.7837907274334
0.04	36.6	2513.331777163223
0.04	36.7	2514.8779594783396
0.04	36.800000000000004	2516.4223460378976
0.04	36.9	2517.9649451612136
0.04	37.	2519.505765121912
0.04	37.1	2521.0448141482457
0.04	37.2	2522.5821004232057
0.04	37.300000000000004	2524.1176320851478
0.04	37.4	2525.6514172276648
0.04	37.5	2527.183463900339
0.04	37.6	2528.713780108551
0.04	37.7	2530.242373813741
0.04	37.800000000000004	2531.769252933996
0.04	37.9	2533.2944253443434
0.04	38.	2534.817898876631
0.04	38.1	2536.339681320079
0.04	38.2	2537.8597804213305
0.04	38.300000000000004	2539.378203884946
0.04	38.400000000000006	2540.894959373591
0.04	38.5	2542.410054508143
0.04	38.6	2543.9234968680144
0.04	38.7	2545.4352939916052
0.04	38.800000000000004	2546.9454533760886
0.04	38.900000000000006	2548.453982478367
0.04	39.	2549.9608887144855
0.04	39.1	2551.466179460385
0.04	39.2	2552.9698620522195
0.04	39.300000000000004	2554.4719437863046
0.04	39.400000000000006	2555.972431919542
0.04	39.5	2557.471333669535
0.04	39.6	2558.968656214832
0.04	39.7	2560.464406695322
0.04	39.800000000000004	2561.9585922123647
0.04	39.900000000000006	2563.4512198289185
0.04	40.	2564.942296569909
0.0425	0.	1694.2842213813824
0.0425	0.1	1697.7462493728383
0.0425	0.2	1701.1956401198377
0.0425	0.30000000000000004	1704.632470701272
0.0425	0.4	1708.0568176358286
0.0425	0.5	1711.4687568875797
0.0425	0.6000000000000001	1714.8683638717862
0.0425	0.7000000000000001	1718.255713460548
0.0425	0.8	1721.6308799887522
0.0425	0.9	1724.9939372602048
0.0425	1.	1728.3449585515446
0.0425	1.1	1731.6840166195216
0.0425	1.2000000000000002	1735.0111837044026
0.0425	1.3	1738.326531536803
0.0425	1.4000000000000001	1741.630131341513
0.0425	1.5	1744.9220538434595
0.0425	1.6	1748.2023692720652
0.0425	1.7000000000000002	1751.4711473660022
0.0425	1.8	1754.7284573780732
0.0425	1.9000000000000001	1757.974368080732
0.0425	2.	1761.2089477689103
0.0425	2.1	1764.4322642660848
0.0425	2.2	1767.6443849277891
0.0425	2.3000000000000003	1770.8453766469245
0.0425	2.4000000000000004	1774.035305856591
0.0425	2.5	1777.2142385359014
0.0425	2.6	1780.38224021339
0.0425	2.7	1783.5393759706492
0.0425	2.8000000000000003	1786.6857104473188
0.0425	2.9000000000000004	1789.821307844396
0.0425	3.	1792.9462319283684
0.0425	3.1	1796.0605460352526
0.0425	3.2	1799.1643130735144
0.0425	3.3000000000000003	1802.2575955293462
0.0425	3.4000000000000004	1805.340455468824
0.0425	3.5	1808.4129545424053
0.0425	3.6	1811.4751539880933
0.0425	3.7	1814.5271146352286
0.0425	3.8000000000000003	1817.5688969078033
0.0425	3.9000000000000004	1820.6005608282017
0.0425	4.	1823.622166020016
0.0425	4.1000000000000005	1826.6337717114345
0.0425	4.2	1829.635436739373
0.0425	4.3	1832.6272195516644
0.0425	4.4	1835.60917821086
0.0425	4.5	1838.581370396745
0.0425	4.6000000000000005	1841.5438534104942
0.0425	4.7	1844.4966841769237
0.0425	4.800000000000001	1847.439919247594
0.0425	4.9	1850.3736148041098
0.0425	5.	1853.297826660624
0.0425	5.1000000000000005	1856.21261026756
0.0425	5.2	1859.1180207134576
0.0425	5.300000000000001	1862.014112728274
0.0425	5.4	1864.900940686952
0.0425	5.5	1867.778558610425
0.0425	5.6000000000000005	1870.6470201699487
0.0425	5.7	1873.5063786893838
0.0425	5.800000000000001	1876.356687147642
0.0425	5.9	1879.1979981810418
0.0425	6.	1882.0303640867355
0.0425	6.1000000000000005	1884.853836824466
0.0425	6.2	1887.6684680198343
0.0425	6.300000000000001	1890.4743089664005
0.0425	6.4	1893.2714106283242
0.0425	6.5	1896.0598236421952
0.0425	6.6000000000000005	1898.8395983211055
0.0425	6.7	1901.6107846546508
0.0425	6.800000000000001	1904.373432313981
0.0425	6.9	1907.1275906518272
0.0425	7.	1909.8733087063126
0.0425	7.1000000000000005	1912.6106352024212
0.0425	7.2	1915.339618555493
0.0425	7.300000000000001	1918.0603068714634
0.0425	7.4	1920.772747951223
0.0425	7.5	1923.4769892912723
0.0425	7.6000000000000005	1926.1730780868154
0.0425	7.7	1928.8610612336572
0.0425	7.800000000000001	1931.5409853294532
0.0425	7.9	1934.2128966782252
0.0425	8.	1936.8768412898612
0.0425	8.1	1939.5328648835027
0.0425	8.200000000000001	1942.1810128891523
0.0425	8.3	1944.8213304505637
0.0425	8.4	1947.4538624261877
0.0425	8.5	1950.0786533915148
0.0425	8.6	1952.6957476412183
0.0425	8.700000000000001	1955.3051891914874
0.0425	8.8	1957.907021780898
0.0425	8.9	1960.501288873484
0.0425	9.	1963.0880336603725
0.0425	9.1	1965.667299060541
0.0425	9.200000000000001	1968.2391277241582
0.0425	9.3	1970.8035620342248
0.0425	9.4	1973.3606441075028
0.0425	9.5	1975.9104157973748
0.0425	9.600000000000001	1978.4529186947616
0.0425	9.700000000000001	1980.9881941308595
0.0425	9.8	1983.5162831781583
0.0425	9.9	1986.0372266522493
0.0425	10.	1988.5510651143295
0.0425	10.100000000000001	1991.0578388716376
0.0425	10.200000000000001	1993.55758798063
0.0425	10.3	1996.0503522475365
0.0425	10.4	1998.5361712308315
0.0425	10.5	2001.0150842424737
0.0425	10.600000000000001	2003.4871303491611
0.0425	10.700000000000001	2005.9523483750327
0.0425	10.8	2008.4107769028026
0.0425	10.9	2010.862454275041
0.0425	11.	2013.307418595785
0.0425	11.100000000000001	2015.745707732993
0.0425	11.200000000000001	2018.1773593190087
0.0425	11.3	2020.6024107536352
0.0425	11.4	2023.02089920316
0.0425	11.5	2025.4328616046844
0.0425	11.600000000000001	2027.8383346661524
0.0425	11.700000000000001	2030.2373548675107
0.0425	11.8	2032.6299584640249
0.0425	11.9	2035.0161814854364
0.0425	12.	2037.3960597391854
0.0425	12.100000000000001	2039.7696288109526
0.0425	12.200000000000001	2042.1369240671052
0.0425	12.3	2044.4979806549052
0.0425	12.4	2046.8528335047456
0.0425	12.5	2049.2015173313634
0.0425	12.600000000000001	2051.5440666351114
0.0425	12.700000000000001	2053.8805157039506
0.0425	12.8	2056.2108986139856
0.0425	12.9	2058.5352492314823
0.0425	13.	2060.8536012138884
0.0425	13.100000000000001	2063.165988011909
0.0425	13.200000000000001	2065.472442869438
0.0425	13.3	2067.7729988265187
0.0425	13.4	2070.067688719513
0.0425	13.5	2072.35654518292
0.0425	13.600000000000001	2074.639600650632
0.0425	13.700000000000001	2076.916887357342
0.0425	13.8	2079.1884373396856
0.0425	13.9	2081.4542824375335
0.0425	14.	2083.7144542951964
0.0425	14.100000000000001	2085.968984362769
0.0425	14.200000000000001	2088.217903897722
0.0425	14.3	2090.4612439654225
0.0425	14.4	2092.699035441465
0.0425	14.5	2094.931309011221
0.0425	14.600000000000001	2097.1580951733304
0.0425	14.700000000000001	2099.379424238557
0.0425	14.8	2101.5953263329548
0.0425	14.9	2103.8058313974475
0.0425	15.	2106.0109691903294
0.0425	15.100000000000001	2108.210769287998
0.0425	15.200000000000001	2110.4052610856297
0.0425	15.3	2112.5944737989844
0.0425	15.4	2114.778436465348
0.0425	15.5	2116.9571779446637
0.0425	15.600000000000001	2119.130726920479
0.0425	15.700000000000001	2121.299111901608
0.0425	15.8	2123.462361222718
0.0425	15.9	2125.6205030457513
0.0425	16.	2127.7735653610325
0.0425	16.1	2129.9215759878703
0.0425	16.2	2132.064562576681
0.0425	16.3	2134.202552609082
0.0425	16.400000000000002	2136.335573399332
0.0425	16.5	2138.463652095657
0.0425	16.6	2140.586815680897
0.0425	16.7	2142.7050909738773
0.0425	16.8	2144.8185046302783
0.0425	16.900000000000002	2146.927083143759
0.0425	17.	2149.030852846973
0.0425	17.1	2151.129839912577
0.0425	17.2	2153.22407035443
0.0425	17.3	2155.3135700283283
0.0425	17.400000000000002	2157.398364633127
0.0425	17.5	2159.4784797119796
0.0425	17.6	2161.5539406528737
0.0425	17.7	2163.6247726899073
0.0425	17.8	2165.6910009045723
0.0425	17.900000000000002	2167.7526502260034
0.0425	18.	2169.809745432359
0.0425	18.1	2171.862311152125
0.0425	18.2	2173.910371864382
0.0425	18.3	2175.9539519003656
0.0425	18.400000000000002	2177.993075443873
0.0425	18.5	2180.0277665324998
0.0425	18.6	2182.0580490590196
0.0425	18.7	2184.0839467710607
0.0425	18.8	2186.1054832734735
0.0425	18.900000000000002	2188.1226820281586
0.0425	19.	2190.135566355664
0.0425	19.1	2192.144159435867
0.0425	19.200000000000003	2194.148484308342
0.0425	19.3	2196.148563874202
0.0425	19.400000000000002	2198.1444208964513
0.0425	19.5	2200.1360780007008
0.0425	19.6	2202.1235576767194
0.0425	19.700000000000003	2204.106882278246
0.0425	19.8	2206.0860740249877
0.0425	19.900000000000002	2208.061155002488
0.0425	20.	2210.0321471640336
0.0425	20.1	2211.999072330456
0.0425	20.200000000000003	2213.9619521913237
0.0425	20.3	2215.9208083063972
0.0425	20.400000000000002	2217.875662105308
0.0425	20.5	2219.8265348896284
0.0425	20.6	2221.7734478327156
0.0425	20.700000000000003	2223.716421980749
0.0425	20.8	2225.6554782542676
0.0425	20.900000000000002	2227.5906374475658
0.0425	21.	2229.5219202308995
0.0425	21.1	2231.449347150552
0.0425	21.200000000000003	2233.372938629771
0.0425	21.3	2235.292714969317
0.0425	21.400000000000002	2237.208696348541
0.0425	21.5	2239.120902826425
0.0425	21.6	2241.0293543416465
0.0425	21.700000000000003	2242.9340707136034
0.0425	21.8	2244.835071643548
0.0425	21.900000000000002	2246.7323767149032
0.0425	22.	2248.626005394083
0.0425	22.1	2250.515977031601
0.0425	22.200000000000003	2252.4023108621413
0.0425	22.3	2254.2850260059495
0.0425	22.400000000000002	2256.1641414690016
0.0425	22.5	2258.0396761444767
0.0425	22.6	2259.911648812491
0.0425	22.700000000000003	2261.7800781417636
0.0425	22.8	2263.6449826893904
0.0425	22.900000000000002	2265.5063809024714
0.0425	23.	2267.3642911182305
0.0425	23.1	2269.218731564806
0.0425	23.200000000000003	2271.069720362237
0.0425	23.3	2272.917275522757
0.0425	23.400000000000002	2274.761414951581
0.0425	23.5	2276.6021564475564
0.0425	23.6	2278.4395177044585
0.0425	23.700000000000003	2280.2735163103494
0.0425	23.8	2282.1041697495857
0.0425	23.900000000000002	2283.931495402692
0.0425	24.	2285.7555105472197
0.0425	24.1	2287.5762323587073
0.0425	24.200000000000003	2289.3936779105284
0.0425	24.3	2291.207864175373
0.0425	24.400000000000002	2293.018808025679
0.0425	24.5	2294.826526233811
0.0425	24.6	2296.6310354733528
0.0425	24.700000000000003	2298.432352319022
0.0425	24.8	2300.230493248009
0.0425	24.900000000000002	2302.025474640259
0.0425	25.	2303.8173127789155
0.0425	25.1	2305.6060238511623
0.0425	25.200000000000003	2307.391623949102
0.0425	25.3	2309.174129069595
0.0425	25.400000000000002	2310.9535551153676
0.0425	25.5	2312.729917895871
0.0425	25.6	2314.50323312721
0.0425	25.700000000000003	2316.2735164334536
0.0425	25.8	2318.0407833461677
0.0425	25.900000000000002	2319.805049306342
0.0425	26.	2321.566329664123
0.0425	26.1	2323.324639679127
0.0425	26.200000000000003	2325.0799945221506
0.0425	26.3	2326.8324092743414
0.0425	26.400000000000002	2328.5818989287336
0.0425	26.5	2330.328478390739
0.0425	26.6	2332.072162477969
0.0425	26.700000000000003	2333.812965921725
0.0425	26.8	2335.5509033670633
0.0425	26.900000000000002	2337.28598937294
0.0425	27.	2339.0182384138643
0.0425	27.1	2340.747664879325
0.0425	27.200000000000003	2342.474283074798
0.0425	27.3	2344.1981072225453
0.0425	27.400000000000002	2345.9191514612817
0.0425	27.5	2347.6374298480023
0.0425	27.6	2349.352956357297
0.0425	27.700000000000003	2351.065744882237
0.0425	27.8	2352.775809235189
0.0425	27.900000000000002	2354.4831631483075
0.0425	28.	2356.187820273301
0.0425	28.1	2357.8897941830455
0.0425	28.200000000000003	2359.5890983713134
0.0425	28.3	2361.28574625315
0.0425	28.400000000000002	2362.9797511663705
0.0425	28.5	2364.671126370931
0.0425	28.6	2366.359885049841
0.0425	28.700000000000003	2368.0460403097914
0.0425	28.8	2369.7296051816447
0.0425	28.900000000000002	2371.410592620377
0.0425	29.	2373.089015506546
0.0425	29.1	2374.764886645505
0.0425	29.200000000000003	2376.4382187690703
0.0425	29.3	2378.109024535362
0.0425	29.400000000000002	2379.777316528988
0.0425	29.5	2381.443107262256
0.0425	29.6	2383.1064091753024
0.0425	29.700000000000003	2384.7672346359896
0.0425	29.8	2386.4255959416478
0.0425	29.900000000000002	2388.0815053178494
0.0425	30.	2389.734974920525
0.0425	30.1	2391.3860168350075
0.0425	30.200000000000003	2393.0346430774594
0.0425	30.3	2394.680865594739
0.0425	30.400000000000002	2396.324696265322
0.0425	30.5	2397.9661468990025
0.0425	30.6	2399.605229237996
0.0425	30.700000000000003	2401.241954957163
0.0425	30.8	2402.8763356642885
0.0425	30.900000000000002	2404.508382900655
0.0425	31.	2406.138108141228
0.0425	31.1	2407.765522795637
0.0425	31.200000000000003	2409.3906382079444
0.0425	31.3	2411.013465657087
0.0425	31.400000000000002	2412.6340163578484
0.0425	31.5	2414.2523014609983
0.0425	31.6	2415.8683320532746
0.0425	31.700000000000003	2417.48211915833
0.0425	31.8	2419.093673736683
0.0425	31.900000000000002	2420.7030066866837
0.0425	32.	2422.310128844321
0.0425	32.1	2423.915050983818
0.0425	32.2	2425.5177838184018
0.0425	32.300000000000004	2427.118337999912
0.0425	32.4	2428.7167241198026
0.0425	32.5	2430.312952709325
0.0425	32.6	2431.907034239813
0.0425	32.7	2433.4989791231565
0.0425	32.800000000000004	2435.0887977123407
0.0425	32.9	2436.6765003014266
0.0425	33.	2438.262097126104
0.0425	33.1	2439.8455983641543
0.0425	33.2	2441.427014135879
0.0425	33.300000000000004	2443.0063545039898
0.0425	33.4	2444.5836294743403
0.0425	33.5	2446.1588489966302
0.0425	33.6	2447.7320229639154
0.0425	33.7	2449.303161213312
0.0425	33.800000000000004	2450.8722735268134
0.0425	33.9	2452.4393696309626
0.0425	34.	2454.0044591974593
0.0425	34.1	2455.567551843833
0.0425	34.2	2457.1286571331607
0.0425	34.300000000000004	2458.6877845746385
0.0425	34.4	2460.244943624247
0.0425	34.5	2461.800143684781
0.0425	34.6	2463.353394105929
0.0425	34.7	2464.904704185181
0.0425	34.800000000000004	2466.454083167729
0.0425	34.9	2468.0015402468453
0.0425	35.	2469.547084564635
0.0425	35.1	2471.0907252114353
0.0425	35.2	2472.6324712270984
0.0425	35.300000000000004	2474.172331601041
0.0425	35.4	2475.710315271767
0.0425	35.5	2477.246431128347
0.0425	35.6	2478.7806880101807
0.0425	35.7	2480.313094707259
0.0425	35.800000000000004	2481.843659960399
0.0425	35.9	2483.372392461727
0.0425	36.	2484.8993008551633
0.0425	36.1	2486.424393736215
0.0425	36.2	2487.947679652684
0.0425	36.300000000000004	2489.4691671049914
0.0425	36.4	2490.98886454581
0.0425	36.5	2492.5067803814636
0.0425	36.6	2494.0229229711513
0.0425	36.7	2495.537300627732
0.0425	36.800000000000004	2497.049921618372
0.0425	36.9	2498.5607941639414
0.0425	37.	2500.069926440031
0.0425	37.1	2501.577326576848
0.0425	37.2	2503.0830026595872
0.0425	37.300000000000004	2504.58696272901
0.0425	37.4	2506.089214781375
0.0425	37.5	2507.58976676834
0.0425	37.6	2509.0886265982144
0.0425	37.7	2510.58580213555
0.0425	37.800000000000004	2512.081301201357
0.0425	37.9	2513.575131573768
0.0425	38.	2515.06730098792
0.0425	38.1	2516.5578171367197
0.0425	38.2	2518.046687670538
0.0425	38.300000000000004	2519.5339201973115
0.0425	38.400000000000006	2521.019522284083
0.0425	38.5	2522.5035014557657
0.0425	38.6	2523.9858651958148
0.0425	38.7	2525.466620947398
0.0425	38.800000000000004	2526.9457761121457
0.0425	38.900000000000006	2528.423338051531
0.0425	39.	2529.8993140868974
0.0425	39.1	2531.3737114991864
0.0425	39.2	2532.846537529825
0.0425	39.300000000000004	2534.3177993805393
0.0425	39.400000000000006	2535.787504213679
0.0425	39.5	2537.255659152899
0.0425	39.6	2538.7222712827943
0.0425	39.7	2540.1873476491596
0.0425	39.800000000000004	2541.650895259578
0.0425	39.900000000000006	2543.112921083657
0.0425	40.	2544.57343205307
0.045	0.	1689.9928528170433
0.045	0.1	1693.4053908270753
0.045	0.2	1696.8052841235526
0.045	0.30000000000000004	1700.192610793838
0.045	0.4	1703.5674483520345
0.045	0.5	1706.9298737458528
0.045	0.6000000000000001	1710.2799633622803
0.045	0.7000000000000001	1713.6177930331964
0.045	0.8	1716.9434380417279
0.045	0.9	1720.2569731278995
0.045	1.	1723.5584724935663
0.045	1.1	1726.8480098088762
0.045	1.2000000000000002	1730.1256582167132
0.045	1.3	1733.391490338398
0.045	1.4000000000000001	1736.6455782793616
0.045	1.5	1739.8879936335065
0.045	1.6	1743.118807488469
0.045	1.7000000000000002	1746.338090430797
0.045	1.8	1749.5459125504578
0.045	1.9000000000000001	1752.7423434455673
0.045	2.	1755.9274522281187
0.045	2.1	1759.1013075266953
0.045	2.2	1762.2639774926736
0.045	2.3000000000000003	1765.4155298041367
0.045	2.4000000000000004	1768.5560316698795
0.045	2.5	1771.6855498344257
0.045	2.6	1774.8041505816088
0.045	2.7	1777.9118997394144
0.045	2.8000000000000003	1781.0088626834986
0.045	2.9000000000000004	1784.0951043416226
0.045	3.	1787.1706891975027
0.045	3.1	1790.2356812950054
0.045	3.2	1793.2901442413968
0.045	3.3000000000000003	1796.334141212177
0.045	3.4000000000000004	1799.3677349537272
0.045	3.5	1802.3909877877395
0.045	3.6	1805.403961614581
0.045	3.7	1808.40671791741
0.045	3.8000000000000003	1811.3993177648365
0.045	3.9000000000000004	1814.3818218151516
0.045	4.	1817.3542903195414
0.045	4.1000000000000005	1820.3167831255014
0.045	4.2	1823.2693596799227
0.045	4.3	1826.2120790331667
0.045	4.4	1829.144999841632
0.045	4.5	1832.0681803709897
0.045	4.6000000000000005	1834.9816784999994
0.045	4.7	1837.885551722804
0.045	4.800000000000001	1840.7798571527705
0.045	4.9	1843.6646515253867
0.045	5.	1846.5399912004802
0.045	5.1000000000000005	1849.4059321668801
0.045	5.2	1852.2625300435955
0.045	5.300000000000001	1855.1098400836688
0.045	5.4	1857.9479171770545
0.045	5.5	1860.7768158530819
0.045	5.6000000000000005	1863.596590283775
0.045	5.7	1866.4072942859893
0.045	5.800000000000001	1869.2089813247085
0.045	5.9	1872.001704515619
0.045	6.	1874.7855166272348
0.045	6.1000000000000005	1877.5604700848962
0.045	6.2	1880.326616971343
0.045	6.300000000000001	1883.0840090316333
0.045	6.4	1885.8326976737503
0.045	6.5	1888.5727339723828
0.045	6.6000000000000005	1891.3041686705772
0.045	6.7	1894.0270521827615
0.045	6.800000000000001	1896.7414345973366
0.045	6.9	1899.447365678408
0.045	7.	1902.1448948690252
0.045	7.1000000000000005	1904.8340712922065
0.045	7.2	1907.5149437551754
0.045	7.300000000000001	1910.1875607500526
0.045	7.4	1912.8519704571495
0.045	7.5	1915.508220746644
0.045	7.6000000000000005	1918.1563591811282
0.045	7.7	1920.7964330179727
0.045	7.800000000000001	1923.428489210963
0.045	7.9	1926.052574413075
0.045	8.	1928.6687349785711
0.045	8.1	1931.2770169642697
0.045	8.200000000000001	1933.8774661337782
0.045	8.3	1936.4701279564745
0.045	8.4	1939.055047612375
0.045	8.5	1941.632269993201
0.045	8.6	1944.2018397035774
0.045	8.700000000000001	1946.763801064881
0.045	8.8	1949.318198114843
0.045	8.9	1951.8650746120836
0.045	9.	1954.40447403618
0.045	9.1	1956.9364395904236
0.045	9.200000000000001	1959.461014204055
0.045	9.3	1961.9782405327903
0.045	9.4	1964.488160962811
0.045	9.5	1966.990817610495
0.045	9.600000000000001	1969.486252326122
0.045	9.700000000000001	1971.9745066938906
0.045	9.8	1974.455622035949
0.045	9.9	1976.929639412125
0.045	10.	1979.3965996224845
0.045	10.100000000000001	1981.8565432102323
0.045	10.200000000000001	1984.3095104613292
0.045	10.3	1986.7555414077583
0.045	10.4	1989.1946758293468
0.045	10.5	1991.6269532547662
0.045	10.600000000000001	1994.0524129627188
0.045	10.700000000000001	1996.471093985922
0.045	10.8	1998.8830351097429
0.045	10.9	2001.2882748768159
0.045	11.	2003.6868515859799
0.045	11.100000000000001	2006.0788032963778
0.045	11.200000000000001	2008.4641678269338
0.045	11.3	2010.8429827595703
0.045	11.4	2013.215285440046
0.045	11.5	2015.581112979657
0.045	11.600000000000001	2017.9405022568028
0.045	11.700000000000001	2020.2934899188924
0.045	11.8	2022.640112383418
0.045	11.9	2024.980405839519
0.045	12.	2027.3144062495599
0.045	12.100000000000001	2029.6421493511777
0.045	12.200000000000001	2031.9636706579618
0.045	12.3	2034.2790054619504
0.045	12.4	2036.5881888337042
0.045	12.5	2038.891255624823
0.045	12.600000000000001	2041.1882404696007
0.045	12.700000000000001	2043.4791777854334
0.045	12.8	2045.7641017751537
0.045	12.9	2048.0430464280857
0.045	13.	2050.316045521418
0.045	13.100000000000001	2052.583132621986
0.045	13.200000000000001	2054.844341086972
0.045	13.3	2057.0997040662023
0.045	13.4	2059.3492545024783
0.045	13.5	2061.593025133565
0.045	13.600000000000001	2063.8310484940785
0.045	13.700000000000001	2066.063356915738
0.045	13.8	2068.289982528492
0.045	13.9	2070.5109572640654
0.045	14.	2072.726312854802
0.045	14.100000000000001	2074.936080835551
0.045	14.200000000000001	2077.1402925459356
0.045	14.3	2079.33897913089
0.045	14.4	2081.532171541716
0.045	14.5	2083.7199005382254
0.045	14.600000000000001	2085.9021966893224
0.045	14.700000000000001	2088.0790903740485
0.045	14.8	2090.25061178316
0.045	14.9	2092.41679092089
0.045	15.	2094.5776576054877
0.045	15.100000000000001	2096.733241470261
0.045	15.200000000000001	2098.8835719653275
0.045	15.3	2101.0286783586475
0.045	15.4	2103.1685897370203
0.045	15.5	2105.3033350077103
0.045	15.600000000000001	2107.432942899101
0.045	15.700000000000001	2109.5574419620343
0.045	15.8	2111.6768605710863
0.045	15.9	2113.7912269257067
0.045	16.	2115.9005690514523
0.045	16.1	2118.0049148005082
0.045	16.2	2120.104291853614
0.045	16.3	2122.1987277207804
0.045	16.400000000000002	2124.288249742617
0.045	16.5	2126.3728850909806
0.045	16.6	2128.4526607704056
0.045	16.7	2130.5276036194955
0.045	16.8	2132.597740311076
0.045	16.900000000000002	2134.663097354625
0.045	17.	2136.723701095771
0.045	17.1	2138.7795777187025
0.045	17.2	2140.8307532463173
0.045	17.3	2142.877253542035
0.045	17.400000000000002	2144.9191043099386
0.045	17.5	2146.956331096502
0.045	17.6	2148.9889592913833
0.045	17.7	2151.017014128616
0.045	17.8	2153.040520687026
0.045	17.900000000000002	2155.0595038919646
0.045	18.	2157.0739885161347
0.045	18.1	2159.083999179905
0.045	18.2	2161.0895603535437
0.045	18.3	2163.0906963568054
0.045	18.400000000000002	2165.087431361048
0.045	18.5	2167.0797893896083
0.045	18.6	2169.067794318647
0.045	18.7	2171.0514698786064
0.045	18.8	2173.0308396547925
0.045	18.900000000000002	2175.005927088288
0.045	19.	2176.976755477233
0.045	19.1	2178.9433479774057
0.045	19.200000000000003	2180.905727602981
0.045	19.3	2182.863917227933
0.045	19.400000000000002	2184.8179395869965
0.045	19.5	2186.7678172755923
0.045	19.6	2188.713572752206
0.045	19.700000000000003	2190.6552283379583
0.045	19.8	2192.592806218244
0.045	19.900000000000002	2194.526328443256
0.045	20.	2196.455816928905
0.045	20.1	2198.3812934581747
0.045	20.200000000000003	2200.30277968125
0.045	20.3	2202.220297116612
0.045	20.400000000000002	2204.1338671520525
0.045	20.5	2206.0435110458525
0.045	20.6	2207.949249926453
0.045	20.700000000000003	2209.85110479479
0.045	20.8	2211.7490965237675
0.045	20.900000000000002	2213.6432458599297
0.045	21.	2215.5335734240025
0.045	21.1	2217.420099711943
0.045	21.200000000000003	2219.302845095155
0.045	21.3	2221.1818298218295
0.045	21.400000000000002	2223.0570740177736
0.045	21.5	2224.9285976865176
0.045	21.6	2226.7964207112536
0.045	21.700000000000003	2228.6605628542143
0.045	21.8	2230.521043758668
0.045	21.900000000000002	2232.377882949004
0.045	22.	2234.231099831877
0.045	22.1	2236.0807136965577
0.045	22.200000000000003	2237.926743715939
0.045	22.3	2239.7692089474376
0.045	22.400000000000002	2241.6081283333433
0.045	22.5	2243.4435207016622
0.045	22.6	2245.275404767488
0.045	22.700000000000003	2247.103799132528
0.045	22.8	2248.9287222870025
0.045	22.900000000000002	2250.7501926096306
0.045	23.	2252.5682283686083
0.045	23.1	2254.3828477223146
0.045	23.200000000000003	2256.1940687200436
0.045	23.3	2258.0019093023748
0.045	23.400000000000002	2259.8063873025794
0.045	23.5	2261.607520446496
0.045	23.6	2263.405326353988
0.045	23.700000000000003	2265.199822538717
0.045	23.8	2266.9910264098903
0.045	23.900000000000002	2268.778955271883
0.045	24.	2270.5636263260353
0.045	24.1	2272.3450566700203
0.045	24.200000000000003	2274.1232632996603
0.045	24.3	2275.8982631089984
0.045	24.400000000000002	2277.670072890783
0.045	24.5	2279.4387093377145
0.045	24.6	2281.2041890427536
0.045	24.700000000000003	2282.9665284996045
0.045	24.8	2284.72574410346
0.045	24.900000000000002	2286.4818521520792
0.045	25.	2288.2348688454954
0.045	25.1	2289.9848102877554
0.045	25.200000000000003	2291.731692486321
0.045	25.3	2293.475531353681
0.045	25.400000000000002	2295.2163427077235
0.045	25.5	2296.954142271865
0.045	25.6	2298.6889456763947
0.045	25.700000000000003	2300.420768458061
0.045	25.8	2302.1496260620424
0.045	25.900000000000002	2303.8755338413944
0.045	26.	2305.5985070578977
0.045	26.1	2307.3185608829763
0.045	26.200000000000003	2309.03571039804
0.045	26.3	2310.749970595012
0.045	26.400000000000002	2312.4613563771245
0.045	26.5	2314.1698825591516
0.045	26.6	2315.8755638683588
0.045	26.700000000000003	2317.578414944699
0.045	26.8	2319.2784503416456
0.045	26.900000000000002	2320.975684526506
0.045	27.	2322.6701318812998
0.045	27.1	2324.36180670303
0.045	27.200000000000003	2326.0507232041637
0.045	27.3	2327.736895513441
0.045	27.400000000000002	2329.420337676319
0.045	27.5	2331.1010636553124
0.045	27.6	2332.7790873307717
0.045	27.700000000000003	2334.4544225012546
0.045	27.8	2336.127082884378
0.045	27.900000000000002	2337.79708211665
0.045	28.	2339.464433754673
0.045	28.1	2341.1291512751054
0.045	28.200000000000003	2342.7912480756945
0.045	28.3	2344.4507374755203
0.045	28.400000000000002	2346.107632715376
0.045	28.5	2347.761946958434
0.045	28.6	2349.4136932906904
0.045	28.700000000000003	2351.062884721443
0.045	28.8	2352.709534183928
0.045	28.900000000000002	2354.3536545356155
0.045	29.	2355.99525855863
0.045	29.1	2357.634358960546
0.045	29.200000000000003	2359.2709683743983
0.045	29.3	2360.9050993598403
0.045	29.400000000000002	2362.53676440268
0.045	29.5	2364.1659759165022
0.045	29.6	2365.792746241726
0.045	29.700000000000003	2367.4170876476323
0.045	29.8	2369.039012331309
0.045	29.900000000000002	2370.6585324193134
0.045	30.	2372.275659967217
0.045	30.1	2373.890406961072
0.045	30.200000000000003	2375.5027853165598
0.045	30.3	2377.1128068804605
0.045	30.400000000000002	2378.7204834306995
0.045	30.5	2380.3258266771045
0.045	30.6	2381.9288482609886
0.045	30.700000000000003	2383.529559756455
0.045	30.8	2385.1279726707958
0.045	30.900000000000002	2386.724098444334
0.045	31.	2388.3179484513275
0.045	31.1	2389.9095339997834
0.045	31.200000000000003	2391.498866332971
0.045	31.3	2393.085956628824
0.045	31.400000000000002	2394.6708160007433
0.045	31.5	2396.253455497985
0.045	31.6	2397.833886105889
0.045	31.700000000000003	2399.412118746805
0.045	31.8	2400.9881642797363
0.045	31.900000000000002	2402.562033501393
0.045	32.	2404.1337371461545
0.045	32.1	2405.7032858868124
0.045	32.2	2407.2706903347894
0.045	32.300000000000004	2408.835961040188
0.045	32.4	2410.399108492662
0.045	32.5	2411.9601431220744
0.045	32.6	2413.5190752976737
0.045	32.7	2415.0759153296904
0.045	32.800000000000004	2416.6306734692666
0.045	32.9	2418.1833599089005
0.045	33.	2419.733984782229
0.045	33.1	2421.282558165514
0.045	33.2	2422.82909007714
0.045	33.300000000000004	2424.373590478092
0.045	33.4	2425.916069272711
0.045	33.5	2427.4565363085744
0.045	33.6	2428.9950013772473
0.045	33.7	2430.5314742142245
0.045	33.800000000000004	2432.0659644999423
0.045	33.9	2433.598481859158
0.045	34.	2435.1290358623364
0.045	34.1	2436.6576360251847
0.045	34.2	2438.1842918092075
0.045	34.300000000000004	2439.7090126225853
0.045	34.4	2441.231807819591
0.045	34.5	2442.7526867019196
0.045	34.6	2444.271658517787
0.045	34.7	2445.788732463777
0.045	34.800000000000004	2447.3039176836087
0.045	34.9	2448.8172232699235
0.045	35.	2450.3286582633864
0.045	35.1	2451.8382316537145
0.045	35.2	2453.3459523799597
0.045	35.300000000000004	2454.851829330318
0.045	35.4	2456.3558713431016
0.045	35.5	2457.858087206489
0.045	35.6	2459.358485659626
0.045	35.7	2460.857075391744
0.045	35.800000000000004	2462.353865043623
0.045	35.9	2463.8488632072026
0.045	36.	2465.3420784258615
0.045	36.1	2466.83351919551
0.045	36.2	2468.3231939637944
0.045	36.300000000000004	2469.8111111313087
0.045	36.4	2471.2972790510685
0.045	36.5	2472.781706029634
0.045	36.6	2474.2644003269043
0.045	36.7	2475.745370156427
0.045	36.800000000000004	2477.2246236856176
0.045	36.9	2478.7021690367224
0.045	37.	2480.178014285988
0.045	37.1	2481.652167464923
0.045	37.2	2483.1246365599072
0.045	37.300000000000004	2484.5954295128245
0.045	37.4	2486.0645542215084
0.045	37.5	2487.532018539425
0.045	37.6	2488.997830276334
0.045	37.7	2490.4619971987768
0.045	37.800000000000004	2491.924527029832
0.045	37.9	2493.385427449793
0.045	38.	2494.844706096078
0.045	38.1	2496.3023705636783
0.045	38.2	2497.7584284058735
0.045	38.300000000000004	2499.2128871334994
0.045	38.400000000000006	2500.6657542160297
0.045	38.5	2502.117037081455
0.045	38.6	2503.566743116782
0.045	38.7	2505.0148796678936
0.045	38.800000000000004	2506.4614540405582
0.045	38.900000000000006	2507.9064734994004
0.045	39.	2509.349945269519
0.045	39.1	2510.7918765361314
0.045	39.2	2512.232274444429
0.045	39.300000000000004	2513.6711461005953
0.045	39.400000000000006	2515.1084985715506
0.045	39.5	2516.544338885193
0.045	39.6	2517.978674030714
0.045	39.7	2519.411510959373
0.045	39.800000000000004	2520.8428565834997
0.045	39.900000000000006	2522.27271777802
0.045	40.	2523.701101379863
0.0475	0.	1685.8912751244047
0.0475	0.1	1689.2526637116616
0.0475	0.2	1692.6013950265233
0.0475	0.30000000000000004	1695.9375482441505
0.0475	0.4	1699.261201953555
0.0475	0.5	1702.572434164911
0.0475	0.6000000000000001	1705.8713223140273
0.0475	0.7000000000000001	1709.1579432696535
0.0475	0.8	1712.4323733389006
0.0475	0.9	1715.6946882730324
0.0475	1.	1718.9449632736041
0.0475	1.1	1722.183272997416
0.0475	1.2000000000000002	1725.4096915622854
0.0475	1.3	1728.6242925530355
0.0475	1.4000000000000001	1731.827149025875
0.0475	1.5	1735.0183335144616
0.0475	1.6	1738.1979180339747
0.0475	1.7000000000000002	1741.3659740878356
0.0475	1.8	1744.522572670607
0.0475	1.9000000000000001	1747.6677842745396
0.0475	2.	1750.8016788939494
0.0475	2.1	1753.9243260291032
0.0475	2.2	1757.0357946922636
0.0475	2.3000000000000003	1760.1361534111961
0.0475	2.4000000000000004	1763.2254702335692
0.0475	2.5	1766.3038127323111
0.0475	2.6	1769.3712480097802
0.0475	2.7	1772.4278427007762
0.0475	2.8000000000000003	1775.473662978465
0.0475	2.9000000000000004	1778.5087745577346
0.0475	3.	1781.5332426990622
0.0475	3.1	1784.547132212808
0.0475	3.2	1787.5505074637313
0.0475	3.3000000000000003	1790.5434323740205
0.0475	3.4000000000000004	1793.5259704273524
0.0475	3.5	1796.4981846733344
0.0475	3.6	1799.4601377302702
0.0475	3.7	1802.4118917901624
0.0475	3.8000000000000003	1805.3535086206505
0.0475	3.9000000000000004	1808.2850495702205
0.0475	4.	1811.2065755707874
0.0475	4.1000000000000005	1814.1181471415218
0.0475	4.2	1817.0198243920504
0.0475	4.3	1819.9116670265885
0.0475	4.4	1822.793734346036
0.0475	4.5	1825.666085252675
0.0475	4.6000000000000005	1828.5287782524283
0.0475	4.7	1831.3818714582685
0.0475	4.800000000000001	1834.2254225941651
0.0475	4.9	1837.0594889971753
0.0475	5.	1839.8841276211256
0.0475	5.1000000000000005	1842.6993950394121
0.0475	5.2	1845.5053474488432
0.0475	5.300000000000001	1848.3020406708904
0.0475	5.4	1851.0895301569024
0.0475	5.5	1853.8678709889703
0.0475	5.6000000000000005	1856.6371178842455
0.0475	5.7	1859.3973251967159
0.0475	5.800000000000001	1862.148546921396
0.0475	5.9	1864.890836695227
0.0475	6.	1867.6242478016457
0.0475	6.1000000000000005	1870.3488331721087
0.0475	6.2	1873.0646453897225
0.0475	6.300000000000001	1875.7717366908416
0.0475	6.4	1878.4701589685517
0.0475	6.5	1881.1599637749455
0.0475	6.6000000000000005	1883.8412023234082
0.0475	6.7	1886.513925491868
0.0475	6.800000000000001	1889.1781838247643
0.0475	6.9	1891.8340275358053
0.0475	7.	1894.4815065101177
0.0475	7.1000000000000005	1897.1206703072878
0.0475	7.2	1899.7515681625016
0.0475	7.300000000000001	1902.3742489909785
0.0475	7.4	1904.9887613884162
0.0475	7.5	1907.5951536340872
0.0475	7.6000000000000005	1910.1934736934566
0.0475	7.7	1912.783769220071
0.0475	7.800000000000001	1915.3660875578016
0.0475	7.9	1917.9404757433247
0.0475	8.	1920.5069805079465
0.0475	8.1	1923.0656482810748
0.0475	8.200000000000001	1925.6165251896248
0.0475	8.3	1928.1596570638085
0.0475	8.4	1930.695089436376
0.0475	8.5	1933.2228675462663
0.0475	8.6	1935.743036340005
0.0475	8.700000000000001	1938.2556404738837
0.0475	8.8	1940.760724316745
0.0475	8.9	1943.2583319509413
0.0475	9.	1945.7485071751098
0.0475	9.1	1948.2312935052457
0.0475	9.200000000000001	1950.70673417882
0.0475	9.3	1953.17487215366
0.0475	9.4	1955.6357501124614
0.0475	9.5	1958.0894104639463
0.0475	9.600000000000001	1960.5358953440552
0.0475	9.700000000000001	1962.975246618491
0.0475	9.8	1965.4075058853234
0.0475	9.9	1967.8327144749403
0.0475	10.	1970.250913454008
0.0475	10.100000000000001	1972.6621436254582
0.0475	10.200000000000001	1975.0664455320164
0.0475	10.3	1977.4638594566213
0.0475	10.4	1979.8544254248304
0.0475	10.5	1982.2381832066808
0.0475	10.600000000000001	1984.6151723184514
0.0475	10.700000000000001	1986.985432023551
0.0475	10.8	1989.3490013359558
0.0475	10.9	1991.705919019941
0.0475	11.	1994.0562235936407
0.0475	11.100000000000001	1996.399953329091
0.0475	11.200000000000001	1998.737146255405
0.0475	11.3	2001.0678401589644
0.0475	11.4	2003.3920725861249
0.0475	11.5	2005.7098808448875
0.0475	11.600000000000001	2008.0213020055153
0.0475	11.700000000000001	2010.3263729036198
0.0475	11.8	2012.6251301397915
0.0475	11.9	2014.9176100833565
0.0475	12.	2017.2038488725027
0.0475	12.100000000000001	2019.483882416121
0.0475	12.200000000000001	2021.7577463959556
0.0475	12.3	2024.0254762671539
0.0475	12.4	2026.2871072602682
0.0475	12.5	2028.542674383484
0.0475	12.600000000000001	2030.7922124228821
0.0475	12.700000000000001	2033.035755944726
0.0475	12.8	2035.2733392961395
0.0475	12.9	2037.5049966079805
0.0475	13.	2039.7307617952022
0.0475	13.100000000000001	2041.9506685578854
0.0475	13.200000000000001	2044.164750384312
0.0475	13.3	2046.373040551076
0.0475	13.4	2048.5755721243563
0.0475	13.5	2050.7723779623316
0.0475	13.600000000000001	2052.96349071595
0.0475	13.700000000000001	2055.1489428304844
0.0475	13.8	2057.328766546307
0.0475	13.9	2059.502993901519
0.0475	14.	2061.6716567319268
0.0475	14.100000000000001	2063.834786673241
0.0475	14.200000000000001	2065.992415162569
0.0475	14.3	2068.144573438822
0.0475	14.4	2070.2912925445007
0.0475	14.5	2072.432603327223
0.0475	14.600000000000001	2074.568536441308
0.0475	14.700000000000001	2076.699122348169
0.0475	14.8	2078.824391317541
0.0475	14.9	2080.944373430259
0.0475	15.	2083.059098577683
0.0475	15.100000000000001	2085.1685964642693
0.0475	15.200000000000001	2087.2728966077843
0.0475	15.3	2089.3720283417165
0.0475	15.4	2091.4660208151236
0.0475	15.5	2093.5549029950257
0.0475	15.600000000000001	2095.6387036669794
0.0475	15.700000000000001	2097.717451436458
0.0475	15.8	2099.7911747301405
0.0475	15.9	2101.8599017967335
0.0475	16.	2103.9236607086814
0.0475	16.1	2105.9824793627286
0.0475	16.2	2108.036385481502
0.0475	16.3	2110.08540661466
0.0475	16.400000000000002	2112.1295701397717
0.0475	16.5	2114.1689032636164
0.0475	16.6	2116.2034330234037
0.0475	16.7	2118.2331862876317
0.0475	16.8	2120.2581897573564
0.0475	16.900000000000002	2122.2784699673193
0.0475	17.	2124.2940532870266
0.0475	17.1	2126.3049659217463
0.0475	17.2	2128.3112339136906
0.0475	17.3	2130.3128831430413
0.0475	17.400000000000002	2132.3099393287725
0.0475	17.5	2134.302428030516
0.0475	17.6	2136.2903746485895
0.0475	17.7	2138.273804425627
0.0475	17.8	2140.2527424474833
0.0475	17.900000000000002	2142.2272136443457
0.0475	18.	2144.197242791523
0.0475	18.1	2146.1628545109434
0.0475	18.2	2148.1240732713613
0.0475	18.3	2150.080923390405
0.0475	18.400000000000002	2152.033429034276
0.0475	18.5	2153.981614220351
0.0475	18.6	2155.9255028164775
0.0475	18.7	2157.8651185430617
0.0475	18.8	2159.80048497403
0.0475	18.900000000000002	2161.7316255369833
0.0475	19.	2163.658563514949
0.0475	19.1	2165.581322046908
0.0475	19.200000000000003	2167.4999241289274
0.0475	19.3	2169.414392615112
0.0475	19.400000000000002	2171.324750218175
0.0475	19.5	2173.2310195109917
0.0475	19.6	2175.133222926945
0.0475	19.700000000000003	2177.031382761166
0.0475	19.8	2178.925521171211
0.0475	19.900000000000002	2180.815660178162
0.0475	20.	2182.701821667406
0.0475	20.1	2184.5840273896724
0.0475	20.200000000000003	2186.4622989618
0.0475	20.3	2188.336657867298
0.0475	20.400000000000002	2190.2071254579123
0.0475	20.5	2192.0737229538286
0.0475	20.6	2193.936471445119
0.0475	20.700000000000003	2195.795391891952
0.0475	20.8	2197.650505125794
0.0475	20.900000000000002	2199.5018318505986
0.0475	21.	2201.349392642856
0.0475	21.1	2203.193207952917
0.0475	21.200000000000003	2205.033298105971
0.0475	21.3	2206.869683302216
0.0475	21.400000000000002	2208.702383618739
0.0475	21.5	2210.531419008851
0.0475	21.6	2212.3568093043236
0.0475	21.700000000000003	2214.1785742152892
0.0475	21.8	2215.996733331553
0.0475	21.900000000000002	2217.811306122722
0.0475	22.	2219.622311939807
0.0475	22.1	2221.4297700153993
0.0475	22.200000000000003	2223.233699464861
0.0475	22.3	2225.034119286401
0.0475	22.400000000000002	2226.8310483628507
0.0475	22.5	2228.6245054613173
0.0475	22.6	2230.414509235212
0.0475	22.700000000000003	2232.2010782234784
0.0475	22.8	2233.9842308526468
0.0475	22.900000000000002	2235.763985436967
0.0475	23.	2237.540360179072
0.0475	23.1	2239.31337317083
0.0475	23.200000000000003	2241.0830423944376
0.0475	23.3	2242.849385722271
0.0475	23.400000000000002	2244.6124209185678
0.0475	23.5	2246.3721656394628
0.0475	23.6	2248.1286374340207
0.0475	23.700000000000003	2249.881853744556
0.0475	23.8	2251.6318319078578
0.0475	23.900000000000002	2253.378589155474
0.0475	24.	2255.1221426146726
0.0475	24.1	2256.862509308902
0.0475	24.200000000000003	2258.599706158553
0.0475	24.3	2260.333749981394
0.0475	24.400000000000002	2262.0646574938983
0.0475	24.5	2263.792445310986
0.0475	24.6	2265.5171299476597
0.0475	24.700000000000003	2267.238727818652
0.0475	24.8	2268.957255239887
0.0475	24.900000000000002	2270.6727284290155
0.0475	25.	2272.3851635051565
0.0475	25.1	2274.0945764909966
0.0475	25.200000000000003	2275.8009833122323
0.0475	25.3	2277.504399798796
0.0475	25.400000000000002	2279.2048416849666
0.0475	25.5	2280.902324610951
0.0475	25.6	2282.5968641221934
0.0475	25.700000000000003	2284.288475671058
0.0475	25.8	2285.977174616998
0.0475	25.900000000000002	2287.6629762270245
0.0475	26.	2289.345895676857
0.0475	26.1	2291.0259480505897
0.0475	26.200000000000003	2292.7031483424566
0.0475	26.3	2294.3775114561067
0.0475	26.400000000000002	2296.049052206487
0.0475	26.5	2297.7177853195835
0.0475	26.6	2299.38372543291
0.0475	26.700000000000003	2301.04688709683
0.0475	26.8	2302.707284774439
0.0475	26.900000000000002	2304.364932842676
0.0475	27.	2306.019845591999
0.0475	27.1	2307.672037228137
0.0475	27.200000000000003	2309.3215218714704
0.0475	27.3	2310.9683135586606
0.0475	27.400000000000002	2312.6124262422495
0.0475	27.5	2314.253873791761
0.0475	27.6	2315.8926699942804
0.0475	27.700000000000003	2317.5288285543124
0.0475	27.8	2319.1623630953613
0.0475	27.900000000000002	2320.793287159457
0.0475	28.	2322.4216142085143
0.0475	28.1	2324.0473576240065
0.0475	28.200000000000003	2325.6705307082493
0.0475	28.3	2327.2911466846185
0.0475	28.400000000000002	2328.909218697638
0.0475	28.5	2330.5247598143537
0.0475	28.6	2332.1377830242272
0.0475	28.700000000000003	2333.748301239632
0.0475	28.8	2335.3563272964575
0.0475	28.900000000000002	2336.9618739549096
0.0475	29.	2338.5649538994653
0.0475	29.1	2340.165579739646
0.0475	29.200000000000003	2341.763764010727
0.0475	29.3	2343.359519173521
0.0475	29.400000000000002	2344.95285761579
0.0475	29.5	2346.543791651569
0.0475	29.6	2348.1323335231696
0.0475	29.700000000000003	2349.718495399845
0.0475	29.8	2351.302289379929
0.0475	29.900000000000002	2352.883727489922
0.0475	30.	2354.4628216861333
0.0475	30.1	2356.039583854066
0.0475	30.200000000000003	2357.6140258097353
0.0475	30.3	2359.186159299456
0.0475	30.400000000000002	2360.7559960010476
0.0475	30.5	2362.3235475231427
0.0475	30.6	2363.888825406882
0.0475	30.700000000000003	2365.4518411254235
0.0475	30.8	2367.0126060850457
0.0475	30.900000000000002	2368.5711316247057
0.0475	31.	2370.1274290177817
0.0475	31.1	2371.6815094708973
0.0475	31.200000000000003	2373.233384125688
0.0475	31.3	2374.7830640586562
0.0475	31.400000000000002	2376.330560281611
0.0475	31.5	2377.8758837418663
0.0475	31.6	2379.419045323294
0.0475	31.700000000000003	2380.960055845856
0.0475	31.8	2382.4989260670463
0.0475	31.900000000000002	2384.0356666813746
0.0475	32.	2385.570288320992
0.0475	32.1	2387.1028015567545
0.0475	32.2	2388.6332168973404
0.0475	32.300000000000004	2390.1615447910767
0.0475	32.4	2391.6877956251496
0.0475	32.5	2393.2119797267947
0.0475	32.6	2394.7341073632574
0.0475	32.7	2396.2541887421794
0.0475	32.800000000000004	2397.7722340121627
0.0475	32.9	2399.2882532630388
0.0475	33.	2400.8022565262927
0.0475	33.1	2402.314253775525
0.0475	33.2	2403.8242549263805
0.0475	33.300000000000004	2405.332269837609
0.0475	33.4	2406.83830831069
0.0475	33.5	2408.34238009098
0.0475	33.6	2409.8444948671627
0.0475	33.7	2411.344662272634
0.0475	33.800000000000004	2412.8428918848545
0.0475	33.9	2414.339193226235
0.0475	34.	2415.833575764847
0.0475	34.1	2417.3260489138142
0.0475	34.2	2418.816622032377
0.0475	34.300000000000004	2420.3053044260055
0.0475	34.4	2421.7921053470686
0.0475	34.5	2423.277033994411
0.0475	34.6	2424.7600995144935
0.0475	34.7	2426.241311001096
0.0475	34.800000000000004	2427.7206774963124
0.0475	34.9	2429.1982079902145
0.0475	35.	2430.6739114215666
0.0475	35.1	2432.1477966780867
0.0475	35.2	2433.6198725966156
0.0475	35.300000000000004	2435.0901479637278
0.0475	35.4	2436.5586315159576
0.0475	35.5	2438.0253319395647
0.0475	35.6	2439.4902578717983
0.0475	35.7	2440.9534179006787
0.0475	35.800000000000004	2442.4148205651054
0.0475	35.9	2443.8744743556103
0.0475	36.	2445.332387714655
0.0475	36.1	2446.7885690362555
0.0475	36.2	2448.24302666727
0.0475	36.300000000000004	2449.69576890686
0.0475	36.4	2451.1468040074706
0.0475	36.5	2452.5961401743925
0.0475	36.6	2454.0437855668483
0.0475	36.7	2455.489748297601
0.0475	36.800000000000004	2456.934036433718
0.0475	36.9	2458.376657996671
0.0475	37.	2459.8176209624785
0.0475	37.1	2461.256933262089
0.0475	37.2	2462.694602782128
0.0475	37.300000000000004	2464.1306373644766
0.0475	37.4	2465.565044806563
0.0475	37.5	2466.9978328623456
0.0475	37.6	2468.4290092421106
0.0475	37.7	2469.858581612346
0.0475	37.800000000000004	2471.2865575971036
0.0475	37.9	2472.7129447773173
0.0475	38.	2474.1377506910585
0.0475	38.1	2475.5609828346005
0.0475	38.2	2476.982648661873
0.0475	38.300000000000004	2478.402755585386
0.0475	38.400000000000006	2479.821310975661
0.0475	38.5	2481.2383221624405
0.0475	38.6	2482.6537964342756
0.0475	38.7	2484.06774103898
0.0475	38.800000000000004	2485.480163183829
0.0475	38.900000000000006	2486.8910700360993
0.0475	39.	2488.3004687228968
0.0475	39.1	2489.7083663317408
0.0475	39.2	2491.114769910606
0.0475	39.300000000000004	2492.5196864680515
0.0475	39.400000000000006	2493.923122973967
0.0475	39.5	2495.325086359411
0.0475	39.6	2496.7255835167493
0.0475	39.7	2498.1246213001577
0.0475	39.800000000000004	2499.5222065258554
0.0475	39.900000000000006	2500.918345972424
0.0475	40.	2502.3130463804264
0.05	0.	1681.974737071259
0.05	0.1	1685.2832630795979
0.05	0.2	1688.57911427162
0.05	0.30000000000000004	1691.8623709941037
0.05	0.4	1695.1331129940354
0.05	0.5	1698.3914194246354
0.05	0.6000000000000001	1701.6373688523438
0.05	0.7000000000000001	1704.8710392621356
0.05	0.8	1708.0925080640143
0.05	0.9	1711.3018520990938
0.05	1.	1714.4991476451278
0.05	1.1	1717.6844704226464
0.05	1.2000000000000002	1720.857895599935
0.05	1.3	1724.0194977994768
0.05	1.4000000000000001	1727.1693511025726
0.05	1.5	1730.3075290549784
0.05	1.6	1733.4341046726588
0.05	1.7000000000000002	1736.5491504461766
0.05	1.8	1739.6527383460166
0.05	1.9000000000000001	1742.7449398281065
0.05	2.	1745.8258258379878
0.05	2.1	1748.8954668160547
0.05	2.2	1751.953932702504
0.05	2.3000000000000003	1755.0012929413572
0.05	2.4000000000000004	1758.037616485878
0.05	2.5	1761.0629718022772
0.05	2.6	1764.0774268751227
0.05	2.7	1767.0810492109408
0.05	2.8000000000000003	1770.0739058425472
0.05	2.9000000000000004	1773.0560633343566
0.05	3.	1776.0275877851889
0.05	3.1	1778.9885448333548
0.05	3.2	1781.9389996601797
0.05	3.3000000000000003	1784.8790169945291
0.05	3.4000000000000004	1787.8086611164335
0.05	3.5	1790.7279958610977
0.05	3.6	1793.6370846226885
0.05	3.7	1796.5359903579588
0.05	3.8000000000000003	1799.4247755907568
0.05	3.9000000000000004	1802.3035024146416
0.05	4.	1805.1722324971147
0.05	4.1000000000000005	1808.0310270831815
0.05	4.2	1810.8799469992632
0.05	4.3	1813.7190526555391
0.05	4.4	1816.548404050815
0.05	4.5	1819.368060774705
0.05	4.6000000000000005	1822.1780820117415
0.05	4.7	1824.97852654461
0.05	4.800000000000001	1827.7694527573449
0.05	4.9	1830.5509186379438
0.05	5.	1833.322981782943
0.05	5.1000000000000005	1836.085699399246
0.05	5.2	1838.839128308177
0.05	5.300000000000001	1841.5833249473128
0.05	5.4	1844.3183453750964
0.05	5.5	1847.0442452730113
0.05	5.6000000000000005	1849.7610799483414
0.05	5.7	1852.468904337647
0.05	5.800000000000001	1855.1677730093688
0.05	5.9	1857.8577401664338
0.05	6.	1860.5388596499147
0.05	6.1000000000000005	1863.2111849406158
0.05	6.2	1865.8747691636515
0.05	6.300000000000001	1868.5296650884418
0.05	6.4	1871.1759251345857
0.05	6.5	1873.8136013723122
0.05	6.6000000000000005	1876.442745525791
0.05	6.7	1879.063408975872
0.05	6.800000000000001	1881.675642762286
0.05	6.9	1884.2794975870634
0.05	7.	1886.8750238164735
0.05	7.1000000000000005	1889.4622714828333
0.05	7.2	1892.0412902886228
0.05	7.300000000000001	1894.6121296078027
0.05	7.4	1897.1748384880223
0.05	7.5	1899.7294656541858
0.05	7.6000000000000005	1902.27605950964
0.05	7.7	1904.814668139642
0.05	7.800000000000001	1907.345339312424
0.05	7.9	1909.868120482845
0.05	8.	1912.3830587935904
0.05	8.1	1914.890201078126
0.05	8.200000000000001	1917.3895938626417
0.05	8.3	1919.881283368484
0.05	8.4	1922.3653155139318
0.05	8.5	1924.841735917023
0.05	8.6	1927.3105898970002
0.05	8.700000000000001	1929.7719224773837
0.05	8.8	1932.2257783867738
0.05	8.9	1934.6722020626728
0.05	9.	1937.1112376519668
0.05	9.1	1939.5429290134332
0.05	9.200000000000001	1941.9673197210652
0.05	9.3	1944.3844530638085
0.05	9.4	1946.794372049589
0.05	9.5	1949.197119406439
0.05	9.600000000000001	1951.5927375841504
0.05	9.700000000000001	1953.9812687572926
0.05	9.8	1956.3627548257755
0.05	9.9	1958.7372374182107
0.05	10.	1961.104757892854
0.05	10.100000000000001	1963.4653573393232
0.05	10.200000000000001	1965.8190765818342
0.05	10.3	1968.1659561791605
0.05	10.4	1970.506036428128
0.05	10.5	1972.8393573646674
0.05	10.600000000000001	1975.1659587653528
0.05	10.700000000000001	1977.4858801502314
0.05	10.8	1979.7991607834701
0.05	10.9	1982.1058396756566
0.05	11.	1984.4059555861838
0.05	11.100000000000001	1986.6995470230213
0.05	11.200000000000001	1988.986652246904
0.05	11.3	1991.2673092717428
0.05	11.4	1993.5415558656841
0.05	11.5	1995.8094295546211
0.05	11.600000000000001	1998.0709676222054
0.05	11.700000000000001	2000.326207112183
0.05	11.8	2002.5751848302284
0.05	11.9	2004.8179373451364
0.05	12.	2007.0545009907232
0.05	12.100000000000001	2009.2849118670597
0.05	12.200000000000001	2011.509205843055
0.05	12.3	2013.727418556914
0.05	12.4	2015.9395854178463
0.05	12.5	2018.1457416086052
0.05	12.600000000000001	2020.345922085663
0.05	12.700000000000001	2022.5401615822466
0.05	12.8	2024.7284946082582
0.05	12.9	2026.9109554528695
0.05	13.	2029.0875781859681
0.05	13.100000000000001	2031.258396659288
0.05	13.200000000000001	2033.4234445076725
0.05	13.3	2035.582755151189
0.05	13.4	2037.7363617968267
0.05	13.5	2039.884297437945
0.05	13.600000000000001	2042.0265948587585
0.05	13.700000000000001	2044.1632866331968
0.05	13.8	2046.2944051274953
0.05	13.9	2048.41998250159
0.05	14.	2050.5400507099935
0.05	14.100000000000001	2052.6546415037974
0.05	14.200000000000001	2054.7637864317026
0.05	14.3	2056.867516841213
0.05	14.4	2058.965863880119
0.05	14.5	2061.0588584982615
0.05	14.600000000000001	2063.1465314488714
0.05	14.700000000000001	2065.228913288128
0.05	14.8	2067.3060343796483
0.05	14.9	2069.3779248928913
0.05	15.	2071.4446148059114
0.05	15.100000000000001	2073.5061339064146
0.05	15.200000000000001	2075.5625117930354
0.05	15.3	2077.6137778761704
0.05	15.4	2079.6599613800854
0.05	15.5	2081.7010913430927
0.05	15.600000000000001	2083.7371966199803
0.05	15.700000000000001	2085.768305882197
0.05	15.8	2087.7944476196676
0.05	15.9	2089.8156501420003
0.05	16.	2091.8319415792794
0.05	16.1	2093.8433498838567
0.05	16.2	2095.849902830789
0.05	16.3	2097.8516280200333
0.05	16.400000000000002	2099.848552876534
0.05	16.5	2101.8407046522143
0.05	16.6	2103.8281104265707
0.05	16.7	2105.8107971082045
0.05	16.8	2107.7887914358985
0.05	16.900000000000002	2109.7621199796686
0.05	17.	2111.7308091416494
0.05	17.1	2113.694885157776
0.05	17.2	2115.654374098424
0.05	17.3	2117.609301869623
0.05	17.400000000000002	2119.55969421427
0.05	17.5	2121.5055767132794
0.05	17.6	2123.4469747863445
0.05	17.7	2125.383913693127
0.05	17.8	2127.3164185345527
0.05	17.900000000000002	2129.2445142537
0.05	18.	2131.1682256367976
0.05	18.1	2133.0875773142157
0.05	18.2	2135.0025937619134
0.05	18.3	2136.9132993019066
0.05	18.400000000000002	2138.8197181034943
0.05	18.5	2140.721874184672
0.05	18.6	2142.6197914124205
0.05	18.7	2144.5134935041565
0.05	18.8	2146.403004028947
0.05	18.900000000000002	2148.2883464078877
0.05	19.	2150.169543915549
0.05	19.1	2152.0466196806888
0.05	19.200000000000003	2153.9195966873817
0.05	19.3	2155.7884977759736
0.05	19.400000000000002	2157.653345643933
0.05	19.5	2159.5141628468627
0.05	19.6	2161.3709717994284
0.05	19.700000000000003	2163.223794776437
0.05	19.8	2165.0726539133793
0.05	19.900000000000002	2166.9175712077017
0.05	20.	2168.7585685198173
0.05	20.1	2170.5956675735624
0.05	20.200000000000003	2172.4288899573967
0.05	20.3	2174.2582571253342
0.05	20.400000000000002	2176.083790397886
0.05	20.5	2177.905510962464
0.05	20.6	2179.723439874904
0.05	20.700000000000003	2181.5375980599415
0.05	20.8	2183.3480063124125
0.05	20.900000000000002	2185.1546852975107
0.05	21.	2186.9576555523518
0.05	21.1	2188.756937486249
0.05	21.200000000000003	2190.5525513819553
0.05	21.3	2192.344517396444
0.05	21.400000000000002	2194.1328555614036
0.05	21.5	2195.917585784539
0.05	21.6	2197.6987278498714
0.05	21.700000000000003	2199.476301419275
0.05	21.8	2201.250326032465
0.05	21.900000000000002	2203.0208211083923
0.05	22.	2204.7878059459304
0.05	22.1	2206.551299724278
0.05	22.200000000000003	2208.311321504501
0.05	22.3	2210.0678902293803
0.05	22.400000000000002	2211.821024725123
0.05	22.5	2213.5707437013757
0.05	22.6	2215.317065752386
0.05	22.700000000000003	2217.0600093580824
0.05	22.8	2218.7995928837836
0.05	22.900000000000002	2220.535834581875
0.05	23.	2222.2687525925894
0.05	23.1	2223.9983649440874
0.05	23.200000000000003	2225.724689553737
0.05	23.3	2227.447744228315
0.05	23.400000000000002	2229.1675466658508
0.05	23.5	2230.8841144545554
0.05	23.6	2232.597465075528
0.05	23.700000000000003	2234.3076159017496
0.05	23.8	2236.014584200128
0.05	23.900000000000002	2237.718387131254
0.05	24.	2239.4190417505965
0.05	24.1	2241.116565008922
0.05	24.200000000000003	2242.8109737533755
0.05	24.3	2244.502284727812
0.05	24.400000000000002	2246.19051457346
0.05	24.5	2247.8756798298778
0.05	24.6	2249.5577969352867
0.05	24.700000000000003	2251.2368822275284
0.05	24.8	2252.912951944597
0.05	24.900000000000002	2254.586022225508
0.05	25.	2256.2561091101047
0.05	25.1	2257.923228541221
0.05	25.200000000000003	2259.587396363718
0.05	25.3	2261.248628326421
0.05	25.400000000000002	2262.906940081594
0.05	25.5	2264.56234718695
0.05	25.6	2266.2148651046364
0.05	25.700000000000003	2267.864509203452
0.05	25.8	2269.5112947582998
0.05	25.900000000000002	2271.1552369513915
0.05	26.	2272.796350872491
0.05	26.1	2274.4346515201355
0.05	26.200000000000003	2276.0701538014723
0.05	26.3	2277.7028725334612
0.05	26.400000000000002	2279.3328224428487
0.05	26.5	2280.960018167412
0.05	26.6	2282.5844742564077
0.05	26.700000000000003	2284.206205170534
0.05	26.8	2285.825225283571
0.05	26.900000000000002	2287.4415488816744
0.05	27.	2289.0551901652752
0.05	27.1	2290.666163248638
0.05	27.200000000000003	2292.2744821609035
0.05	27.3	2293.8801608464346
0.05	27.400000000000002	2295.48321316549
0.05	27.5	2297.083652894979
0.05	27.6	2298.6814937283702
0.05	27.700000000000003	2300.276749276958
0.05	27.8	2301.86943306988
0.05	27.900000000000002	2303.4595585552775
0.05	28.	2305.0471390999064
0.05	28.1	2306.632187990293
0.05	28.200000000000003	2308.2147184333126
0.05	28.3	2309.7947435565
0.05	28.400000000000002	2311.3722764083673
0.05	28.5	2312.9473299595443
0.05	28.6	2314.5199171023746
0.05	28.700000000000003	2316.090050652543
0.05	28.8	2317.657743348608
0.05	28.900000000000002	2319.2230078527696
0.05	29.	2320.785856751828
0.05	29.1	2322.3463025571514
0.05	29.200000000000003	2323.904357705343
0.05	29.3	2325.460034558562
0.05	29.400000000000002	2327.0133454055613
0.05	29.5	2328.5643024611645
0.05	29.6	2330.1129178680594
0.05	29.700000000000003	2331.6592036961983
0.05	29.8	2333.203171943459
0.05	29.900000000000002	2334.7448345367143
0.05	30.	2336.284203331378
0.05	30.1	2337.8212901128722
0.05	30.200000000000003	2339.3561065962053
0.05	30.3	2340.8886644270697
0.05	30.400000000000002	2342.4189751815766
0.05	30.5	2343.9470503677367
0.05	30.6	2345.4729014247164
0.05	30.700000000000003	2346.99653972445
0.05	30.8	2348.5179765711787
0.05	30.900000000000002	2350.037223202039
0.05	31.	2351.5542907882145
0.05	31.1	2353.0691904341847
0.05	31.200000000000003	2354.5819331793723
0.05	31.3	2356.0925299978044
0.05	31.400000000000002	2357.600991798451
0.05	31.5	2359.107329426144
0.05	31.6	2360.6115536618113
0.05	31.700000000000003	2362.1136752228904
0.05	31.8	2363.6137047633197
0.05	31.900000000000002	2365.1116528747266
0.05	32.	2366.607530086234
0.05	32.1	2368.1013468651236
0.05	32.2	2369.5931136170643
0.05	32.300000000000004	2371.0828406866885
0.05	32.4	2372.570538358033
0.05	32.5	2374.0562168545102
0.05	32.6	2375.539886339738
0.05	32.7	2377.0215569178376
0.05	32.800000000000004	2378.5012386336525
0.05	32.9	2379.9789414734205
0.05	33.	2381.454675364831
0.05	33.1	2382.928450177382
0.05	33.2	2384.4002757232497
0.05	33.300000000000004	2385.8701617569945
0.05	33.4	2387.3381179764847
0.05	33.5	2388.804154022873
0.05	33.6	2390.2682794814436
0.05	33.7	2391.7305038810464
0.05	33.800000000000004	2393.1908366956404
0.05	33.9	2394.6492873438556
0.05	34.	2396.1058651894627
0.05	34.1	2397.5605795418837
0.05	34.2	2399.013439656419
0.05	34.300000000000004	2400.464454734806
0.05	34.4	2401.913633925255
0.05	34.5	2403.360986323183
0.05	34.6	2404.8065209709143
0.05	34.7	2406.2502468586817
0.05	34.800000000000004	2407.692172924666
0.05	34.9	2409.1323080553952
0.05	35.	2410.5706610860802
0.05	35.1	2412.007240800523
0.05	35.2	2413.4420559323585
0.05	35.300000000000004	2414.8751151644506
0.05	35.4	2416.306427129829
0.05	35.5	2417.736000411545
0.05	35.6	2419.163843543565
0.05	35.7	2420.5899650103283
0.05	35.800000000000004	2422.014373247941
0.05	35.9	2423.4370766435222
0.05	36.	2424.8580835365547
0.05	36.1	2426.277402218334
0.05	36.2	2427.695040932443
0.05	36.300000000000004	2429.1110078754205
0.05	36.4	2430.5253111969737
0.05	36.5	2431.937958999795
0.05	36.6	2433.348959340534
0.05	36.7	2434.7583202294522
0.05	36.800000000000004	2436.166049631417
0.05	36.9	2437.572155465387
0.05	37.	2438.9766456054385
0.05	37.1	2440.3795278806515
0.05	37.2	2441.7808100751313
0.05	37.300000000000004	2443.180499929353
0.05	37.4	2444.578605138942
0.05	37.5	2445.9751333561535
0.05	37.6	2447.370092189916
0.05	37.7	2448.7634892053
0.05	37.800000000000004	2450.155331924988
0.05	37.9	2451.5456278288016
0.05	38.	2452.9343843538377
0.05	38.1	2454.321608895523
0.05	38.2	2455.70730880694
0.05	38.300000000000004	2457.091491399966
0.05	38.400000000000006	2458.4741639446293
0.05	38.5	2459.855333670461
0.05	38.6	2461.2350077654482
0.05	38.7	2462.6131933776705
0.05	38.800000000000004	2463.9898976142267
0.05	38.900000000000006	2465.36512754257
0.05	39.	2466.7388901902846
0.05	39.1	2468.1111925453224
0.05	39.2	2469.4820415560566
0.05	39.300000000000004	2470.8514441320285
0.05	39.400000000000006	2472.219407143975
0.05	39.5	2473.5859374241313
0.05	39.6	2474.951041765903
0.05	39.7	2476.3147269250526
0.05	39.800000000000004	2477.6769996191433
0.05	39.900000000000006	2479.0378665283183
0.05	40.	2480.397334295467
0.0525	0.	1678.23857485177
0.0525	0.1	1681.4924717776116
0.0525	0.2	1684.7336714611522
0.0525	0.30000000000000004	1687.9622555079075
0.0525	0.4	1691.1783049089897
0.0525	0.5	1694.3819000463204
0.0525	0.6000000000000001	1697.5731207003723
0.0525	0.7000000000000001	1700.7520460563944
0.0525	0.8	1703.9187547090069
0.0525	0.9	1707.0733246709065
0.0525	1.	1710.2158333762497
0.0525	1.1	1713.3463576886784
0.0525	1.2000000000000002	1716.4649739054846
0.0525	1.3	1719.5717577643397
0.0525	1.4000000000000001	1722.666784448666
0.0525	1.5	1725.7501285924004
0.0525	1.6	1728.8218642865563
0.0525	1.7000000000000002	1731.882065083622
0.0525	1.8	1734.9308040029644
0.0525	1.9000000000000001	1737.9681535364784
0.0525	2.	1740.9941856528947
0.0525	2.1	1744.0089718031631
0.0525	2.2	1747.0125829252913
0.0525	2.3000000000000003	1750.0050894491237
0.0525	2.4000000000000004	1752.9865613008471
0.0525	2.5	1755.957067908209
0.0525	2.6	1758.9166782045452
0.0525	2.7	1761.865460633538
0.0525	2.8000000000000003	1764.8034831538928
0.0525	2.9000000000000004	1767.7308132428084
0.0525	3.	1770.647517901401
0.0525	3.1	1773.5536636586787
0.0525	3.2	1776.4493165752435
0.0525	3.3000000000000003	1779.3345422475306
0.0525	3.4000000000000004	1782.2094058126625
0.0525	3.5	1785.0739719511548
0.0525	3.6	1787.9283048922532
0.0525	3.7	1790.7724684167358
0.0525	3.8000000000000003	1793.6065258614535
0.0525	3.9000000000000004	1796.4305401225165
0.0525	4.	1799.2445736598343
0.0525	4.1000000000000005	1802.0486884998163
0.0525	4.2	1804.842946240028
0.0525	4.3	1807.6274080521378
0.0525	4.4	1810.4021346856778
0.0525	4.5	1813.1671864712737
0.0525	4.6000000000000005	1815.922623324624
0.0525	4.7	1818.6685047494536
0.0525	4.800000000000001	1821.4048898410435
0.0525	4.9	1824.131837289759
0.0525	5.	1826.8494053840511
0.0525	5.1000000000000005	1829.5576520137752
0.0525	5.2	1832.2566346729768
0.0525	5.300000000000001	1834.9464104642948
0.0525	5.4	1837.627036101034
0.0525	5.5	1840.2985679101287
0.0525	5.6000000000000005	1842.9610618361476
0.0525	5.7	1845.6145734431227
0.0525	5.800000000000001	1848.2591579190398
0.0525	5.9	1850.8948700767648
0.0525	6.	1853.5217643594915
0.0525	6.1000000000000005	1856.1398948410963
0.0525	6.2	1858.7493152305883
0.0525	6.300000000000001	1861.350078874718
0.0525	6.4	1863.942238760395
0.0525	6.5	1866.5258475174574
0.0525	6.6000000000000005	1869.1009574216653
0.0525	6.7	1871.6676203970205
0.0525	6.800000000000001	1874.2258880195052
0.0525	6.9	1876.7758115175627
0.0525	7.	1879.3174417776033
0.0525	7.1000000000000005	1881.850829343732
0.0525	7.2	1884.3760244225055
0.0525	7.300000000000001	1886.8930768846758
0.0525	7.4	1889.4020362668957
0.0525	7.5	1891.9029517752992
0.0525	7.6000000000000005	1894.3958722879834
0.0525	7.7	1896.880846356406
0.0525	7.800000000000001	1899.3579222089172
0.0525	7.9	1901.8271477527824
0.0525	8.	1904.2885705758667
0.0525	8.1	1906.7422379502848
0.0525	8.200000000000001	1909.188196833424
0.0525	8.3	1911.6264938707873
0.0525	8.4	1914.0571753993224
0.0525	8.5	1916.4802874471236
0.0525	8.6	1918.8958757386627
0.0525	8.700000000000001	1921.30398569453
0.0525	8.8	1923.704662434987
0.0525	8.9	1926.0979507816676
0.0525	9.	1928.4838952601604
0.0525	9.1	1930.862540101702
0.0525	9.200000000000001	1933.2339292448657
0.0525	9.3	1935.5981063393842
0.0525	9.4	1937.9551147461575
0.0525	9.5	1940.304997540067
0.0525	9.600000000000001	1942.647797513124
0.0525	9.700000000000001	1944.98355717464
0.0525	9.8	1947.3123187545964
0.0525	9.9	1949.634124204674
0.0525	10.	1951.9490152015433
0.0525	10.100000000000001	1954.257033147021
0.0525	10.200000000000001	1956.5582191714927
0.0525	10.3	1958.8526141355874
0.0525	10.4	1961.1402586311744
0.0525	10.5	1963.4211929845965
0.0525	10.600000000000001	1965.6954572567247
0.0525	10.700000000000001	1967.963091247395
0.0525	10.8	1970.2241344943654
0.0525	10.9	1972.4786262775226
0.0525	11.	1974.7266056195408
0.0525	11.100000000000001	1976.9681112875833
0.0525	11.200000000000001	1979.2031817957823
0.0525	11.3	1981.4318554058852
0.0525	11.4	1983.654170130496
0.0525	11.5	1985.8701637337092
0.0525	11.600000000000001	1988.079873733301
0.0525	11.700000000000001	1990.2833374021411
0.0525	11.8	1992.4805917701776
0.0525	11.9	1994.6716736258848
0.0525	12.	1996.8566195182245
0.0525	12.100000000000001	1999.0354657580483
0.0525	12.200000000000001	2001.2082484199918
0.0525	12.3	2003.3750033435047
0.0525	12.4	2005.5357661356875
0.0525	12.5	2007.6905721711441
0.0525	12.600000000000001	2009.8394565955316
0.0525	12.700000000000001	2011.9824543257891
0.0525	12.8	2014.119600051654
0.0525	12.9	2016.2509282387277
0.0525	13.	2018.3764731279282
0.0525	13.100000000000001	2020.4962687387624
0.0525	13.200000000000001	2022.61034886985
0.0525	13.3	2024.7187471008572
0.0525	13.4	2026.821496793585
0.0525	13.5	2028.9186310940518
0.0525	13.600000000000001	2031.0101829339055
0.0525	13.700000000000001	2033.0961850315189
0.0525	13.8	2035.1766698930585
0.0525	13.9	2037.2516698155496
0.0525	14.	2039.321216886067
0.0525	14.100000000000001	2041.3853429852613
0.0525	14.200000000000001	2043.4440797873408
0.0525	14.3	2045.497458762406
0.0525	14.4	2047.5455111767392
0.0525	14.5	2049.588268095898
0.0525	14.600000000000001	2051.6257603838612
0.0525	14.700000000000001	2053.6580187067925
0.0525	14.8	2055.6850735322687
0.0525	14.9	2057.706955132328
0.0525	15.	2059.7236935833553
0.0525	15.100000000000001	2061.7353187685067
0.0525	15.200000000000001	2063.7418603785623
0.0525	15.3	2065.7433479132924
0.0525	15.4	2067.73981068253
0.0525	15.5	2069.731277808147
0.0525	15.600000000000001	2071.7177782243625
0.0525	15.700000000000001	2073.699340679861
0.0525	15.8	2075.6759937384413
0.0525	15.9	2077.647765780909
0.0525	16.	2079.614685005629
0.0525	16.1	2081.5767794300855
0.0525	16.2	2083.534076892286
0.0525	16.3	2085.4866050517485
0.0525	16.400000000000002	2087.434391390673
0.0525	16.5	2089.377463215311
0.0525	16.6	2091.315847656905
0.0525	16.7	2093.2495716734466
0.0525	16.8	2095.178662050038
0.0525	16.900000000000002	2097.1031454005015
0.0525	17.	2099.0230481686795
0.0525	17.1	2100.938396629374
0.0525	17.2	2102.84921688945
0.0525	17.3	2104.755534889066
0.0525	17.400000000000002	2106.657376402868
0.0525	17.5	2108.554767040709
0.0525	17.6	2110.447732249638
0.0525	17.7	2112.3362973136864
0.0525	17.8	2114.2204873564865
0.0525	17.900000000000002	2116.100327340949
0.0525	18.	2117.9758420713783
0.0525	18.1	2119.8470561940007
0.0525	18.2	2121.7139941981136
0.0525	18.3	2123.5766804173027
0.0525	18.400000000000002	2125.4351390303673
0.0525	18.5	2127.289394062467
0.0525	18.6	2129.139469385729
0.0525	18.7	2130.9853887211657
0.0525	18.8	2132.827175638894
0.0525	18.900000000000002	2134.664853559181
0.0525	19.	2136.4984457541377
0.0525	19.1	2138.3279753478914
0.0525	19.200000000000003	2140.153465318078
0.0525	19.3	2141.9749384968745
0.0525	19.400000000000002	2143.7924175717403
0.0525	19.5	2145.6059250860812
0.0525	19.6	2147.41548344123
0.0525	19.700000000000003	2149.221114896373
0.0525	19.8	2151.022841569839
0.0525	19.900000000000002	2152.820685440368
0.0525	20.	2154.614668347644
0.0525	20.1	2156.4048119934696
0.0525	20.200000000000003	2158.191137942335
0.0525	20.3	2159.9736676231364
0.0525	20.400000000000002	2161.7524223290525
0.0525	20.5	2163.527423219169
0.0525	20.6	2165.298691319261
0.0525	20.700000000000003	2167.066247522297
0.0525	20.8	2168.8301125899225
0.0525	20.900000000000002	2170.590307153117
0.0525	21.	2172.3468517124666
0.0525	21.1	2174.099766640407
0.0525	21.200000000000003	2175.8490721804183
0.0525	21.3	2177.594788449421
0.0525	21.400000000000002	2179.3369354374536
0.0525	21.5	2181.075533009303
0.0525	21.6	2182.8106009047324
0.0525	21.700000000000003	2184.5421587399837
0.0525	21.8	2186.2702260080787
0.0525	21.900000000000002	2187.9948220797223
0.0525	22.	2189.7159662043728
0.0525	22.1	2191.4336775108172
0.0525	22.200000000000003	2193.1479750081076
0.0525	22.3	2194.858877586473
0.0525	22.400000000000002	2196.5664040175866
0.0525	22.5	2198.270572955918
0.0525	22.6	2199.971402939586
0.0525	22.700000000000003	2201.6689123904866
0.0525	22.8	2203.363119615603
0.0525	22.900000000000002	2205.0540428078157
0.0525	23.	2206.7417000463124
0.0525	23.1	2208.426109297483
0.0525	23.200000000000003	2210.107288415755
0.0525	23.3	2211.7852551446654
0.0525	23.400000000000002	2213.460027116599
0.0525	23.5	2215.131621854737
0.0525	23.6	2216.800056772857
0.0525	23.700000000000003	2218.4653491765503
0.0525	23.8	2220.127516264005
0.0525	23.900000000000002	2221.7865751262634
0.0525	24.	2223.442542748476
0.0525	24.1	2225.095436009965
0.0525	24.200000000000003	2226.745271685828
0.0525	24.3	2228.392066446787
0.0525	24.400000000000002	2230.0358368602206
0.0525	24.5	2231.6765993910426
0.0525	24.6	2233.314370402176
0.0525	24.700000000000003	2234.9491661549537
0.0525	24.8	2236.581002810436
0.0525	24.900000000000002	2238.209896429581
0.0525	25.	2239.83586297421
0.0525	25.1	2241.458918307266
0.0525	25.200000000000003	2243.0790781939386
0.0525	25.3	2244.6963583022816
0.0525	25.400000000000002	2246.310774203179
0.0525	25.5	2247.9223413720356
0.0525	25.6	2249.5310751885536
0.0525	25.700000000000003	2251.136990937769
0.0525	25.8	2252.7401038107027
0.0525	25.900000000000002	2254.340428904763
0.0525	26.	2255.9379812247807
0.0525	26.1	2257.532775682809
0.0525	26.200000000000003	2259.1248270996794
0.0525	26.3	2260.714150205242
0.0525	26.400000000000002	2262.3007596387847
0.0525	26.5	2263.8846699496435
0.0525	26.6	2265.4658955982363
0.0525	26.700000000000003	2267.044450956154
0.0525	26.8	2268.6203503069923
0.0525	26.900000000000002	2270.193607847033
0.0525	27.	2271.7642376854237
0.0525	27.1	2273.332253845153
0.0525	27.200000000000003	2274.8976702634804
0.0525	27.3	2276.4605007926534
0.0525	27.400000000000002	2278.0207592001007
0.0525	27.5	2279.578459169393
0.0525	27.6	2281.133614300469
0.0525	27.700000000000003	2282.686238110312
0.0525	27.8	2284.2363440338922
0.0525	27.900000000000002	2285.7839454239142
0.0525	28.	2287.3290555521603
0.0525	28.1	2288.8716876095204
0.0525	28.200000000000003	2290.41185470634
0.0525	28.3	2291.9495698740857
0.0525	28.400000000000002	2293.4848460641133
0.0525	28.5	2295.0176961499237
0.0525	28.6	2296.5481329266254
0.0525	28.700000000000003	2298.0761691114994
0.0525	28.8	2299.6018173451243
0.0525	28.900000000000002	2301.125090191265
0.0525	29.	2302.646000137624
0.0525	29.1	2304.164559596618
0.0525	29.200000000000003	2305.680780905115
0.0525	29.3	2307.1946763259793
0.0525	29.400000000000002	2308.7062580474294
0.0525	29.5	2310.2155381844836
0.0525	29.6	2311.722528778802
0.0525	29.700000000000003	2313.227241799746
0.0525	29.8	2314.7296891441174
0.0525	29.900000000000002	2316.2298826374317
0.0525	30.	2317.727834033791
0.0525	30.1	2319.2235550165433
0.0525	30.200000000000003	2320.717057198963
0.0525	30.3	2322.2083521241602
0.0525	30.400000000000002	2323.697451266266
0.0525	30.5	2325.1843660303275
0.0525	30.6	2326.669107753035
0.0525	30.700000000000003	2328.151687703075
0.0525	30.8	2329.6321170814654
0.0525	30.900000000000002	2331.110407022509
0.0525	31.	2332.5865685933063
0.0525	31.1	2334.06061279525
0.0525	31.200000000000003	2335.532550563432
0.0525	31.3	2337.0023927680445
0.0525	31.400000000000002	2338.470150214157
0.0525	31.5	2339.935833642407
0.0525	31.6	2341.3994537290623
0.0525	31.700000000000003	2342.8610210872102
0.0525	31.8	2344.3205462663946
0.0525	31.900000000000002	2345.7780397533265
0.0525	32.	2347.2335119723875
0.0525	32.1	2348.686973285981
0.0525	32.2	2350.1384339946458
0.0525	32.300000000000004	2351.5879043381915
0.0525	32.4	2353.0353944950284
0.0525	32.5	2354.4809145836466
0.0525	32.6	2355.924474662324
0.0525	32.7	2357.366084729859
0.0525	32.800000000000004	2358.8057547254407
0.0525	32.9	2360.2434945298687
0.0525	33.	2361.6793139651836
0.0525	33.1	2363.113222795514
0.0525	33.2	2364.5452307271685
0.0525	33.300000000000004	2365.97534740916
0.0525	33.4	2367.403582433573
0.0525	33.5	2368.829945335828
0.0525	33.6	2370.2544455951565
0.0525	33.7	2371.6770926351683
0.0525	33.800000000000004	2373.0978958235914
0.0525	33.9	2374.516864473229
0.0525	34.	2375.934007842205
0.0525	34.1	2377.3493351339193
0.0525	34.2	2378.762855498114
0.0525	34.300000000000004	2380.174578030398
0.0525	34.4	2381.5845117734
0.0525	34.5	2382.9926657164438
0.0525	34.6	2384.3990487964325
0.0525	34.7	2385.8036698977207
0.0525	34.800000000000004	2387.2065378525813
0.0525	34.9	2388.6076614418125
0.0525	35.	2390.007049395138
0.0525	35.1	2391.40471039066
0.0525	35.2	2392.8006530563944
0.0525	35.300000000000004	2394.194885969514
0.0525	35.4	2395.5874176577104
0.0525	35.5	2396.9782565985597
0.0525	35.6	2398.36741122038
0.0525	35.7	2399.754889902633
0.0525	35.800000000000004	2401.1407009758673
0.0525	35.9	2402.524852722058
0.0525	36.	2403.907353375404
0.0525	36.1	2405.2882111221425
0.0525	36.2	2406.667434100922
0.0525	36.300000000000004	2408.045030403399
0.0525	36.4	2409.421008074058
0.0525	36.5	2410.7953751111186
0.0525	36.6	2412.1681394663697
0.0525	36.7	2413.539309045602
0.0525	36.800000000000004	2414.908891709021
0.0525	36.9	2416.2768952711663
0.0525	37.	2417.6433275016307
0.0525	37.1	2419.0081961254486
0.0525	37.2	2420.3715088226195
0.0525	37.300000000000004	2421.733273229235
0.0525	37.4	2423.093496937245
0.0525	37.5	2424.4521874951547
0.0525	37.6	2425.8093524077917
0.0525	37.7	2427.1649991369377
0.0525	37.800000000000004	2428.5191351017147
0.0525	37.9	2429.8717676784013
0.0525	38.	2431.2229042011318
0.0525	38.1	2432.5725519618304
0.0525	38.2	2433.920718210755
0.0525	38.300000000000004	2435.2674101568887
0.0525	38.400000000000006	2436.6126349675965
0.0525	38.5	2437.9563997694954
0.0525	38.6	2439.298711648196
0.0525	38.7	2440.639577649446
0.0525	38.800000000000004	2441.9790047780766
0.0525	38.900000000000006	2443.31699999956
0.0525	39.	2444.653570239272
0.0525	39.1	2445.9887223834817
0.0525	39.2	2447.322463278912
0.0525	39.300000000000004	2448.654799733547
0.0525	39.400000000000006	2449.985738516903
0.0525	39.5	2451.3152863595014
0.0525	39.6	2452.643449954068
0.0525	39.7	2453.970235955293
0.0525	39.800000000000004	2455.2956509802175
0.0525	39.900000000000006	2456.619701608024
0.0525	40.	2457.9423943811266
0.055	0.	1674.6781971880225
0.055	0.1	1677.8756456116125
0.055	0.2	1681.0603695864493
0.055	0.30000000000000004	1684.2324520679592
0.055	0.4	1687.3919753805017
0.055	0.5	1690.5390212245404
0.055	0.6000000000000001	1693.673670682036
0.055	0.7000000000000001	1696.7960042247335
0.055	0.8	1699.9061017184908
0.055	0.9	1703.0040424311646
0.055	1.	1706.089905038007
0.055	1.1	1709.163767628189
0.055	1.2000000000000002	1712.2257077097224
0.055	1.3	1715.2758022164605
0.055	1.4000000000000001	1718.314127513231
0.055	1.5	1721.3407594014332
0.055	1.6	1724.3557731250119
0.055	1.7000000000000002	1727.3592433752597
0.055	1.8	1730.3512442966469
0.055	1.9000000000000001	1733.3318494921002
0.055	2.	1736.3011320275884
0.055	2.1	1739.2591644382455
0.055	2.2	1742.2060187324466
0.055	2.3000000000000003	1745.1417663972893
0.055	2.4000000000000004	1748.0664784031135
0.055	2.5	1750.9802252085376
0.055	2.6	1753.8830767650202
0.055	2.7	1756.775102521728
0.055	2.8000000000000003	1759.656371429611
0.055	2.9000000000000004	1762.526951946766
0.055	3.	1765.386912041812
0.055	3.1	1768.2363191988838
0.055	3.2	1771.0752404223824
0.055	3.3000000000000003	1773.9037422398362
0.055	3.4000000000000004	1776.7218907077774
0.055	3.5	1779.5297514142812
0.055	3.6	1782.3273894843248
0.055	3.7	1785.114869583178
0.055	3.8000000000000003	1787.8922559200548
0.055	3.9000000000000004	1790.6596122529768
0.055	4.	1793.4170018916366
0.055	4.1000000000000005	1796.1644877016656
0.055	4.2	1798.9021321087423
0.055	4.3	1801.6299971011883
0.055	4.4	1804.3481442349987
0.055	4.5	1807.0566346361877
0.055	4.6000000000000005	1809.7555290056323
0.055	4.7	1812.444887620997
0.055	4.800000000000001	1815.124770342069
0.055	4.9	1817.7952366122747
0.055	5.	1820.4563454637407
0.055	5.1000000000000005	1823.1081555196126
0.055	5.2	1825.7507249978344
0.055	5.300000000000001	1828.3841117135785
0.055	5.4	1831.0083730840204
0.055	5.5	1833.6235661300557
0.055	5.6000000000000005	1836.2297474804732
0.055	5.7	1838.8269733741133
0.055	5.800000000000001	1841.4152996636453
0.055	5.9	1843.9947818188275
0.055	6.	1846.5654749286646
0.055	6.1000000000000005	1849.1274337048853
0.055	6.2	1851.6807124849404
0.055	6.300000000000001	1854.2253652351371
0.055	6.4	1856.7614455523164
0.055	6.5	1859.2890066684777
0.055	6.6000000000000005	1861.8081014524776
0.055	6.7	1864.3187824126487
0.055	6.800000000000001	1866.821101700217
0.055	6.9	1869.3151111121522
0.055	7.	1871.800862092703
0.055	7.1000000000000005	1874.278405737582
0.055	7.2	1876.747792795233
0.055	7.300000000000001	1879.2090736709417
0.055	7.4	1881.6622984275384
0.055	7.5	1884.107516789845
0.055	7.6000000000000005	1886.5447781459673
0.055	7.7	1888.9741315504289
0.055	7.800000000000001	1891.395625726437
0.055	7.9	1893.809309068251
0.055	8.	1896.2152296436195
0.055	8.1	1898.6134351970613
0.055	8.200000000000001	1901.0039731503584
0.055	8.3	1903.3868906073142
0.055	8.4	1905.7622343539463
0.055	8.5	1908.130050862104
0.055	8.6	1910.490386291824
0.055	8.700000000000001	1912.8432864928127
0.055	8.8	1915.1887970072557
0.055	8.9	1917.526963071416
0.055	9.	1919.8578296192743
0.055	9.1	1922.1814412838075
0.055	9.200000000000001	1924.4978423979023
0.055	9.3	1926.8070769995877
0.055	9.4	1929.1091888310484
0.055	9.5	1931.4042213427501
0.055	9.600000000000001	1933.692217695296
0.055	9.700000000000001	1935.973220760163
0.055	9.8	1938.2472731231665
0.055	9.9	1940.5144170868573
0.055	10.	1942.774694670502
0.055	10.100000000000001	1945.0281476146397
0.055	10.200000000000001	1947.2748173809234
0.055	10.3	1949.514745155265
0.055	10.4	1951.7479718501856
0.055	10.5	1953.9745381054358
0.055	10.600000000000001	1956.194484290717
0.055	10.700000000000001	1958.407850507932
0.055	10.8	1960.6146765925396
0.055	10.9	1962.815002115335
0.055	11.	1965.0088663846996
0.055	11.100000000000001	1967.196308448766
0.055	11.200000000000001	1969.3773670966038
0.055	11.3	1971.5520808596727
0.055	11.4	1973.7204880149739
0.055	11.5	1975.8826265861264
0.055	11.600000000000001	1978.0385343449123
0.055	11.700000000000001	1980.1882488131694
0.055	11.8	1982.3318072649488
0.055	11.9	1984.46924672786
0.055	12.	1986.600603984626
0.055	12.100000000000001	1988.7259155756296
0.055	12.200000000000001	1990.8452177999684
0.055	12.3	1992.9585467166955
0.055	12.4	1995.0659381475657
0.055	12.5	1997.167427677838
0.055	12.600000000000001	1999.2630506591577
0.055	12.700000000000001	2001.3528422088236
0.055	12.8	2003.4368372140482
0.055	12.9	2005.5150703321397
0.055	13.	2007.587575992129
0.055	13.100000000000001	2009.6543883967583
0.055	13.200000000000001	2011.7155415240452
0.055	13.3	2013.7710691285695
0.055	13.4	2015.8210047428404
0.055	13.5	2017.865381679832
0.055	13.600000000000001	2019.90423303363
0.055	13.700000000000001	2021.9375916805432
0.055	13.8	2023.9654902818504
0.055	13.9	2025.9879612846385
0.055	14.	2028.0050369232138
0.055	14.100000000000001	2030.0167492205087
0.055	14.200000000000001	2032.0231299901548
0.055	14.3	2034.024210836857
0.055	14.4	2036.020023159005
0.055	14.5	2038.0105981494758
0.055	14.600000000000001	2039.9959667967064
0.055	14.700000000000001	2041.97615988734
0.055	14.8	2043.951208006041
0.055	14.9	2045.9211415381535
0.055	15.	2047.8859906704072
0.055	15.100000000000001	2049.8457853926275
0.055	15.200000000000001	2051.8005554987344
0.055	15.3	2053.750330588437
0.055	15.4	2055.695140068501
0.055	15.5	2057.635013153725
0.055	15.600000000000001	2059.5699788689253
0.055	15.700000000000001	2061.5000660494816
0.055	15.8	2063.425303343349
0.055	15.9	2065.345719212033
0.055	16.	2067.261341931531
0.055	16.1	2069.172199594208
0.055	16.2	2071.0783201096037
0.055	16.3	2072.979731206308
0.055	16.400000000000002	2074.8764604321987
0.055	16.5	2076.768535156588
0.055	16.6	2078.6559825709755
0.055	16.7	2080.5388296906162
0.055	16.8	2082.4171033554367
0.055	16.900000000000002	2084.290830231008
0.055	17.	2086.1600368106024
0.055	17.1	2088.0247494153277
0.055	17.2	2089.8849941961703
0.055	17.3	2091.7407971346292
0.055	17.400000000000002	2093.592184044091
0.055	17.5	2095.439180570997
0.055	17.6	2097.2818121957307
0.055	17.7	2099.120104234195
0.055	17.8	2100.954081838495
0.055	17.900000000000002	2102.7837699985957
0.055	18.	2104.6091935426093
0.055	18.1	2106.430377138633
0.055	18.2	2108.2473452958216
0.055	18.3	2110.060122364911
0.055	18.400000000000002	2111.8687325397846
0.055	18.5	2113.6731998583523
0.055	18.6	2115.473548203967
0.055	18.7	2117.2698013055733
0.055	18.8	2119.061982740018
0.055	18.900000000000002	2120.8501159320863
0.055	19.	2122.634224155864
0.055	19.1	2124.4143305361026
0.055	19.200000000000003	2126.190458048707
0.055	19.3	2127.9626295219196
0.055	19.400000000000002	2129.7308676375656
0.055	19.5	2131.495194931992
0.055	19.6	2133.2556337964243
0.055	19.700000000000003	2135.012206479112
0.055	19.8	2136.764935085348
0.055	19.900000000000002	2138.5138415787283
0.055	20.	2140.2589477823994
0.055	20.1	2142.0002753794097
0.055	20.200000000000003	2143.7378459143174
0.055	20.3	2145.471680793815
0.055	20.400000000000002	2147.2018012874996
0.055	20.5	2148.928228529373
0.055	20.6	2150.6509835180086
0.055	20.700000000000003	2152.370087118129
0.055	20.8	2154.0855600612354
0.055	20.900000000000002	2155.797422946272
0.055	21.	2157.5056962411154
0.055	21.1	2159.21040028304
0.055	21.200000000000003	2160.911555279483
0.055	21.3	2162.609181309491
0.055	21.400000000000002	2164.303298324218
0.055	21.5	2165.9939261475615
0.055	21.6	2167.68108447748
0.055	21.700000000000003	2169.3647928866326
0.055	21.8	2171.0450708233584
0.055	21.900000000000002	2172.7219376122857
0.055	22.	2174.395412455403
0.055	22.1	2176.065514432901
0.055	22.200000000000003	2177.7322625037536
0.055	22.3	2179.395675506718
0.055	22.400000000000002	2181.0557721609816
0.055	22.5	2182.712571067598
0.055	22.6	2184.3660907092217
0.055	22.700000000000003	2186.016349451974
0.055	22.8	2187.6633655456294
0.055	22.900000000000002	2189.3071571241794
0.055	23.	2190.9477422074274
0.055	23.1	2192.5851387012544
0.055	23.200000000000003	2194.2193643980836
0.055	23.3	2195.850436978536
0.055	23.400000000000002	2197.4783740113285
0.055	23.5	2199.1031929544265
0.055	23.6	2200.724911155735
0.055	23.700000000000003	2202.3435458539275
0.055	23.8	2203.9591141790593
0.055	23.900000000000002	2205.5716331532776
0.055	24.	2207.181119691724
0.055	24.1	2208.7875906031895
0.055	24.200000000000003	2210.3910625908006
0.055	24.3	2211.991552252405
0.055	24.400000000000002	2213.589076082044
0.055	24.5	2215.183650470272
0.055	24.6	2216.775291704274
0.055	24.700000000000003	2218.364015969693
0.055	24.8	2219.94983935045
0.055	24.900000000000002	2221.532777829653
0.055	25.	2223.112847290517
0.055	25.1	2224.6900635168045
0.055	25.200000000000003	2226.2644421932146
0.055	25.3	2227.8359989071337
0.055	25.400000000000002	2229.404749147635
0.055	25.5	2230.9707083077774
0.055	25.6	2232.5338916842834
0.055	25.700000000000003	2234.094314478241
0.055	25.8	2235.6519917962573
0.055	25.900000000000002	2237.2069386504386
0.055	26.	2238.759169959696
0.055	26.1	2240.308700549787
0.055	26.200000000000003	2241.855545154652
0.055	26.3	2243.3997184158115
0.055	26.400000000000002	2244.9412348845285
0.055	26.5	2246.480109021113
0.055	26.6	2248.016355196449
0.055	26.700000000000003	2249.549987691945
0.055	26.8	2251.0810207005147
0.055	26.900000000000002	2252.609468327255
0.055	27.	2254.135344589296
0.055	27.1	2255.6586634175837
0.055	27.200000000000003	2257.1794386564197
0.055	27.3	2258.697684064658
0.055	27.400000000000002	2260.213413315942
0.055	27.5	2261.726639999317
0.055	27.6	2263.237377620168
0.055	27.700000000000003	2264.745639600108
0.055	27.8	2266.2514392784237
0.055	27.900000000000002	2267.7547899115057
0.055	28.	2269.255704674584
0.055	28.1	2270.754196661308
0.055	28.200000000000003	2272.2502788852225
0.055	28.3	2273.7439642791087
0.055	28.400000000000002	2275.2352656967164
0.055	28.5	2276.724195912633
0.055	28.6	2278.210767622783
0.055	28.700000000000003	2279.6949934454256
0.055	28.8	2281.176885921248
0.055	28.900000000000002	2282.6564575138254
0.055	29.	2284.1337206107423
0.055	29.1	2285.608687523235
0.055	29.200000000000003	2287.081370487394
0.055	29.3	2288.5517816644974
0.055	29.400000000000002	2290.0199331413646
0.055	29.5	2291.4858369306216
0.055	29.6	2292.949504972101
0.055	29.700000000000003	2294.4109491321187
0.055	29.8	2295.870181205129
0.055	29.900000000000002	2297.3272129130596
0.055	30.	2298.7820559070346
0.055	30.1	2300.2347217666265
0.055	30.200000000000003	2301.685222001201
0.055	30.3	2303.1335680499715
0.055	30.400000000000002	2304.5797712825633
0.055	30.5	2306.0238429997717
0.055	30.6	2307.4657944333153
0.055	30.700000000000003	2308.9056367470516
0.055	30.8	2310.3433810368147
0.055	30.900000000000002	2311.7790383314427
0.055	31.	2313.2126195929354
0.055	31.1	2314.644135716525
0.055	31.200000000000003	2316.0735975316657
0.055	31.3	2317.5010158026716
0.055	31.400000000000002	2318.9264012280955
0.055	31.5	2320.3497644424865
0.055	31.6	2321.771116015568
0.055	31.700000000000003	2323.1904664538415
0.055	31.8	2324.60782620005
0.055	31.900000000000002	2326.0232056341047
0.055	32.	2327.4366150733495
0.055	32.1	2328.8480647730403
0.055	32.2	2330.2575649265914
0.055	32.300000000000004	2331.6651256664272
0.055	32.4	2333.0707570636628
0.055	32.5	2334.4744691291803
0.055	32.6	2335.876271813577
0.055	32.7	2337.276175008093
0.055	32.800000000000004	2338.674188544351
0.055	32.9	2340.070322194953
0.055	33.	2341.464585674426
0.055	33.1	2342.856988638678
0.055	33.2	2344.2475406862263
0.055	33.300000000000004	2345.6362513578624
0.055	33.4	2347.0231301377194
0.055	33.5	2348.408186453047
0.055	33.6	2349.791429675039
0.055	33.7	2351.172869118763
0.055	33.800000000000004	2352.552514044019
0.055	33.9	2353.930373655412
0.055	34.	2355.3064571025875
0.055	34.1	2356.680773480886
0.055	34.2	2358.0533318315133
0.055	34.300000000000004	2359.424141142255
0.055	34.4	2360.7932103469425
0.055	34.5	2362.1605483270228
0.055	34.6	2363.526163910759
0.055	34.7	2364.8900658744474
0.055	34.800000000000004	2366.252262942368
0.055	34.9	2367.612763786776
0.055	35.	2368.9715770292005
0.055	35.1	2370.3287112398243
0.055	35.2	2371.6841749383675
0.055	35.300000000000004	2373.0379765939797
0.055	35.4	2374.3901246261594
0.055	35.5	2375.7406274047376
0.055	35.6	2377.0894932499355
0.055	35.7	2378.43673043314
0.055	35.800000000000004	2379.7823471771376
0.055	35.9	2381.1263516563117
0.055	36.	2382.468751996793
0.055	36.1	2383.8095562773365
0.055	36.2	2385.1487725290376
0.055	36.300000000000004	2386.486408735812
0.055	36.4	2387.8224728349705
0.055	36.5	2389.1569727170036
0.055	36.6	2390.4899162266806
0.055	36.7	2391.821311162232
0.055	36.800000000000004	2393.1511652770378
0.055	36.9	2394.479486278373
0.055	37.	2395.8062818290396
0.055	37.1	2397.131559547121
0.055	37.2	2398.4553270056867
0.055	37.300000000000004	2399.7775917344948
0.055	37.4	2401.09836121864
0.055	37.5	2402.417642900283
0.055	37.6	2403.735444177739
0.055	37.7	2405.0517724067026
0.055	37.800000000000004	2406.366634900147
0.055	37.9	2407.6800389282216
0.055	38.	2408.991991719105
0.055	38.1	2410.3025004591473
0.055	38.2	2411.611572292854
0.055	38.300000000000004	2412.919214323373
0.055	38.400000000000006	2414.225433612994
0.055	38.5	2415.530237182919
0.055	38.6	2416.8336320138123
0.055	38.7	2418.13562504587
0.055	38.800000000000004	2419.4362231795435
0.055	38.900000000000006	2420.735433275223
0.055	39.	2422.0332621538214
0.055	39.1	2423.329716596897
0.055	39.2	2424.624803347224
0.055	39.300000000000004	2425.91852910844
0.055	39.400000000000006	2427.210900545664
0.055	39.5	2428.5019242860517
0.055	39.6	2429.7916069182284
0.055	39.7	2431.079954993356
0.055	39.800000000000004	2432.3669750250915
0.055	39.900000000000006	2433.6526734892986
0.055	40.	2434.9370568250783
0.0575	0.	1671.2890705919667
0.0575	0.1	1674.4281986903368
0.0575	0.2	1677.554570453726
0.0575	0.30000000000000004	1680.6682702825035
0.0575	0.4	1683.7693819289743
0.0575	0.5	1686.8579885034617
0.0575	0.6000000000000001	1689.9341724821752
0.0575	0.7000000000000001	1692.9980157128946
0.0575	0.8	1696.049599422319
0.0575	0.9	1699.089004222576
0.0575	1.	1702.1163101164336
0.0575	1.1	1705.1315965043782
0.0575	1.2000000000000002	1708.134942191188
0.0575	1.3	1711.1264253901797
0.0575	1.4000000000000001	1714.1061237313188
0.0575	1.5	1717.07411426498
0.0575	1.6	1720.0304734691388
0.0575	1.7000000000000002	1722.975277254094
0.0575	1.8	1725.9086009681962
0.0575	1.9000000000000001	1728.8305194035056
0.0575	2.	1731.741106800891
0.0575	2.1	1734.640436855123
0.0575	2.2	1737.5285827204743
0.0575	2.3000000000000003	1740.405617015368
0.0575	2.4000000000000004	1743.271611827719
0.0575	2.5	1746.1266387194648
0.0575	2.6	1748.9707687317184
0.0575	2.7	1751.8040723896381
0.0575	2.8000000000000003	1754.6266197069508
0.0575	2.9000000000000004	1757.4384801901924
0.0575	3.	1760.2397228443047
0.0575	3.1	1763.0304161758877
0.0575	3.2	1765.8106281989442
0.0575	3.3000000000000003	1768.580426437759
0.0575	3.4000000000000004	1771.339877932921
0.0575	3.5	1774.0890492437036
0.0575	3.6	1776.8280064541837
0.0575	3.7	1779.556815175664
0.0575	3.8000000000000003	1782.275540551943
0.0575	3.9000000000000004	1784.98424726276
0.0575	4.	1787.6829995280664
0.0575	4.1000000000000005	1790.3718611112943
0.0575	4.2	1793.050895324417
0.0575	4.3	1795.7201650305055
0.0575	4.4	1798.3797326484769
0.0575	4.5	1801.0296601558946
0.0575	4.6000000000000005	1803.6700090937234
0.0575	4.7	1806.3008405687356
0.0575	4.800000000000001	1808.922215258333
0.0575	4.9	1811.5341934131643
0.0575	5.	1814.1368348607564
0.0575	5.1000000000000005	1816.7301990094938
0.0575	5.2	1819.3143448516523
0.0575	5.300000000000001	1821.8893309665289
0.0575	5.4	1824.4552155244924
0.0575	5.5	1827.0120562892732
0.0575	5.6000000000000005	1829.559910621768
0.0575	5.7	1832.0988354840663
0.0575	5.800000000000001	1834.6288874409051
0.0575	5.9	1837.1501226642495
0.0575	6.	1839.6625969355255
0.0575	6.1000000000000005	1842.166365649462
0.0575	6.2	1844.6614838166718
0.0575	6.300000000000001	1847.1480060661024
0.0575	6.4	1849.625986649405
0.0575	6.5	1852.0954794425809
0.0575	6.6000000000000005	1854.5565379495426
0.0575	6.7	1857.0092153051212
0.0575	6.800000000000001	1859.4535642772605
0.0575	6.9	1861.8896372702466
0.0575	7.	1864.317486327657
0.0575	7.1000000000000005	1866.7371631350852
0.0575	7.2	1869.1487190227742
0.0575	7.300000000000001	1871.5522049674246
0.0575	7.4	1873.9476715970047
0.0575	7.5	1876.3351691912387
0.0575	7.6000000000000005	1878.7147476855455
0.0575	7.7	1881.0864566731216
0.0575	7.800000000000001	1883.4503454076676
0.0575	7.9	1885.8064628058016
0.0575	8.	1888.154857449883
0.0575	8.1	1890.4955775899468
0.0575	8.200000000000001	1892.8286711469884
0.0575	8.3	1895.1541857147358
0.0575	8.4	1897.4721685626014
0.0575	8.5	1899.7826666374037
0.0575	8.6	1902.0857265665704
0.0575	8.700000000000001	1904.3813946595096
0.0575	8.8	1906.669716911561
0.0575	8.9	1908.9507390045626
0.0575	9.	1911.2245063097769
0.0575	9.1	1913.4910638908402
0.0575	9.200000000000001	1915.750456505204
0.0575	9.3	1918.0027286067784
0.0575	9.4	1920.247924347945
0.0575	9.5	1922.4860875816698
0.0575	9.600000000000001	1924.717261864093
0.0575	9.700000000000001	1926.941490456457
0.0575	9.8	1929.15881632699
0.0575	9.9	1931.369282153608
0.0575	10.	1933.572930325832
0.0575	10.100000000000001	1935.7698029461567
0.0575	10.200000000000001	1937.9599418332396
0.0575	10.3	1940.143388523253
0.0575	10.4	1942.3201842722872
0.0575	10.5	1944.490370057866
0.0575	10.600000000000001	1946.6539865811894
0.0575	10.700000000000001	1948.8110742701335
0.0575	10.8	1950.9616732790234
0.0575	10.9	1953.105823492716
0.0575	11.	1955.2435645273524
0.0575	11.100000000000001	1957.3749357330425
0.0575	11.200000000000001	1959.4999761944312
0.0575	11.3	1961.6187247342268
0.0575	11.4	1963.7312199143507
0.0575	11.5	1965.8375000375854
0.0575	11.600000000000001	1967.937603149373
0.0575	11.700000000000001	1970.031567040546
0.0575	11.8	1972.1194292481387
0.0575	11.9	1974.201227057482
0.0575	12.	1976.2769975041372
0.0575	12.100000000000001	1978.3467773756638
0.0575	12.200000000000001	1980.4106032133066
0.0575	12.3	1982.4685113137923
0.0575	12.4	1984.5205377308005
0.0575	12.5	1986.5667182773504
0.0575	12.600000000000001	1988.6070885267145
0.0575	12.700000000000001	1990.6416838143905
0.0575	12.8	1992.67053924018
0.0575	12.9	1994.6936896691914
0.0575	13.	1996.7111697340888
0.0575	13.100000000000001	1998.7230138363097
0.0575	13.200000000000001	2000.7292561483314
0.0575	13.3	2002.7299306139798
0.0575	13.4	2004.725070951484
0.0575	13.5	2006.714710654152
0.0575	13.600000000000001	2008.6988829928173
0.0575	13.700000000000001	2010.6776210161136
0.0575	13.8	2012.6509575532534
0.0575	13.9	2014.6189252148665
0.0575	14.	2016.581556394926
0.0575	14.100000000000001	2018.5388832720732
0.0575	14.200000000000001	2020.4909378106665
0.0575	14.3	2022.4377517637781
0.0575	14.4	2024.3793566727325
0.0575	14.5	2026.315783869939
0.0575	14.600000000000001	2028.2470644799316
0.0575	14.700000000000001	2030.1732294209492
0.0575	14.8	2032.094309405898
0.0575	14.9	2034.0103349446108
0.0575	15.	2035.921336344467
0.0575	15.100000000000001	2037.8273437123555
0.0575	15.200000000000001	2039.7283869558594
0.0575	15.3	2041.6244957846725
0.0575	15.4	2043.5156997119177
0.0575	15.5	2045.4020280554782
0.0575	15.600000000000001	2047.2835099398094
0.0575	15.700000000000001	2049.1601742967255
0.0575	15.8	2051.0320498668707
0.0575	15.9	2052.899165201382
0.0575	16.	2054.7615486626983
0.0575	16.1	2056.619228426551
0.0575	16.2	2058.4722324824784
0.0575	16.3	2060.3205886356936
0.0575	16.400000000000002	2062.1643245081927
0.0575	16.5	2064.0034675399274
0.0575	16.6	2065.838044990409
0.0575	16.7	2067.668083939505
0.0575	16.8	2069.4936112888745
0.0575	16.900000000000002	2071.314653763373
0.0575	17.	2073.1312379122846
0.0575	17.1	2074.9433901101083
0.0575	17.2	2076.751136558368
0.0575	17.3	2078.5545032863333
0.0575	17.400000000000002	2080.353516152512
0.0575	17.5	2082.1482008457087
0.0575	17.6	2083.9385828862755
0.0575	17.7	2085.7246876270624
0.0575	17.8	2087.5065402551127
0.0575	17.900000000000002	2089.2841657919944
0.0575	18.	2091.057589095821
0.0575	18.1	2092.8268348619195
0.0575	18.2	2094.591927623638
0.0575	18.3	2096.3528917543695
0.0575	18.400000000000002	2098.109751467785
0.0575	18.5	2099.8625308196224
0.0575	18.6	2101.611253707977
0.0575	18.7	2103.3559438755206
0.0575	18.8	2105.096624909288
0.0575	18.900000000000002	2106.8333202429053
0.0575	19.	2108.566053156756
0.0575	19.1	2110.294846779895
0.0575	19.200000000000003	2112.0197240901916
0.0575	19.3	2113.740707916113
0.0575	19.400000000000002	2115.4578209374026
0.0575	19.5	2117.171085686028
0.0575	19.6	2118.8805245475355
0.0575	19.700000000000003	2120.586159761985
0.0575	19.8	2122.2880134245734
0.0575	19.900000000000002	2123.986107487038
0.0575	20.	2125.680463758592
0.0575	20.1	2127.3711039069276
0.0575	20.200000000000003	2129.058049458794
0.0575	20.3	2130.741321801551
0.0575	20.400000000000002	2132.4209421839328
0.0575	20.5	2134.0969317166628
0.0575	20.6	2135.769311374133
0.0575	20.700000000000003	2137.4381019943467
0.0575	20.8	2139.1033242810317
0.0575	20.900000000000002	2140.764998803478
0.0575	21.	2142.423145998161
0.0575	21.1	2144.077786169343
0.0575	21.200000000000003	2145.7289394902677
0.0575	21.3	2147.3766260037432
0.0575	21.400000000000002	2149.0208656231566
0.0575	21.5	2150.661678133364
0.0575	21.6	2152.2990831919114
0.0575	21.700000000000003	2153.933100329203
0.0575	21.8	2155.563748950226
0.0575	21.900000000000002	2157.191048334373
0.0575	22.	2158.8150176374047
0.0575	22.1	2160.43567589183
0.0575	22.200000000000003	2162.0530420074174
0.0575	22.3	2163.667134772391
0.0575	22.400000000000002	2165.2779728545333
0.0575	22.5	2166.8855748013502
0.0575	22.6	2168.489959041549
0.0575	22.700000000000003	2170.091143885405
0.0575	22.8	2171.6891475259317
0.0575	22.900000000000002	2173.283988039141
0.0575	23.	2174.8756833854573
0.0575	23.1	2176.464251410376
0.0575	23.200000000000003	2178.0497098449755
0.0575	23.3	2179.6320763068566
0.0575	23.400000000000002	2181.2113683008724
0.0575	23.5	2182.787603220096
0.0575	23.6	2184.3607983463635
0.0575	23.700000000000003	2185.930970851446
0.0575	23.8	2187.498137796987
0.0575	23.900000000000002	2189.0623161361445
0.0575	24.	2190.623522713668
0.0575	24.1	2192.1817742672188
0.0575	24.200000000000003	2193.7370874278154
0.0575	24.3	2195.2894787201462
0.0575	24.400000000000002	2196.8389645642596
0.0575	24.5	2198.3855612754032
0.0575	24.6	2199.929285065155
0.0575	24.700000000000003	2201.4701520421245
0.0575	24.8	2203.008178212588
0.0575	24.900000000000002	2204.5433794810942
0.0575	25.	2206.0757716514563
0.0575	25.1	2207.60537042699
0.0575	25.200000000000003	2209.132191411692
0.0575	25.3	2210.656250110569
0.0575	25.400000000000002	2212.177561930584
0.0575	25.5	2213.6961421809865
0.0575	25.6	2215.212006074278
0.0575	25.700000000000003	2216.725168726745
0.0575	25.8	2218.2356451592145
0.0575	25.900000000000002	2219.743450297398
0.0575	26.	2221.248598973037
0.0575	26.1	2222.7511059243834
0.0575	26.200000000000003	2224.2509857962937
0.0575	26.3	2225.748253141859
0.0575	26.400000000000002	2227.2429224219654
0.0575	26.5	2228.7350080068536
0.0575	26.6	2230.2245241760925
0.0575	26.700000000000003	2231.711485119519
0.0575	26.8	2233.195904937833
0.0575	26.900000000000002	2234.677797642994
0.0575	27.	2236.1571771591466
0.0575	27.1	2237.6340573228117
0.0575	27.200000000000003	2239.1084518839366
0.0575	27.3	2240.5803745061703
0.0575	27.400000000000002	2242.049838767492
0.0575	27.5	2243.516858160933
0.0575	27.6	2244.9814460951375
0.0575	27.700000000000003	2246.4436158947447
0.0575	27.8	2247.903380800971
0.0575	27.900000000000002	2249.3607539725735
0.0575	28.	2250.8157484857757
0.0575	28.1	2252.26837733563
0.0575	28.200000000000003	2253.7186534357884
0.0575	28.3	2255.1665896194686
0.0575	28.400000000000002	2256.612198639969
0.0575	28.5	2258.055493171081
0.0575	28.6	2259.496485807697
0.0575	28.700000000000003	2260.935189066293
0.0575	28.8	2262.3716153859073
0.0575	28.900000000000002	2263.805777127899
0.0575	29.	2265.2376865767337
0.0575	29.1	2266.6673559411647
0.0575	29.200000000000003	2268.0947973538105
0.0575	29.3	2269.520022872048
0.0575	29.400000000000002	2270.9430444787386
0.0575	29.5	2272.363874082475
0.0575	29.6	2273.7825235181613
0.0575	29.700000000000003	2275.199004547189
0.0575	29.8	2276.6133288587325
0.0575	29.900000000000002	2278.025508069573
0.0575	30.	2279.4355537245356
0.0575	30.1	2280.8434772973915
0.0575	30.200000000000003	2282.2492901910146
0.0575	30.3	2283.6530037384136
0.0575	30.400000000000002	2285.0546292022204
0.0575	30.5	2286.454177775853
0.0575	30.6	2287.8516605842665
0.0575	30.700000000000003	2289.2470886833607
0.0575	30.8	2290.640473061686
0.0575	30.900000000000002	2292.031824639887
0.0575	31.	2293.4211542716153
0.0575	31.1	2294.8084727443015
0.0575	31.200000000000003	2296.1937907786664
0.0575	31.3	2297.5771190303108
0.0575	31.400000000000002	2298.9584680890284
0.0575	31.5	2300.33784848013
0.0575	31.6	2301.7152706644406
0.0575	31.700000000000003	2303.0907450390687
0.0575	31.8	2304.464281937288
0.0575	31.900000000000002	2305.835891629309
0.0575	32.	2307.2055843227554
0.0575	32.1	2308.5733701630875
0.0575	32.2	2309.9392592339104
0.0575	32.300000000000004	2311.303261557124
0.0575	32.4	2312.6653870940636
0.0575	32.5	2314.0256457450087
0.0575	32.6	2315.3840473504133
0.0575	32.7	2316.740601690853
0.0575	32.800000000000004	2318.095318487217
0.0575	32.9	2319.448207401844
0.0575	33.	2320.7992780382897
0.0575	33.1	2322.1485399416833
0.0575	33.2	2323.496002599578
0.0575	33.300000000000004	2324.8416754420914
0.0575	33.4	2326.185567842314
0.0575	33.5	2327.5276891163667
0.0575	33.6	2328.8680485243476
0.0575	33.7	2330.2066552703664
0.0575	33.800000000000004	2331.543518503125
0.0575	33.9	2332.878647315828
0.0575	34.	2334.2120507471623
0.0575	34.1	2335.543737781209
0.0575	34.2	2336.873717347986
0.0575	34.300000000000004	2338.2019983238097
0.0575	34.4	2339.5285895317916
0.0575	34.5	2340.853499741449
0.0575	34.6	2342.1767376705825
0.0575	34.7	2343.4983119837143
0.0575	34.800000000000004	2344.8182312939125
0.0575	34.9	2346.1365041625722
0.0575	35.	2347.4531390999223
0.0575	35.1	2348.768144564927
0.0575	35.2	2350.081528965953
0.0575	35.300000000000004	2351.3933006615944
0.0575	35.4	2352.703467959993
0.0575	35.5	2354.012039119991
0.0575	35.6	2355.3190223508136
0.0575	35.7	2356.62442581301
0.0575	35.800000000000004	2357.928257618309
0.0575	35.9	2359.230525830502
0.0575	36.	2360.5312384650015
0.0575	36.1	2361.830403489669
0.0575	36.2	2363.128028824891
0.0575	36.300000000000004	2364.4241223442345
0.0575	36.4	2365.718691874392
0.0575	36.5	2367.011745195581
0.0575	36.6	2368.303290041943
0.0575	36.7	2369.5933341017853
0.0575	36.800000000000004	2370.8818850179387
0.0575	36.9	2372.1689503879766
0.0575	37.	2373.454537764496
0.0575	37.1	2374.738654655415
0.0575	37.2	2376.021308524619
0.0575	37.300000000000004	2377.30250679144
0.0575	37.4	2378.582256831933
0.0575	37.5	2379.8605659783725
0.0575	37.6	2381.1374415199375
0.0575	37.7	2382.412890702743
0.0575	37.800000000000004	2383.6869207306913
0.0575	37.9	2384.9595387649288
0.0575	38.	2386.230751924735
0.0575	38.1	2387.5005672873062
0.0575	38.2	2388.768991888858
0.0575	38.300000000000004	2390.0360327236826
0.0575	38.400000000000006	2391.3016967456597
0.0575	38.5	2392.5659908676294
0.0575	38.6	2393.8289219619173
0.0575	38.7	2395.0904968609198
0.0575	38.800000000000004	2396.350722357027
0.0575	38.900000000000006	2397.6096052028656
0.0575	39.	2398.8671521117394
0.0575	39.1	2400.1233697576135
0.0575	39.2	2401.378264775779
0.0575	39.300000000000004	2402.631843762575
0.0575	39.400000000000006	2403.884113276469
0.0575	39.5	2405.1350798372587
0.0575	39.6	2406.3847499272033
0.0575	39.7	2407.63312999043
0.0575	39.800000000000004	2408.8802264340943
0.0575	39.900000000000006	2410.1260456281107
0.0575	40.	2411.3705939054103
0.06	0.	1668.0667047748907
0.06	0.1	1671.1455889303556
0.06	0.2	1674.2116802868409
0.06	0.30000000000000004	1677.2650647885164
0.06	0.4	1680.3058277131538
0.06	0.5	1683.3340536782462
0.06	0.6000000000000001	1686.3498266492638
0.06	0.7000000000000001	1689.3532299451542
0.06	0.8	1692.344346246595
0.06	0.9	1695.3232576007845
0.06	1.	1698.290045429968
0.06	1.1	1701.244790536142
0.06	1.2000000000000002	1704.1875731079374
0.06	1.3	1707.1184727270913
0.06	1.4000000000000001	1710.0375683742109
0.06	1.5	1712.9449384344891
0.06	1.6	1715.8406607038594
0.06	1.7000000000000002	1718.7248123948814
0.06	1.8	1721.5974701423563
0.06	1.9000000000000001	1724.4587100081358
0.06	2.	1727.3086074877374
0.06	2.1	1730.1472375153671
0.06	2.2	1732.9746744687673
0.06	2.3000000000000003	1735.7909921748098
0.06	2.4000000000000004	1738.5962639150334
0.06	2.5	1741.3905624297588
0.06	2.6	1744.1739599240766
0.06	2.7	1746.9465280720917
0.06	2.8000000000000003	1749.7083380220056
0.06	2.9000000000000004	1752.4594604012327
0.06	3.	1755.1999653203807
0.06	3.1	1757.9299223783455
0.06	3.2	1760.6494006671119
0.06	3.3000000000000003	1763.3584687755604
0.06	3.4000000000000004	1766.0571947947033
0.06	3.5	1768.7456463213866
0.06	3.6	1771.4238904630124
0.06	3.7	1774.0919938419484
0.06	3.8000000000000003	1776.7500225992158
0.06	3.9000000000000004	1779.3980423988298
0.06	4.	1782.0361184326362
0.06	4.1000000000000005	1784.664315422703
0.06	4.2	1787.282697627312
0.06	4.3	1789.8913288434596
0.06	4.4	1792.4902724109513
0.06	4.5	1795.0795912169056
0.06	4.6000000000000005	1797.659347699041
0.06	4.7	1800.229603849103
0.06	4.800000000000001	1802.7904212176718
0.06	4.9	1805.3418609166238
0.06	5.	1807.8839836232257
0.06	5.1000000000000005	1810.4168495839842
0.06	5.2	1812.940518617581
0.06	5.300000000000001	1815.455050118729
0.06	5.4	1817.960503061963
0.06	5.5	1820.456936004338
0.06	5.6000000000000005	1822.9444070884983
0.06	5.7	1825.422974047963
0.06	5.800000000000001	1827.8926942074897
0.06	5.9	1830.3536244890604
0.06	6.	1832.8058214135553
0.06	6.1000000000000005	1835.24934110416
0.06	6.2	1837.6842392895164
0.06	6.300000000000001	1840.1105713071845
0.06	6.4	1842.5283921069947
0.06	6.5	1844.9377562525735
0.06	6.6000000000000005	1847.3387179259162
0.06	6.7	1849.7313309301105
0.06	6.800000000000001	1852.115648691684
0.06	6.9	1854.4917242635588
0.06	7.	1856.8596103290097
0.06	7.1000000000000005	1859.2193592029028
0.06	7.2	1861.5710228358196
0.06	7.300000000000001	1863.914652816785
0.06	7.4	1866.250300374705
0.06	7.5	1868.5780163830327
0.06	7.6000000000000005	1870.8978513610282
0.06	7.7	1873.2098554767601
0.06	7.800000000000001	1875.514078550728
0.06	7.9	1877.8105700568192
0.06	8.	1880.0993791269514
0.06	8.1	1882.3805545513962
0.06	8.200000000000001	1884.6541447832374
0.06	8.3	1886.9201979401846
0.06	8.4	1889.178761806999
0.06	8.5	1891.429883837885
0.06	8.6	1893.6736111595599
0.06	8.700000000000001	1895.9099905729424
0.06	8.8	1898.1390685560157
0.06	8.9	1900.360891266839
0.06	9.	1902.5755045442386
0.06	9.1	1904.7829539119753
0.06	9.200000000000001	1906.9832845798976
0.06	9.3	1909.1765414470015
0.06	9.4	1911.362769103144
0.06	9.5	1913.542011831472
0.06	9.600000000000001	1915.7143136115965
0.06	9.700000000000001	1917.8797181200687
0.06	9.8	1920.0382687341223
0.06	9.9	1922.1900085328903
0.06	10.	1924.3349803007302
0.06	10.100000000000001	1926.4732265284185
0.06	10.200000000000001	1928.6047894149233
0.06	10.3	1930.7297108707828
0.06	10.4	1932.8480325202165
0.06	10.5	1934.9597957009425
0.06	10.600000000000001	1937.0650414695879
0.06	10.700000000000001	1939.1638106013174
0.06	10.8	1941.2561435923396
0.06	10.9	1943.3420806631425
0.06	11.	1945.421661758729
0.06	11.100000000000001	1947.4949265519285
0.06	11.200000000000001	1949.561914444839
0.06	11.3	1951.6226645707104
0.06	11.4	1953.6772157964203
0.06	11.5	1955.725606723631
0.06	11.600000000000001	1957.76787569138
0.06	11.700000000000001	1959.8040607773678
0.06	11.8	1961.8341998006201
0.06	11.9	1963.8583303225494
0.06	12.	1965.8764896492305
0.06	12.100000000000001	1967.8887148332058
0.06	12.200000000000001	1969.8950426751608
0.06	12.3	1971.8955097264563
0.06	12.4	1973.8901522891583
0.06	12.5	1975.8790064203424
0.06	12.600000000000001	1977.8621079311245
0.06	12.700000000000001	1979.8394923909025
0.06	12.8	1981.8111951275134
0.06	12.9	1983.777251229055
0.06	13.	1985.737695546836
0.06	13.100000000000001	1987.6925626954649
0.06	13.200000000000001	1989.641887055353
0.06	13.3	1991.5857027750617
0.06	13.4	1993.524043771096
0.06	13.5	1995.4569437315488
0.06	13.600000000000001	1997.3844361164588
0.06	13.700000000000001	1999.3065541598505
0.06	13.8	2001.2233308716714
0.06	13.9	2003.1347990386673
0.06	14.	2005.040991226518
0.06	14.100000000000001	2006.9419397809722
0.06	14.200000000000001	2008.8376768303326
0.06	14.3	2010.7282342857993
0.06	14.4	2012.6136438436852
0.06	14.5	2014.49393698697
0.06	14.600000000000001	2016.369144986615
0.06	14.700000000000001	2018.2392989030463
0.06	14.8	2020.1044295879392
0.06	14.9	2021.9645676854407
0.06	15.	2023.8197436334817
0.06	15.100000000000001	2025.6699876657356
0.06	15.200000000000001	2027.5153298127166
0.06	15.3	2029.3557999031268
0.06	15.4	2031.1914275657405
0.06	15.5	2033.0222422303896
0.06	15.600000000000001	2034.8482731294478
0.06	15.700000000000001	2036.6695492993229
0.06	15.8	2038.4860995820034
0.06	15.9	2040.297952626182
0.06	16.	2042.105136888555
0.06	16.1	2043.907680635551
0.06	16.2	2045.7056119440444
0.06	16.3	2047.498958703562
0.06	16.400000000000002	2049.2877486168413
0.06	16.5	2051.072009201723
0.06	16.6	2052.851767791946
0.06	16.7	2054.627051538776
0.06	16.8	2056.3978874121362
0.06	16.900000000000002	2058.164302202197
0.06	17.	2059.9263225201657
0.06	17.1	2061.683974799734
0.06	17.2	2063.4372852988804
0.06	17.3	2065.186280100021
0.06	17.400000000000002	2066.930985112029
0.06	17.5	2068.6714260715776
0.06	17.6	2070.4076285438414
0.06	17.7	2072.1396179237086
0.06	17.8	2073.867419437425
0.06	17.900000000000002	2075.591058143625
0.06	18.	2077.3105589344295
0.06	18.1	2079.0259465361123
0.06	18.2	2080.7372455116015
0.06	18.3	2082.4444802602225
0.06	18.400000000000002	2084.1476750197694
0.06	18.5	2085.8468538669345
0.06	18.6	2087.542040719146
0.06	18.7	2089.233259335245
0.06	18.8	2090.9205333166697
0.06	18.900000000000002	2092.603886108864
0.06	19.	2094.2833410018507
0.06	19.1	2095.9589211316375
0.06	19.200000000000003	2097.6306494812457
0.06	19.3	2099.2985488820646
0.06	19.400000000000002	2100.962642014124
0.06	19.5	2102.622951408271
0.06	19.6	2104.2794994462756
0.06	19.700000000000003	2105.9323083622076
0.06	19.8	2107.5814002436987
0.06	19.900000000000002	2109.2267970327703
0.06	20.	2110.8685205268002
0.06	20.1	2112.50659237938
0.06	20.200000000000003	2114.141034101783
0.06	20.3	2115.7718670636864
0.06	20.400000000000002	2117.3991124942886
0.06	20.5	2119.022791483001
0.06	20.6	2120.642924980824
0.06	20.700000000000003	2122.2595338010315
0.06	20.8	2123.8726386200315
0.06	20.900000000000002	2125.482259978966
0.06	21.	2127.0884182839054
0.06	21.1	2128.691133807164
0.06	21.200000000000003	2130.29042668841
0.06	21.3	2131.886316934899
0.06	21.400000000000002	2133.478824423106
0.06	21.5	2135.0679688997693
0.06	21.6	2136.6537699818027
0.06	21.700000000000003	2138.2362471582765
0.06	21.8	2139.815419790727
0.06	21.900000000000002	2141.3913071140896
0.06	22.	2142.9639282379667
0.06	22.1	2144.533302146819
0.06	22.200000000000003	2146.099447701769
0.06	22.3	2147.6623836404415
0.06	22.400000000000002	2149.222128578552
0.06	22.5	2150.7787010107504
0.06	22.6	2152.332119310836
0.06	22.700000000000003	2153.8824017332054
0.06	22.8	2155.4295664135598
0.06	22.900000000000002	2156.973631369649
0.06	23.	2158.514614502095
0.06	23.1	2160.052533595065
0.06	23.200000000000003	2161.587406317709
0.06	23.3	2163.1192502238855
0.06	23.400000000000002	2164.6480827541886
0.06	23.5	2166.1739212356797
0.06	23.6	2167.6967828834927
0.06	23.700000000000003	2169.216684800822
0.06	23.8	2170.7336439805536
0.06	23.900000000000002	2172.2476773055896
0.06	24.	2173.758801549207
0.06	24.1	2175.2670333768115
0.06	24.200000000000003	2176.7723893458333
0.06	24.3	2178.274885906864
0.06	24.400000000000002	2179.7745394041626
0.06	24.5	2181.271366076736
0.06	24.6	2182.7653820589944
0.06	24.700000000000003	2184.256603380842
0.06	24.8	2185.745045969627
0.06	24.900000000000002	2187.230725649778
0.06	25.	2188.7136581437094
0.06	25.1	2190.193859073231
0.06	25.200000000000003	2191.6713439592722
0.06	25.3	2193.1461282233627
0.06	25.400000000000002	2194.618227187737
0.06	25.5	2196.087656076528
0.06	25.6	2197.5544300161655
0.06	25.700000000000003	2199.018564036089
0.06	25.8	2200.4800730692223
0.06	25.900000000000002	2201.9389719533438
0.06	26.	2203.3952754305415
0.06	26.1	2204.8489981494245
0.06	26.200000000000003	2206.300154664233
0.06	26.3	2207.748759436704
0.06	26.400000000000002	2209.1948268358237
0.06	26.5	2210.638371139
0.06	26.6	2212.0794065326536
0.06	26.700000000000003	2213.517947112542
0.06	26.8	2214.9540068849274
0.06	26.900000000000002	2216.387599766415
0.06	27.	2217.818739585163
0.06	27.1	2219.2474400815886
0.06	27.200000000000003	2220.67371490847
0.06	27.3	2222.0975776318414
0.06	27.400000000000002	2223.5190417316394
0.06	27.5	2224.9381206021258
0.06	27.6	2226.354827552781
0.06	27.700000000000003	2227.7691758082447
0.06	27.8	2229.181178509875
0.06	27.900000000000002	2230.5908487154347
0.06	28.	2231.9981994000686
0.06	28.1	2233.403243457048
0.06	28.200000000000003	2234.805993697636
0.06	28.3	2236.2064628525645
0.06	28.400000000000002	2237.604663572059
0.06	28.5	2239.0006084263
0.06	28.6	2240.394309906319
0.06	28.700000000000003	2241.7857804244663
0.06	28.8	2243.1750323144715
0.06	28.900000000000002	2244.562077832766
0.06	29.	2245.946929158619
0.06	29.1	2247.3295983943535
0.06	29.200000000000003	2248.7100975664116
0.06	29.3	2250.08843862585
0.06	29.400000000000002	2251.464633448271
0.06	29.5	2252.8386938349413
0.06	29.6	2254.2106315130704
0.06	29.700000000000003	2255.580458136458
0.06	29.8	2256.9481852856493
0.06	29.900000000000002	2258.3138244687975
0.06	30.	2259.6773871220503
0.06	30.1	2261.0388846100504
0.06	30.200000000000003	2262.398328226333
0.06	30.3	2263.7557291938238
0.06	30.400000000000002	2265.111098665636
0.06	30.5	2266.4644477247857
0.06	30.6	2267.8157873856026
0.06	30.700000000000003	2269.165128593666
0.06	30.8	2270.512482226356
0.06	30.900000000000002	2271.857859093393
0.06	31.	2273.2012699371144
0.06	31.1	2274.5427254331894
0.06	31.200000000000003	2275.8822361906928
0.06	31.3	2277.2198127533616
0.06	31.400000000000002	2278.555465598841
0.06	31.5	2279.8892051402204
0.06	31.6	2281.2210417259425
0.06	31.700000000000003	2282.5509856403
0.06	31.8	2283.879047103756
0.06	31.900000000000002	2285.205236273857
0.06	32.	2286.52956324528
0.06	32.1	2287.852038050004
0.06	32.2	2289.1726706583327
0.06	32.300000000000004	2290.491470978869
0.06	32.4	2291.808448859275
0.06	32.5	2293.123614086337
0.06	32.6	2294.436976386629
0.06	32.7	2295.7485454268167
0.06	32.800000000000004	2297.058330814149
0.06	32.9	2298.366342096469
0.06	33.	2299.67258876338
0.06	33.1	2300.977080246039
0.06	33.2	2302.2798259176293
0.06	33.300000000000004	2303.580835093855
0.06	33.4	2304.8801170333054
0.06	33.5	2306.177680937936
0.06	33.6	2307.473535953126
0.06	33.7	2308.767691168741
0.06	33.800000000000004	2310.0601556187835
0.06	33.9	2311.3509382817447
0.06	34.	2312.640048081861
0.06	34.1	2313.927493888318
0.06	34.2	2315.213284516864
0.06	34.300000000000004	2316.497428728893
0.06	34.4	2317.779935232769
0.06	34.5	2319.060812683676
0.06	34.6	2320.3400696842373
0.06	34.7	2321.617714784596
0.06	34.800000000000004	2322.893756483258
0.06	34.9	2324.168203226872
0.06	35.	2325.441063410689
0.06	35.1	2326.7123453795766
0.06	35.2	2327.982057427135
0.06	35.300000000000004	2329.250207797177
0.06	35.4	2330.5168046836243
0.06	35.5	2331.781856230651
0.06	35.6	2333.0453705331165
0.06	35.7	2334.3073556372137
0.06	35.800000000000004	2335.5678195403357
0.06	35.9	2336.8267701920104
0.06	36.	2338.084215493217
0.06	36.1	2339.34016329772
0.06	36.2	2340.594621412005
0.06	36.300000000000004	2341.847597595414
0.06	36.4	2343.0990995606508
0.06	36.5	2344.3491349742976
0.06	36.6	2345.59771145643
0.06	36.7	2346.844836581664
0.06	36.800000000000004	2348.090517879321
0.06	36.9	2349.3347628331767
0.06	37.	2350.577578882596
0.06	37.1	2351.8189734221123
0.06	37.2	2353.05895380218
0.06	37.300000000000004	2354.2975273290585
0.06	37.4	2355.534701265698
0.06	37.5	2356.770482831409
0.06	37.6	2358.0048792023736
0.06	37.7	2359.2378975124057
0.06	37.800000000000004	2360.469544852299
0.06	37.9	2361.6998282709424
0.06	38.	2362.9287547750164
0.06	38.1	2364.1563313296806
0.06	38.2	2365.3825648587717
0.06	38.300000000000004	2366.607462244835
0.06	38.400000000000006	2367.8310303295684
0.06	38.5	2369.0532759141333
0.06	38.6	2370.2742057592964
0.06	38.7	2371.4938265860765
0.06	38.800000000000004	2372.712145075286
0.06	38.900000000000006	2373.9291678683403
0.06	39.	2375.1449015674402
0.06	39.1	2376.3593527358757
0.06	39.2	2377.5725278980694
0.06	39.300000000000004	2378.784433539717
0.06	39.400000000000006	2379.995076108713
0.06	39.5	2381.204462014645
0.06	39.6	2382.4125976293567
0.06	39.7	2383.6194892874237
0.06	39.800000000000004	2384.8251432857546
0.06	39.900000000000006	2386.0295658847635
0.06	40.	2387.23276330776
0.0625	0.	1665.0066381908327
0.0625	0.1	1668.0233037138835
0.0625	0.2	1671.027135498422
0.0625	0.30000000000000004	1674.0182211362328
0.0625	0.4	1676.996647532758
0.0625	0.5	1679.9625009138463
0.0625	0.6000000000000001	1682.9158668336
0.0625	0.7000000000000001	1685.8568301811804
0.0625	0.8	1688.7854751872694
0.0625	0.9	1691.7018854315293
0.0625	1.	1694.6061438496013
0.0625	1.1	1697.4983327382606
0.0625	1.2000000000000002	1700.378533763233
0.0625	1.3	1703.246827965143
0.0625	1.4000000000000001	1706.1032957652349
0.0625	1.5	1708.9480169721985
0.0625	1.6	1711.7810707881736
0.0625	1.7000000000000002	1714.6025358140228
0.0625	1.8	1717.4124900558807
0.0625	1.9000000000000001	1720.2110109305484
0.0625	2.	1722.998175270963
0.0625	2.1	1725.7740593327228
0.0625	2.2	1728.5387387980277
0.0625	2.3000000000000003	1731.2922887825341
0.0625	2.4000000000000004	1734.0347838394387
0.0625	2.5	1736.7662979662168
0.0625	2.6	1739.4869046079477
0.0625	2.7	1742.1966766638673
0.0625	2.8000000000000003	1744.895686491754
0.0625	2.9000000000000004	1747.5840059126735
0.0625	3.	1750.261706216218
0.0625	3.1	1752.9288581653473
0.0625	3.2	1755.5855320007624
0.0625	3.3000000000000003	1758.2317974459013
0.0625	3.4000000000000004	1760.8677237110987
0.0625	3.5	1763.4933794984602
0.0625	3.6	1766.1088330064651
0.0625	3.7	1768.7141519338415
0.0625	3.8000000000000003	1771.3094034842698
0.0625	3.9000000000000004	1773.8946543710708
0.0625	4.	1776.4699708202836
0.0625	4.1000000000000005	1779.0354185761046
0.0625	4.2	1781.5910629045104
0.0625	4.3	1784.1369685966934
0.0625	4.4	1786.673199974107
0.0625	4.5	1789.199820892218
0.0625	4.6000000000000005	1791.7168947436496
0.0625	4.7	1794.2244844630975
0.0625	4.800000000000001	1796.7226525306212
0.0625	4.9	1799.2114609750095
0.0625	5.	1801.6909713786476
0.0625	5.1000000000000005	1804.1612448803892
0.0625	5.2	1806.622342178761
0.0625	5.300000000000001	1809.0743235371797
0.0625	5.4	1811.5172487855118
0.0625	5.5	1813.9511773254005
0.0625	5.6000000000000005	1816.3761681322803
0.0625	5.7	1818.792279760231
0.0625	5.800000000000001	1821.1995703439513
0.0625	5.9	1823.5980976030553
0.0625	6.	1825.9879188449152
0.0625	6.1000000000000005	1828.3690909687502
0.0625	6.2	1830.7416704679224
0.0625	6.300000000000001	1833.1057134337736
0.0625	6.4	1835.4612755581752
0.0625	6.5	1837.8084121374284
0.0625	6.6000000000000005	1840.1471780752463
0.0625	6.7	1842.4776278853456
0.0625	6.800000000000001	1844.79981569496
0.0625	6.9	1847.1137952477025
0.0625	7.	1849.4196199066935
0.0625	7.1000000000000005	1851.717342657198
0.0625	7.2	1854.0070161098522
0.0625	7.300000000000001	1856.288692503766
0.0625	7.4	1858.5624237086556
0.0625	7.5	1860.828261228549
0.0625	7.6000000000000005	1863.0862562041434
0.0625	7.7	1865.336459415786
0.0625	7.800000000000001	1867.5789212857096
0.0625	7.9	1869.813691881341
0.0625	8.	1872.0408209184714
0.0625	8.1	1874.26035776274
0.0625	8.200000000000001	1876.4723514329844
0.0625	8.3	1878.6768506039343
0.0625	8.4	1880.87390360856
0.0625	8.5	1883.063558440629
0.0625	8.6	1885.245862758105
0.0625	8.700000000000001	1887.420863884271
0.0625	8.8	1889.5886088113143
0.0625	8.9	1891.7491442023115
0.0625	9.	1893.902516394537
0.0625	9.1	1896.0487714004003
0.0625	9.200000000000001	1898.1879549109847
0.0625	9.3	1900.3201122989283
0.0625	9.4	1902.4452886188633
0.0625	9.5	1904.5635286120528
0.0625	9.600000000000001	1906.674876707595
0.0625	9.700000000000001	1908.7793770240364
0.0625	9.8	1910.8770733731938
0.0625	9.9	1912.9680092619708
0.0625	10.	1915.052227893718
0.0625	10.100000000000001	1917.1297721714475
0.0625	10.200000000000001	1919.2006846999561
0.0625	10.3	1921.2650077873584
0.0625	10.4	1923.322783448579
0.0625	10.5	1925.3740534060123
0.0625	10.600000000000001	1927.4188590923595
0.0625	10.700000000000001	1929.4572416532694
0.0625	10.8	1931.4892419485159
0.0625	10.9	1933.5149005550888
0.0625	11.	1935.5342577677259
0.0625	11.100000000000001	1937.547353603342
0.0625	11.200000000000001	1939.554227800538
0.0625	11.3	1941.554919823529
0.0625	11.4	1943.5494688634278
0.0625	11.5	1945.5379138397961
0.0625	11.600000000000001	1947.520293403449
0.0625	11.700000000000001	1949.4966459382822
0.0625	11.8	1951.467009562032
0.0625	11.9	1953.4314221309137
0.0625	12.	1955.3899212383049
0.0625	12.100000000000001	1957.3425442188295
0.0625	12.200000000000001	1959.2893281494553
0.0625	12.3	1961.2303098515447
0.0625	12.4	1963.1655258926805
0.0625	12.5	1965.0950125888337
0.0625	12.600000000000001	1967.01880600499
0.0625	12.700000000000001	1968.936941958706
0.0625	12.8	1970.8494560206839
0.0625	12.9	1972.7563835171932
0.0625	13.	1974.6577595314498
0.0625	13.100000000000001	1976.5536189051977
0.0625	13.200000000000001	1978.4439962413217
0.0625	13.3	1980.3289259048267
0.0625	13.4	1982.2084420245653
0.0625	13.5	1984.0825784953158
0.0625	13.600000000000001	1985.9513689793757
0.0625	13.700000000000001	1987.814846908295
0.0625	13.8	1989.673045483988
0.0625	13.9	1991.525997681197
0.0625	14.	1993.3737362489032
0.0625	14.100000000000001	1995.2162937116038
0.0625	14.200000000000001	1997.0537023709326
0.0625	14.3	1998.885994307943
0.0625	14.4	2000.713201383923
0.0625	14.5	2002.5353552424624
0.0625	14.600000000000001	2004.3524873107633
0.0625	14.700000000000001	2006.1646288016254
0.0625	14.8	2007.97181071431
0.0625	14.9	2009.7740638364512
0.0625	15.	2011.5714187457804
0.0625	15.100000000000001	2013.363905811222
0.0625	15.200000000000001	2015.1515551948603
0.0625	15.3	2016.9343968528035
0.0625	15.4	2018.7124605374188
0.0625	15.5	2020.4857757981677
0.0625	15.600000000000001	2022.2543719832681
0.0625	15.700000000000001	2024.0182782412285
0.0625	15.8	2025.7775235224894
0.0625	15.9	2027.53213658027
0.0625	16.	2029.2821459723275
0.0625	16.1	2031.0275800623945
0.0625	16.2	2032.7684670217795
0.0625	16.3	2034.5048348300443
0.0625	16.400000000000002	2036.2367112770103
0.0625	16.5	2037.96412396401
0.0625	16.6	2039.687100305055
0.0625	16.7	2041.405667528237
0.0625	16.8	2043.119852677319
0.0625	16.900000000000002	2044.829682612697
0.0625	17.	2046.5351840128812
0.0625	17.1	2048.236383375648
0.0625	17.2	2049.933307019682
0.0625	17.3	2051.625981085544
0.0625	17.400000000000002	2053.3144315371464
0.0625	17.5	2054.99868416262
0.0625	17.6	2056.6787645762556
0.0625	17.7	2058.3546982190765
0.0625	17.8	2060.0265103606603
0.0625	17.900000000000002	2061.694226099594
0.0625	18.	2063.357870365605
0.0625	18.1	2065.017467920324
0.0625	18.2	2066.673043358159
0.0625	18.3	2068.3246211081873
0.0625	18.400000000000002	2069.9722254347926
0.0625	18.5	2071.61588043914
0.0625	18.6	2073.2556100600736
0.0625	18.7	2074.8914380754554
0.0625	18.8	2076.523388103694
0.0625	18.900000000000002	2078.1514836038227
0.0625	19.	2079.7757478778535
0.0625	19.1	2081.3962040709953
0.0625	19.200000000000003	2083.0128751735583
0.0625	19.3	2084.6257840209623
0.0625	19.400000000000002	2086.234953296019
0.0625	19.5	2087.840405529567
0.0625	19.6	2089.4421631009195
0.0625	19.700000000000003	2091.040248240212
0.0625	19.8	2092.634683028365
0.0625	19.900000000000002	2094.2254893984286
0.0625	20.	2095.812689137289
0.0625	20.1	2097.3963038858215
0.0625	20.200000000000003	2098.9763551402143
0.0625	20.3	2100.552864253316
0.0625	20.400000000000002	2102.125852435387
0.0625	20.5	2103.695340754902
0.0625	20.6	2105.2613501402466
0.0625	20.700000000000003	2106.823901379847
0.0625	20.8	2108.383015123876
0.0625	20.900000000000002	2109.9387118847
0.0625	21.	2111.4910120385603
0.0625	21.1	2113.039935825451
0.0625	21.200000000000003	2114.5855033513153
0.0625	21.3	2116.1277345882913
0.0625	21.400000000000002	2117.6666493753187
0.0625	21.5	2119.2022674202362
0.0625	21.6	2120.7346082997087
0.0625	21.700000000000003	2122.26369146034
0.0625	21.8	2123.7895362198865
0.0625	21.900000000000002	2125.312161768298
0.0625	22.	2126.8315871679133
0.0625	22.1	2128.3478313548444
0.0625	22.200000000000003	2129.86091314036
0.0625	22.3	2131.3708512105577
0.0625	22.400000000000002	2132.877664128339
0.0625	22.5	2134.381370333695
0.0625	22.6	2135.8819881451664
0.0625	22.700000000000003	2137.3795357596855
0.0625	22.8	2138.8740312545674
0.0625	22.900000000000002	2140.365492587688
0.0625	23.	2141.8539375983514
0.0625	23.1	2143.3393840085314
0.0625	23.200000000000003	2144.8218494231514
0.0625	23.3	2146.3013513314895
0.0625	23.400000000000002	2147.777907107637
0.0625	23.5	2149.2515340111863
0.0625	23.6	2150.7222491883745
0.0625	23.700000000000003	2152.190069672934
0.0625	23.8	2153.6550123865063
0.0625	23.900000000000002	2155.1170941396335
0.0625	24.	2156.576331632573
0.0625	24.1	2158.032741456158
0.0625	24.200000000000003	2159.486340092465
0.0625	24.3	2160.9371439152687
0.0625	24.400000000000002	2162.3851691916416
0.0625	24.5	2163.830432081594
0.0625	24.6	2165.2729486400485
0.0625	24.700000000000003	2166.7127348165045
0.0625	24.8	2168.1498064562716
0.0625	24.900000000000002	2169.584179301502
0.0625	25.	2171.0158689911054
0.0625	25.1	2172.444891062351
0.0625	25.200000000000003	2173.8712609509503
0.0625	25.3	2175.2949939921627
0.0625	25.400000000000002	2176.7161054212525
0.0625	25.5	2178.134610374459
0.0625	25.6	2179.5505238890787
0.0625	25.700000000000003	2180.9638609053486
0.0625	25.8	2182.374636265504
0.0625	25.900000000000002	2183.782864716263
0.0625	26.	2185.1885609077176
0.0625	26.1	2186.5917393956233
0.0625	26.200000000000003	2187.992414640984
0.0625	26.3	2189.390601010896
0.0625	26.400000000000002	2190.7863127797805
0.0625	26.5	2192.1795641291583
0.0625	26.6	2193.5703691492363
0.0625	26.700000000000003	2194.9587418388714
0.0625	26.8	2196.3446961062405
0.0625	26.900000000000002	2197.72824576984
0.0625	27.	2199.109404559098
0.0625	27.1	2200.4881861144972
0.0625	27.200000000000003	2201.8646039887008
0.0625	27.3	2203.2386716469414
0.0625	27.400000000000002	2204.61040246782
0.0625	27.5	2205.979809743698
0.0625	27.6	2207.3469066813195
0.0625	27.700000000000003	2208.711706402618
0.0625	27.8	2210.074221944958
0.0625	27.900000000000002	2211.4344662622916
0.0625	28.	2212.7924522251533
0.0625	28.1	2214.1481926212723
0.0625	28.200000000000003	2215.5017001568135
0.0625	28.3	2216.8529874563255
0.0625	28.400000000000002	2218.202067063122
0.0625	28.5	2219.5489514407295
0.0625	28.6	2220.8936529726157
0.0625	28.700000000000003	2222.2361839630494
0.0625	28.8	2223.5765566377595
0.0625	28.900000000000002	2224.9147831444016
0.0625	29.	2226.2508755529607
0.0625	29.1	2227.584845856516
0.0625	29.200000000000003	2228.9167059714123
0.0625	29.3	2230.246467738407
0.0625	29.400000000000002	2231.5741429226623
0.0625	29.5	2232.8997432144897
0.0625	29.6	2234.223280229727
0.0625	29.700000000000003	2235.5447655103208
0.0625	29.8	2236.864210525065
0.0625	29.900000000000002	2238.181626669889
0.0625	30.	2239.497025268338
0.0625	30.1	2240.810417572006
0.0625	30.200000000000003	2242.1218147613095
0.0625	30.3	2243.4312279459054
0.0625	30.400000000000002	2244.7386681648013
0.0625	30.5	2246.0441463876045
0.0625	30.6	2247.347673514144
0.0625	30.700000000000003	2248.6492603755087
0.0625	30.8	2249.948917734384
0.0625	30.900000000000002	2251.246656285611
0.0625	31.	2252.542486656261
0.0625	31.1	2253.836419406688
0.0625	31.200000000000003	2255.128465030533
0.0625	31.3	2256.4186339555417
0.0625	31.400000000000002	2257.70693654357
0.0625	31.5	2258.99338309168
0.0625	31.6	2260.2779838316906
0.0625	31.700000000000003	2261.5607489315944
0.0625	31.8	2262.8416884952917
0.0625	31.900000000000002	2264.120812563464
0.0625	32.	2265.398131113631
0.0625	32.1	2266.673654061102
0.0625	32.2	2267.947391258535
0.0625	32.300000000000004	2269.2193524977533
0.0625	32.4	2270.4895475084354
0.0625	32.5	2271.75798596009
0.0625	32.6	2273.0246774613984
0.0625	32.7	2274.2896315613993
0.0625	32.800000000000004	2275.552857749391
0.0625	32.9	2276.8143654554137
0.0625	33.	2278.0741640509405
0.0625	33.1	2279.332262848855
0.0625	33.2	2280.588671104375
0.0625	33.300000000000004	2281.8433980146397
0.0625	33.4	2283.0964527203146
0.0625	33.5	2284.3478443046915
0.0625	33.6	2285.5975817949334
0.0625	33.7	2286.845674162372
0.0625	33.800000000000004	2288.0921303221535
0.0625	33.9	2289.336959134843
0.0625	34.	2290.580169405703
0.0625	34.1	2291.8217698856224
0.0625	34.2	2293.0617692713595
0.0625	34.300000000000004	2294.300176205905
0.0625	34.4	2295.5369992789706
0.0625	34.5	2296.772247027253
0.0625	34.6	2298.005927934526
0.0625	34.7	2299.2380504324933
0.0625	34.800000000000004	2300.468622900927
0.0625	34.9	2301.6976536679836
0.0625	35.	2302.925151010399
0.0625	35.1	2304.1511231541526
0.0625	35.2	2305.3755782746694
0.0625	35.300000000000004	2306.5985244972157
0.0625	35.4	2307.8199698971143
0.0625	35.5	2309.039922500033
0.0625	35.6	2310.25839028294
0.0625	35.7	2311.4753811732944
0.0625	35.800000000000004	2312.690903050508
0.0625	35.9	2313.904963745404
0.0625	36.	2315.1175710414036
0.0625	36.1	2316.328732673934
0.0625	36.2	2317.5384563313614
0.0625	36.300000000000004	2318.746749655247
0.0625	36.4	2319.9536202403838
0.0625	36.5	2321.1590756355117
0.0625	36.6	2322.3631233430383
0.0625	36.7	2323.5657708199897
0.0625	36.800000000000004	2324.767025478034
0.0625	36.9	2325.9668946836246
0.0625	37.	2327.165385758689
0.0625	37.1	2328.3625059805595
0.0625	37.2	2329.5582625825323
0.0625	37.300000000000004	2330.7526627539883
0.0625	37.4	2331.9457136405204
0.0625	37.5	2333.13742234507
0.0625	37.6	2334.327795927005
0.0625	37.7	2335.516841403263
0.0625	37.800000000000004	2336.704565748352
0.0625	37.9	2337.8909758947443
0.0625	38.	2339.0760787331037
0.0625	38.1	2340.2598811122984
0.0625	38.2	2341.4423898400883
0.0625	38.300000000000004	2342.6236116833397
0.0625	38.400000000000006	2343.8035533680154
0.0625	38.5	2344.9822215796444
0.0625	38.6	2346.1596229637903
0.0625	38.7	2347.3357641259468
0.0625	38.800000000000004	2348.510651631704
0.0625	38.900000000000006	2349.6842920078507
0.0625	39.	2350.8566917414123
0.0625	39.1	2352.0278572810435
0.0625	39.2	2353.1977950366086
0.0625	39.300000000000004	2354.3665113796014
0.0625	39.400000000000006	2355.534012643468
0.0625	39.5	2356.7003051238867
0.0625	39.6	2357.865395078689
0.0625	39.7	2359.0292887285805
0.0625	39.800000000000004	2360.1919922572624
0.0625	39.900000000000006	2361.353511811444
0.0625	40.	2362.5138535012884
0.065	0.	1662.1044237072763
0.065	0.1	1665.056845688459
0.065	0.2	1667.9963886211185
0.065	0.30000000000000004	1670.9231418534462
0.065	0.4	1673.8371940249065
0.065	0.5	1676.738633075169
0.065	0.6000000000000001	1679.627546251618
0.065	0.7000000000000001	1682.5040201153736
0.065	0.8	1685.3681405496677
0.065	0.9	1688.2199927661404
0.065	1.	1691.0596613123546
0.065	1.1	1693.8872300779353
0.065	1.2000000000000002	1696.702782301238
0.065	1.3	1699.5064005766933
0.065	1.4000000000000001	1702.2981668605116
0.065	1.5	1705.0781624767512
0.065	1.6	1707.8464681247883
0.065	1.7000000000000002	1710.6031638839127
0.065	1.8	1713.3483292204617
0.065	1.9000000000000001	1716.0820429933738
0.065	2.	1718.8043834599002
0.065	2.1	1721.5154282816582
0.065	2.2	1724.2152545297904
0.065	2.3000000000000003	1726.9039386911622
0.065	2.4000000000000004	1729.5815566732194
0.065	2.5	1732.2481838102728
0.065	2.6	1734.903894867726
0.065	2.7	1737.548764047843
0.065	2.8000000000000003	1740.1828649954334
0.065	2.9000000000000004	1742.8062708018501
0.065	3.	1745.4190540109964
0.065	3.1	1748.0212866237696
0.065	3.2	1750.6130401031014
0.065	3.3000000000000003	1753.194385378516
0.065	3.4000000000000004	1755.765392851363
0.065	3.5	1758.326132399325
0.065	3.6	1760.8766733802518
0.065	3.7	1763.417084638139
0.065	3.8000000000000003	1765.9474345066194
0.065	3.9000000000000004	1768.467790813701
0.065	4.	1770.9782208862987
0.065	4.1000000000000005	1773.478791553834
0.065	4.2	1775.9695691536733
0.065	4.3	1778.4506195342237
0.065	4.4	1780.9220080601324
0.065	4.5	1783.3837996155269
0.065	4.6000000000000005	1785.8360586081862
0.065	4.7	1788.2788489742868
0.065	4.800000000000001	1790.7122341816582
0.065	4.9	1793.1362772337961
0.065	5.	1795.5510406739002
0.065	5.1000000000000005	1797.956586588564
0.065	5.2	1800.3529766118313
0.065	5.300000000000001	1802.7402719283805
0.065	5.4	1805.118533278173
0.065	5.5	1807.4878209586989
0.065	5.6000000000000005	1809.848194829885
0.065	5.7	1812.1997143168996
0.065	5.800000000000001	1814.5424384143669
0.065	5.9	1816.8764256889124
0.065	6.	1819.201734283418
0.065	6.1000000000000005	1821.518421920294
0.065	6.2	1823.8265459043655
0.065	6.300000000000001	1826.126163126612
0.065	6.4	1828.4173300678046
0.065	6.5	1830.7001028011564
0.065	6.6000000000000005	1832.974536995522
0.065	6.7	1835.2406879193056
0.065	6.800000000000001	1837.4986104432342
0.065	6.9	1839.7483590431555
0.065	7.	1841.9899878036608
0.065	7.1000000000000005	1844.2235504213122
0.065	7.2	1846.4491002066313
0.065	7.300000000000001	1848.6666900881116
0.065	7.4	1850.8763726155
0.065	7.5	1853.0781999613087
0.065	7.6000000000000005	1855.2722239252025
0.065	7.7	1857.458495935928
0.065	7.800000000000001	1859.6370670551514
0.065	7.9	1861.8079879789032
0.065	8.	1863.9713090416294
0.065	8.1	1866.1270802191211
0.065	8.200000000000001	1868.2753511294698
0.065	8.3	1870.41617103836
0.065	8.4	1872.5495888596383
0.065	8.5	1874.6756531590281
0.065	8.6	1876.794412156869
0.065	8.700000000000001	1878.9059137305087
0.065	8.8	1881.0102054162412
0.065	8.9	1883.1073344133242
0.065	9.	1885.1973475857294
0.065	9.1	1887.2802914642587
0.065	9.200000000000001	1889.3562122501007
0.065	9.3	1891.4251558163705
0.065	9.4	1893.4871677112935
0.065	9.5	1895.5422931606074
0.065	9.600000000000001	1897.5905770688573
0.065	9.700000000000001	1899.632064023795
0.065	9.8	1901.6667982969834
0.065	9.9	1903.6948238473763
0.065	10.	1905.7161843230901
0.065	10.100000000000001	1907.7309230634576
0.065	10.200000000000001	1909.7390831019422
0.065	10.3	1911.7407071684322
0.065	10.4	1913.7358376910117
0.065	10.5	1915.7245167987492
0.065	10.600000000000001	1917.7067863234895
0.065	10.700000000000001	1919.6826878023928
0.065	10.8	1921.6522624795866
0.065	10.9	1923.6155513096573
0.065	11.	1925.5725949578014
0.065	11.100000000000001	1927.523433804267
0.065	11.200000000000001	1929.468107944265
0.065	11.3	1931.4066571916167
0.065	11.4	1933.3391210806396
0.065	11.5	1935.2655388673736
0.065	11.600000000000001	1937.1859495325916
0.065	11.700000000000001	1939.1003917831372
0.065	11.8	1941.008904054722
0.065	11.9	1942.9115245131018
0.065	12.	1944.808291056465
0.065	12.100000000000001	1946.69924131792
0.065	12.200000000000001	1948.5844126661584
0.065	12.3	1950.4638422087214
0.065	12.4	1952.3375667932357
0.065	12.5	1954.2056230094793
0.065	12.600000000000001	1956.0680471916835
0.065	12.700000000000001	1957.9248754191194
0.065	12.8	1959.7761435196464
0.065	12.9	1961.6218870707935
0.065	13.	1963.4621414013902
0.065	13.100000000000001	1965.2969415933542
0.065	13.200000000000001	1967.1263224843706
0.065	13.3	1968.950318668618
0.065	13.4	1970.7689644992843
0.065	13.5	1972.5822940897772
0.065	13.600000000000001	1974.39034131624
0.065	13.700000000000001	1976.1931398187498
0.065	13.8	1977.9907230024958
0.065	13.9	1979.7831240410526
0.065	14.	1981.5703758767654
0.065	14.100000000000001	1983.352511222597
0.065	14.200000000000001	1985.129562564549
0.065	14.3	1986.9015621625942
0.065	14.4	1988.668542052432
0.065	14.5	1990.4305340476737
0.065	14.600000000000001	1992.1875697407536
0.065	14.700000000000001	1993.939680505069
0.065	14.8	1995.6868974960357
0.065	14.9	1997.4292516535031
0.065	15.	1999.1667737024227
0.065	15.100000000000001	2000.8994941550982
0.065	15.200000000000001	2002.6274433124681
0.065	15.3	2004.3506512656538
0.065	15.4	2006.0691478972615
0.065	15.5	2007.78296288364
0.065	15.600000000000001	2009.4921256955845
0.065	15.700000000000001	2011.1966655999865
0.065	15.8	2012.8966116618722
0.065	15.9	2014.5919927452906
0.065	16.	2016.2828375148795
0.065	16.1	2017.969174437682
0.065	16.2	2019.651031784078
0.065	16.3	2021.328437629512
0.065	16.400000000000002	2023.0014198560368
0.065	16.5	2024.670006153244
0.065	16.6	2026.3342240202894
0.065	16.7	2027.9941007666455
0.065	16.8	2029.6496635140759
0.065	16.900000000000002	2031.3009391975525
0.065	17.	2032.947954566899
0.065	17.1	2034.5907361877978
0.065	17.2	2036.2293104437604
0.065	17.3	2037.8637035366369
0.065	17.400000000000002	2039.4939414884664
0.065	17.5	2041.1200501428577
0.065	17.6	2042.7420551659245
0.065	17.7	2044.3599820477336
0.065	17.8	2045.9738561035103
0.065	17.900000000000002	2047.583702475361
0.065	18.	2049.1895461327817
0.065	18.1	2050.7914118745316
0.065	18.2	2052.3893243294133
0.065	18.3	2053.9833079579776
0.065	18.400000000000002	2055.5733870532404
0.065	18.5	2057.159585742417
0.065	18.6	2058.741927987818
0.065	18.7	2060.3204375877153
0.065	18.8	2061.8951381783622
0.065	18.900000000000002	2063.466053234692
0.065	19.	2065.033206071071
0.065	19.1	2066.596619843495
0.065	19.200000000000003	2068.1563175497186
0.065	19.3	2069.712322030967
0.065	19.400000000000002	2071.2646559729787
0.065	19.5	2072.813341906885
0.065	19.6	2074.3584022108485
0.065	19.700000000000003	2075.8998591105947
0.065	19.8	2077.437734680813
0.065	19.900000000000002	2078.9720508463743
0.065	20.	2080.502829383013
0.065	20.1	2082.030091918871
0.065	20.200000000000003	2083.5538599352217
0.065	20.3	2085.074154767544
0.065	20.400000000000002	2086.5909976068974
0.065	20.5	2088.1044095005936
0.065	20.6	2089.614411353512
0.065	20.700000000000003	2091.121023928975
0.065	20.8	2092.6242678496346
0.065	20.900000000000002	2094.124163599073
0.065	21.	2095.6207315219344
0.065	21.1	2097.1139918257622
0.065	21.200000000000003	2098.603964581197
0.065	21.3	2100.090669723988
0.065	21.400000000000002	2101.5741270548356
0.065	21.5	2103.0543562410335
0.065	21.6	2104.5313768174283
0.065	21.700000000000003	2106.0052081871067
0.065	21.8	2107.475869622692
0.065	21.900000000000002	2108.943380266711
0.065	22.	2110.407759133215
0.065	22.1	2111.8690251083262
0.065	22.200000000000003	2113.3271969510306
0.065	22.3	2114.7822932943905
0.065	22.400000000000002	2116.23433264656
0.065	22.5	2117.6833333911363
0.065	22.6	2119.129313788551
0.065	22.700000000000003	2120.572291976731
0.065	22.8	2122.012285972263
0.065	22.900000000000002	2123.4493136707924
0.065	23.	2124.883392848073
0.065	23.1	2126.3145411612372
0.065	23.200000000000003	2127.7427761491826
0.065	23.3	2129.168115233474
0.065	23.400000000000002	2130.590575719298
0.065	23.5	2132.0101747961694
0.065	23.6	2133.4269295392323
0.065	23.700000000000003	2134.840856909379
0.065	23.8	2136.251973754491
0.065	23.900000000000002	2137.6602968100906
0.065	24.	2139.0658427004887
0.065	24.1	2140.4686279389157
0.065	24.200000000000003	2141.868668929126
0.065	24.3	2143.2659819654755
0.065	24.400000000000002	2144.6605832341234
0.065	24.5	2146.0524888137625
0.065	24.6	2147.441714676191
0.065	24.700000000000003	2148.8282766871207
0.065	24.8	2150.212190607417
0.065	24.900000000000002	2151.5934720930773
0.065	25.	2152.972136696346
0.065	25.1	2154.34819986677
0.065	25.200000000000003	2155.721676951297
0.065	25.3	2157.09258319577
0.065	25.400000000000002	2158.460933744605
0.065	25.5	2159.826743642801
0.065	25.6	2161.190027835626
0.065	25.700000000000003	2162.5508011696793
0.065	25.8	2163.9090783937672
0.065	25.900000000000002	2165.2648741591984
0.065	26.	2166.6182030209
0.065	26.1	2167.9690794380936
0.065	26.200000000000003	2169.3175177744047
0.065	26.3	2170.6635322993893
0.065	26.400000000000002	2172.0071371883
0.065	26.5	2173.3483465237246
0.065	26.6	2174.6871742952794
0.065	26.700000000000003	2176.023634401086
0.065	26.8	2177.357740647931
0.065	26.900000000000002	2178.689506752038
0.065	27.	2180.018946339796
0.065	27.1	2181.3460729484236
0.065	27.200000000000003	2182.670900026261
0.065	27.3	2183.9934409337848
0.065	27.400000000000002	2185.3137089443608
0.065	27.5	2186.631717244355
0.065	27.6	2187.947478933733
0.065	27.700000000000003	2189.261007027595
0.065	27.8	2190.5723144556405
0.065	27.900000000000002	2191.881414063316
0.065	28.	2193.1883186126097
0.065	28.1	2194.4930407821485
0.065	28.200000000000003	2195.7955931682013
0.065	28.3	2197.095988284806
0.065	28.400000000000002	2198.3942385649975
0.065	28.5	2199.690356360805
0.065	28.6	2200.9843539442254
0.065	28.700000000000003	2202.2762435073037
0.065	28.8	2203.5660371633744
0.065	28.900000000000002	2204.8537469469907
0.065	29.	2206.139384814757
0.065	29.1	2207.422962645898
0.065	29.200000000000003	2208.7044922427995
0.065	29.3	2209.9839853315225
0.065	29.400000000000002	2211.2614535623757
0.065	29.5	2212.536908510323
0.065	29.6	2213.81036167552
0.065	29.700000000000003	2215.081824484245
0.065	29.8	2216.351308288597
0.065	29.900000000000002	2217.6188243681404
0.065	30.	2218.8843839291453
0.065	30.1	2220.147998106241
0.065	30.200000000000003	2221.4096779623173
0.065	30.3	2222.6694344890752
0.065	30.400000000000002	2223.927278607447
0.065	30.5	2225.18322116858
0.065	30.6	2226.4372729538445
0.065	30.700000000000003	2227.689444675381
0.065	30.8	2228.9397469765736
0.065	30.900000000000002	2230.1881904330826
0.065	31.	2231.4347855524943
0.065	31.1	2232.679542775177
0.065	31.200000000000003	2233.922472474968
0.065	31.3	2235.163584959148
0.065	31.400000000000002	2236.4028904693573
0.065	31.5	2237.6403991818906
0.065	31.6	2238.8761212080044
0.065	31.700000000000003	2240.110066594696
0.065	31.8	2241.342245324787
0.065	31.900000000000002	2242.5726673176246
0.065	32.	2243.8013424293545
0.065	32.1	2245.028280453617
0.065	32.2	2246.2534911217617
0.065	32.300000000000004	2247.476984103343
0.065	32.4	2248.6987690065257
0.065	32.5	2249.9188553784434
0.065	32.6	2251.1372527058747
0.065	32.7	2252.3539704156356
0.065	32.800000000000004	2253.5690178743075
0.065	32.9	2254.7824043899473
0.065	33.	2255.9941392110927
0.065	33.1	2257.2042315283743
0.065	33.2	2258.4126904742448
0.065	33.300000000000004	2259.6195251231593
0.065	33.4	2260.8247444927756
0.065	33.5	2262.0283575438443
0.065	33.6	2263.2303731805687
0.065	33.7	2264.4308002511316
0.065	33.800000000000004	2265.629647547976
0.065	33.9	2266.826923808597
0.065	34.	2268.0226377152794
0.065	34.1	2269.216797895703
0.065	34.2	2270.4094129238215
0.065	34.300000000000004	2271.600491319467
0.065	34.4	2272.79004154921
0.065	34.5	2273.9780720266826
0.065	34.6	2275.164591112784
0.065	34.7	2276.349607115997
0.065	34.800000000000004	2277.533128293087
0.065	34.9	2278.7151628491383
0.065	35.	2279.8957189379694
0.065	35.1	2281.0748046626727
0.065	35.2	2282.2524280755865
0.065	35.300000000000004	2283.428597179347
0.065	35.4	2284.603319926048
0.065	35.5	2285.776604218962
0.065	35.6	2286.948457911951
0.065	35.7	2288.118888809955
0.065	35.800000000000004	2289.2879046697294
0.065	35.9	2290.4555131995767
0.065	36.	2291.6217220601498
0.065	36.1	2292.7865388646824
0.065	36.2	2293.949971179187
0.065	36.300000000000004	2295.112026522806
0.065	36.4	2296.272712368297
0.065	36.5	2297.43203614193
0.065	36.6	2298.5900052244424
0.065	36.7	2299.746626950703
0.065	36.800000000000004	2300.901908610612
0.065	36.9	2302.055857448906
0.065	37.	2303.2084806658772
0.065	37.1	2304.3597854170907
0.065	37.2	2305.5097788145804
0.065	37.300000000000004	2306.658467926377
0.065	37.4	2307.805859777113
0.065	37.5	2308.951961348146
0.065	37.6	2310.096779578248
0.065	37.7	2311.2403213633443
0.065	37.800000000000004	2312.382593557325
0.065	37.9	2313.523602972073
0.065	38.	2314.6633563776745
0.065	38.1	2315.8018605027883
0.065	38.2	2316.939122034939
0.065	38.300000000000004	2318.0751476210266
0.065	38.400000000000006	2319.209943866967
0.065	38.5	2320.3435173386997
0.065	38.6	2321.4758745620534
0.065	38.7	2322.6070220230563
0.065	38.800000000000004	2323.736966168157
0.065	38.900000000000006	2324.8657134046693
0.065	39.	2325.993270101112
0.065	39.1	2327.1196425868266
0.065	39.2	2328.244837153369
0.065	39.300000000000004	2329.3688600535343
0.065	39.400000000000006	2330.4917175023397
0.065	39.5	2331.613415677506
0.065	39.6	2332.7339607188173
0.065	39.7	2333.853358729233
0.065	39.800000000000004	2334.9716157746875
0.065	39.900000000000006	2336.0887378844322
0.065	40.	2337.2047310511566
0.0675	0.	1659.3556144004463
0.0675	0.1	1662.2417187093374
0.0675	0.2	1665.1148943985113
0.0675	0.30000000000000004	1667.975232684304
0.0675	0.4	1670.8228240532303
0.0675	0.5	1673.6577582683865
0.0675	0.6000000000000001	1676.4801243786096
0.0675	0.7000000000000001	1679.2900107250944
0.0675	0.8	1682.087504948678
0.0675	0.9	1684.8726939979342
0.0675	1.	1687.6456641347402
0.0675	1.1	1690.4065009431495
0.0675	1.2000000000000002	1693.1552893349992
0.0675	1.3	1695.8921135566052
0.0675	1.4000000000000001	1698.6170571967045
0.0675	1.5	1701.330203191402
0.0675	1.6	1704.0316338313228
0.0675	1.7000000000000002	1706.7214307684271
0.0675	1.8	1709.3996750213523
0.0675	1.9000000000000001	1712.0664469817327
0.0675	2.	1714.721826420996
0.0675	2.1	1717.365892495142
0.0675	2.2	1719.9987237517257
0.0675	2.3000000000000003	1722.6203981349188
0.0675	2.4000000000000004	1725.2309929907801
0.0675	2.5	1727.8305850742013
0.0675	2.6	1730.4192505531505
0.0675	2.7	1732.9970650148025
0.0675	2.8000000000000003	1735.5641034704602
0.0675	2.9000000000000004	1738.1204403609408
0.0675	3.	1740.6661495621565
0.0675	3.1	1743.201304389798
0.0675	3.2	1745.725977604319
0.0675	3.3000000000000003	1748.2402414165463
0.0675	3.4000000000000004	1750.7441674916308
0.0675	3.5	1753.2378269550493
0.0675	3.6	1755.7212903961422
0.0675	3.7	1758.1946278738474
0.0675	3.8000000000000003	1760.657908920918
0.0675	3.9000000000000004	1763.111202548824
0.0675	4.	1765.554577251489
0.0675	4.1000000000000005	1767.988101010798
0.0675	4.2	1770.4118413004628
0.0675	4.3	1772.8258650905102
0.0675	4.4	1775.2302388514622
0.0675	4.5	1777.6250285587316
0.0675	4.6000000000000005	1780.0102996970281
0.0675	4.7	1782.386117264091
0.0675	4.800000000000001	1784.7525457749828
0.0675	4.9	1787.109649266688
0.0675	5.	1789.4574913006754
0.0675	5.1000000000000005	1791.7961349685977
0.0675	5.2	1794.1256428957452
0.0675	5.300000000000001	1796.4460772432765
0.0675	5.4	1798.7574997145805
0.0675	5.5	1801.0599715577762
0.0675	5.6000000000000005	1803.3535535687984
0.0675	5.7	1805.638306096458
0.0675	5.800000000000001	1807.9142890453406
0.0675	5.9	1810.18156187973
0.0675	6.	1812.440183626979
0.0675	6.1000000000000005	1814.6902128813679
0.0675	6.2	1816.9317078065812
0.0675	6.300000000000001	1819.1647261410064
0.0675	6.4	1821.389325199547
0.0675	6.5	1823.6055618777848
0.0675	6.6000000000000005	1825.8134926552564
0.0675	6.7	1828.0131735984642
0.0675	6.800000000000001	1830.204660364676
0.0675	6.9	1832.3880082049805
0.0675	7.	1834.563271966782
0.0675	7.1000000000000005	1836.7305060988758
0.0675	7.2	1838.8897646522817
0.0675	7.300000000000001	1841.0411012854622
0.0675	7.4	1843.1845692657082
0.0675	7.5	1845.3202214732469
0.0675	7.6000000000000005	1847.4481104044712
0.0675	7.7	1849.5682881737193
0.0675	7.800000000000001	1851.6808065176037
0.0675	7.9	1853.785716797135
0.0675	8.	1855.8830700013295
0.0675	8.1	1857.9729167491575
0.0675	8.200000000000001	1860.0553072934642
0.0675	8.3	1862.1302915229007
0.0675	8.4	1864.1979189657868
0.0675	8.5	1866.2582387916275
0.0675	8.6	1868.3112998147324
0.0675	8.700000000000001	1870.3571504970682
0.0675	8.8	1872.3958389504637
0.0675	8.9	1874.427412939439
0.0675	9.	1876.4519198844011
0.0675	9.1	1878.4694068632107
0.0675	9.200000000000001	1880.4799206148161
0.0675	9.3	1882.4835075418855
0.0675	9.4	1884.4802137120696
0.0675	9.5	1886.470084862459
0.0675	9.600000000000001	1888.4531664003002
0.0675	9.700000000000001	1890.4295034069096
0.0675	9.8	1892.3991406395337
0.0675	9.9	1894.3621225338948
0.0675	10.	1896.3184932062668
0.0675	10.100000000000001	1898.2682964567848
0.0675	10.200000000000001	1900.2115757706417
0.0675	10.3	1902.1483743220654
0.0675	10.4	1904.0787349752295
0.0675	10.5	1906.002700287314
0.0675	10.600000000000001	1907.920312510559
0.0675	10.700000000000001	1909.831613594516
0.0675	10.8	1911.7366451891621
0.0675	10.9	1913.6354486456216
0.0675	11.	1915.528065020121
0.0675	11.100000000000001	1917.41453507518
0.0675	11.200000000000001	1919.2948992815823
0.0675	11.3	1921.169197821265
0.0675	11.4	1923.0374705898093
0.0675	11.5	1924.8997571977166
0.0675	11.600000000000001	1926.7560969721228
0.0675	11.700000000000001	1928.606528961048
0.0675	11.8	1930.4510919330141
0.0675	11.9	1932.289824381138
0.0675	12.	1934.1227645236297
0.0675	12.100000000000001	1935.949950307144
0.0675	12.200000000000001	1937.7714194075202
0.0675	12.3	1939.5872092333875
0.0675	12.4	1941.397356926549
0.0675	12.5	1943.2018993651445
0.0675	12.600000000000001	1945.0008731648163
0.0675	12.700000000000001	1946.7943146818254
0.0675	12.8	1948.5822600136353
0.0675	12.9	1950.3647450010267
0.0675	13.	1952.1418052316276
0.0675	13.100000000000001	1953.9134760395077
0.0675	13.200000000000001	1955.679792508589
0.0675	13.3	1957.4407894744065
0.0675	13.4	1959.1965015249395
0.0675	13.5	1960.9469630036358
0.0675	13.600000000000001	1962.6922080109318
0.0675	13.700000000000001	1964.432270405201
0.0675	13.8	1966.1671838060372
0.0675	13.9	1967.896981594506
0.0675	14.	1969.6216969164332
0.0675	14.100000000000001	1971.341362682665
0.0675	14.200000000000001	1973.0560115720266
0.0675	14.3	1974.765676032254
0.0675	14.4	1976.4703882822123
0.0675	14.5	1978.1701803130868
0.0675	14.600000000000001	1979.8650838908336
0.0675	14.700000000000001	1981.55513055707
0.0675	14.8	1983.2403516311294
0.0675	14.9	1984.9207782116528
0.0675	15.	1986.596441178326
0.0675	15.100000000000001	1988.26737119328
0.0675	15.200000000000001	1989.9335987030038
0.0675	15.3	1991.5951539395144
0.0675	15.4	1993.252066922459
0.0675	15.5	1994.904367460331
0.0675	15.600000000000001	1996.5520851520166
0.0675	15.700000000000001	1998.1952493886895
0.0675	15.8	1999.8338893550278
0.0675	15.9	2001.4680340307386
0.0675	16.	2003.0977121923481
0.0675	16.1	2004.7229524147122
0.0675	16.2	2006.343783071832
0.0675	16.3	2007.9602323391641
0.0675	16.400000000000002	2009.5723281948383
0.0675	16.5	2011.1800984210963
0.0675	16.6	2012.7835706052879
0.0675	16.7	2014.382772142119
0.0675	16.8	2015.977730234677
0.0675	16.900000000000002	2017.568471895595
0.0675	17.	2019.1550239489104
0.0675	17.1	2020.7374130312148
0.0675	17.2	2022.3156655931718
0.0675	17.3	2023.8898079005448
0.0675	17.400000000000002	2025.4598660361441
0.0675	17.5	2027.025865900706
0.0675	17.6	2028.5878332142822
0.0675	17.7	2030.1457935180536
0.0675	17.8	2031.6997721748526
0.0675	17.900000000000002	2033.2497943711182
0.0675	18.	2034.795885118083
0.0675	18.1	2036.3380692525707
0.0675	18.2	2037.876371439326
0.0675	18.3	2039.4108161709323
0.0675	18.400000000000002	2040.9414277703602
0.0675	18.5	2042.4682303913196
0.0675	18.6	2043.9912480199364
0.0675	18.7	2045.510504475767
0.0675	18.8	2047.02602341348
0.0675	18.900000000000002	2048.5378283233113
0.0675	19.	2050.045942533064
0.0675	19.1	2051.550389208656
0.0675	19.200000000000003	2053.0511913557284
0.0675	19.3	2054.5483718207574
0.0675	19.400000000000002	2056.041953291987
0.0675	19.5	2057.531958301072
0.0675	19.6	2059.018409223428
0.0675	19.700000000000003	2060.501328280223
0.0675	19.8	2061.980737539366
0.0675	19.900000000000002	2063.4566589160218
0.0675	20.	2064.929114174248
0.0675	20.1	2066.398124928268
0.0675	20.200000000000003	2067.8637126429912
0.0675	20.3	2069.325898635607
0.0675	20.400000000000002	2070.784704076478
0.0675	20.5	2072.24014999014
0.0675	20.6	2073.692257256774
0.0675	20.700000000000003	2075.1410466124107
0.0675	20.8	2076.586538651014
0.0675	20.900000000000002	2078.0287538248117
0.0675	21.	2079.467712445822
0.0675	21.1	2080.903434686314
0.0675	21.200000000000003	2082.335940580448
0.0675	21.3	2083.7652500247273
0.0675	21.400000000000002	2085.19138277931
0.0675	21.5	2086.6143584693737
0.0675	21.6	2088.0341965850425
0.0675	21.700000000000003	2089.450916483635
0.0675	21.8	2090.8645373897025
0.0675	21.900000000000002	2092.275078396541
0.0675	22.	2093.68255846653
0.0675	22.1	2095.0869964331055
0.0675	22.200000000000003	2096.488411000799
0.0675	22.3	2097.8868207464816
0.0675	22.400000000000002	2099.2822441201647
0.0675	22.5	2100.674699446657
0.0675	22.6	2102.0642049251396
0.0675	22.700000000000003	2103.4507786313884
0.0675	22.8	2104.834438517783
0.0675	22.900000000000002	2106.215202414973
0.0675	23.	2107.593088031781
0.0675	23.1	2108.968112957304
0.0675	23.200000000000003	2110.3402946604974
0.0675	23.3	2111.7096504921037
0.0675	23.400000000000002	2113.076197685109
0.0675	23.5	2114.4399533555184
0.0675	23.6	2115.800934503318
0.0675	23.700000000000003	2117.159158013068
0.0675	23.8	2118.514640655346
0.0675	23.900000000000002	2119.867399087059
0.0675	24.	2121.217449852385
0.0675	24.1	2122.564809383757
0.0675	24.200000000000003	2123.909494002305
0.0675	24.3	2125.251519918938
0.0675	24.400000000000002	2126.590903235553
0.0675	24.5	2127.927659945004
0.0675	24.6	2129.261805932174
0.0675	24.700000000000003	2130.593356975205
0.0675	24.8	2131.9223287458753
0.0675	24.900000000000002	2133.2487368101933
0.0675	25.	2134.572596629825
0.0675	25.1	2135.8939235620865
0.0675	25.200000000000003	2137.2127328611514
0.0675	25.3	2138.5290396787227
0.0675	25.400000000000002	2139.842859064952
0.0675	25.5	2141.154205968534
0.0675	25.6	2142.46309523854
0.0675	25.700000000000003	2143.7695416236775
0.0675	25.8	2145.0735597746398
0.0675	25.900000000000002	2146.3751642435213
0.0675	26.	2147.6743694852316
0.0675	26.1	2148.971189857744
0.0675	26.200000000000003	2150.2656396232405
0.0675	26.3	2151.5577329486628
0.0675	26.400000000000002	2152.8474839063683
0.0675	26.5	2154.134906474327
0.0675	26.6	2155.4200145380055
0.0675	26.700000000000003	2156.702821889792
0.0675	26.8	2157.983342230297
0.0675	26.900000000000002	2159.2615891688997
0.0675	27.	2160.5375762243316
0.0675	27.1	2161.811316825656
0.0675	27.200000000000003	2163.0828243125306
0.0675	27.3	2164.3521119357424
0.0675	27.400000000000002	2165.6191928584635
0.0675	27.5	2166.8840801564234
0.0675	27.6	2168.1467868183827
0.0675	27.700000000000003	2169.4073257470895
0.0675	27.8	2170.6657097602174
0.0675	27.900000000000002	2171.921951590192
0.0675	28.	2173.1760638849123
0.0675	28.1	2174.4280592094647
0.0675	28.200000000000003	2175.6779500450484
0.0675	28.3	2176.925748790982
0.0675	28.400000000000002	2178.1714677642517
0.0675	28.5	2179.415119201159
0.0675	28.6	2180.656715256948
0.0675	28.700000000000003	2181.8962680066224
0.0675	28.8	2183.133789446023
0.0675	28.900000000000002	2184.36929149171
0.0675	29.	2185.6027859822816
0.0675	29.1	2186.8342846780274
0.0675	29.200000000000003	2188.063799262094
0.0675	29.3	2189.291341341249
0.0675	29.400000000000002	2190.5169224455153
0.0675	29.5	2191.7405540298837
0.0675	29.6	2192.9622474738344
0.0675	29.700000000000003	2194.1820140825203
0.0675	29.8	2195.399865086878
0.0675	29.900000000000002	2196.615811644731
0.0675	30.	2197.8298648403834
0.0675	30.1	2199.0420356863688
0.0675	30.200000000000003	2200.252335122737
0.0675	30.3	2201.4607740183565
0.0675	30.400000000000002	2202.667363171313
0.0675	30.5	2203.8721133089084
0.0675	30.6	2205.075035089122
0.0675	30.700000000000003	2206.276139100179
0.0675	30.8	2207.4754358612818
0.0675	30.900000000000002	2208.672935823521
0.0675	31.	2209.8686493700143
0.0675	31.1	2211.0625868162697
0.0675	31.200000000000003	2212.254758410801
0.0675	31.3	2213.445174336156
0.0675	31.400000000000002	2214.6338447080316
0.0675	31.5	2215.8207795773965
0.0675	31.6	2217.0059889295935
0.0675	31.700000000000003	2218.189482685597
0.0675	31.8	2219.3712707020504
0.0675	31.900000000000002	2220.551362772024
0.0675	32.	2221.7297686255547
0.0675	32.1	2222.90649792918
0.0675	32.2	2224.0815602878297
0.0675	32.300000000000004	2225.2549652441216
0.0675	32.4	2226.4267222791914
0.0675	32.5	2227.5968408133626
0.0675	32.6	2228.765330206157
0.0675	32.7	2229.9321997566913
0.0675	32.800000000000004	2231.097458704866
0.0675	32.9	2232.2611162306903
0.0675	33.	2233.4231814557343
0.0675	33.1	2234.5836634425796
0.0675	33.2	2235.7425711960036
0.0675	33.300000000000004	2236.899913662943
0.0675	33.4	2238.05569973341
0.0675	33.5	2239.209938240065
0.0675	33.6	2240.362637959357
0.0675	33.7	2241.5138076113763
0.0675	33.800000000000004	2242.663455861033
0.0675	33.9	2243.811591317493
0.0675	34.	2244.95822253518
0.0675	34.1	2246.1033580138246
0.0675	34.2	2247.247006199377
0.0675	34.300000000000004	2248.389175483646
0.0675	34.4	2249.529874205303
0.0675	34.5	2250.669110649738
0.0675	34.6	2251.80689305015
0.0675	34.7	2252.943229586877
0.0675	34.800000000000004	2254.0781283887663
0.0675	34.9	2255.211597533133
0.0675	35.	2256.3436450457534
0.0675	35.1	2257.474278901838
0.0675	35.2	2258.6035070261764
0.0675	35.300000000000004	2259.7313372934036
0.0675	35.4	2260.857777528013
0.0675	35.5	2261.982835505595
0.0675	35.6	2263.1065189524256
0.0675	35.7	2264.228835545825
0.0675	35.800000000000004	2265.349792915193
0.0675	35.9	2266.4693986414354
0.0675	36.	2267.58766025776
0.0675	36.1	2268.704585250394
0.0675	36.2	2269.8201810579653
0.0675	36.300000000000004	2270.9344550727105
0.0675	36.4	2272.0474146402316
0.0675	36.5	2273.159067060054
0.0675	36.6	2274.2694195859162
0.0675	36.7	2275.378479426318
0.0675	36.800000000000004	2276.4862537444437
0.0675	36.9	2277.5927496585145
0.0675	37.	2278.697974242355
0.0675	37.1	2279.8019345256203
0.0675	37.2	2280.904637494003
0.0675	37.300000000000004	2282.0060900893714
0.0675	37.4	2283.106299210626
0.0675	37.5	2284.2052717134366
0.0675	37.6	2285.3030144107606
0.0675	37.7	2286.3995340734023
0.0675	37.800000000000004	2287.494837429529
0.0675	37.9	2288.588931166075
0.0675	38.	2289.681821927773
0.0675	38.1	2290.7735163184434
0.0675	38.2	2291.8640209011505
0.0675	38.300000000000004	2292.9533421977076
0.0675	38.400000000000006	2294.041486689948
0.0675	38.5	2295.128460819337
0.0675	38.6	2296.214270987486
0.0675	38.7	2297.2989235564783
0.0675	38.800000000000004	2298.3824248488972
0.0675	38.900000000000006	2299.4647811484997
0.0675	39.	2300.545998700254
0.0675	39.1	2301.6260837102645
0.0675	39.2	2302.7050423466217
0.0675	39.300000000000004	2303.782880739608
0.0675	39.400000000000006	2304.859604981203
0.0675	39.5	2305.935221126366
0.0675	39.6	2307.0097351928403
0.0675	39.7	2308.0831531608947
0.0675	39.800000000000004	2309.1554809745994
0.0675	39.900000000000006	2310.226724541385
0.0675	40.	2311.296889732377
0.07	0.	1656.7557494791401
0.07	0.1	1659.5734139289834
0.07	0.2	1662.3780960385059
0.07	0.30000000000000004	1665.1698890117275
0.07	0.4	1667.948885297458
0.07	0.5	1670.715176598193
0.07	0.6000000000000001	1673.4688538778155
0.07	0.7000000000000001	1676.2100073685247
0.07	0.8	1678.938726580022
0.07	0.9	1681.6551003055597
0.07	1.	1684.3592166299725
0.07	1.1	1687.0511629368964
0.07	1.2000000000000002	1689.7310259154092
0.07	1.3	1692.3988915679229
0.07	1.4000000000000001	1695.054845215871
0.07	1.5	1697.6989715079046
0.07	1.6	1700.3313544248053
0.07	1.7000000000000002	1702.9520772880617
0.07	1.8	1705.5612227642243
0.07	1.9000000000000001	1708.1588728727797
0.07	2.	1710.7451089918213
0.07	2.1	1713.3200118642008
0.07	2.2	1715.883661603722
0.07	2.3000000000000003	1718.4361377008224
0.07	2.4000000000000004	1720.9775190288374
0.07	2.5	1723.5078838496395
0.07	2.6	1726.0273098188932
0.07	2.7	1728.5358739926012
0.07	2.8000000000000003	1731.0336528316675
0.07	2.9000000000000004	1733.5207222082975
0.07	3.	1735.9971574104834
0.07	3.1	1738.4630331479873
0.07	3.2	1740.9184235570608
0.07	3.3000000000000003	1743.3634022063059
0.07	3.4000000000000004	1745.7980421010925
0.07	3.5	1748.2224156888467
0.07	3.6	1750.6365948639773
0.07	3.7	1753.0406509727827
0.07	3.8000000000000003	1755.4346548186325
0.07	3.9000000000000004	1757.8186766659792
0.07	4.	1760.1927862457712
0.07	4.1000000000000005	1762.5570527599973
0.07	4.2	1764.911544885651
0.07	4.3	1767.2563307801122
0.07	4.4	1769.5914780850708
0.07	4.5	1771.9170539315867
0.07	4.6000000000000005	1774.2331249429724
0.07	4.7	1776.539757241477
0.07	4.800000000000001	1778.8370164506327
0.07	4.9	1781.1249676997152
0.07	5.	1783.4036756286448
0.07	5.1000000000000005	1785.6732043919167
0.07	5.2	1787.933617662342
0.07	5.300000000000001	1790.1849786349972
0.07	5.4	1792.427350031775
0.07	5.5	1794.660794104768
0.07	5.6000000000000005	1796.8853726409227
0.07	5.7	1799.1011469643092
0.07	5.800000000000001	1801.308177942408
0.07	5.9	1803.5065259868356
0.07	6.	1805.696251060105
0.07	6.1000000000000005	1807.8774126771045
0.07	6.2	1810.0500699098711
0.07	6.300000000000001	1812.2142813907014
0.07	6.4	1814.370105316068
0.07	6.5	1816.5175994495773
0.07	6.6000000000000005	1818.6568211266285
0.07	6.7	1820.787827256491
0.07	6.800000000000001	1822.9106743263956
0.07	6.9	1825.025418405494
0.07	7.	1827.1321151471798
0.07	7.1000000000000005	1829.2308197926309
0.07	7.2	1831.3215871747543
0.07	7.300000000000001	1833.404471721063
0.07	7.4	1835.4795274566452
0.07	7.5	1837.5468080079686
0.07	7.6000000000000005	1839.6063666049429
0.07	7.7	1841.6582560855848
0.07	7.800000000000001	1843.7025288978643
0.07	7.9	1845.7392371037404
0.07	8.	1847.7684323810472
0.07	8.1	1849.7901660276168
0.07	8.200000000000001	1851.804488964076
0.07	8.3	1853.8114517360127
0.07	8.4	1855.8111045179223
0.07	8.5	1857.8034971154584
0.07	8.6	1859.7886789690128
0.07	8.700000000000001	1861.766699155214
0.07	8.8	1863.7376063913732
0.07	8.9	1865.7014490376005
0.07	9.	1867.6582750992684
0.07	9.1	1869.6081322297052
0.07	9.200000000000001	1871.5510677344903
0.07	9.3	1873.4871285713436
0.07	9.4	1875.416361356006
0.07	9.5	1877.3388123621155
0.07	9.600000000000001	1879.2545275255993
0.07	9.700000000000001	1881.16355244704
0.07	9.8	1883.0659323930518
0.07	9.9	1884.9617123005555
0.07	10.	1886.850936778181
0.07	10.100000000000001	1888.7336501095979
0.07	10.200000000000001	1890.6098962547567
0.07	10.3	1892.4797188541122
0.07	10.4	1894.3431612295333
0.07	10.5	1896.2002663877988
0.07	10.600000000000001	1898.0510770223086
0.07	10.700000000000001	1899.895635515507
0.07	10.8	1901.7339839423753
0.07	10.9	1903.566164071269
0.07	11.	1905.3922173674443
0.07	11.100000000000001	1907.2121849939547
0.07	11.200000000000001	1909.0261078160527
0.07	11.3	1910.8340264016952
0.07	11.4	1912.6359810243612
0.07	11.5	1914.4320116654428
0.07	11.600000000000001	1916.2221580167673
0.07	11.700000000000001	1918.00645948164
0.07	11.8	1919.7849551785891
0.07	11.9	1921.5576839423377
0.07	12.	1923.324684326584
0.07	12.100000000000001	1925.0859946057274
0.07	12.200000000000001	1926.8416527776599
0.07	12.3	1928.5916965650645
0.07	12.4	1930.33616341806
0.07	12.5	1932.0750905157445
0.07	12.600000000000001	1933.8085147691925
0.07	12.700000000000001	1935.5364728224688
0.07	12.8	1937.2590010547638
0.07	12.9	1938.976135583605
0.07	13.	1940.6879122653063
0.07	13.100000000000001	1942.39436669775
0.07	13.200000000000001	1944.0955342219565
0.07	13.3	1945.7914499249407
0.07	13.4	1947.482148640099
0.07	13.5	1949.1676649506628
0.07	13.600000000000001	1950.8480331904716
0.07	13.700000000000001	1952.523287446635
0.07	13.8	1954.193461560781
0.07	13.9	1955.8585891314563
0.07	14.	1957.5187035154702
0.07	14.100000000000001	1959.173837830063
0.07	14.200000000000001	1960.8240249546982
0.07	14.3	1962.4692975325395
0.07	14.4	1964.1096879728436
0.07	14.5	1965.7452284518954
0.07	14.600000000000001	1967.3759509156
0.07	14.700000000000001	1969.001887080624
0.07	14.8	1970.623068436338
0.07	14.9	1972.2395262466152
0.07	15.	1973.8512915514286
0.07	15.100000000000001	1975.4583951686432
0.07	15.200000000000001	1977.0608676953743
0.07	15.3	1978.6587395102847
0.07	15.4	1980.2520407742315
0.07	15.5	1981.8408014330487
0.07	15.600000000000001	1983.4250512184565
0.07	15.700000000000001	1985.0048196496648
0.07	15.8	1986.5801360353523
0.07	15.9	1988.1510294750044
0.07	16.	1989.7175288605392
0.07	16.1	1991.2796628777317
0.07	16.2	1992.8374600081172
0.07	16.3	1994.3909485300458
0.07	16.400000000000002	1995.9401565206244
0.07	16.5	1997.4851118570743
0.07	16.6	1999.0258422181826
0.07	16.7	2000.5623750858576
0.07	16.8	2002.0947377465434
0.07	16.900000000000002	2003.6229572929055
0.07	17.	2005.1470606248458
0.07	17.1	2006.6670744515384
0.07	17.2	2008.183025292232
0.07	17.3	2009.694939478293
0.07	17.400000000000002	2011.202843154096
0.07	17.5	2012.7067622787133
0.07	17.6	2014.2067226272088
0.07	17.7	2015.7027497920888
0.07	17.8	2017.194869184653
0.07	17.900000000000002	2018.6831060361894
0.07	18.	2020.1674853997135
0.07	18.1	2021.6480321508072
0.07	18.2	2023.1247709893012
0.07	18.3	2024.5977264406451
0.07	18.400000000000002	2026.066922856619
0.07	18.5	2027.5323844176582
0.07	18.6	2028.9941351329446
0.07	18.7	2030.4521988428894
0.07	18.8	2031.9065992193648
0.07	18.900000000000002	2033.3573597675672
0.07	19.	2034.8045038271512
0.07	19.1	2036.248054573182
0.07	19.200000000000003	2037.6880350180895
0.07	19.3	2039.124468011805
0.07	19.400000000000002	2040.557376244134
0.07	19.5	2041.9867822449685
0.07	19.6	2043.412708386065
0.07	19.700000000000003	2044.8351768820944
0.07	19.8	2046.2542097918522
0.07	19.900000000000002	2047.6698290191785
0.07	20.	2049.082056314405
0.07	20.1	2050.490913275446
0.07	20.200000000000003	2051.8964213489044
0.07	20.3	2053.2986018309953
0.07	20.400000000000002	2054.697475869139
0.07	20.5	2056.093064462425
0.07	20.6	2057.4853884633885
0.07	20.700000000000003	2058.874468578779
0.07	20.8	2060.2603253705856
0.07	20.900000000000002	2061.6429792571835
0.07	21.	2063.0224505144124
0.07	21.1	2064.3987592769327
0.07	21.200000000000003	2065.7719255383736
0.07	21.3	2067.1419691537444
0.07	21.400000000000002	2068.508909839313
0.07	21.5	2069.872767173925
0.07	21.6	2071.233560600502
0.07	21.700000000000003	2072.5913094266643
0.07	21.8	2073.946032825523
0.07	21.900000000000002	2075.297749837309
0.07	22.	2076.6464793695823
0.07	22.1	2077.992240198894
0.07	22.200000000000003	2079.3350509714473
0.07	22.3	2080.674930204179
0.07	22.400000000000002	2082.0118962855768
0.07	22.5	2083.3459674767937
0.07	22.6	2084.6771619124165
0.07	22.700000000000003	2086.005497601407
0.07	22.8	2087.330992428499
0.07	22.900000000000002	2088.6536641546427
0.07	23.	2089.9735304175447
0.07	23.1	2091.2906087338333
0.07	23.200000000000003	2092.6049164987458
0.07	23.3	2093.9164709875718
0.07	23.400000000000002	2095.2252893563436
0.07	23.5	2096.5313886432186
0.07	23.6	2097.8347857683616
0.07	23.700000000000003	2099.1354975360723
0.07	23.8	2100.4335406344558
0.07	23.900000000000002	2101.7289316371384
0.07	24.	2103.02168700367
0.07	24.1	2104.311823080554
0.07	24.200000000000003	2105.5993561020773
0.07	24.3	2106.8843021910666
0.07	24.400000000000002	2108.1666773595057
0.07	24.5	2109.4464975099318
0.07	24.6	2110.72377843561
0.07	24.700000000000003	2111.9985358220015
0.07	24.8	2113.2707852466333
0.07	24.900000000000002	2114.5405421809487
0.07	25.	2115.8078219904587
0.07	25.1	2117.0726399355426
0.07	25.200000000000003	2118.3350111724303
0.07	25.3	2119.5949507537102
0.07	25.400000000000002	2120.852473629629
0.07	25.5	2122.1075946482138
0.07	25.6	2123.3603285561826
0.07	25.700000000000003	2124.610690000005
0.07	25.8	2125.8586935265766
0.07	25.900000000000002	2127.1043535832773
0.07	26.	2128.3476845199225
0.07	26.1	2129.588700588232
0.07	26.200000000000003	2130.827415943367
0.07	26.3	2132.063844644424
0.07	26.400000000000002	2133.2980006548523
0.07	26.5	2134.529897843772
0.07	26.6	2135.759549985948
0.07	26.700000000000003	2136.9869707632383
0.07	26.8	2138.212173764425
0.07	26.900000000000002	2139.435172486711
0.07	27.	2140.6559803357486
0.07	27.1	2141.8746106269627
0.07	27.200000000000003	2143.0910765852627
0.07	27.3	2144.3053913469557
0.07	27.400000000000002	2145.5175679592403
0.07	27.5	2146.7276193815287
0.07	27.6	2147.9355584858067
0.07	27.700000000000003	2149.1413980574453
0.07	27.8	2150.3451507959403
0.07	27.900000000000002	2151.54682931484
0.07	28.	2152.7464461434483
0.07	28.1	2153.94401372663
0.07	28.200000000000003	2155.1395444256796
0.07	28.3	2156.3330505189992
0.07	28.400000000000002	2157.5245442024247
0.07	28.5	2158.7140375902827
0.07	28.6	2159.901542715833
0.07	28.700000000000003	2161.0870715314254
0.07	28.8	2162.2706359095732
0.07	28.900000000000002	2163.452247643579
0.07	29.	2164.631918447798
0.07	29.1	2165.8096599580786
0.07	29.200000000000003	2166.9854837329763
0.07	29.3	2168.1594012539103
0.07	29.400000000000002	2169.3314239255055
0.07	29.5	2170.5015630764638
0.07	29.6	2171.669829960141
0.07	29.700000000000003	2172.836235755109
0.07	29.8	2174.000791565164
0.07	29.900000000000002	2175.1635084208287
0.07	30.	2176.324397278947
0.07	30.1	2177.483469023806
0.07	30.200000000000003	2178.6407344673335
0.07	30.3	2179.796204349924
0.07	30.400000000000002	2180.9498893405766
0.07	30.5	2182.101800038007
0.07	30.6	2183.251946970475
0.07	30.700000000000003	2184.400340596511
0.07	30.8	2185.5469913058314
0.07	30.900000000000002	2186.6919094191676
0.07	31.	2187.8351051895147
0.07	31.1	2188.976588801627
0.07	31.200000000000003	2190.1163703738016
0.07	31.3	2191.254459957067
0.07	31.400000000000002	2192.3908675364446
0.07	31.5	2193.52560303141
0.07	31.6	2194.6586762960133
0.07	31.700000000000003	2195.790097119398
0.07	31.8	2196.919875226657
0.07	31.900000000000002	2198.048020278756
0.07	32.	2199.1745418736123
0.07	32.1	2200.2994495459598
0.07	32.2	2201.42275276802
0.07	32.300000000000004	2202.544460950056
0.07	32.4	2203.6645834408464
0.07	32.5	2204.783129527674
0.07	32.6	2205.900108437441
0.07	32.7	2207.015529336684
0.07	32.800000000000004	2208.1294013321035
0.07	32.9	2209.2417334707266
0.07	33.	2210.352534740976
0.07	33.1	2211.461814072602
0.07	33.2	2212.569580336844
0.07	33.300000000000004	2213.675842347724
0.07	33.4	2214.780608861525
0.07	33.5	2215.8838885778637
0.07	33.6	2216.9856901395588
0.07	33.7	2218.086022133817
0.07	33.800000000000004	2219.1848930916344
0.07	33.9	2220.28231148893
0.07	34.	2221.37828574668
0.07	34.1	2222.4728242312863
0.07	34.2	2223.56593525499
0.07	34.300000000000004	2224.657627076404
0.07	34.4	2225.7479079005698
0.07	34.5	2226.836785879702
0.07	34.6	2227.924269113409
0.07	34.7	2229.0103656488127
0.07	34.800000000000004	2230.095083481411
0.07	34.9	2231.178430555212
0.07	35.	2232.2604147626726
0.07	35.1	2233.3410439460504
0.07	35.2	2234.4203258966263
0.07	35.300000000000004	2235.498268356212
0.07	35.4	2236.5748790162097
0.07	35.5	2237.650165519223
0.07	35.6	2238.724135458705
0.07	35.7	2239.7967963791675
0.07	35.800000000000004	2240.86815577717
0.07	35.9	2241.9382211009906
0.07	36.	2243.0069997514756
0.07	36.1	2244.0744990820103
0.07	36.2	2245.1407263991828
0.07	36.300000000000004	2246.2056889625856
0.07	36.4	2247.2693939860014
0.07	36.5	2248.3318486367475
0.07	36.6	2249.3930600367125
0.07	36.7	2250.4530352623547
0.07	36.800000000000004	2251.5117813451993
0.07	36.9	2252.569305271812
0.07	37.	2253.625613984677
0.07	37.1	2254.680714381907
0.07	37.2	2255.7346133180836
0.07	37.300000000000004	2256.787317604019
0.07	37.4	2257.8388340075803
0.07	37.5	2258.88916925376
0.07	37.6	2259.9383300248437
0.07	37.7	2260.9863229607413
0.07	37.800000000000004	2262.033154659763
0.07	37.9	2263.078831678237
0.07	38.	2264.1233605311645
0.07	38.1	2265.166747692323
0.07	38.2	2266.2089995948086
0.07	38.300000000000004	2267.250122631219
0.07	38.400000000000006	2268.2901231537467
0.07	38.5	2269.3290074748525
0.07	38.6	2270.366781866865
0.07	38.7	2271.403452562941
0.07	38.800000000000004	2272.439025757259
0.07	38.900000000000006	2273.4735076047855
0.07	39.	2274.5069042222067
0.07	39.1	2275.53922168737
0.07	39.2	2276.57046604069
0.07	39.300000000000004	2277.60064328423
0.07	39.400000000000006	2278.6297593828494
0.07	39.5	2279.6578202637606
0.07	39.6	2280.6848318174925
0.07	39.7	2281.710799897625
0.07	39.800000000000004	2282.73573032127
0.07	39.900000000000006	2283.7596288690424
0.07	40.	2284.7825012857793
0.0725	0.	1654.3003403468988
0.0725	0.1	1657.0473960400386
0.0725	0.2	1659.78141164224
0.0725	0.30000000000000004	1662.5024824682698
0.0725	0.4	1665.2107030517925
0.0725	0.5	1667.9061671541506
0.0725	0.6000000000000001	1670.588967772354
0.0725	0.7000000000000001	1673.2591971473933
0.0725	0.8	1675.91694677172
0.0725	0.9	1678.5623073978247
0.0725	1.	1681.1953690443015
0.0725	1.1	1683.8162210049754
0.0725	1.2000000000000002	1686.424951855245
0.0725	1.3	1689.0216494600213
0.0725	1.4000000000000001	1691.606400979835
0.0725	1.5	1694.1792928788796
0.0725	1.6	1696.7404109314564
0.0725	1.7000000000000002	1699.2898402289204
0.0725	1.8	1701.8276651860715
0.0725	1.9000000000000001	1704.3539695475988
0.0725	2.	1706.8688363953768
0.0725	2.1	1709.3723481540294
0.0725	2.2	1711.8645865976794
0.0725	2.3000000000000003	1714.3456328556194
0.0725	2.4000000000000004	1716.8155674191205
0.0725	2.5	1719.27447014657
0.0725	2.6	1721.722420270182
0.0725	2.7	1724.1594964015194
0.0725	2.8000000000000003	1726.585776537031
0.0725	2.9000000000000004	1729.001338064201
0.0725	3.	1731.4062577666064
0.0725	3.1	1733.8006118298815
0.0725	3.2	1736.1844758467544
0.0725	3.3000000000000003	1738.5579248229396
0.0725	3.4000000000000004	1740.9210331815896
0.0725	3.5	1743.273874769607
0.0725	3.6	1745.6165228617085
0.0725	3.7	1747.949050166769
0.0725	3.8000000000000003	1750.2715288311
0.0725	3.9000000000000004	1752.5840304454318
0.0725	4.	1754.8866260481932
0.0725	4.1000000000000005	1757.1793861309222
0.0725	4.2	1759.4623806436014
0.0725	4.3	1761.735678998279
0.0725	4.4	1763.999350074603
0.0725	4.5	1766.2534622238254
0.0725	4.6000000000000005	1768.498083273896
0.0725	4.7	1770.733280534096
0.0725	4.800000000000001	1772.959120797927
0.0725	4.9	1775.1756703498693
0.0725	5.	1777.382994967769
0.0725	5.1000000000000005	1779.5811599285098
0.0725	5.2	1781.7702300107833
0.0725	5.300000000000001	1783.9502695005976
0.0725	5.4	1786.1213421950947
0.0725	5.5	1788.2835114063123
0.0725	5.6000000000000005	1790.436839965002
0.0725	5.7	1792.5813902257426
0.0725	5.800000000000001	1794.717224069832
0.0725	5.9	1796.8444029097461
0.0725	6.	1798.9629876929475
0.0725	6.1000000000000005	1801.0730389053183
0.0725	6.2	1803.1746165755108
0.0725	6.300000000000001	1805.2677802790085
0.0725	6.4	1807.3525891400998
0.0725	6.5	1809.4291018382353
0.0725	6.6000000000000005	1811.4973766090454
0.0725	6.7	1813.557471250021
0.0725	6.800000000000001	1815.6094431226845
0.0725	6.9	1817.6533491569967
0.0725	7.	1819.6892458540758
0.0725	7.1000000000000005	1821.7171892905944
0.0725	7.2	1823.737235121447
0.0725	7.300000000000001	1825.7494385837902
0.0725	7.4	1827.75385449938
0.0725	7.5	1829.7505372793532
0.0725	7.6000000000000005	1831.739540925988
0.0725	7.7	1833.7209190375247
0.0725	7.800000000000001	1835.6947248100587
0.0725	7.9	1837.66101104151
0.0725	8.	1839.6198301344427
0.0725	8.1	1841.5712341001104
0.0725	8.200000000000001	1843.5152745594914
0.0725	8.3	1845.452002749215
0.0725	8.4	1847.3814695222466
0.0725	8.5	1849.3037253520108
0.0725	8.6	1851.2188203350552
0.0725	8.700000000000001	1853.1268041949788
0.0725	8.8	1855.0277262833806
0.0725	8.9	1856.9216355850265
0.0725	9.	1858.8085807192836
0.0725	9.1	1860.6886099435596
0.0725	9.200000000000001	1862.5617711559048
0.0725	9.3	1864.4281118979684
0.0725	9.4	1866.2876793581695
0.0725	9.5	1868.1405203736306
0.0725	9.600000000000001	1869.9866814333327
0.0725	9.700000000000001	1871.8262086815537
0.0725	9.8	1873.6591479196481
0.0725	9.9	1875.485544608473
0.0725	10.	1877.3054438721308
0.0725	10.100000000000001	1879.1188904999012
0.0725	10.200000000000001	1880.9259289494382
0.0725	10.3	1882.7266033480075
0.0725	10.4	1884.5209574967762
0.0725	10.5	1886.3090348723565
0.0725	10.600000000000001	1888.0908786290722
0.0725	10.700000000000001	1889.8665316027261
0.0725	10.8	1891.636036311681
0.0725	10.9	1893.3994349599106
0.0725	11.	1895.1567694401508
0.0725	11.100000000000001	1896.9080813345104
0.0725	11.200000000000001	1898.6534119189196
0.0725	11.3	1900.3928021643026
0.0725	11.4	1902.1262927388168
0.0725	11.5	1903.8539240112889
0.0725	11.600000000000001	1905.575736052267
0.0725	11.700000000000001	1907.2917686371618
0.0725	11.8	1909.0020612479532
0.0725	11.9	1910.7066530762766
0.0725	12.	1912.405583024694
0.0725	12.100000000000001	1914.0988897099865
0.0725	12.200000000000001	1915.7866114636802
0.0725	12.3	1917.468786336538
0.0725	12.4	1919.1454520990874
0.0725	12.5	1920.8166462436543
0.0725	12.600000000000001	1922.4824059877062
0.0725	12.700000000000001	1924.1427682754754
0.0725	12.8	1925.7977697792076
0.0725	12.9	1927.4474469027025
0.0725	13.	1929.0918357822418
0.0725	13.100000000000001	1930.7309722892116
0.0725	13.200000000000001	1932.3648920316664
0.0725	13.3	1933.993630357089
0.0725	13.4	1935.617222354103
0.0725	13.5	1937.2357028536505
0.0725	13.600000000000001	1938.8491064320988
0.0725	13.700000000000001	1940.457467413005
0.0725	13.8	1942.0608198682844
0.0725	13.9	1943.6591976212005
0.0725	14.	1945.2526342471908
0.0725	14.100000000000001	1946.8411630768667
0.0725	14.200000000000001	1948.424817196887
0.0725	14.3	1950.0036294526903
0.0725	14.4	1951.5776324496776
0.0725	14.5	1953.146858555313
0.0725	14.600000000000001	1954.7113399012653
0.0725	14.700000000000001	1956.271108384618
0.0725	14.8	1957.826195669924
0.0725	14.9	1959.3766331913766
0.0725	15.	1960.9224521537353
0.0725	15.100000000000001	1962.4636835350404
0.0725	15.200000000000001	1964.0003580875386
0.0725	15.3	1965.5325063399944
0.0725	15.4	1967.0601585988777
0.0725	15.5	1968.5833449506142
0.0725	15.600000000000001	1970.1020952629106
0.0725	15.700000000000001	1971.6164391864274
0.0725	15.8	1973.126406156704
0.0725	15.9	1974.6320253954614
0.0725	16.	1976.1333259124576
0.0725	16.1	1977.6303365072642
0.0725	16.2	1979.1230857704136
0.0725	16.3	1980.6116020852542
0.0725	16.400000000000002	1982.095913629709
0.0725	16.5	1983.576048377353
0.0725	16.6	1985.0520340998658
0.0725	16.7	1986.5238983671966
0.0725	16.8	1987.9916685507415
0.0725	16.900000000000002	1989.4553718234881
0.0725	17.	1990.9150351620078
0.0725	17.1	1992.3706853484805
0.0725	17.2	1993.8223489713027
0.0725	17.3	1995.2700524271374
0.0725	17.400000000000002	1996.7138219222395
0.0725	17.5	1998.153683473753
0.0725	17.6	1999.5896629113581
0.0725	17.7	2001.0217858787382
0.0725	17.8	2002.450077834713
0.0725	17.900000000000002	2003.874564054876
0.0725	18.	2005.295269632995
0.0725	18.1	2006.7122194824221
0.0725	18.2	2008.1254383369262
0.0725	18.3	2009.5349507531778
0.0725	18.400000000000002	2010.9407811110143
0.0725	18.5	2012.3429536153037
0.0725	18.6	2013.7414922973667
0.0725	18.7	2015.136421015727
0.0725	18.8	2016.527763458159
0.0725	18.900000000000002	2017.9155431426564
0.0725	19.	2019.299783418411
0.0725	19.1	2020.6805074677748
0.0725	19.200000000000003	2022.0577383067755
0.0725	19.3	2023.4314987872551
0.0725	19.400000000000002	2024.801811597081
0.0725	19.5	2026.1686992624282
0.0725	19.6	2027.532184147929
0.0725	19.700000000000003	2028.8922884591973
0.0725	19.8	2030.2490342428825
0.0725	19.900000000000002	2031.602443388316
0.0725	20.	2032.9525376288889
0.0725	20.1	2034.2993385429068
0.0725	20.200000000000003	2035.642867555159
0.0725	20.3	2036.9831459375812
0.0725	20.400000000000002	2038.3201948109415
0.0725	20.5	2039.6540351453043
0.0725	20.6	2040.9846877622442
0.0725	20.700000000000003	2042.3121733345965
0.0725	20.8	2043.6365123888577
0.0725	20.900000000000002	2044.9577253056445
0.0725	21.	2046.275832320662
0.0725	21.1	2047.5908535262456
0.0725	21.200000000000003	2048.9028088723812
0.0725	21.3	2050.2117181672547
0.0725	21.400000000000002	2051.5176010791697
0.0725	21.5	2052.820477136793
0.0725	21.6	2054.120365730881
0.0725	21.700000000000003	2055.417286114633
0.0725	21.8	2056.711257405634
0.0725	21.900000000000002	2058.00229858606
0.0725	22.	2059.2904285038467
0.0725	22.1	2060.575665874223
0.0725	22.200000000000003	2061.858029280246
0.0725	22.3	2063.137537173673
0.0725	22.400000000000002	2064.4142078765976
0.0725	22.5	2065.6880595816933
0.0725	22.6	2066.959110353537
0.0725	22.700000000000003	2068.2273781299878
0.0725	22.8	2069.4928807220867
0.0725	22.900000000000002	2070.7556358161232
0.0725	23.	2072.0156609738724
0.0725	23.1	2073.2729736338133
0.0725	23.200000000000003	2074.5275911120325
0.0725	23.3	2075.7795306031244
0.0725	23.400000000000002	2077.0288091810216
0.0725	23.5	2078.2754438001593
0.0725	23.6	2079.5194512958265
0.0725	23.700000000000003	2080.76084838586
0.0725	23.8	2081.9996516709903
0.0725	23.900000000000002	2083.2358776357637
0.0725	24.	2084.4695426493313
0.0725	24.1	2085.700662966827
0.0725	24.200000000000003	2086.9292547297214
0.0725	24.3	2088.155333966638
0.0725	24.400000000000002	2089.3789165947314
0.0725	24.5	2090.6000184200225
0.0725	24.6	2091.818655138224
0.0725	24.700000000000003	2093.034842336186
0.0725	24.8	2094.248595491741
0.0725	24.900000000000002	2095.4599299754996
0.0725	25.	2096.668861050938
0.0725	25.1	2097.875403875525
0.0725	25.200000000000003	2099.0795735015054
0.0725	25.3	2100.2813848765945
0.0725	25.400000000000002	2101.480852844793
0.0725	25.5	2102.677992147394
0.0725	25.6	2103.8728174232383
0.0725	25.700000000000003	2105.0653432098775
0.0725	25.8	2106.2555839442716
0.0725	25.900000000000002	2107.4435539637157
0.0725	26.	2108.6292675058917
0.0725	26.1	2109.812738710419
0.0725	26.200000000000003	2110.9939816193787
0.0725	26.3	2112.1730101776657
0.0725	26.400000000000002	2113.349838233956
0.0725	26.5	2114.5244795417066
0.0725	26.6	2115.696947759488
0.0725	26.700000000000003	2116.8672564516514
0.0725	26.8	2118.0354190895155
0.0725	26.900000000000002	2119.2014490513643
0.0725	27.	2120.3653596236854
0.0725	27.1	2121.5271640018077
0.0725	27.200000000000003	2122.686875290148
0.0725	27.3	2123.8445065034875
0.0725	27.400000000000002	2125.000070567294
0.0725	27.5	2126.1535803180705
0.0725	27.6	2127.3050485048916
0.0725	27.700000000000003	2128.4544877893704
0.0725	27.8	2129.601910746145
0.0725	27.900000000000002	2130.7473298642853
0.0725	28.	2131.890757547251
0.0725	28.1	2133.0322061140087
0.0725	28.200000000000003	2134.171687799302
0.0725	28.3	2135.309214754194
0.0725	28.400000000000002	2136.444799047172
0.0725	28.5	2137.578452664356
0.0725	28.6	2138.7101875104254
0.0725	28.700000000000003	2139.8400154087067
0.0725	28.8	2140.9679481022686
0.0725	28.900000000000002	2142.0939972543224
0.0725	29.	2143.21817444891
0.0725	29.1	2144.3404911913553
0.0725	29.200000000000003	2145.4609589089177
0.0725	29.3	2146.5795889511933
0.0725	29.400000000000002	2147.6963925911396
0.0725	29.5	2148.811381025097
0.0725	29.6	2149.9245653737717
0.0725	29.700000000000003	2151.0359566825728
0.0725	29.8	2152.145565922194
0.0725	29.900000000000002	2153.2534039892325
0.0725	30.	2154.35948170678
0.0725	30.1	2155.463809824446
0.0725	30.200000000000003	2156.5663990200947
0.0725	30.3	2157.6672598989003
0.0725	30.400000000000002	2158.766402994925
0.0725	30.5	2159.863838771222
0.0725	30.6	2160.95957762049
0.0725	30.700000000000003	2162.0536298654833
0.0725	30.8	2163.1460057596278
0.0725	30.900000000000002	2164.236715487442
0.0725	31.	2165.325769165103
0.0725	31.1	2166.413176841008
0.0725	31.200000000000003	2167.4989484960406
0.0725	31.3	2168.583094044257
0.0725	31.400000000000002	2169.6656233332055
0.0725	31.5	2170.7465461450215
0.0725	31.6	2171.825872195825
0.0725	31.700000000000003	2172.903611137183
0.0725	31.8	2173.979772556121
0.0725	31.900000000000002	2175.0543659753116
0.0725	32.	2176.1274008545684
0.0725	32.1	2177.1988865901667
0.0725	32.2	2178.268832515803
0.0725	32.300000000000004	2179.337247903134
0.0725	32.4	2180.404141962212
0.0725	32.5	2181.469523841653
0.0725	32.6	2182.5334026293694
0.0725	32.7	2183.5957873529087
0.0725	32.800000000000004	2184.656686979944
0.0725	32.9	2185.716110418483
0.0725	33.	2186.774066517579
0.0725	33.1	2187.8305640677077
0.0725	33.2	2188.885611801207
0.0725	33.300000000000004	2189.9392183925456
0.0725	33.4	2190.991392458719
0.0725	33.5	2192.04214255986
0.0725	33.6	2193.0914771996695
0.0725	33.7	2194.139404825741
0.0725	33.800000000000004	2195.1859338296863
0.0725	33.9	2196.2310725480556
0.0725	34.	2197.2748292624497
0.0725	34.1	2198.3172121997077
0.0725	34.2	2199.358229532909
0.0725	34.300000000000004	2200.397889381152
0.0725	34.4	2201.4361998102645
0.0725	34.5	2202.473168833228
0.0725	34.6	2203.50880441003
0.0725	34.7	2204.5431144489016
0.0725	34.800000000000004	2205.57610680596
0.0725	34.9	2206.6077892862
0.0725	35.	2207.638169643078
0.0725	35.1	2208.6672555796954
0.0725	35.2	2209.6950547485203
0.0725	35.300000000000004	2210.7215747523383
0.0725	35.4	2211.7468231439752
0.0725	35.5	2212.770807427227
0.0725	35.6	2213.793535056733
0.0725	35.7	2214.8150134387506
0.0725	35.800000000000004	2215.835249931297
0.0725	35.9	2216.854251844279
0.0725	36.	2217.8720264402687
0.0725	36.1	2218.888580934579
0.0725	36.2	2219.903922495567
0.0725	36.300000000000004	2220.9180582453623
0.0725	36.4	2221.9309952595513
0.0725	36.5	2222.9427405679776
0.0725	36.6	2223.953301154817
0.0725	36.7	2224.962683959376
0.0725	36.800000000000004	2225.970895875497
0.0725	36.9	2226.9779437530437
0.0725	37.	2227.983834397258
0.0725	37.1	2228.9885745693878
0.0725	37.2	2229.992170987367
0.0725	37.300000000000004	2230.994630325488
0.0725	37.4	2231.99595921518
0.0725	37.5	2232.9961642449944
0.0725	37.6	2233.9952519613144
0.0725	37.7	2234.9932288680957
0.0725	37.800000000000004	2235.9901014278894
0.0725	37.9	2236.985876061428
0.0725	38.	2237.980559148254
0.0725	38.1	2238.974157026893
0.0725	38.2	2239.9666759955744
0.0725	38.300000000000004	2240.958122311692
0.0725	38.400000000000006	2241.948502193017
0.0725	38.5	2242.9378218172674
0.0725	38.6	2243.9260873225417
0.0725	38.7	2244.913304807965
0.0725	38.800000000000004	2245.8994803337105
0.0725	38.900000000000006	2246.884619920941
0.0725	39.	2247.8687295527616
0.0725	39.1	2248.8518151738413
0.0725	39.2	2249.833882691288
0.0725	39.300000000000004	2250.814937974352
0.0725	39.400000000000006	2251.794986855039
0.0725	39.5	2252.7740351282887
0.0725	39.6	2253.7520885519502
0.0725	39.7	2254.729152847922
0.0725	39.800000000000004	2255.70523370102
0.0725	39.900000000000006	2256.680336760644
0.0725	40.	2257.6544676399326
0.075	0.	1651.984856816571
0.075	0.1	1654.6590896920638
0.075	0.2	1657.3202208212565
0.075	0.30000000000000004	1659.9683477586225
0.075	0.4	1662.603567249497
0.075	0.5	1665.2259752395287
0.075	0.6000000000000001	1667.835666882731
0.075	0.7000000000000001	1670.4327365501888
0.075	0.8	1673.0172778377287
0.075	0.9	1675.5893835741463
0.075	1.	1678.1491458292512
0.075	1.1	1680.6966559217794
0.075	1.2000000000000002	1683.2320044260082
0.075	1.3	1685.755281180982
0.075	1.4000000000000001	1688.2665752962732
0.075	1.5	1690.7659751599042
0.075	1.6	1693.2535684458235
0.075	1.7000000000000002	1695.729442120541
0.075	1.8	1698.19368244992
0.075	1.9000000000000001	1700.6463750063606
0.075	2.	1703.0876046755834
0.075	2.1	1705.517455662425
0.075	2.2	1707.9360114987621
0.075	2.3000000000000003	1710.3433550483985
0.075	2.4000000000000004	1712.7395685147228
0.075	2.5	1715.1247334459292
0.075	2.6	1717.4989307418973
0.075	2.7	1719.8622406596432
0.075	2.8000000000000003	1722.2147428198916
0.075	2.9000000000000004	1724.556516212501
0.075	3.	1726.8876392023308
0.075	3.1	1729.2081895353747
0.075	3.2	1731.5182443441204
0.075	3.3000000000000003	1733.817880152582
0.075	3.4000000000000004	1736.1071728831864
0.075	3.5	1738.3861978608143
0.075	3.6	1740.6550298190032
0.075	3.7	1742.913742904618
0.075	3.8000000000000003	1745.1624106838065
0.075	3.9000000000000004	1747.4011061465264
0.075	4.	1749.6299017119388
0.075	4.1000000000000005	1751.8488692338012
0.075	4.2	1754.0580800043215
0.075	4.3	1756.2576047602527
0.075	4.4	1758.4475136873734
0.075	4.5	1760.627876424398
0.075	4.6000000000000005	1762.7987620694887
0.075	4.7	1764.960239183614
0.075	4.800000000000001	1767.1123757950124
0.075	4.9	1769.2552394051022
0.075	5.	1771.388896991333
0.075	5.1000000000000005	1773.513415012891
0.075	5.2	1775.6288594150099
0.075	5.300000000000001	1777.7352956323116
0.075	5.4	1779.8327885945712
0.075	5.5	1781.9214027297735
0.075	5.6000000000000005	1784.0012019688793
0.075	5.7	1786.0722497506542
0.075	5.800000000000001	1788.1346090239379
0.075	5.9	1790.1883422539265
0.075	6.	1792.233511424708
0.075	6.1000000000000005	1794.2701780442067
0.075	6.2	1796.2984031473814
0.075	6.300000000000001	1798.318247300224
0.075	6.4	1800.3297706046246
0.075	6.5	1802.3330327007438
0.075	6.6000000000000005	1804.328092772499
0.075	6.7	1806.31500954931
0.075	6.800000000000001	1808.293841311797
0.075	6.9	1810.264645894097
0.075	7.	1812.227480688471
0.075	7.1000000000000005	1814.1824026477725
0.075	7.2	1816.1294682904927
0.075	7.300000000000001	1818.0687337033196
0.075	7.4	1820.000254544405
0.075	7.5	1821.9240860479947
0.075	7.6000000000000005	1823.8402830268533
0.075	7.7	1825.7488998760757
0.075	7.800000000000001	1827.6499905766348
0.075	7.9	1829.5436086976406
0.075	8.	1831.4298074021035
0.075	8.1	1833.308639447612
0.075	8.200000000000001	1835.1801571906483
0.075	8.3	1837.0444125899317
0.075	8.4	1838.9014572097262
0.075	8.5	1840.7513422225595
0.075	8.6	1842.594118412783
0.075	8.700000000000001	1844.4298361790688
0.075	8.8	1846.2585455385788
0.075	8.9	1848.0802961287268
0.075	9.	1849.8951372109243
0.075	9.1	1851.703117674023
0.075	9.200000000000001	1853.504286036181
0.075	9.3	1855.2986904486233
0.075	9.4	1857.0863786983543
0.075	9.5	1858.8673982108853
0.075	9.600000000000001	1860.6417960535618
0.075	9.700000000000001	1862.4096189376953
0.075	9.8	1864.170913222197
0.075	9.9	1865.9257249155955
0.075	10.	1867.674099679624
0.075	10.100000000000001	1869.4160828312995
0.075	10.200000000000001	1871.151719345791
0.075	10.3	1872.8810538593398
0.075	10.4	1874.6041306718848
0.075	10.5	1876.3209937494842
0.075	10.600000000000001	1878.0316867273725
0.075	10.700000000000001	1879.7362529123427
0.075	10.8	1881.4347352846441
0.075	10.9	1883.1271765023898
0.075	11.	1884.8136189017082
0.075	11.100000000000001	1886.494104501666
0.075	11.200000000000001	1888.1686750046915
0.075	11.3	1889.837371800321
0.075	11.4	1891.5002359675868
0.075	11.5	1893.1573082766404
0.075	11.600000000000001	1894.8086291925244
0.075	11.700000000000001	1896.454238875612
0.075	11.8	1898.0941771866273
0.075	11.9	1899.728483686155
0.075	12.	1901.3571976392202
0.075	12.100000000000001	1902.9803580163152
0.075	12.200000000000001	1904.5980034967095
0.075	12.3	1906.2101724694644
0.075	12.4	1907.8169030372126
0.075	12.5	1909.4182330169529
0.075	12.600000000000001	1911.014199943036
0.075	12.700000000000001	1912.604841069473
0.075	12.8	1914.1901933723495
0.075	12.9	1915.7702935506998
0.075	13.	1917.345178030112
0.075	13.100000000000001	1918.9148829642447
0.075	13.200000000000001	1920.4794442370023
0.075	13.3	1922.0388974648247
0.075	13.4	1923.5932779983832
0.075	13.5	1925.1426209251142
0.075	13.600000000000001	1926.6869610708063
0.075	13.700000000000001	1928.226333002078
0.075	13.8	1929.7607710282314
0.075	13.9	1931.290309203274
0.075	14.	1932.8149813276443
0.075	14.100000000000001	1934.3348209507426
0.075	14.200000000000001	1935.8498613724291
0.075	14.3	1937.3601356451343
0.075	14.4	1938.8656765757853
0.075	14.5	1940.366516727637
0.075	14.600000000000001	1941.8626884222551
0.075	14.700000000000001	1943.3542237415754
0.075	14.8	1944.8411545294282
0.075	14.9	1946.3235123935385
0.075	15.	1947.8013287073459
0.075	15.100000000000001	1949.2746346120339
0.075	15.200000000000001	1950.7434610179178
0.075	15.3	1952.2078386066355
0.075	15.4	1953.6677978327273
0.075	15.5	1955.1233689255973
0.075	15.600000000000001	1956.5745818909356
0.075	15.700000000000001	1958.0214665126396
0.075	15.8	1959.4640523547575
0.075	15.9	1960.9023687626964
0.075	16.	1962.3364448654766
0.075	16.1	1963.7663095769572
0.075	16.2	1965.1919915978278
0.075	16.3	1966.613519417067
0.075	16.400000000000002	1968.0309213137905
0.075	16.5	1969.4442253583572
0.075	16.6	1970.8534594149305
0.075	16.7	1972.2586511420334
0.075	16.8	1973.6598279951545
0.075	16.900000000000002	1975.057017227241
0.075	17.	1976.4502458914067
0.075	17.1	1977.8395408415688
0.075	17.2	1979.224928734294
0.075	17.3	1980.606436030692
0.075	17.400000000000002	1981.9840889974591
0.075	17.5	1983.3579137084546
0.075	17.6	1984.727936046324
0.075	17.7	1986.0941817042324
0.075	17.8	1987.456676186705
0.075	17.900000000000002	1988.8154448115306
0.075	18.	1990.170512711232
0.075	18.1	1991.5219048342533
0.075	18.2	1992.8696459465125
0.075	18.3	1994.2137606329775
0.075	18.400000000000002	1995.5542732988242
0.075	18.5	1996.8912081708354
0.075	18.6	1998.2245892990259
0.075	18.7	1999.554440557564
0.075	18.8	2000.880785646817
0.075	18.900000000000002	2002.2036480939664
0.075	19.	2003.5230512548887
0.075	19.1	2004.839018315044
0.075	19.200000000000003	2006.1515722914278
0.075	19.3	2007.4607360328994
0.075	19.400000000000002	2008.7665322224832
0.075	19.5	2010.0689833781141
0.075	19.6	2011.3681118540585
0.075	19.700000000000003	2012.6639398418715
0.075	19.8	2013.9564893723784
0.075	19.900000000000002	2015.2457823159714
0.075	20.	2016.5318403847434
0.075	20.1	2017.8146851329184
0.075	20.200000000000003	2019.0943379589874
0.075	20.3	2020.3708201057445
0.075	20.400000000000002	2021.6441526626743
0.075	20.5	2022.9143565662105
0.075	20.6	2024.1814526014507
0.075	20.700000000000003	2025.4454614031638
0.075	20.8	2026.706403456995
0.075	20.900000000000002	2027.9642991004637
0.075	21.	2029.2191685240841
0.075	21.1	2030.4710317730487
0.075	21.200000000000003	2031.7199087475403
0.075	21.3	2032.9658192043228
0.075	21.400000000000002	2034.2087827577946
0.075	21.5	2035.4488188812122
0.075	21.6	2036.685946907283
0.075	21.700000000000003	2037.9201860296685
0.075	21.8	2039.1515553042277
0.075	21.900000000000002	2040.3800736494848
0.075	22.	2041.6057598481957
0.075	22.1	2042.828632548031
0.075	22.200000000000003	2044.048710263045
0.075	22.3	2045.2660113741238
0.075	22.400000000000002	2046.480554130686
0.075	22.5	2047.6923566511034
0.075	22.6	2048.9014369241177
0.075	22.700000000000003	2050.107812809317
0.075	22.8	2051.311502038824
0.075	22.900000000000002	2052.512522217779
0.075	23.	2053.7108908254845
0.075	23.1	2054.906625216323
0.075	23.200000000000003	2056.099742620719
0.075	23.3	2057.290260146153
0.075	23.400000000000002	2058.478194778023
0.075	23.5	2059.6635633805904
0.075	23.6	2060.8463826980283
0.075	23.700000000000003	2062.026669354859
0.075	23.8	2063.2044398579374
0.075	23.900000000000002	2064.3797105959384
0.075	24.	2065.5524978416106
0.075	24.1	2066.7228177514526
0.075	24.200000000000003	2067.8906863677257
0.075	24.3	2069.056119618372
0.075	24.400000000000002	2070.219133318663
0.075	24.5	2071.3797431712155
0.075	24.6	2072.537964768019
0.075	24.700000000000003	2073.6938135898463
0.075	24.8	2074.8473050083758
0.075	24.900000000000002	2075.9984542863504
0.075	25.	2077.147276578607
0.075	25.1	2078.293786932625
0.075	25.200000000000003	2079.438000290029
0.075	25.3	2080.579931486295
0.075	25.400000000000002	2081.7195952527813
0.075	25.5	2082.857006216749
0.075	25.6	2083.9921789021764
0.075	25.700000000000003	2085.1251277308315
0.075	25.8	2086.255867023083
0.075	25.900000000000002	2087.3844109982415
0.075	26.	2088.510773775842
0.075	26.1	2089.6349693760676
0.075	26.200000000000003	2090.757011720462
0.075	26.3	2091.876914633169
0.075	26.400000000000002	2092.9946918409164
0.075	26.5	2094.110356974363
0.075	26.6	2095.2239235686347
0.075	26.700000000000003	2096.33540506414
0.075	26.8	2097.44481480678
0.075	26.900000000000002	2098.5521660495583
0.075	27.	2099.657471952574
0.075	27.1	2100.7607455836555
0.075	27.200000000000003	2101.8619999199054
0.075	27.3	2102.9612478474287
0.075	27.400000000000002	2104.058502162607
0.075	27.5	2105.1537755725917
0.075	27.6	2106.2470806956026
0.075	27.700000000000003	2107.3384300625967
0.075	27.8	2108.4278361168554
0.075	27.900000000000002	2109.5153112152425
0.075	28.	2110.600867628701
0.075	28.1	2111.684517542837
0.075	28.200000000000003	2112.7662730586057
0.075	28.3	2113.8461461932734
0.075	28.400000000000002	2114.924148880318
0.075	28.5	2116.000292970835
0.075	28.6	2117.0745902335907
0.075	28.700000000000003	2118.147052355896
0.075	28.8	2119.217690944402
0.075	28.900000000000002	2120.2865175251113
0.075	29.	2121.353543544836
0.075	29.1	2122.4187803708573
0.075	29.200000000000003	2123.482239292255
0.075	29.3	2124.543931520025
0.075	29.400000000000002	2125.6038681881446
0.075	29.5	2126.6620603536517
0.075	29.6	2127.718518997406
0.075	29.700000000000003	2128.7732550249325
0.075	29.8	2129.826279266443
0.075	29.900000000000002	2130.8776024778435
0.075	30.	2131.927235341133
0.075	30.1	2132.975188465126
0.075	30.200000000000003	2134.021472385472
0.075	30.3	2135.0660975658952
0.075	30.400000000000002	2136.109074398204
0.075	30.5	2137.150413203097
0.075	30.6	2138.190124230753
0.075	30.700000000000003	2139.2282176610543
0.075	30.8	2140.2647036044236
0.075	30.900000000000002	2141.299592101971
0.075	31.	2142.3328931265396
0.075	31.1	2143.3646165827254
0.075	31.200000000000003	2144.3947723075253
0.075	31.3	2145.423370071143
0.075	31.400000000000002	2146.450419576944
0.075	31.5	2147.475930462383
0.075	31.6	2148.4999122993754
0.075	31.700000000000003	2149.5223745946155
0.075	31.8	2150.5433267903923
0.075	31.900000000000002	2151.5627782648144
0.075	32.	2152.580738332118
0.075	32.1	2153.597216243632
0.075	32.2	2154.6122211879915
0.075	32.300000000000004	2155.6257622914213
0.075	32.4	2156.637848618387
0.075	32.5	2157.6484891721484
0.075	32.6	2158.65769289505
0.075	32.7	2159.6654686689594
0.075	32.800000000000004	2160.6718253157405
0.075	32.9	2161.6767715977107
0.075	33.	2162.6803162183305
0.075	33.1	2163.68246782216
0.075	33.2	2164.6832349956094
0.075	33.300000000000004	2165.68262626721
0.075	33.4	2166.680650108187
0.075	33.5	2167.6773149327178
0.075	33.6	2168.6726290986144
0.075	33.7	2169.6666009073742
0.075	33.800000000000004	2170.6592386051047
0.075	33.9	2171.6505503821795
0.075	34.	2172.6405443742965
0.075	34.1	2173.6292286628486
0.075	34.2	2174.616611274626
0.075	34.300000000000004	2175.6027001832326
0.075	34.4	2176.5875033087664
0.075	34.5	2177.5710285183627
0.075	34.6	2178.5532836266
0.075	34.7	2179.5342763960543
0.075	34.800000000000004	2180.514014537424
0.075	34.9	2181.4925057100163
0.075	35.	2182.46975752233
0.075	35.1	2183.4457775319543
0.075	35.2	2184.4205732461946
0.075	35.300000000000004	2185.3941521227694
0.075	35.4	2186.366521569602
0.075	35.5	2187.337688945378
0.075	35.6	2188.307661560151
0.075	35.7	2189.2764466752146
0.075	35.800000000000004	2190.2440515042463
0.075	35.9	2191.2104832125815
0.075	36.	2192.1757489185957
0.075	36.1	2193.1398556933013
0.075	36.2	2194.10281056103
0.075	36.300000000000004	2195.0646204997784
0.075	36.4	2196.0252924413167
0.075	36.5	2196.9848332719857
0.075	36.6	2197.943249832487
0.075	36.7	2198.9005489183937
0.075	36.800000000000004	2199.856737280676
0.075	36.9	2200.8118216260427
0.075	37.	2201.7658086166007
0.075	37.1	2202.7187048712467
0.075	37.2	2203.670516964948
0.075	37.300000000000004	2204.6212514296044
0.075	37.4	2205.570914754682
0.075	37.5	2206.5195133865213
0.075	37.6	2207.467053729534
0.075	37.7	2208.413542146211
0.075	37.800000000000004	2209.3589849572754
0.075	37.9	2210.3033884422002
0.075	38.	2211.246758839568
0.075	38.1	2212.1891023468993
0.075	38.2	2213.1304251214474
0.075	38.300000000000004	2214.0707332805223
0.075	38.400000000000006	2215.0100329009947
0.075	38.5	2215.948330020866
0.075	38.6	2216.885630638147
0.075	38.7	2217.821940712263
0.075	38.800000000000004	2218.757266163811
0.075	38.900000000000006	2219.6916128747175
0.075	39.	2220.6249866890475
0.075	39.1	2221.5573934126287
0.075	39.2	2222.4888388139384
0.075	39.300000000000004	2223.4193286236264
0.075	39.400000000000006	2224.3488685357374
0.075	39.5	2225.277464207276
0.075	39.6	2226.2051212583315
0.075	39.7	2227.131845273149
0.075	39.800000000000004	2228.057641799523
0.075	39.900000000000006	2228.9825163497117
0.075	40.	2229.9064744001303
0.0775	0.	1649.8047135018523
0.0775	0.1	1652.4038661018444
0.0775	0.2	1654.9898515286338
0.0775	0.30000000000000004	1657.5627697106597
0.0775	0.4	1660.122719738168
0.0775	0.5	1662.6697998715201
0.0775	0.6000000000000001	1665.2041075506409
0.0775	0.7000000000000001	1667.725739403493
0.0775	0.8	1670.2347912541336
0.0775	0.9	1672.7313581315707
0.0775	1.	1675.2155342775236
0.0775	1.1	1677.6874131547977
0.0775	1.2000000000000002	1680.1470874549786
0.0775	1.3	1682.594649106624
0.0775	1.4000000000000001	1685.0301892824682
0.0775	1.5	1687.4537984068902
0.0775	1.6	1689.865566164012
0.0775	1.7000000000000002	1692.265581504394
0.0775	1.8	1694.6539326527325
0.0775	1.9000000000000001	1697.0307071139061
0.0775	2.	1699.3959916818671
0.0775	2.1	1701.7498724441723
0.0775	2.2	1704.0924347906148
0.0775	2.3000000000000003	1706.4237634192764
0.0775	2.4000000000000004	1708.7439423428816
0.0775	2.5	1711.0530548954566
0.0775	2.6	1713.351183738861
0.0775	2.7	1715.638410868864
0.0775	2.8000000000000003	1717.9148176214017
0.0775	2.9000000000000004	1720.1804846789432
0.0775	3.	1722.435492076643
0.0775	3.1	1724.679919207233
0.0775	3.2	1726.913844828632
0.0775	3.3000000000000003	1729.1373470683068
0.0775	3.4000000000000004	1731.3505034295974
0.0775	3.5	1733.553390797397
0.0775	3.6	1735.746085443594
0.0775	3.7	1737.9286630327585
0.0775	3.8000000000000003	1740.1011986275032
0.0775	3.9000000000000004	1742.26376669377
0.0775	4.	1744.4164411061895
0.0775	4.1000000000000005	1746.5592951534604
0.0775	4.2	1748.6924015433763
0.0775	4.3	1750.815832407827
0.0775	4.4	1752.9296593080471
0.0775	4.5	1755.0339532401895
0.0775	4.6000000000000005	1757.1287846387072
0.0775	4.7	1759.2142233831014
0.0775	4.800000000000001	1761.290338801186
0.0775	4.9	1763.3571996749254
0.0775	5.	1765.4148742444447
0.0775	5.1000000000000005	1767.4634302134207
0.0775	5.2	1769.5029347526097
0.0775	5.300000000000001	1771.5334545057372
0.0775	5.4	1773.5550555929537
0.0775	5.5	1775.567803615957
0.0775	5.6000000000000005	1777.5717636616764
0.0775	5.7	1779.567000307836
0.0775	5.800000000000001	1781.5535776259567
0.0775	5.9	1783.5315591860353
0.0775	6.	1785.5010080616485
0.0775	6.1000000000000005	1787.4619868331515
0.0775	6.2	1789.4145575915281
0.0775	6.300000000000001	1791.3587819440738
0.0775	6.4	1793.294721016697
0.0775	6.5	1795.2224354590303
0.0775	6.6000000000000005	1797.1419854479436
0.0775	6.7	1799.0534306915347
0.0775	6.800000000000001	1800.9568304335476
0.0775	6.9	1802.852243455786
0.0775	7.	1804.7397280843215
0.0775	7.1000000000000005	1806.619342190497
0.0775	7.2	1808.4911431969704
0.0775	7.300000000000001	1810.3551880799812
0.0775	7.4	1812.2115333741324
0.0775	7.5	1814.0602351748134
0.0775	7.6000000000000005	1815.9013491429523
0.0775	7.7	1817.7349305074943
0.0775	7.800000000000001	1819.561034070134
0.0775	7.9	1821.3797142080075
0.0775	8.	1823.191024876889
0.0775	8.1	1824.9950196159095
0.0775	8.200000000000001	1826.7917515496035
0.0775	8.3	1828.5812733916077
0.0775	8.4	1830.3636374490886
0.0775	8.5	1832.1388956245225
0.0775	8.6	1833.9070994198178
0.0775	8.700000000000001	1835.6682999391514
0.0775	8.8	1837.4225478930575
0.0775	8.9	1839.169893600452
0.0775	9.	1840.9103869924018
0.0775	9.1	1842.644077615796
0.0775	9.200000000000001	1844.3710146353844
0.0775	9.3	1846.091246837082
0.0775	9.4	1847.8048226318954
0.0775	9.5	1849.5117900582413
0.0775	9.600000000000001	1851.2121967847472
0.0775	9.700000000000001	1852.9060901138737
0.0775	9.8	1854.5935169844527
0.0775	9.9	1856.274523974666
0.0775	10.	1857.949157304854
0.0775	10.100000000000001	1859.6174628404965
0.0775	10.200000000000001	1861.2794860958484
0.0775	10.3	1862.9352722346994
0.0775	10.4	1864.5848660754011
0.0775	10.5	1866.2283120926882
0.0775	10.600000000000001	1867.865654419774
0.0775	10.700000000000001	1869.4969368528425
0.0775	10.8	1871.1222028515674
0.0775	10.9	1872.741495543707
0.0775	11.	1874.3548577266713
0.0775	11.100000000000001	1875.962331870461
0.0775	11.200000000000001	1877.5639601203225
0.0775	11.3	1879.1597842992608
0.0775	11.4	1880.749845910509
0.0775	11.5	1882.334186140812
0.0775	11.600000000000001	1883.9128458617126
0.0775	11.700000000000001	1885.485865633214
0.0775	11.8	1887.0532857053229
0.0775	11.9	1888.6151460211468
0.0775	12.	1890.1714862195313
0.0775	12.100000000000001	1891.7223456365675
0.0775	12.200000000000001	1893.2677633089968
0.0775	12.3	1894.8077779756006
0.0775	12.4	1896.3424280812055
0.0775	12.5	1897.871751776671
0.0775	12.600000000000001	1899.3957869230976
0.0775	12.700000000000001	1900.9145710938537
0.0775	12.8	1902.4281415759756
0.0775	12.9	1903.9365353732217
0.0775	13.	1905.4397892083484
0.0775	13.100000000000001	1906.9379395245903
0.0775	13.200000000000001	1908.431022489298
0.0775	13.3	1909.919073994317
0.0775	13.4	1911.4021296594656
0.0775	13.5	1912.880224834298
0.0775	13.600000000000001	1914.353394600573
0.0775	13.700000000000001	1915.8216737736448
0.0775	13.8	1917.2850969051133
0.0775	13.9	1918.743698285201
0.0775	14.	1920.1975119438391
0.0775	14.100000000000001	1921.6465716539312
0.0775	14.200000000000001	1923.090910932364
0.0775	14.3	1924.5305630426305
0.0775	14.4	1925.9655609969252
0.0775	14.5	1927.3959375574811
0.0775	14.600000000000001	1928.8217252391555
0.0775	14.700000000000001	1930.2429563113412
0.0775	14.8	1931.659662799541
0.0775	14.9	1933.0718764875376
0.0775	15.	1934.4796289196688
0.0775	15.100000000000001	1935.8829514017323
0.0775	15.200000000000001	1937.2818750040851
0.0775	15.3	1938.6764305625672
0.0775	15.4	1940.0666486808173
0.0775	15.5	1941.452559732089
0.0775	15.600000000000001	1942.8341938607252
0.0775	15.700000000000001	1944.21158098455
0.0775	15.8	1945.5847507961132
0.0775	15.9	1946.9537327649912
0.0775	16.	1948.3185561387913
0.0775	16.1	1949.6792499457774
0.0775	16.2	1951.0358429961582
0.0775	16.3	1952.3883638836348
0.0775	16.400000000000002	1953.7368409875148
0.0775	16.5	1955.0813024742224
0.0775	16.6	1956.4217762989583
0.0775	16.7	1957.7582902073327
0.0775	16.8	1959.090871737215
0.0775	16.900000000000002	1960.4195482201158
0.0775	17.	1961.7443467829994
0.0775	17.1	1963.0652943499194
0.0775	17.2	1964.382417643391
0.0775	17.3	1965.6957431861674
0.0775	17.400000000000002	1967.0052973028717
0.0775	17.5	1968.3111061214822
0.0775	17.6	1969.613195574775
0.0775	17.7	1970.9115914021015
0.0775	17.8	1972.2063191505931
0.0775	17.900000000000002	1973.4974041769174
0.0775	18.	1974.7848716489382
0.0775	18.1	1976.0687465466058
0.0775	18.2	1977.349053664343
0.0775	18.3	1978.6258176113186
0.0775	18.400000000000002	1979.899062814217
0.0775	18.5	1981.1688135176719
0.0775	18.6	1982.4350937861484
0.0775	18.7	1983.697927505179
0.0775	18.8	1984.957338383206
0.0775	18.900000000000002	1986.2133499522056
0.0775	19.	1987.4659855696425
0.0775	19.1	1988.7152684200778
0.0775	19.200000000000003	1989.9612215156405
0.0775	19.3	1991.203867698274
0.0775	19.400000000000002	1992.4432296403884
0.0775	19.5	1993.6793298469033
0.0775	19.6	1994.912190655844
0.0775	19.700000000000003	1996.1418342401805
0.0775	19.8	1997.3682826088543
0.0775	19.900000000000002	1998.5915576081693
0.0775	20.	1999.8116809230305
0.0775	20.1	2001.0286740781319
0.0775	20.200000000000003	2002.2425584395464
0.0775	20.3	2003.4533552156372
0.0775	20.400000000000002	2004.6610854582177
0.0775	20.5	2005.865770064073
0.0775	20.6	2007.0674297762182
0.0775	20.700000000000003	2008.2660851846854
0.0775	20.8	2009.4617567281055
0.0775	20.900000000000002	2010.654464694914
0.0775	21.	2011.8442292239035
0.0775	21.1	2013.0310703066225
0.0775	21.200000000000003	2014.215007787182
0.0775	21.3	2015.3960613641764
0.0775	21.400000000000002	2016.5742505918117
0.0775	21.5	2017.7495948807089
0.0775	21.6	2018.9221134994
0.0775	21.700000000000003	2020.0918255749843
0.0775	21.8	2021.258750094804
0.0775	21.900000000000002	2022.4229059069994
0.0775	22.	2023.584311721852
0.0775	22.1	2024.7429861130324
0.0775	22.200000000000003	2025.8989475182834
0.0775	22.3	2027.0522142406028
0.0775	22.400000000000002	2028.202804449707
0.0775	22.5	2029.350736182508
0.0775	22.6	2030.496027344268
0.0775	22.700000000000003	2031.638695709911
0.0775	22.8	2032.7787589250172
0.0775	22.900000000000002	2033.916234506176
0.0775	23.	2035.0511398430267
0.0775	23.1	2036.1834921983937
0.0775	23.200000000000003	2037.3133087097508
0.0775	23.3	2038.4406063900044
0.0775	23.400000000000002	2039.5654021285804
0.0775	23.5	2040.6877126919842
0.0775	23.6	2041.807554725622
0.0775	23.700000000000003	2042.9249447538919
0.0775	23.8	2044.0398991812572
0.0775	23.900000000000002	2045.1524342937357
0.0775	24.	2046.2625662593691
0.0775	24.1	2047.3703111290338
0.0775	24.200000000000003	2048.475684837608
0.0775	24.3	2049.578703204917
0.0775	24.400000000000002	2050.6793819364907
0.0775	24.5	2051.7777366242935
0.0775	24.6	2052.8737827479717
0.0775	24.700000000000003	2053.9675356754337
0.0775	24.8	2055.0590106641066
0.0775	24.900000000000002	2056.1482228608493
0.0775	25.	2057.235187304324
0.0775	25.1	2058.3199189241473
0.0775	25.200000000000003	2059.4024325432674
0.0775	25.3	2060.4827428776844
0.0775	25.400000000000002	2061.560864537658
0.0775	25.5	2062.636812028737
0.0775	25.6	2063.7105997524777
0.0775	25.700000000000003	2064.782242006721
0.0775	25.8	2065.8517529874184
0.0775	25.900000000000002	2066.9191467881647
0.0775	26.	2067.98443740217
0.0775	26.1	2069.0476387224835
0.0775	26.200000000000003	2070.108764542295
0.0775	26.3	2071.1678285569074
0.0775	26.400000000000002	2072.2248443633316
0.0775	26.5	2073.27982546143
0.0775	26.6	2074.33278525534
0.0775	26.700000000000003	2075.3837370528768
0.0775	26.8	2076.432694067442
0.0775	26.900000000000002	2077.479669418305
0.0775	27.	2078.5246761312465
0.0775	27.1	2079.567727139247
0.0775	27.200000000000003	2080.6088352835327
0.0775	27.3	2081.648013314148
0.0775	27.400000000000002	2082.6852738902744
0.0775	27.5	2083.7206295814585
0.0775	27.6	2084.75409286792
0.0775	27.700000000000003	2085.7856761416992
0.0775	27.8	2086.8153917067275
0.0775	27.900000000000002	2087.8432517797532
0.0775	28.	2088.8692684915013
0.0775	28.1	2089.8934538863623
0.0775	28.200000000000003	2090.9158199239127
0.0775	28.3	2091.9363784791713
0.0775	28.400000000000002	2092.955141343099
0.0775	28.5	2093.9721202237974
0.0775	28.6	2094.9873267466623
0.0775	28.700000000000003	2096.0007724549673
0.0775	28.8	2097.012468810956
0.0775	28.900000000000002	2098.0224271959037
0.0775	29.	2099.030658911217
0.0775	29.1	2100.037175178912
0.0775	29.200000000000003	2101.041987141652
0.0775	29.3	2102.04510586452
0.0775	29.400000000000002	2103.0465423343067
0.0775	29.5	2104.046307461213
0.0775	29.6	2105.0444120788334
0.0775	29.700000000000003	2106.0408669445733
0.0775	29.8	2107.0356827408273
0.0775	29.900000000000002	2108.0288700750775
0.0775	30.	2109.0204394807442
0.0775	30.1	2110.010401417476
0.0775	30.200000000000003	2110.9987662721014
0.0775	30.3	2111.985544358431
0.0775	30.400000000000002	2112.97074591899
0.0775	30.5	2113.954381124329
0.0775	30.6	2114.9364600744602
0.0775	30.700000000000003	2115.9169927989574
0.0775	30.8	2116.895989257313
0.0775	30.900000000000002	2117.8734593403574
0.0775	31.	2118.849412869536
0.0775	31.1	2119.823859598404
0.0775	31.200000000000003	2120.796809212726
0.0775	31.3	2121.7682713310674
0.0775	31.400000000000002	2122.7382555051795
0.0775	31.5	2123.706771220934
0.0775	31.6	2124.6738278979146
0.0775	31.700000000000003	2125.639434891232
0.0775	31.8	2126.603601490624
0.0775	31.900000000000002	2127.566336922176
0.0775	32.	2128.5276503476853
0.0775	32.1	2129.487550865978
0.0775	32.2	2130.4460475131727
0.0775	32.300000000000004	2131.403149262913
0.0775	32.4	2132.3588650269544
0.0775	32.5	2133.3132036558163
0.0775	32.6	2134.26617393896
0.0775	32.7	2135.21778460553
0.0775	32.800000000000004	2136.168044324575
0.0775	32.9	2137.116961705489
0.0775	33.	2138.064545298582
0.0775	33.1	2139.0108035955923
0.0775	33.2	2139.955745029893
0.0775	33.300000000000004	2140.899377977163
0.0775	33.4	2141.841710755661
0.0775	33.5	2142.7827516267016
0.0775	33.6	2143.722508795048
0.0775	33.7	2144.660990409369
0.0775	33.800000000000004	2145.5982045627243
0.0775	33.9	2146.534159292852
0.0775	34.	2147.4688625824665
0.0775	34.1	2148.402322360336
0.0775	34.2	2149.3345465005623
0.0775	34.300000000000004	2150.265542824064
0.0775	34.4	2151.1953190982567
0.0775	34.5	2152.123883037916
0.0775	34.6	2153.0512423051905
0.0775	34.7	2153.977404510272
0.0775	34.800000000000004	2154.9023772116097
0.0775	34.9	2155.826167916336
0.0775	35.	2156.748784080809
0.0775	35.1	2157.670233110751
0.0775	35.2	2158.590522361649
0.0775	35.300000000000004	2159.509659139214
0.0775	35.4	2160.427650699814
0.0775	35.5	2161.3445042508383
0.0775	35.6	2162.260226950736
0.0775	35.7	2163.174825909662
0.0775	35.800000000000004	2164.0883081900274
0.0775	35.9	2165.0006808063185
0.0775	36.	2165.9119507260025
0.0775	36.1	2166.822124869316
0.0775	36.2	2167.7312101101343
0.0775	36.300000000000004	2168.6392132759665
0.0775	36.4	2169.54614114852
0.0775	36.5	2170.4520004639567
0.0775	36.6	2171.3567979129507
0.0775	36.7	2172.2605401416995
0.0775	36.800000000000004	2173.1632337512488
0.0775	36.9	2174.064885298999
0.0775	37.	2174.965501297927
0.0775	37.1	2175.865088217943
0.0775	37.2	2176.7636524849904
0.0775	37.300000000000004	2177.6612004827625
0.0775	37.4	2178.5577385517845
0.0775	37.5	2179.4532729904254
0.0775	37.6	2180.347810054951
0.0775	37.7	2181.2413559601514
0.0775	37.800000000000004	2182.133916878981
0.0775	37.9	2183.0254989437108
0.0775	38.	2183.916108245398
0.0775	38.1	2184.805750834756
0.0775	38.2	2185.694432722316
0.0775	38.300000000000004	2186.582159878672
0.0775	38.400000000000006	2187.4689382347046
0.0775	38.5	2188.3547736817145
0.0775	38.6	2189.239672072568
0.0775	38.7	2190.1236392206115
0.0775	38.800000000000004	2191.006680900967
0.0775	38.900000000000006	2191.888802850869
0.0775	39.	2192.770010769023
0.0775	39.1	2193.6503103167584
0.0775	39.2	2194.5297071180735
0.0775	39.300000000000004	2195.4082067596223
0.0775	39.400000000000006	2196.2858147911606
0.0775	39.5	2197.162536726195
0.0775	39.6	2198.0383780415145
0.0775	39.7	2198.9133441779227
0.0775	39.800000000000004	2199.7874405404973
0.0775	39.900000000000006	2200.660672498752
0.0775	40.	2201.533045386749
0.08	0.	1647.7552564141665
0.08	0.1	1650.2770298884159
0.08	0.2	1652.7855671327588
0.08	0.30000000000000004	1655.2809705909133
0.08	0.4	1657.7633418356177
0.08	0.5	1660.2327815789656
0.08	0.6000000000000001	1662.6893896809433
0.08	0.7000000000000001	1665.1332651583698
0.08	0.8	1667.5645061939015
0.08	0.9	1669.9832101447676
0.08	1.	1672.3894735507313
0.08	1.1	1674.7833921433908
0.08	1.2000000000000002	1677.165060853613
0.08	1.3	1679.534573819957
0.08	1.4000000000000001	1681.892024396801
0.08	1.5	1684.237505161751
0.08	1.6	1686.5711079238417
0.08	1.7000000000000002	1688.8929237307
0.08	1.8	1691.2030428765431
0.08	1.9000000000000001	1693.5015549092095
0.08	2.	1695.788548637441
0.08	2.1	1698.0641121380816
0.08	2.2	1700.3283327632037
0.08	2.3000000000000003	1702.5812971472947
0.08	2.4000000000000004	1704.8230912133977
0.08	2.5	1707.0538001804186
0.08	2.6	1709.2735085698923
0.08	2.7	1711.4823002122419
0.08	2.8000000000000003	1713.6802582532891
0.08	2.9000000000000004	1715.8674651608762
0.08	3.	1718.044002730693
0.08	3.1	1720.2099520929198
0.08	3.2	1722.3653937187216
0.08	3.3000000000000003	1724.5104074254616
0.08	3.4000000000000004	1726.6450723826242
0.08	3.5	1728.7694671192867
0.08	3.6	1730.883669527675
0.08	3.7	1732.987756870695
0.08	3.8000000000000003	1735.0818057870274
0.08	3.9000000000000004	1737.165892296556
0.08	4.	1739.2400918058036
0.08	4.1000000000000005	1741.304479114132
0.08	4.2	1743.3591284180604
0.08	4.3	1745.4041133181813
0.08	4.4	1747.439506822599
0.08	4.5	1749.4653813535601
0.08	4.6000000000000005	1751.4818087520646
0.08	4.7	1753.4888602824938
0.08	4.800000000000001	1755.4866066392742
0.08	4.9	1757.4751179493715
0.08	5.	1759.454463779711
0.08	5.1000000000000005	1761.4247131406742
0.08	5.2	1763.3859344907164
0.08	5.300000000000001	1765.33819574234
0.08	5.4	1767.2815642654716
0.08	5.5	1769.2161068931573
0.08	5.6000000000000005	1771.141889925602
0.08	5.7	1773.0589791348216
0.08	5.800000000000001	1774.967439769562
0.08	5.9	1776.8673365588836
0.08	6.	1778.7587337179143
0.08	6.1000000000000005	1780.6416949504812
0.08	6.2	1782.5162834556818
0.08	6.300000000000001	1784.3825619294962
0.08	6.4	1786.2405925717594
0.08	6.5	1788.0904370881128
0.08	6.6000000000000005	1789.9321566955437
0.08	6.7	1791.7658121259851
0.08	6.800000000000001	1793.591463630397
0.08	6.9	1795.4091709831473
0.08	7.	1797.2189934855107
0.08	7.1000000000000005	1799.0209899698393
0.08	7.2	1800.8152188035608
0.08	7.300000000000001	1802.6017378929541
0.08	7.4	1804.3806046871036
0.08	7.5	1806.1518761819318
0.08	7.6000000000000005	1807.915608923323
0.08	7.7	1809.6718590112403
0.08	7.800000000000001	1811.4206821034895
0.08	7.9	1813.1621334191548
0.08	8.	1814.8962677430543
0.08	8.1	1816.623139427858
0.08	8.200000000000001	1818.3428023988104
0.08	8.3	1820.055310156857
0.08	8.4	1821.7607157825382
0.08	8.5	1823.4590719386754
0.08	8.6	1825.150430874502
0.08	8.700000000000001	1826.8348444286971
0.08	8.8	1828.5123640332695
0.08	8.9	1830.1830407160012
0.08	9.	1831.8469251044712
0.08	9.1	1833.5040674295847
0.08	9.200000000000001	1835.1545175279325
0.08	9.3	1836.7983248454977
0.08	9.4	1838.4355384408889
0.08	9.5	1840.0662069890259
0.08	9.600000000000001	1841.6903787828965
0.08	9.700000000000001	1843.308101737928
0.08	9.8	1844.9194233947335
0.08	9.9	1846.5243909219653
0.08	10.	1848.1230511195877
0.08	10.100000000000001	1849.7154504213456
0.08	10.200000000000001	1851.3016348985948
0.08	10.3	1852.8816502631053
0.08	10.4	1854.4555418689245
0.08	10.5	1856.0233547168516
0.08	10.600000000000001	1857.5851334561062
0.08	10.700000000000001	1859.1409223879157
0.08	10.8	1860.6907654677
0.08	10.9	1862.2347063087968
0.08	11.	1863.7727881841704
0.08	11.100000000000001	1865.3050540297238
0.08	11.200000000000001	1866.8315464475027
0.08	11.3	1868.3523077076281
0.08	11.4	1869.8673797510464
0.08	11.5	1871.37680419256
0.08	11.600000000000001	1872.8806223236936
0.08	11.700000000000001	1874.37887511453
0.08	11.8	1875.8716032168038
0.08	11.9	1877.358846966673
0.08	12.	1878.8406463867452
0.08	12.100000000000001	1880.3170411892443
0.08	12.200000000000001	1881.7880707777465
0.08	12.3	1883.2537742504046
0.08	12.4	1884.7141904023972
0.08	12.5	1886.1693577272965
0.08	12.600000000000001	1887.6193144209274
0.08	12.700000000000001	1889.0640983830217
0.08	12.8	1890.5037472199738
0.08	12.9	1891.9382982466961
0.08	13.	1893.3677884892504
0.08	13.100000000000001	1894.792254687678
0.08	13.200000000000001	1896.2117332972587
0.08	13.3	1897.626260491875
0.08	13.4	1899.0358721652235
0.08	13.5	1900.440603934377
0.08	13.600000000000001	1901.840491140811
0.08	13.700000000000001	1903.2355688532016
0.08	13.8	1904.6258718697136
0.08	13.9	1906.011434719846
0.08	14.	1907.3922916668055
0.08	14.100000000000001	1908.7684767096257
0.08	14.200000000000001	1910.1400235853243
0.08	14.3	1911.5069657710424
0.08	14.4	1912.8693364858727
0.08	14.5	1914.2271686933504
0.08	14.600000000000001	1915.5804951032821
0.08	14.700000000000001	1916.9293481736308
0.08	14.8	1918.2737601129545
0.08	14.9	1919.613762882098
0.08	15.	1920.949388196439
0.08	15.100000000000001	1922.2806675274671
0.08	15.200000000000001	1923.607632105154
0.08	15.3	1924.9303129196442
0.08	15.4	1926.2487407234173
0.08	15.5	1927.5629460329308
0.08	15.600000000000001	1928.8729591308145
0.08	15.700000000000001	1930.1788100675815
0.08	15.8	1931.4805286631192
0.08	15.9	1932.7781445096205
0.08	16.	1934.0716869720284
0.08	16.1	1935.361185191241
0.08	16.2	1936.6466680846095
0.08	16.3	1937.9281643488246
0.08	16.400000000000002	1939.2057024611515
0.08	16.5	1940.4793106810628
0.08	16.6	1941.7490170524322
0.08	16.7	1943.0148494048824
0.08	16.8	1944.2768353557972
0.08	16.900000000000002	1945.5350023118058
0.08	17.	1946.7893774705988
0.08	17.1	1948.0399878227004
0.08	17.2	1949.286860152721
0.08	17.3	1950.5300210416904
0.08	17.400000000000002	1951.7694968677908
0.08	17.5	1953.005313809035
0.08	17.6	1954.2374978439484
0.08	17.7	1955.4660747536864
0.08	17.8	1956.6910701236147
0.08	17.900000000000002	1957.9125093444782
0.08	18.	1959.1304176143883
0.08	18.1	1960.3448199404188
0.08	18.2	1961.5557411396435
0.08	18.3	1962.7632058409824
0.08	18.400000000000002	1963.9672384867347
0.08	18.5	1965.1678633343308
0.08	18.6	1966.365104456899
0.08	18.7	1967.558985745787
0.08	18.8	1968.7495309116034
0.08	18.900000000000002	1969.9367634853045
0.08	19.	1971.1207068204017
0.08	19.1	1972.3013840936737
0.08	19.200000000000003	1973.4788183068324
0.08	19.3	1974.6530322880387
0.08	19.400000000000002	1975.8240486934103
0.08	19.5	1976.9918900079308
0.08	19.6	1978.1565785470507
0.08	19.700000000000003	1979.3181364584639
0.08	19.8	1980.476585722536
0.08	19.900000000000002	1981.6319481544601
0.08	20.	1982.7842454053723
0.08	20.1	1983.9334989634299
0.08	20.200000000000003	1985.0797301552568
0.08	20.3	1986.222960147363
0.08	20.400000000000002	1987.36320994716
0.08	20.5	1988.5005004043883
0.08	20.6	1989.634852212453
0.08	20.700000000000003	1990.7662859096095
0.08	20.8	1991.894821879871
0.08	20.900000000000002	1993.0204803550682
0.08	21.	1994.1432814149316
0.08	21.1	1995.263244989493
0.08	21.200000000000003	1996.3803908591444
0.08	21.3	1997.494738656817
0.08	21.400000000000002	1998.6063078684424
0.08	21.5	1999.7151178345912
0.08	21.6	2000.8211877511899
0.08	21.700000000000003	2001.9245366713078
0.08	21.8	2003.0251835057109
0.08	21.900000000000002	2004.1231470238215
0.08	22.	2005.2184458560332
0.08	22.1	2006.3110984932105
0.08	22.200000000000003	2007.4011232890696
0.08	22.3	2008.4885384605816
0.08	22.400000000000002	2009.5733620893109
0.08	22.5	2010.6556121224444
0.08	22.6	2011.7353063739151
0.08	22.700000000000003	2012.812462525425
0.08	22.8	2013.887098127175
0.08	22.900000000000002	2014.9592305996903
0.08	23.	2016.0288772338808
0.08	23.1	2017.0960551929995
0.08	23.200000000000003	2018.1607815130621
0.08	23.3	2019.2230731037268
0.08	23.400000000000002	2020.2829467498088
0.08	23.5	2021.340419112232
0.08	23.6	2022.3955067284658
0.08	23.700000000000003	2023.4482260139296
0.08	23.8	2024.4985932631198
0.08	23.900000000000002	2025.5466246500985
0.08	24.	2026.592336229646
0.08	24.1	2027.6357439383726
0.08	24.200000000000003	2028.676863595336
0.08	24.3	2029.7157109034617
0.08	24.400000000000002	2030.75230144988
0.08	24.5	2031.7866507070237
0.08	24.6	2032.8187740339015
0.08	24.700000000000003	2033.8486866766498
0.08	24.8	2034.8764037691637
0.08	24.900000000000002	2035.9019403347259
0.08	25.	2036.9253112863144
0.08	25.1	2037.9465314273075
0.08	25.200000000000003	2038.9656154530771
0.08	25.3	2039.9825779512678
0.08	25.400000000000002	2040.9974334026515
0.08	25.5	2042.0101961822543
0.08	25.6	2043.0208805600435
0.08	25.700000000000003	2044.0295007017025
0.08	25.8	2045.0360706693232
0.08	25.900000000000002	2046.0406044227589
0.08	26.	2047.043115819804
0.08	26.1	2048.043618617442
0.08	26.200000000000003	2049.0421264721526
0.08	26.3	2050.038652941209
0.08	26.400000000000002	2051.0332114832004
0.08	26.5	2052.0258154590233
0.08	26.6	2053.016478132037
0.08	26.700000000000003	2054.0052126697906
0.08	26.8	2054.992032143953
0.08	26.900000000000002	2055.9769495312357
0.08	27.	2056.959977714471
0.08	27.1	2057.941129483193
0.08	27.200000000000003	2058.920417533951
0.08	27.3	2059.8978544718666
0.08	27.400000000000002	2060.8734528104824
0.08	27.5	2061.8472249731876
0.08	27.6	2062.8191832931275
0.08	27.700000000000003	2063.789340014941
0.08	27.8	2064.7577072946037
0.08	27.900000000000002	2065.7242972001827
0.08	28.	2066.6891217133484
0.08	28.1	2067.652192728699
0.08	28.200000000000003	2068.613522055892
0.08	28.3	2069.5731214190955
0.08	28.400000000000002	2070.531002458434
0.08	28.5	2071.487176730105
0.08	28.6	2072.4416557075997
0.08	28.700000000000003	2073.3944507817864
0.08	28.8	2074.345573261762
0.08	28.900000000000002	2075.2950343757802
0.08	29.	2076.242845271478
0.08	29.1	2077.189017016571
0.08	29.200000000000003	2078.1335605996765
0.08	29.3	2079.076486930548
0.08	29.400000000000002	2080.0178068413825
0.08	29.5	2080.9575310865957
0.08	29.6	2081.8956703439285
0.08	29.700000000000003	2082.8322352148207
0.08	29.8	2083.767236225033
0.08	29.900000000000002	2084.700683825756
0.08	30.	2085.6325883930895
0.08	30.1	2086.562960229592
0.08	30.200000000000003	2087.491809564534
0.08	30.3	2088.4191465542517
0.08	30.400000000000002	2089.3449812830313
0.08	30.5	2090.269323763457
0.08	30.6	2091.192183936979
0.08	30.700000000000003	2092.113571674717
0.08	30.8	2093.0334967776007
0.08	30.900000000000002	2093.9519689770946
0.08	31.	2094.8689979359315
0.08	31.1	2095.784593248283
0.08	31.200000000000003	2096.698764440657
0.08	31.3	2097.6115209717223
0.08	31.400000000000002	2098.5228722339652
0.08	31.5	2099.4328275530606
0.08	31.6	2100.3413961891356
0.08	31.700000000000003	2101.248587336923
0.08	31.8	2102.1544101264144
0.08	31.900000000000002	2103.0588736230966
0.08	32.	2103.9619868288223
0.08	32.1	2104.8637586820796
0.08	32.2	2105.7641980585313
0.08	32.300000000000004	2106.6633137712815
0.08	32.4	2107.5611145718194
0.08	32.5	2108.4576091500226
0.08	32.6	2109.352806134927
0.08	32.7	2110.2467140948224
0.08	32.800000000000004	2111.139341538442
0.08	32.9	2112.0306969145518
0.08	33.	2112.9207886128747
0.08	33.1	2113.809624964475
0.08	33.2	2114.697214242284
0.08	33.300000000000004	2115.583564661422
0.08	33.4	2116.46868437959
0.08	33.5	2117.3525814976633
0.08	33.6	2118.23526405992
0.08	33.7	2119.116740054621
0.08	33.800000000000004	2119.997017414665
0.08	33.9	2120.8761040172703
0.08	34.	2121.754007685177
0.08	34.1	2122.630736186889
0.08	34.2	2123.506297236409
0.08	34.300000000000004	2124.380698494881
0.08	34.4	2125.253947569654
0.08	34.5	2126.1260520158676
0.08	34.6	2126.997019335784
0.08	34.7	2127.866856980125
0.08	34.800000000000004	2128.7355723480314
0.08	34.9	2129.6031727870086
0.08	35.	2130.469665594311
0.08	35.1	2131.335058016523
0.08	35.2	2132.1993572502483
0.08	35.300000000000004	2133.062570442332
0.08	35.4	2133.924704690388
0.08	35.5	2134.7857670432845
0.08	35.6	2135.6457645011274
0.08	35.7	2136.504704015851
0.08	35.800000000000004	2137.3625924915477
0.08	35.9	2138.219436785181
0.08	36.	2139.0752437060264
0.08	36.1	2139.9300200170437
0.08	36.2	2140.7837724346805
0.08	36.300000000000004	2141.6365076292827
0.08	36.4	2142.4882322253384
0.08	36.5	2143.3389528021717
0.08	36.6	2144.1886758939104
0.08	36.7	2145.037407990124
0.08	36.800000000000004	2145.88515553603
0.08	36.9	2146.731924932392
0.08	37.	2147.577722536929
0.08	37.1	2148.42255466334
0.08	37.2	2149.266427582618
0.08	37.300000000000004	2150.1093475228076
0.08	37.4	2150.951320669777
0.08	37.5	2151.7923531670954
0.08	37.6	2152.632451116442
0.08	37.7	2153.47162057821
0.08	37.800000000000004	2154.3098675714596
0.08	37.9	2155.1471980743227
0.08	38.	2155.9836180245757
0.08	38.1	2156.819133319523
0.08	38.2	2157.653749816482
0.08	38.300000000000004	2158.4874733331485
0.08	38.400000000000006	2159.3203096478987
0.08	38.5	2160.152264499594
0.08	38.6	2160.9833435890087
0.08	38.7	2161.813552577562
0.08	38.800000000000004	2162.642897088991
0.08	38.900000000000006	2163.471382708961
0.08	39.	2164.299014985231
0.08	39.1	2165.1257994284065
0.08	39.2	2165.9517415117116
0.08	39.300000000000004	2166.776846671742
0.08	39.400000000000006	2167.6011203082576
0.08	39.5	2168.4245677849367
0.08	39.6	2169.2471944291874
0.08	39.7	2170.0690055327314
0.08	39.800000000000004	2170.890006351756
0.08	39.900000000000006	2171.710202107098
0.08	40.	2172.5295979846474
0.0825	0.	1645.8317498031247
0.0825	0.1	1648.2738061693146
0.0825	0.2	1650.7025537722252
0.0825	0.30000000000000004	1653.118097717147
0.0825	0.4	1655.5205422043334
0.0825	0.5	1657.9099905387202
0.0825	0.6000000000000001	1660.2865451403518
0.0825	0.7000000000000001	1662.650307553079
0.0825	0.8	1665.0013784531905
0.0825	0.9	1667.3398576593677
0.0825	1.	1669.6658441412842
0.0825	1.1	1671.9794360279225
0.0825	1.2000000000000002	1674.280730616478
0.0825	1.3	1676.5698243811048
0.0825	1.4000000000000001	1678.8468129802443
0.0825	1.5	1681.1117912658415
0.0825	1.6	1683.3648532910745
0.0825	1.7000000000000002	1685.6060923178397
0.0825	1.8	1687.8356008252067
0.0825	1.9000000000000001	1690.053470516594
0.0825	2.	1692.2597923277808
0.0825	2.1	1694.4546564338757
0.0825	2.2	1696.6381522573386
0.0825	2.3000000000000003	1698.8103684745759
0.0825	2.4000000000000004	1700.971393023499
0.0825	2.5	1703.1213131102136
0.0825	2.6	1705.2602152164784
0.0825	2.7	1707.3881851061642
0.0825	2.8000000000000003	1709.505307832338
0.0825	2.9000000000000004	1711.6116677433065
0.0825	3.	1713.707348490067
0.0825	3.1	1715.7924330320043
0.0825	3.2	1717.8670036438189
0.0825	3.3000000000000003	1719.9311419220708
0.0825	3.4000000000000004	1721.9849287905568
0.0825	3.5	1724.0284445069983
0.0825	3.6	1726.0617686692024
0.0825	3.7	1728.0849802212022
0.0825	3.8000000000000003	1730.09815745883
0.0825	3.9000000000000004	1732.1013780354888
0.0825	4.	1734.0947189687085
0.0825	4.1000000000000005	1736.0782566448163
0.0825	4.2	1738.0520668255429
0.0825	4.3	1740.0162246530103
0.0825	4.4	1741.9708046555054
0.0825	4.5	1743.9158807530853
0.0825	4.6000000000000005	1745.851526262381
0.0825	4.7	1747.7778139027191
0.0825	4.800000000000001	1749.6948158006735
0.0825	4.9	1751.6026034960196
0.0825	5.	1753.5012479462257
0.0825	5.1000000000000005	1755.3908195318731
0.0825	5.2	1757.2713880617976
0.0825	5.300000000000001	1759.1430227779877
0.0825	5.4	1761.0057923601726
0.0825	5.5	1762.8597649313836
0.0825	5.6000000000000005	1764.7050080621693
0.0825	5.7	1766.541588775831
0.0825	5.800000000000001	1768.3695735527474
0.0825	5.9	1770.1890283354705
0.0825	6.	1772.0000185330184
0.0825	6.1000000000000005	1773.8026090255373
0.0825	6.2	1775.5968641693983
0.0825	6.300000000000001	1777.382847800223
0.0825	6.4	1779.1606232394558
0.0825	6.5	1780.9302532964766
0.0825	6.6000000000000005	1782.6918002753798
0.0825	6.7	1784.4453259764723
0.0825	6.800000000000001	1786.1908917035898
0.0825	6.9	1787.9285582658538
0.0825	7.	1789.6583859832378
0.0825	7.1000000000000005	1791.3804346898619
0.0825	7.2	1793.0947637394536
0.0825	7.300000000000001	1794.8014320071834
0.0825	7.4	1796.5004978963445
0.0825	7.5	1798.1920193403132
0.0825	7.6000000000000005	1799.876053807255
0.0825	7.7	1801.552658304188
0.0825	7.800000000000001	1803.2218893805425
0.0825	7.9	1804.883803132155
0.0825	8.	1806.5384552052396
0.0825	8.1	1808.1859007995101
0.0825	8.200000000000001	1809.8261946730547
0.0825	8.3	1811.4593911447828
0.0825	8.4	1813.0855440992082
0.0825	8.5	1814.7047069890605
0.0825	8.6	1816.3169328395588
0.0825	8.700000000000001	1817.9222742521233
0.0825	8.8	1819.5207834073944
0.0825	8.9	1821.1125120684467
0.0825	9.	1822.697511585965
0.0825	9.1	1824.2758328991201
0.0825	9.200000000000001	1825.8475265414015
0.0825	9.3	1827.4126426423488
0.0825	9.4	1828.971230931682
0.0825	9.5	1830.523340742738
0.0825	9.600000000000001	1832.069021014942
0.0825	9.700000000000001	1833.608320298114
0.0825	9.8	1835.1412867548568
0.0825	9.9	1836.6679681643639
0.0825	10.	1838.188411924668
0.0825	10.100000000000001	1839.7026650577325
0.0825	10.200000000000001	1841.2107742100306
0.0825	10.3	1842.7127856577777
0.0825	10.4	1844.2087453086797
0.0825	10.5	1845.6986987054675
0.0825	10.600000000000001	1847.1826910291795
0.0825	10.700000000000001	1848.6607671017118
0.0825	10.8	1850.1329713890514
0.0825	10.9	1851.599348003635
0.0825	11.	1853.0599407083314
0.0825	11.100000000000001	1854.5147929184136
0.0825	11.200000000000001	1855.9639477046521
0.0825	11.3	1857.4074477966578
0.0825	11.4	1858.8453355850418
0.0825	11.5	1860.277653124435
0.0825	11.600000000000001	1861.7044421361363
0.0825	11.700000000000001	1863.1257440110999
0.0825	11.8	1864.5415998129927
0.0825	11.9	1865.9520502798907
0.0825	12.	1867.3571358277302
0.0825	12.100000000000001	1868.756896553051
0.0825	12.200000000000001	1870.1513722346315
0.0825	12.3	1871.540602337233
0.0825	12.4	1872.924626014205
0.0825	12.5	1874.3034821088918
0.0825	12.600000000000001	1875.6772091581572
0.0825	12.700000000000001	1877.0458453948
0.0825	12.8	1878.40942874946
0.0825	12.9	1879.7679968539967
0.0825	13.	1881.1215870431474
0.0825	13.100000000000001	1882.4702363578704
0.0825	13.200000000000001	1883.8139815466102
0.0825	13.3	1885.1528590683263
0.0825	13.4	1886.4869050952327
0.0825	13.5	1887.8161555143458
0.0825	13.600000000000001	1889.1406459305726
0.0825	13.700000000000001	1890.4604116684075
0.0825	13.8	1891.7754877748807
0.0825	13.9	1893.0859090209865
0.0825	14.	1894.3917099049534
0.0825	14.100000000000001	1895.6929246535287
0.0825	14.200000000000001	1896.9895872249454
0.0825	14.3	1898.2817313108735
0.0825	14.4	1899.5693903381941
0.0825	14.5	1900.8525974718339
0.0825	14.600000000000001	1902.1313856167383
0.0825	14.700000000000001	1903.4057874194762
0.0825	14.8	1904.6758352712693
0.0825	14.9	1905.9415613090953
0.0825	15.	1907.2029974186148
0.0825	15.100000000000001	1908.4601752358055
0.0825	15.200000000000001	1909.713126149031
0.0825	15.3	1910.9618813010586
0.0825	15.4	1912.206471591375
0.0825	15.5	1913.4469276776965
0.0825	15.600000000000001	1914.6832799782756
0.0825	15.700000000000001	1915.9155586739964
0.0825	15.8	1917.1437937099092
0.0825	15.9	1918.368014797269
0.0825	16.	1919.5882514156272
0.0825	16.1	1920.8045328148746
0.0825	16.2	1922.016888016555
0.0825	16.3	1923.2253458162108
0.0825	16.400000000000002	1924.429934785236
0.0825	16.5	1925.6306832724104
0.0825	16.6	1926.8276194057582
0.0825	16.7	1928.0207710948944
0.0825	16.8	1929.2101660320216
0.0825	16.900000000000002	1930.3958316942535
0.0825	17.	1931.5777953451081
0.0825	17.1	1932.756084036275
0.0825	17.2	1933.9307246099002
0.0825	17.3	1935.1017436990855
0.0825	17.400000000000002	1936.2691677310565
0.0825	17.5	1937.4330229275593
0.0825	17.6	1938.5933353074176
0.0825	17.7	1939.750130687867
0.0825	17.8	1940.903434686187
0.0825	17.900000000000002	1942.053272721203
0.0825	18.	1943.199670015209
0.0825	18.1	1944.3426515954714
0.0825	18.2	1945.4822422957589
0.0825	18.3	1946.618466757802
0.0825	18.400000000000002	1947.7513494331467
0.0825	18.5	1948.8809145846403
0.0825	18.6	1950.007186287633
0.0825	18.7	1951.1301884318887
0.0825	18.8	1952.2499447231114
0.0825	18.900000000000002	1953.3664786841807
0.0825	19.	1954.4798136568515
0.0825	19.1	1955.589972803006
0.0825	19.200000000000003	1956.6969791063661
0.0825	19.3	1957.8008553740385
0.0825	19.400000000000002	1958.9016242373305
0.0825	19.5	1959.9993081539187
0.0825	19.6	1961.0939294090356
0.0825	19.700000000000003	1962.1855101165909
0.0825	19.8	1963.274072220771
0.0825	19.900000000000002	1964.359637497527
0.0825	20.	1965.442227555966
0.0825	20.1	1966.5218638391725
0.0825	20.200000000000003	1967.598567626443
0.0825	20.3	1968.6723600338412
0.0825	20.400000000000002	1969.7432620158436
0.0825	20.5	1970.8112943667459
0.0825	20.6	1971.8764777219658
0.0825	20.700000000000003	1972.9388325588436
0.0825	20.8	1973.9983791986867
0.0825	20.900000000000002	1975.055137807497
0.0825	21.	1976.1091283974079
0.0825	21.1	1977.160370827748
0.0825	21.200000000000003	1978.2088848069147
0.0825	21.3	1979.2546898925698
0.0825	21.400000000000002	1980.2978054938833
0.0825	21.5	1981.3382508719972
0.0825	21.6	1982.3760451417477
0.0825	21.700000000000003	1983.4112072723474
0.0825	21.8	1984.4437560888998
0.0825	21.900000000000002	1985.4737102737492
0.0825	22.	1986.5010883671612
0.0825	22.1	1987.5259087685733
0.0825	22.200000000000003	1988.548189738199
0.0825	22.3	1989.567949397495
0.0825	22.400000000000002	1990.5852057309369
0.0825	22.5	1991.5999765863842
0.0825	22.6	1992.6122796769644
0.0825	22.700000000000003	1993.62213258153
0.0825	22.8	1994.629552746291
0.0825	22.900000000000002	1995.6345574851491
0.0825	23.	1996.6371639817698
0.0825	23.1	1997.6373892896925
0.0825	23.200000000000003	1998.635250333817
0.0825	23.3	1999.6307639116212
0.0825	23.400000000000002	2000.6239466936327
0.0825	23.5	2001.614815225042
0.0825	23.6	2002.6033859263277
0.0825	23.700000000000003	2003.5896750943348
0.0825	23.8	2004.573698903649
0.0825	23.900000000000002	2005.5554734066777
0.0825	24.	2006.5350145358589
0.0825	24.1	2007.5123381034064
0.0825	24.200000000000003	2008.4874598030808
0.0825	24.3	2009.4603952111615
0.0825	24.400000000000002	2010.4311597867293
0.0825	24.5	2011.3997688732038
0.0825	24.6	2012.3662376991574
0.0825	24.700000000000003	2013.330581378823
0.0825	24.8	2014.2928149138368
0.0825	24.900000000000002	2015.2529531933305
0.0825	25.	2016.2110109953655
0.0825	25.1	2017.167002987279
0.0825	25.200000000000003	2018.1209437272894
0.0825	25.3	2019.0728476648942
0.0825	25.400000000000002	2020.0227291416686
0.0825	25.5	2020.9706023925085
0.0825	25.6	2021.9164815460601
0.0825	25.700000000000003	2022.8603806260699
0.0825	25.8	2023.8023135517635
0.0825	25.900000000000002	2024.7422941387624
0.0825	26.	2025.6803361001578
0.0825	26.1	2026.6164530472338
0.0825	26.200000000000003	2027.550658489989
0.0825	26.3	2028.4829658384936
0.0825	26.400000000000002	2029.4133884029964
0.0825	26.5	2030.3419393955091
0.0825	26.6	2031.2686319296788
0.0825	26.700000000000003	2032.1934790226494
0.0825	26.8	2033.1164935948864
0.0825	26.900000000000002	2034.0376884712841
0.0825	27.	2034.9570763821123
0.0825	27.1	2035.8746699636383
0.0825	27.200000000000003	2036.790481758578
0.0825	27.3	2037.7045242174427
0.0825	27.400000000000002	2038.6168096986594
0.0825	27.5	2039.5273504699142
0.0825	27.6	2040.436158708041
0.0825	27.700000000000003	2041.3432465007565
0.0825	27.8	2042.248625846453
0.0825	27.900000000000002	2043.1523086554507
0.0825	28.	2044.0543067507488
0.0825	28.1	2044.9546318680952
0.0825	28.200000000000003	2045.8532956574563
0.0825	28.3	2046.7503096832274
0.0825	28.400000000000002	2047.6456854248224
0.0825	28.5	2048.5394342779086
0.0825	28.6	2049.4315675544494
0.0825	28.700000000000003	2050.3220964835627
0.0825	28.8	2051.211032212472
0.0825	28.900000000000002	2052.098385806756
0.0825	29.	2052.984168251082
0.0825	29.1	2053.8683904501054
0.0825	29.200000000000003	2054.7510632286835
0.0825	29.3	2055.632197332817
0.0825	29.400000000000002	2056.5118034303864
0.0825	29.5	2057.389892111119
0.0825	29.6	2058.2664738880458
0.0825	29.700000000000003	2059.1415591974283
0.0825	29.8	2060.015158399867
0.0825	29.900000000000002	2060.8872817803363
0.0825	30.	2061.7579395495186
0.0825	30.1	2062.6271418436672
0.0825	30.200000000000003	2063.494898725595
0.0825	30.3	2064.3612201850547
0.0825	30.400000000000002	2065.226116139542
0.0825	30.5	2066.0895964347783
0.0825	30.6	2066.95167084504
0.0825	30.700000000000003	2067.812349073893
0.0825	30.8	2068.67164075494
0.0825	30.900000000000002	2069.5295554519334
0.0825	31.	2070.386102659925
0.0825	31.1	2071.2412918049586
0.0825	31.200000000000003	2072.09513224552
0.0825	31.3	2072.9476332724707
0.0825	31.400000000000002	2073.7988041095377
0.0825	31.5	2074.648653914432
0.0825	31.6	2075.497191778583
0.0825	31.700000000000003	2076.3444267284553
0.0825	31.8	2077.1903677251066
0.0825	31.900000000000002	2078.0350236657578
0.0825	32.	2078.878403383551
0.0825	32.1	2079.7205156479563
0.0825	32.2	2080.5613691661842
0.0825	32.300000000000004	2081.4009725824
0.0825	32.4	2082.2393344792836
0.0825	32.5	2083.076463378042
0.0825	32.6	2083.9123677387934
0.0825	32.7	2084.7470559611484
0.0825	32.800000000000004	2085.5805363849277
0.0825	32.9	2086.412817290135
0.0825	33.	2087.2439068977783
0.0825	33.1	2088.0738133704144
0.0825	33.2	2088.902544812113
0.0825	33.300000000000004	2089.7301092695716
0.0825	33.4	2090.5565147316806
0.0825	33.5	2091.3817691310583
0.0825	33.6	2092.2058803435025
0.0825	33.7	2093.0288561890334
0.0825	33.800000000000004	2093.850704432132
0.0825	33.9	2094.671432781963
0.0825	34.	2095.4910488933515
0.0825	34.1	2096.309560366448
0.0825	34.2	2097.126974747822
0.0825	34.300000000000004	2097.9432995304587
0.0825	34.4	2098.7585421544604
0.0825	34.5	2099.5727100072972
0.0825	34.6	2100.385810423919
0.0825	34.7	2101.197850687801
0.0825	34.800000000000004	2102.008838030776
0.0825	34.9	2102.81877963375
0.0825	35.	2103.627682627031
0.0825	35.1	2104.435554090509
0.0825	35.2	2105.242401054323
0.0825	35.300000000000004	2106.048230499195
0.0825	35.4	2106.853049356294
0.0825	35.5	2107.6568645087077
0.0825	35.6	2108.4596827906967
0.0825	35.7	2109.261510988629
0.0825	35.800000000000004	2110.0623558411853
0.0825	35.9	2110.8622240399363
0.0825	36.	2111.661122229407
0.0825	36.1	2112.459057007679
0.0825	36.2	2113.25603492633
0.0825	36.300000000000004	2114.052062491364
0.0825	36.4	2114.847146163348
0.0825	36.5	2115.6412923574317
0.0825	36.6	2116.434507444062
0.0825	36.7	2117.2267977491456
0.0825	36.800000000000004	2118.0181695545984
0.0825	36.9	2118.80862909828
0.0825	37.	2119.5981825748804
0.0825	37.1	2120.386836135625
0.0825	37.2	2121.1745958890165
0.0825	37.300000000000004	2121.961467901281
0.0825	37.4	2122.747458196108
0.0825	37.5	2123.532572755485
0.0825	37.6	2124.3168175199094
0.0825	37.7	2125.1001983885785
0.0825	37.800000000000004	2125.8827212196898
0.0825	37.9	2126.6643918308546
0.0825	38.	2127.4452159994644
0.0825	38.1	2128.2251994628987
0.0825	38.2	2129.004347918624
0.0825	38.300000000000004	2129.7826670248805
0.0825	38.400000000000006	2130.56016240069
0.0825	38.5	2131.3368396262927
0.0825	38.6	2132.112704243461
0.0825	38.7	2132.8877617554795
0.0825	38.800000000000004	2133.6620176280717
0.0825	38.900000000000006	2134.435477288724
0.0825	39.	2135.208146128087
0.0825	39.1	2135.980029499377
0.0825	39.2	2136.7511327190277
0.0825	39.300000000000004	2137.5214610669095
0.0825	39.400000000000006	2138.291019786566
0.0825	39.5	2139.0598140855204
0.0825	39.6	2139.8278491356805
0.0825	39.7	2140.5951300731645
0.0825	39.800000000000004	2141.361661999218
0.0825	39.900000000000006	2142.1274499799115
0.0825	40.	2142.8924990465234
0.085	0.	1644.0293632837756
0.085	0.1	1646.3893279645265
0.085	0.2	1648.7359080364015
0.085	0.30000000000000004	1651.069211418231
0.085	0.4	1653.389345088197
0.085	0.5	1655.6964150928886
0.085	0.6000000000000001	1657.990526557148
0.085	0.7000000000000001	1660.271783694844
0.085	0.8	1662.5402898175882
0.085	0.9	1664.7961473438525
0.085	1.	1667.0394578088885
0.085	1.1	1669.2703218738975
0.085	1.2000000000000002	1671.4888393341475
0.085	1.3	1673.6951091284834
0.085	1.4000000000000001	1675.8892293477463
0.085	1.5	1678.0712972435847
0.085	1.6	1680.2414092359809
0.085	1.7000000000000002	1682.399660922953
0.085	1.8	1684.5461470873263
0.085	1.9000000000000001	1686.6809617054473
0.085	2.	1688.8041979551224
0.085	2.1	1690.915948223252
0.085	2.2	1693.0163041133899
0.085	2.3000000000000003	1695.1053564536317
0.085	2.4000000000000004	1697.183195303898
0.085	2.5	1699.2499099632353
0.085	2.6	1701.3055889772934
0.085	2.7	1703.3503201451178
0.085	2.8000000000000003	1705.384190526741
0.085	2.9000000000000004	1707.4072864498733
0.085	3.	1709.4196935169077
0.085	3.1	1711.4214966110983
0.085	3.2	1713.4127799039716
0.085	3.3000000000000003	1715.3936268623295
0.085	3.4000000000000004	1717.3641202537174
0.085	3.5	1719.324342152936
0.085	3.6	1721.2743739498087
0.085	3.7	1723.214296353634
0.085	3.8000000000000003	1725.1441894009035
0.085	3.9000000000000004	1727.064132460477
0.085	4.	1728.974204240123
0.085	4.1000000000000005	1730.8744827922192
0.085	4.2	1732.7650455204223
0.085	4.3	1734.645969183892
0.085	4.4	1736.5173299054793
0.085	4.5	1738.3792031747735
0.085	4.6000000000000005	1740.231663855985
0.085	4.7	1742.0747861925886
0.085	4.800000000000001	1743.9086438123659
0.085	4.9	1745.7333097339758
0.085	5.	1747.5488563714434
0.085	5.1000000000000005	1749.355355540328
0.085	5.2	1751.152878462125
0.085	5.300000000000001	1752.941495769984
0.085	5.4	1754.7212775140779
0.085	5.5	1756.4922931663198
0.085	5.6000000000000005	1758.25461162546
0.085	5.7	1760.0083012229163
0.085	5.800000000000001	1761.7534297260268
0.085	5.9	1763.490064344869
0.085	6.	1765.2182717358824
0.085	6.1000000000000005	1766.9381180069365
0.085	6.2	1768.6496687224992
0.085	6.300000000000001	1770.3529889078413
0.085	6.4	1772.048143054036
0.085	6.5	1773.7351951223236
0.085	6.6000000000000005	1775.414208548932
0.085	6.7	1777.0852462495284
0.085	6.800000000000001	1778.748370623434
0.085	6.9	1780.4036435588407
0.085	7.	1782.0511264358825
0.085	7.1000000000000005	1783.6908801322957
0.085	7.2	1785.322965027409
0.085	7.300000000000001	1786.9474410055952
0.085	7.4	1788.5643674615378
0.085	7.5	1790.1738033040328
0.085	7.6000000000000005	1791.7758069598626
0.085	7.7	1793.3704363785641
0.085	7.800000000000001	1794.9577490354675
0.085	7.9	1796.5378019368118
0.085	8.	1798.1106516234363
0.085	8.1	1799.6763541741266
0.085	8.200000000000001	1801.2349652103305
0.085	8.3	1802.7865398995561
0.085	8.4	1804.3311329594203
0.085	8.5	1805.8687986618527
0.085	8.6	1807.3995908356528
0.085	8.700000000000001	1808.9235628718704
0.085	8.8	1810.440767725916
0.085	8.9	1811.9512579225325
0.085	9.	1813.4550855587195
0.085	9.1	1814.952302307779
0.085	9.200000000000001	1816.442959422504
0.085	9.3	1817.9271077390606
0.085	9.4	1819.4047976795953
0.085	9.5	1820.876079257782
0.085	9.600000000000001	1822.3410020798358
0.085	9.700000000000001	1823.7996153494516
0.085	9.8	1825.2519678708763
0.085	9.9	1826.6981080522432
0.085	10.	1828.1380839090416
0.085	10.100000000000001	1829.571943066425
0.085	10.200000000000001	1830.999732764382
0.085	10.3	1832.4214998594439
0.085	10.4	1833.8372908281622
0.085	10.5	1835.247151770901
0.085	10.600000000000001	1836.6511284144015
0.085	10.700000000000001	1838.0492661150643
0.085	10.8	1839.4416098627203
0.085	10.9	1840.8282042825165
0.085	11.	1842.2090936385137
0.085	11.100000000000001	1843.584321837309
0.085	11.200000000000001	1844.9539324301368
0.085	11.3	1846.3179686164528
0.085	11.4	1847.67647324631
0.085	11.5	1849.029488824244
0.085	11.600000000000001	1850.3770575109957
0.085	11.700000000000001	1851.7192211271527
0.085	11.8	1853.0560211557272
0.085	11.9	1854.3874987454938
0.085	12.	1855.713694712943
0.085	12.100000000000001	1857.0346495455115
0.085	12.200000000000001	1858.350403404438
0.085	12.3	1859.6609961271008
0.085	12.4	1860.9664672304882
0.085	12.5	1862.2668559132958
0.085	12.600000000000001	1863.562201057964
0.085	12.700000000000001	1864.8525412350261
0.085	12.8	1866.137914704073
0.085	12.9	1867.4183594175863
0.085	13.	1868.6939130223213
0.085	13.100000000000001	1869.9646128627821
0.085	13.200000000000001	1871.230495983692
0.085	13.3	1872.4915991317005
0.085	13.4	1873.7479587590922
0.085	13.5	1874.9996110250122
0.085	13.600000000000001	1876.2465917987588
0.085	13.700000000000001	1877.4889366621694
0.085	13.8	1878.7266809113003
0.085	13.9	1879.9598595597556
0.085	14.	1881.1885073403737
0.085	14.100000000000001	1882.4126587078915
0.085	14.200000000000001	1883.6323478410736
0.085	14.3	1884.847608645324
0.085	14.4	1886.058474754672
0.085	14.5	1887.2649795340171
0.085	14.600000000000001	1888.4671560817794
0.085	14.700000000000001	1889.665037231593
0.085	14.8	1890.858655554737
0.085	14.9	1892.0480433626856
0.085	15.	1893.2332327087006
0.085	15.100000000000001	1894.4142553903018
0.085	15.200000000000001	1895.5911429512348
0.085	15.3	1896.7639266837564
0.085	15.4	1897.9326376308268
0.085	15.5	1899.0973065879602
0.085	15.600000000000001	1900.2579641049506
0.085	15.700000000000001	1901.4146404890278
0.085	15.8	1902.5673658057378
0.085	15.9	1903.716169881498
0.085	16.	1904.86108230547
0.085	16.1	1906.0021324315755
0.085	16.2	1907.1393493804856
0.085	16.3	1908.27276204166
0.085	16.400000000000002	1909.4023990748622
0.085	16.5	1910.5282889125704
0.085	16.6	1911.6504597615879
0.085	16.7	1912.768939604996
0.085	16.8	1913.8837562039216
0.085	16.900000000000002	1914.994937099806
0.085	17.	1916.1025096153578
0.085	17.1	1917.2065008574345
0.085	17.2	1918.3069377182235
0.085	17.3	1919.4038468768715
0.085	17.400000000000002	1920.4972548017543
0.085	17.5	1921.5871877521233
0.085	17.6	1922.6736717792533
0.085	17.7	1923.756732729273
0.085	17.8	1924.8363962435906
0.085	17.900000000000002	1925.9126877619128
0.085	18.	1926.9856325226938
0.085	18.1	1928.055255565627
0.085	18.2	1929.121581733069
0.085	18.3	1930.1846356715666
0.085	18.400000000000002	1931.244441833693
0.085	18.5	1932.301024479512
0.085	18.6	1933.3544076779604
0.085	18.7	1934.4046153089776
0.085	18.8	1935.4516710646694
0.085	18.900000000000002	1936.4955984511437
0.085	19.	1937.5364207894552
0.085	19.1	1938.5741612180689
0.085	19.200000000000003	1939.6088426936835
0.085	19.3	1940.640487992877
0.085	19.400000000000002	1941.6691197135706
0.085	19.5	1942.6947602769665
0.085	19.6	1943.7174319284265
0.085	19.700000000000003	1944.7371567390785
0.085	19.8	1945.7539566073478
0.085	19.900000000000002	1946.767853260626
0.085	20.	1947.7788682561259
0.085	20.1	1948.7870229828857
0.085	20.200000000000003	1949.7923386625484
0.085	20.3	1950.7948363515138
0.085	20.400000000000002	1951.7945369413756
0.085	20.5	1952.7914611612873
0.085	20.6	1953.7856295783574
0.085	20.700000000000003	1954.7770625997928
0.085	20.8	1955.7657804736014
0.085	20.900000000000002	1956.751803290395
0.085	21.	1957.7351509842415
0.085	21.1	1958.7158433343236
0.085	21.200000000000003	1959.6938999660388
0.085	21.3	1960.6693403523134
0.085	21.400000000000002	1961.6421838149122
0.085	21.5	1962.6124495256263
0.085	21.6	1963.5801565072852
0.085	21.700000000000003	1964.5453236356066
0.085	21.8	1965.5079696397977
0.085	21.900000000000002	1966.468113103975
0.085	22.	1967.4257724683746
0.085	22.1	1968.380966030606
0.085	22.200000000000003	1969.333711946656
0.085	22.3	1970.2840282323177
0.085	22.400000000000002	1971.2319327641592
0.085	22.5	1972.1774432805532
0.085	22.6	1973.1205773828765
0.085	22.700000000000003	1974.061352537111
0.085	22.8	1974.9997860741878
0.085	22.900000000000002	1975.9358951916481
0.085	23.	1976.8696969545015
0.085	23.1	1977.8012082963824
0.085	23.200000000000003	1978.7304460205737
0.085	23.3	1979.6574268014385
0.085	23.400000000000002	1980.58216718466
0.085	23.5	1981.5046835892224
0.085	23.6	1982.424992307762
0.085	23.700000000000003	1983.343109508165
0.085	23.8	1984.2590512339634
0.085	23.900000000000002	1985.172833405817
0.085	24.	1986.084471822656
0.085	24.1	1986.9939821619612
0.085	24.200000000000003	1987.9013799814659
0.085	24.3	1988.8066807199518
0.085	24.400000000000002	1989.709899698071
0.085	24.5	1990.6110521193177
0.085	24.6	1991.5101530710692
0.085	24.700000000000003	1992.4072175255963
0.085	24.8	1993.3022603409895
0.085	24.900000000000002	1994.1952962618104
0.085	25.	1995.086339920641
0.085	25.1	1995.9754058381252
0.085	25.200000000000003	1996.8625084246685
0.085	25.3	1997.747661981014
0.085	25.400000000000002	1998.63088069892
0.085	25.5	1999.512178662595
0.085	25.6	2000.3915698489648
0.085	25.700000000000003	2001.2690681291103
0.085	25.8	2002.1446872684407
0.085	25.900000000000002	2003.0184409284968
0.085	26.	2003.8903426668242
0.085	26.1	2004.760405938483
0.085	26.200000000000003	2005.6286440965687
0.085	26.3	2006.4950703932209
0.085	26.400000000000002	2007.35969798026
0.085	26.5	2008.22253991008
0.085	26.6	2009.0836091365034
0.085	26.700000000000003	2009.9429185156516
0.085	26.8	2010.800480806274
0.085	26.900000000000002	2011.6563086712895
0.085	27.	2012.5104146779913
0.085	27.1	2013.3628112990466
0.085	27.200000000000003	2014.213510912939
0.085	27.3	2015.0625258054667
0.085	27.400000000000002	2015.9098681696657
0.085	27.5	2016.7555501070324
0.085	27.6	2017.5995836280545
0.085	27.700000000000003	2018.441980653259
0.085	27.8	2019.2827530135673
0.085	27.900000000000002	2020.121912451025
0.085	28.	2020.959470620046
0.085	28.1	2021.7954390871835
0.085	28.200000000000003	2022.6298293329749
0.085	28.3	2023.4626527516252
0.085	28.400000000000002	2024.2939206523283
0.085	28.5	2025.1236442596585
0.085	28.6	2025.9518347143805
0.085	28.700000000000003	2026.778503073942
0.085	28.8	2027.6036603135508
0.085	28.900000000000002	2028.4273173263266
0.085	29.	2029.2494849243665
0.085	29.1	2030.070173839002
0.085	29.200000000000003	2030.8893947217875
0.085	29.3	2031.707158145156
0.085	29.400000000000002	2032.5234746026988
0.085	29.5	2033.3383545102377
0.085	29.6	2034.1518082058917
0.085	29.700000000000003	2034.9638459514065
0.085	29.8	2035.7744779320724
0.085	29.900000000000002	2036.5837142578555
0.085	30.	2037.391564963782
0.085	30.1	2038.1980400103926
0.085	30.200000000000003	2039.0031492847183
0.085	30.3	2039.8069026004657
0.085	30.400000000000002	2040.6093096987377
0.085	30.5	2041.4103802489367
0.085	30.6	2042.2101238485504
0.085	30.700000000000003	2043.0085500248324
0.085	30.8	2043.805668234313
0.085	30.900000000000002	2044.6014878639583
0.085	31.	2045.396018231375
0.085	31.1	2046.1892685859575
0.085	31.200000000000003	2046.981248108575
0.085	31.3	2047.771965912785
0.085	31.400000000000002	2048.561431045137
0.085	31.5	2049.3496524856855
0.085	31.6	2050.1366391485394
0.085	31.700000000000003	2050.9223998822213
0.085	31.8	2051.7069434707505
0.085	31.900000000000002	2052.490278633291
0.085	32.	2053.272414025478
0.085	32.1	2054.053358239303
0.085	32.2	2054.833119804038
0.085	32.300000000000004	2055.611707186498
0.085	32.4	2056.3891287917013
0.085	32.5	2057.1653929631143
0.085	32.6	2057.940507983461
0.085	32.7	2058.7144820747303
0.085	32.800000000000004	2059.4873233994085
0.085	32.9	2060.2590400599515
0.085	33.	2061.0296401000783
0.085	33.1	2061.799131505049
0.085	33.2	2062.56752220179
0.085	33.300000000000004	2063.3348200596997
0.085	33.4	2064.1010328910147
0.085	33.5	2064.866168450934
0.085	33.6	2065.6302344387564
0.085	33.7	2066.3932384978148
0.085	33.800000000000004	2067.155188215617
0.085	33.9	2067.9160911253452
0.085	34.	2068.6759547050606
0.085	34.1	2069.4347863788935
0.085	34.2	2070.1925935173426
0.085	34.300000000000004	2070.949383437499
0.085	34.4	2071.7051634034783
0.085	34.5	2072.459940627284
0.085	34.6	2073.2137222684005
0.085	34.7	2073.966515434931
0.085	34.800000000000004	2074.7183271837907
0.085	34.9	2075.469164520872
0.085	35.	2076.219034401524
0.085	35.1	2076.96794373118
0.085	35.2	2077.71589936571
0.085	35.300000000000004	2078.462908111466
0.085	35.4	2079.2089767260177
0.085	35.5	2079.954111918267
0.085	35.6	2080.6983203491804
0.085	35.7	2081.4416086315787
0.085	35.800000000000004	2082.1839833313857
0.085	35.9	2082.9254509669013
0.085	36.	2083.6660180102485
0.085	36.1	2084.4056908868743
0.085	36.2	2085.144475976313
0.085	36.300000000000004	2085.8823796126544
0.085	36.4	2086.619408084697
0.085	36.5	2087.355567636041
0.085	36.6	2088.0908644661126
0.085	36.7	2088.8253047298745
0.085	36.800000000000004	2089.558894538319
0.085	36.9	2090.291639959251
0.085	37.	2091.0235470169337
0.085	37.1	2091.7546216927904
0.085	37.2	2092.4848699258255
0.085	37.300000000000004	2093.214297612708
0.085	37.4	2093.94291060822
0.085	37.5	2094.670714725715
0.085	37.6	2095.3977157369413
0.085	37.7	2096.1239193730976
0.085	37.800000000000004	2096.8493313243894
0.085	37.9	2097.573957240846
0.085	38.	2098.2978027326685
0.085	38.1	2099.0208733699264
0.085	38.2	2099.743174683717
0.085	38.300000000000004	2100.4647121656517
0.085	38.400000000000006	2101.1854912688177
0.085	38.5	2101.9055174077384
0.085	38.6	2102.624795958403
0.085	38.7	2103.3433322592405
0.085	38.800000000000004	2104.061131611015
0.085	38.900000000000006	2104.7781992767655
0.085	39.	2105.494540482865
0.085	39.1	2106.210160418684
0.085	39.2	2106.9250642372485
0.085	39.300000000000004	2107.6392570549724
0.085	39.400000000000006	2108.3527439526592
0.085	39.5	2109.0655299753416
0.085	39.6	2109.777620132652
0.085	39.7	2110.4890193988194
0.085	39.800000000000004	2111.199732713541
0.085	39.900000000000006	2111.9097649815526
0.085	40.	2112.6191210734405
0.08750000000000001	0.	1642.343159307935
0.08750000000000001	0.1	1644.618623960723
0.08750000000000001	0.2	1646.8806250235702
0.08750000000000001	0.30000000000000004	1649.1292733884122
0.08750000000000001	0.4	1651.3646789673269
0.08750000000000001	0.5	1653.5869507018692
0.08750000000000001	0.6000000000000001	1655.7961965739983
0.08750000000000001	0.7000000000000001	1657.9925236160577
0.08750000000000001	0.8	1660.1760379206669
0.08750000000000001	0.9	1662.3468446505549
0.08750000000000001	1.	1664.5050480480104
0.08750000000000001	1.1	1666.6507514452537
0.08750000000000001	1.2000000000000002	1668.7840572723467
0.08750000000000001	1.3	1670.905067067659
0.08750000000000001	1.4000000000000001	1673.0138814861666
0.08750000000000001	1.5	1675.1106003088498
0.08750000000000001	1.6	1677.195322450706
0.08750000000000001	1.7000000000000002	1679.2681459704283
0.08750000000000001	1.8	1681.3291680782334
0.08750000000000001	1.9000000000000001	1683.378485144541
0.08750000000000001	2.	1685.416192707832
0.08750000000000001	2.1	1687.4423854834154
0.08750000000000001	2.2	1689.4571573711783
0.08750000000000001	2.3000000000000003	1691.4606014630901
0.08750000000000001	2.4000000000000004	1693.4528100519178
0.08750000000000001	2.5	1695.4338746380681
0.08750000000000001	2.6	1697.4038859378222
0.08750000000000001	2.7	1699.3629338901267
0.08750000000000001	2.8000000000000003	1701.311107665263
0.08750000000000001	2.9000000000000004	1703.2484956702608
0.08750000000000001	3.	1705.1751855580126
0.08750000000000001	3.1	1707.0912642333144
0.08750000000000001	3.2	1708.9968178598651
0.08750000000000001	3.3000000000000003	1710.8919318678054
0.08750000000000001	3.4000000000000004	1712.7766909597085
0.08750000000000001	3.5	1714.6511791187845
0.08750000000000001	3.6	1716.5154796137745
0.08750000000000001	3.7	1718.3696750066622
0.08750000000000001	3.8000000000000003	1720.213847158839
0.08750000000000001	3.9000000000000004	1722.0480772380956
0.08750000000000001	4.	1723.872445723911
0.08750000000000001	4.1000000000000005	1725.6870324147446
0.08750000000000001	4.2	1727.4919164338144
0.08750000000000001	4.3	1729.287176235232
0.08750000000000001	4.4	1731.0728896101623
0.08750000000000001	4.5	1732.8491336927136
0.08750000000000001	4.6000000000000005	1734.6159849660721
0.08750000000000001	4.7	1736.373519268566
0.08750000000000001	4.800000000000001	1738.1218117986218
0.08750000000000001	4.9	1739.8609371210023
0.08750000000000001	5.	1741.5909691731804
0.08750000000000001	5.1000000000000005	1743.311981269626
0.08750000000000001	5.2	1745.0240461087537
0.08750000000000001	5.300000000000001	1746.727235777081
0.08750000000000001	5.4	1748.4216217554554
0.08750000000000001	5.5	1750.1072749244784
0.08750000000000001	5.6000000000000005	1751.7842655693235
0.08750000000000001	5.7	1753.452663385755
0.08750000000000001	5.800000000000001	1755.1125374842409
0.08750000000000001	5.9	1756.7639563962814
0.08750000000000001	6.	1758.4069880790466
0.08750000000000001	6.1000000000000005	1760.0416999196163
0.08750000000000001	6.2	1761.6681587415628
0.08750000000000001	6.300000000000001	1763.2864308090125
0.08750000000000001	6.4	1764.8965818309885
0.08750000000000001	6.5	1766.4986769677005
0.08750000000000001	6.6000000000000005	1768.0927808338747
0.08750000000000001	6.7	1769.6789575046214
0.08750000000000001	6.800000000000001	1771.2572705195735
0.08750000000000001	6.9	1772.8277828875732
0.08750000000000001	7.	1774.3905570917636
0.08750000000000001	7.1000000000000005	1775.9456550935342
0.08750000000000001	7.2	1777.4931383369362
0.08750000000000001	7.300000000000001	1779.0330677544957
0.08750000000000001	7.4	1780.5655037700294
0.08750000000000001	7.5	1782.0905063041487
0.08750000000000001	7.6000000000000005	1783.6081347778547
0.08750000000000001	7.7	1785.1184481171717
0.08750000000000001	7.800000000000001	1786.6215047584074
0.08750000000000001	7.9	1788.1173626501234
0.08750000000000001	8.	1789.606079259625
0.08750000000000001	8.1	1791.087711575734
0.08750000000000001	8.200000000000001	1792.5623161137637
0.08750000000000001	8.3	1794.029948919014
0.08750000000000001	8.4	1795.490665570543
0.08750000000000001	8.5	1796.9445211863829
0.08750000000000001	8.6	1798.3915704262618
0.08750000000000001	8.700000000000001	1799.8318674960908
0.08750000000000001	8.8	1801.2654661524189
0.08750000000000001	8.9	1802.6924197049343
0.08750000000000001	9.	1804.1127810211144
0.08750000000000001	9.1	1805.5266025307794
0.08750000000000001	9.200000000000001	1806.933936228125
0.08750000000000001	9.3	1808.3348336767779
0.08750000000000001	9.4	1809.7293460131493
0.08750000000000001	9.5	1811.1175239499312
0.08750000000000001	9.600000000000001	1812.499417779813
0.08750000000000001	9.700000000000001	1813.8750773793113
0.08750000000000001	9.8	1815.2445522116946
0.08750000000000001	9.9	1816.6078913313368
0.08750000000000001	10.	1817.965143386938
0.08750000000000001	10.100000000000001	1819.3163566242938
0.08750000000000001	10.200000000000001	1820.661578890817
0.08750000000000001	10.3	1822.000857638246
0.08750000000000001	10.4	1823.3342399266041
0.08750000000000001	10.5	1824.6617724265338
0.08750000000000001	10.600000000000001	1825.9835014240766
0.08750000000000001	10.700000000000001	1827.2994728224648
0.08750000000000001	10.8	1828.6097321464308
0.08750000000000001	10.9	1829.9143245451498
0.08750000000000001	11.	1831.213294794919
0.08750000000000001	11.100000000000001	1832.5066873037015
0.08750000000000001	11.200000000000001	1833.7945461123122
0.08750000000000001	11.3	1835.0769148993495
0.08750000000000001	11.4	1836.353836983532
0.08750000000000001	11.5	1837.6253553261668
0.08750000000000001	11.600000000000001	1838.8915125357462
0.08750000000000001	11.700000000000001	1840.152350869613
0.08750000000000001	11.8	1841.4079122369476
0.08750000000000001	11.9	1842.658238202654
0.08750000000000001	12.	1843.9033699898
0.08750000000000001	12.100000000000001	1845.1433484824177
0.08750000000000001	12.200000000000001	1846.378214228453
0.08750000000000001	12.3	1847.6080074431443
0.08750000000000001	12.4	1848.8327680105629
0.08750000000000001	12.5	1850.0525354879412
0.08750000000000001	12.600000000000001	1851.2673491075345
0.08750000000000001	12.700000000000001	1852.4772477799668
0.08750000000000001	12.8	1853.6822700963035
0.08750000000000001	12.9	1854.8824543311302
0.08750000000000001	13.	1856.077838445336
0.08750000000000001	13.100000000000001	1857.26846008877
0.08750000000000001	13.200000000000001	1858.4543566026136
0.08750000000000001	13.3	1859.6355650223902
0.08750000000000001	13.4	1860.8121220804062
0.08750000000000001	13.5	1861.984064208026
0.08750000000000001	13.600000000000001	1863.1514275388606
0.08750000000000001	13.700000000000001	1864.314247910713
0.08750000000000001	13.8	1865.4725608685
0.08750000000000001	13.9	1866.6264016663042
0.08750000000000001	14.	1867.7758052706213
0.08750000000000001	14.100000000000001	1868.9208063617928
0.08750000000000001	14.200000000000001	1870.0614393372514
0.08750000000000001	14.3	1871.1977383136598
0.08750000000000001	14.4	1872.3297371292776
0.08750000000000001	14.5	1873.457469345939
0.08750000000000001	14.600000000000001	1874.580968252455
0.08750000000000001	14.700000000000001	1875.7002668658452
0.08750000000000001	14.8	1876.8153979340616
0.08750000000000001	14.9	1877.9263939384464
0.08750000000000001	15.	1879.0332870958127
0.08750000000000001	15.100000000000001	1880.1361093608298
0.08750000000000001	15.200000000000001	1881.2348924279784
0.08750000000000001	15.3	1882.3296677339547
0.08750000000000001	15.4	1883.4204664599933
0.08750000000000001	15.5	1884.507319533741
0.08750000000000001	15.600000000000001	1885.590257631541
0.08750000000000001	15.700000000000001	1886.6693111806294
0.08750000000000001	15.8	1887.7445103614116
0.08750000000000001	15.9	1888.8158851089402
0.08750000000000001	16.	1889.8834651157608
0.08750000000000001	16.1	1890.947279833602
0.08750000000000001	16.2	1892.007358475148
0.08750000000000001	16.3	1893.0637300166893
0.08750000000000001	16.400000000000002	1894.116423199546
0.08750000000000001	16.5	1895.1654665327087
0.08750000000000001	16.6	1896.2108882939967
0.08750000000000001	16.7	1897.252716532698
0.08750000000000001	16.8	1898.2909790711
0.08750000000000001	16.900000000000002	1899.3257035067104
0.08750000000000001	17.	1900.35691721407
0.08750000000000001	17.1	1901.3846473463725
0.08750000000000001	17.2	1902.4089208377804
0.08750000000000001	17.3	1903.429764405098
0.08750000000000001	17.400000000000002	1904.4472045494208
0.08750000000000001	17.5	1905.4612675581
0.08750000000000001	17.6	1906.4719795068452
0.08750000000000001	17.7	1907.4793662612055
0.08750000000000001	17.8	1908.48345347809
0.08750000000000001	17.900000000000002	1909.484266608398
0.08750000000000001	18.	1910.481830897627
0.08750000000000001	18.1	1911.4761713887629
0.08750000000000001	18.2	1912.4673129229054
0.08750000000000001	18.3	1913.455280142061
0.08750000000000001	18.400000000000002	1914.4400974897974
0.08750000000000001	18.5	1915.4217892136173
0.08750000000000001	18.6	1916.4003793666045
0.08750000000000001	18.7	1917.3758918083872
0.08750000000000001	18.8	1918.3483502077352
0.08750000000000001	18.900000000000002	1919.3177780433848
0.08750000000000001	19.	1920.2841986060878
0.08750000000000001	19.1	1921.2476350001687
0.08750000000000001	19.200000000000003	1922.2081101447054
0.08750000000000001	19.3	1923.1656467757043
0.08750000000000001	19.400000000000002	1924.1202674472397
0.08750000000000001	19.5	1925.0719945329943
0.08750000000000001	19.6	1926.0208502279554
0.08750000000000001	19.700000000000003	1926.966856549753
0.08750000000000001	19.8	1927.910035340536
0.08750000000000001	19.900000000000002	1928.850408267827
0.08750000000000001	20.	1929.7879968266213
0.08750000000000001	20.1	1930.7228223401798
0.08750000000000001	20.200000000000003	1931.6549059622746
0.08750000000000001	20.3	1932.5842686778963
0.08750000000000001	20.400000000000002	1933.5109313051819
0.08750000000000001	20.5	1934.4349144965379
0.08750000000000001	20.6	1935.3562387400832
0.08750000000000001	20.700000000000003	1936.274924361138
0.08750000000000001	20.8	1937.1909915235453
0.08750000000000001	20.900000000000002	1938.1044602309364
0.08750000000000001	21.	1939.0153503281047
0.08750000000000001	21.1	1939.9236815026572
0.08750000000000001	21.200000000000003	1940.8294732857237
0.08750000000000001	21.3	1941.7327450539117
0.08750000000000001	21.400000000000002	1942.6335160300032
0.08750000000000001	21.5	1943.5318052850198
0.08750000000000001	21.6	1944.4276317386962
0.08750000000000001	21.700000000000003	1945.321014161107
0.08750000000000001	21.8	1946.2119711740754
0.08750000000000001	21.900000000000002	1947.1005212521954
0.08750000000000001	22.	1947.9866827239525
0.08750000000000001	22.1	1948.870473773428
0.08750000000000001	22.200000000000003	1949.7519124409464
0.08750000000000001	22.3	1950.6310166247954
0.08750000000000001	22.400000000000002	1951.5078040819224
0.08750000000000001	22.5	1952.382292429558
0.08750000000000001	22.6	1953.2544991460938
0.08750000000000001	22.700000000000003	1954.1244415721392
0.08750000000000001	22.8	1954.9921369124202
0.08750000000000001	22.900000000000002	1955.8576022358448
0.08750000000000001	23.	1956.7208544773996
0.08750000000000001	23.1	1957.5819104390657
0.08750000000000001	23.200000000000003	1958.4407867907942
0.08750000000000001	23.3	1959.2975000718463
0.08750000000000001	23.400000000000002	1960.1520666917993
0.08750000000000001	23.5	1961.0045029312428
0.08750000000000001	23.6	1961.854824943627
0.08750000000000001	23.700000000000003	1962.7030487557217
0.08750000000000001	23.8	1963.5491902689434
0.08750000000000001	23.900000000000002	1964.3932652600686
0.08750000000000001	24.	1965.235289382801
0.08750000000000001	24.1	1966.075278168406
0.08750000000000001	24.200000000000003	1966.9132470268173
0.08750000000000001	24.3	1967.7492112477198
0.08750000000000001	24.400000000000002	1968.5831860014437
0.08750000000000001	24.5	1969.4151863400552
0.08750000000000001	24.6	1970.2452271982781
0.08750000000000001	24.700000000000003	1971.0733233946166
0.08750000000000001	24.8	1971.8994896319148
0.08750000000000001	24.900000000000002	1972.723740498873
0.08750000000000001	25.	1973.5460904707404
0.08750000000000001	25.1	1974.3665539099536
0.08750000000000001	25.200000000000003	1975.18514506755
0.08750000000000001	25.3	1976.001878083912
0.08750000000000001	25.400000000000002	1976.8167669897396
0.08750000000000001	25.5	1977.629825706873
0.08750000000000001	25.6	1978.4410680489611
0.08750000000000001	25.700000000000003	1979.2505077229093
0.08750000000000001	25.8	1980.0581583293779
0.08750000000000001	25.900000000000002	1980.8640333636815
0.08750000000000001	26.	1981.6681462169986
0.08750000000000001	26.1	1982.470510176561
0.08750000000000001	26.200000000000003	1983.2711384273073
0.08750000000000001	26.3	1984.070044052022
0.08750000000000001	26.400000000000002	1984.867240032681
0.08750000000000001	26.5	1985.6627392510718
0.08750000000000001	26.6	1986.4565544897052
0.08750000000000001	26.700000000000003	1987.2486984324742
0.08750000000000001	26.8	1988.0391836655756
0.08750000000000001	26.900000000000002	1988.8280226783966
0.08750000000000001	27.	1989.6152278640968
0.08750000000000001	27.1	1990.400811520634
0.08750000000000001	27.200000000000003	1991.184785851532
0.08750000000000001	27.3	1991.9671629663935
0.08750000000000001	27.400000000000002	1992.7479548819904
0.08750000000000001	27.5	1993.5271735226845
0.08750000000000001	27.6	1994.3048307216507
0.08750000000000001	27.700000000000003	1995.080938221102
0.08750000000000001	27.8	1995.8555076734917
0.08750000000000001	27.900000000000002	1996.628550642113
0.08750000000000001	28.	1997.4000786014951
0.08750000000000001	28.1	1998.1701029387268
0.08750000000000001	28.200000000000003	1998.9386349534745
0.08750000000000001	28.3	1999.705685859609
0.08750000000000001	28.400000000000002	2000.4712667848457
0.08750000000000001	28.5	2001.2353887722466
0.08750000000000001	28.6	2001.998062780749
0.08750000000000001	28.700000000000003	2002.7592996854394
0.08750000000000001	28.8	2003.519110278839
0.08750000000000001	28.900000000000002	2004.2775052711797
0.08750000000000001	29.	2005.0344952912699
0.08750000000000001	29.1	2005.790090886776
0.08750000000000001	29.200000000000003	2006.5443025256784
0.08750000000000001	29.3	2007.2971405959247
0.08750000000000001	29.400000000000002	2008.048615406798
0.08750000000000001	29.5	2008.7987371896447
0.08750000000000001	29.6	2009.5475160975627
0.08750000000000001	29.700000000000003	2010.2949622072242
0.08750000000000001	29.8	2011.0410855187722
0.08750000000000001	29.900000000000002	2011.7858959566734
0.08750000000000001	30.	2012.5294033700632
0.08750000000000001	30.1	2013.2716175337948
0.08750000000000001	30.200000000000003	2014.0125481488064
0.08750000000000001	30.3	2014.752204842732
0.08750000000000001	30.400000000000002	2015.4905971704068
0.08750000000000001	30.5	2016.2277346147778
0.08750000000000001	30.6	2016.9636265868294
0.08750000000000001	30.700000000000003	2017.6982824271984
0.08750000000000001	30.8	2018.4317114056166
0.08750000000000001	30.900000000000002	2019.1639227222822
0.08750000000000001	31.	2019.894925507958
0.08750000000000001	31.1	2020.6247288250197
0.08750000000000001	31.200000000000003	2021.3533416674986
0.08750000000000001	31.3	2022.0807729617893
0.08750000000000001	31.400000000000002	2022.8070315674233
0.08750000000000001	31.5	2023.5321262772086
0.08750000000000001	31.6	2024.2560658183943
0.08750000000000001	31.700000000000003	2024.978858852282
0.08750000000000001	31.8	2025.700513975711
0.08750000000000001	31.900000000000002	2026.4210397209183
0.08750000000000001	32.	2027.140444556173
0.08750000000000001	32.1	2027.8587368867843
0.08750000000000001	32.2	2028.5759250547508
0.08750000000000001	32.300000000000004	2029.2920173401844
0.08750000000000001	32.4	2030.0070219608506
0.08750000000000001	32.5	2030.7209470736161
0.08750000000000001	32.6	2031.4338007743654
0.08750000000000001	32.7	2032.145591098433
0.08750000000000001	32.800000000000004	2032.8563260214546
0.08750000000000001	32.9	2033.5660134596988
0.08750000000000001	33.	2034.2746612704123
0.08750000000000001	33.1	2034.9822772524312
0.08750000000000001	33.2	2035.688869146531
0.08750000000000001	33.300000000000004	2036.3944446359521
0.08750000000000001	33.4	2037.0990113470482
0.08750000000000001	33.5	2037.8025768492494
0.08750000000000001	33.6	2038.5051486561636
0.08750000000000001	33.7	2039.2067342253686
0.08750000000000001	33.800000000000004	2039.907340959509
0.08750000000000001	33.9	2040.6069762059903
0.08750000000000001	34.	2041.3056472581982
0.08750000000000001	34.1	2042.0033613552628
0.08750000000000001	34.2	2042.7001256830574
0.08750000000000001	34.300000000000004	2043.3959473739478
0.08750000000000001	34.4	2044.0908335080424
0.08750000000000001	34.5	2044.7847911129275
0.08750000000000001	34.6	2045.477827164234
0.08750000000000001	34.7	2046.1699485864742
0.08750000000000001	34.800000000000004	2046.861162252835
0.08750000000000001	34.9	2047.551474986012
0.08750000000000001	35.	2048.240893558322
0.08750000000000001	35.1	2048.9294246923823
0.08750000000000001	35.2	2049.617075061351
0.08750000000000001	35.300000000000004	2050.3038512890635
0.08750000000000001	35.4	2050.9897599511582
0.08750000000000001	35.5	2051.674807574529
0.08750000000000001	35.6	2052.35900063841
0.08750000000000001	35.7	2053.0423455744135
0.08750000000000001	35.800000000000004	2053.7248487670945
0.08750000000000001	35.9	2054.4065165541356
0.08750000000000001	36.	2055.087355226784
0.08750000000000001	36.1	2055.7673710301756
0.08750000000000001	36.2	2056.44657016395
0.08750000000000001	36.300000000000004	2057.1249587822404
0.08750000000000001	36.4	2057.80254299424
0.08750000000000001	36.5	2058.479328864574
0.08750000000000001	36.6	2059.1553224134964
0.08750000000000001	36.7	2059.8305296174212
0.08750000000000001	36.800000000000004	2060.504956408993
0.08750000000000001	36.9	2061.178608677909
0.08750000000000001	37.	2061.851492270621
0.08750000000000001	37.1	2062.5236129912623
0.08750000000000001	37.2	2063.1949766014623
0.08750000000000001	37.300000000000004	2063.865588821362
0.08750000000000001	37.4	2064.5354553289308
0.08750000000000001	37.5	2065.204581761464
0.08750000000000001	37.6	2065.8729737148515
0.08750000000000001	37.7	2066.5406367446567
0.08750000000000001	37.800000000000004	2067.2075763658827
0.08750000000000001	37.9	2067.873798053699
0.08750000000000001	38.	2068.539307243652
0.08750000000000001	38.1	2069.2041093316675
0.08750000000000001	38.2	2069.8682096749308
0.08750000000000001	38.300000000000004	2070.5316135914763
0.08750000000000001	38.400000000000006	2071.1943263610387
0.08750000000000001	38.5	2071.856353225391
0.08750000000000001	38.6	2072.5176993881255
0.08750000000000001	38.7	2073.178370015316
0.08750000000000001	38.800000000000004	2073.838370235772
0.08750000000000001	38.900000000000006	2074.4977051414603
0.08750000000000001	39.	2075.1563797872527
0.08750000000000001	39.1	2075.814399191944
0.08750000000000001	39.2	2076.471768337986
0.08750000000000001	39.300000000000004	2077.128492171924
0.08750000000000001	39.400000000000006	2077.784575604904
0.08750000000000001	39.5	2078.4400235124363
0.08750000000000001	39.6	2079.0948407351866
0.08750000000000001	39.7	2079.74903207906
0.08750000000000001	39.800000000000004	2080.402602315363
0.08750000000000001	39.900000000000006	2081.055556181007
0.08750000000000001	40.	2081.7078983791876
0.09	0.	1640.7680810356874
0.09	0.1	1642.956606696017
0.09	0.2	1645.1315868412044
0.09	0.30000000000000004	1647.2931355023848
0.09	0.4	1649.4413656874513
0.09	0.5	1651.5763893934304
0.09	0.6000000000000001	1653.6983176156004
0.09	0.7000000000000001	1655.8072603598084
0.09	0.8	1657.9033266514064
0.09	0.9	1659.9866245463722
0.09	1.	1662.0572611410937
0.09	1.1	1664.1153425822542
0.09	1.2000000000000002	1666.1609740765446
0.09	1.3	1668.1942599008369
0.09	1.4000000000000001	1670.2153034107782
0.09	1.5	1672.2242070509383
0.09	1.6	1674.2210723631817
0.09	1.7000000000000002	1676.2059999965372
0.09	1.8	1678.1790897153505
0.09	1.9000000000000001	1680.1404404088798
0.09	2.	1682.0901500991133
0.09	2.1	1684.0283159500339
0.09	2.2	1685.9550342754212
0.09	2.3000000000000003	1687.8704005477293
0.09	2.4000000000000004	1689.7745094059078
0.09	2.5	1691.6674546633424
0.09	2.6	1693.5493293164247
0.09	2.7	1695.4202255518264
0.09	2.8000000000000003	1697.2802347543798
0.09	2.9000000000000004	1699.129447515262
0.09	3.	1700.9679536385377
0.09	3.1	1702.7958421496337
0.09	3.2	1704.6132013020704
0.09	3.3000000000000003	1706.4201185851014
0.09	3.4000000000000004	1708.2166807305111
0.09	3.5	1710.0029737204575
0.09	3.6	1711.779082793415
0.09	3.7	1713.5450924517659
0.09	3.8000000000000003	1715.3010864688067
0.09	3.9000000000000004	1717.0471478951922
0.09	4.	1718.7833590651567
0.09	4.1000000000000005	1720.5098016044928
0.09	4.2	1722.2265564356496
0.09	4.3	1723.9337037849778
0.09	4.4	1725.6313231883605
0.09	4.5	1727.319493499083
0.09	4.6000000000000005	1728.998292892219
0.09	4.7	1730.6677988717458
0.09	4.800000000000001	1732.3280882769088
0.09	4.9	1733.9792372873694
0.09	5.	1735.621321429811
0.09	5.1000000000000005	1737.2544155842104
0.09	5.2	1738.8785939883028
0.09	5.300000000000001	1740.4939302452035
0.09	5.4	1742.1004973270644
0.09	5.5	1743.6983675828858
0.09	5.6000000000000005	1745.2876127423392
0.09	5.7	1746.8683039221648
0.09	5.800000000000001	1748.4405116318476
0.09	5.9	1750.0043057781868
0.09	6.	1751.5597556715732
0.09	6.1000000000000005	1753.1069300307122
0.09	6.2	1754.6458969881853
0.09	6.300000000000001	1756.1767240957367
0.09	6.4	1757.6994783287307
0.09	6.5	1759.214226092567
0.09	6.6000000000000005	1760.7210332260968
0.09	6.7	1762.2199650082612
0.09	6.800000000000001	1763.7110861616802
0.09	6.9	1765.194460858935
0.09	7.	1766.6701527257599
0.09	7.1000000000000005	1768.1382248473276
0.09	7.2	1769.598739772269
0.09	7.300000000000001	1771.0517595176927
0.09	7.4	1772.4973455738866
0.09	7.5	1773.935558907903
0.09	7.6000000000000005	1775.3664599706972
0.09	7.7	1776.7901086985642
0.09	7.800000000000001	1778.2065645196612
0.09	7.9	1779.6158863584087
0.09	8.	1781.018132638477
0.09	8.1	1782.413361288763
0.09	8.200000000000001	1783.8016297470267
0.09	8.3	1785.1829949640799
0.09	8.4	1786.5575134083804
0.09	8.5	1787.9252410698343
0.09	8.6	1789.2862334644476
0.09	8.700000000000001	1790.640545638001
0.09	8.8	1791.9882321711145
0.09	8.9	1793.3293471814663
0.09	9.	1794.6639443297745
0.09	9.1	1795.9920768227305
0.09	9.200000000000001	1797.313797417329
0.09	9.3	1798.629158424537
0.09	9.4	1799.9382117134119
0.09	9.5	1801.2410087145488
0.09	9.600000000000001	1802.5376004244338
0.09	9.700000000000001	1803.8280374088856
0.09	9.8	1805.112369807297
0.09	9.9	1806.3906473354036
0.09	10.	1807.662919289819
0.09	10.100000000000001	1808.929234551432
0.09	10.200000000000001	1810.1896415885678
0.09	10.3	1811.4441884616294
0.09	10.4	1812.692922825413
0.09	10.5	1813.935891933568
0.09	10.600000000000001	1815.173142641924
0.09	10.700000000000001	1816.40472141084
0.09	10.8	1817.6306743107539
0.09	10.9	1818.8510470237986
0.09	11.	1820.0658848475562
0.09	11.100000000000001	1821.275232699073
0.09	11.200000000000001	1822.4791351170716
0.09	11.3	1823.6776362668431
0.09	11.4	1824.8707799413983
0.09	11.5	1826.0586095666536
0.09	11.600000000000001	1827.2411682032819
0.09	11.700000000000001	1828.4184985505683
0.09	11.8	1829.590642949486
0.09	11.9	1830.7576433850809
0.09	12.	1831.9195414911503
0.09	12.100000000000001	1833.0763785512415
0.09	12.200000000000001	1834.2281955034389
0.09	12.3	1835.3750329422955
0.09	12.4	1836.516931122614
0.09	12.5	1837.6539299614835
0.09	12.600000000000001	1838.7860690418304
0.09	12.700000000000001	1839.9133876156434
0.09	12.8	1841.0359246055452
0.09	12.9	1842.1537186092387
0.09	13.	1843.266807901008
0.09	13.100000000000001	1844.3752304354925
0.09	13.200000000000001	1845.4790238499095
0.09	13.3	1846.5782254667838
0.09	13.4	1847.6728722971031
0.09	13.5	1848.763001042577
0.09	13.600000000000001	1849.8486480986392
0.09	13.700000000000001	1850.9298495569785
0.09	13.8	1852.0066412078747
0.09	13.9	1853.079058543338
0.09	14.	1854.1471367595532
0.09	14.100000000000001	1855.2109107590136
0.09	14.200000000000001	1856.2704151536684
0.09	14.3	1857.3256842670094
0.09	14.4	1858.3767521369107
0.09	14.5	1859.4236525177005
0.09	14.600000000000001	1860.4664188830343
0.09	14.700000000000001	1861.505084427973
0.09	14.8	1862.539682071525
0.09	14.9	1863.5702444594158
0.09	15.	1864.5968039656398
0.09	15.100000000000001	1865.619392695578
0.09	15.200000000000001	1866.6380424879094
0.09	15.3	1867.6527849171832
0.09	15.4	1868.663651295757
0.09	15.5	1869.6706726764455
0.09	15.600000000000001	1870.6738798544575
0.09	15.700000000000001	1871.673303369931
0.09	15.8	1872.6689735098
0.09	15.9	1873.6609203104213
0.09	16.	1874.6491735590087
0.09	16.1	1875.6337627967391
0.09	16.2	1876.614717320224
0.09	16.3	1877.5920661837492
0.09	16.400000000000002	1878.5658382016265
0.09	16.5	1879.5360619497894
0.09	16.6	1880.5027657684004
0.09	16.7	1881.4659777633626
0.09	16.8	1882.4257258089635
0.09	16.900000000000002	1883.3820375492103
0.09	17.	1884.3349404003318
0.09	17.1	1885.2844615524393
0.09	17.2	1886.230627971693
0.09	17.3	1887.1734664018795
0.09	17.400000000000002	1888.1130033670663
0.09	17.5	1889.0492651726966
0.09	17.6	1889.982277907689
0.09	17.7	1890.912067446849
0.09	17.8	1891.8386594518472
0.09	17.900000000000002	1892.7620793738604
0.09	18.	1893.6823524547392
0.09	18.1	1894.5995037294263
0.09	18.2	1895.5135580271256
0.09	18.3	1896.424539973695
0.09	18.400000000000002	1897.332473992825
0.09	18.5	1898.2373843079547
0.09	18.6	1899.1392949445358
0.09	18.7	1900.0382297309504
0.09	18.8	1900.9342123005963
0.09	18.900000000000002	1901.8272660934142
0.09	19.	1902.717414358002
0.09	19.1	1903.604680152638
0.09	19.200000000000003	1904.489086347341
0.09	19.3	1905.370655625161
0.09	19.400000000000002	1906.2494104842485
0.09	19.5	1907.125373239099
0.09	19.6	1907.9985660220289
0.09	19.700000000000003	1908.8690107852128
0.09	19.8	1909.7367293018806
0.09	19.900000000000002	1910.6017431678674
0.09	20.	1911.464073803048
0.09	20.1	1912.3237424533347
0.09	20.200000000000003	1913.1807701915197
0.09	20.3	1914.0351779194066
0.09	20.400000000000002	1914.8869863687487
0.09	20.5	1915.7362161028082
0.09	20.6	1916.5828875183217
0.09	20.700000000000003	1917.4270208459875
0.09	20.8	1918.2686361527763
0.09	20.900000000000002	1919.1077533429557
0.09	21.	1919.9443921595262
0.09	21.1	1920.778572185278
0.09	21.200000000000003	1921.610312844821
0.09	21.3	1922.4396334055136
0.09	21.400000000000002	1923.2665529788605
0.09	21.5	1924.0910905219064
0.09	21.6	1924.9132648384852
0.09	21.700000000000003	1925.7330945806452
0.09	21.8	1926.5505982497277
0.09	21.900000000000002	1927.3657941979732
0.09	22.	1928.1787006295058
0.09	22.1	1928.989335601976
0.09	22.200000000000003	1929.7977170272825
0.09	22.3	1930.6038626731604
0.09	22.400000000000002	1931.4077901643925
0.09	22.5	1932.2095169839845
0.09	22.6	1933.0090604744921
0.09	22.700000000000003	1933.806437838903
0.09	22.8	1934.6016661420401
0.09	22.900000000000002	1935.3947623119009
0.09	23.	1936.185743140488
0.09	23.1	1936.974625285338
0.09	23.200000000000003	1937.7614252701803
0.09	23.3	1938.5461594864728
0.09	23.400000000000002	1939.3288441946154
0.09	23.5	1940.1094955245076
0.09	23.6	1940.8881294773485
0.09	23.700000000000003	1941.6647619260793
0.09	23.8	1942.4394086170748
0.09	23.900000000000002	1943.2120851707655
0.09	24.	1943.9828070829558
0.09	24.1	1944.7515897257836
0.09	24.200000000000003	1945.518448348649
0.09	24.3	1946.2833980795535
0.09	24.400000000000002	1947.046453925985
0.09	24.5	1947.8076307759966
0.09	24.6	1948.5669433988523
0.09	24.700000000000003	1949.3244064465764
0.09	24.8	1950.0800344545826
0.09	24.900000000000002	1950.83384184287
0.09	25.	1951.5858429167693
0.09	25.1	1952.3360518682787
0.09	25.200000000000003	1953.0844827767032
0.09	25.3	1953.831149609467
0.09	25.400000000000002	1954.5760662235516
0.09	25.5	1955.319246366113
0.09	25.6	1956.0607036754534
0.09	25.700000000000003	1956.8004516818662
0.09	25.8	1957.5385038087013
0.09	25.900000000000002	1958.2748733732378
0.09	26.	1959.0095735874231
0.09	26.1	1959.7426175590479
0.09	26.200000000000003	1960.4740182921112
0.09	26.3	1961.203788688389
0.09	26.400000000000002	1961.9319415477669
0.09	26.5	1962.6584895692715
0.09	26.6	1963.3834453519207
0.09	26.700000000000003	1964.106821395527
0.09	26.8	1964.8286301015808
0.09	26.900000000000002	1965.5488837740672
0.09	27.	1966.2675946202085
0.09	27.1	1966.984774751509
0.09	27.200000000000003	1967.7004361840457
0.09	27.3	1968.4145908399526
0.09	27.400000000000002	1969.12725054759
0.09	27.5	1969.838427042826
0.09	27.6	1970.5481319693654
0.09	27.700000000000003	1971.2563768799407
0.09	27.8	1971.9631732367825
0.09	27.900000000000002	1972.6685324123189
0.09	28.	1973.3724656903655
0.09	28.1	1974.0749842663283
0.09	28.200000000000003	1974.7760992482324
0.09	28.3	1975.4758216574369
0.09	28.400000000000002	1976.174162429278
0.09	28.5	1976.8711324139115
0.09	28.6	1977.5667423768614
0.09	28.700000000000003	1978.2610029998184
0.09	28.8	1978.9539248812664
0.09	28.900000000000002	1979.6455185372
0.09	29.	1980.3357944021031
0.09	29.1	1981.0247628289787
0.09	29.200000000000003	1981.7124340906662
0.09	29.3	1982.3988183801398
0.09	29.400000000000002	1983.0839258113847
0.09	29.5	1983.767766419656
0.09	29.6	1984.4503501628012
0.09	29.700000000000003	1985.131686921274
0.09	29.8	1985.8117864991189
0.09	29.900000000000002	1986.490658624281
0.09	30.	1987.168312949845
0.09	30.1	1987.844759053937
0.09	30.200000000000003	1988.520006440843
0.09	30.3	1989.1940645413797
0.09	30.400000000000002	1989.8669427134812
0.09	30.5	1990.5386502430993
0.09	30.6	1991.2091963443934
0.09	30.700000000000003	1991.878590160689
0.09	30.8	1992.5468407646297
0.09	30.900000000000002	1993.2139571591679
0.09	31.	1993.8799482781062
0.09	31.1	1994.5448229862538
0.09	31.200000000000003	1995.208590080526
0.09	31.3	1995.8712582900725
0.09	31.400000000000002	1996.5328362771388
0.09	31.5	1997.1933326375472
0.09	31.6	1997.852755900982
0.09	31.700000000000003	1998.511114531946
0.09	31.8	1999.1684169298806
0.09	31.900000000000002	1999.8246714301606
0.09	32.	2000.479886304073
0.09	32.1	2001.1340697597955
0.09	32.2	2001.7872299427256
0.09	32.300000000000004	2002.4393749358862
0.09	32.4	2003.0905127608817
0.09	32.5	2003.740651377797
0.09	32.6	2004.3897986859015
0.09	32.7	2005.0379625244386
0.09	32.800000000000004	2005.6851506729388
0.09	32.9	2006.3313708513456
0.09	33.	2006.9766307211753
0.09	33.1	2007.6209378854176
0.09	33.2	2008.2642998891743
0.09	33.300000000000004	2008.9067242205062
0.09	33.4	2009.5482183102142
0.09	33.5	2010.1887895328884
0.09	33.6	2010.8284452069856
0.09	33.7	2011.4671925955406
0.09	33.800000000000004	2012.1050389064617
0.09	33.9	2012.7419912929936
0.09	34.	2013.3780568543957
0.09	34.1	2014.0132426357882
0.09	34.2	2014.647555629304
0.09	34.300000000000004	2015.2810027741752
0.09	34.4	2015.9135909568747
0.09	34.5	2016.5453270121984
0.09	34.6	2017.1762177230783
0.09	34.7	2017.8062698213598
0.09	34.800000000000004	2018.4354899879997
0.09	34.9	2019.0638848537326
0.09	35.	2019.691460999099
0.09	35.1	2020.3182249553013
0.09	35.2	2020.9441832040993
0.09	35.300000000000004	2021.569342178764
0.09	35.4	2022.1937082638347
0.09	35.5	2022.8172877961324
0.09	35.6	2023.4400870647398
0.09	35.7	2024.0621123115081
0.09	35.800000000000004	2024.6833697313548
0.09	35.9	2025.3038654729487
0.09	36.	2025.923605638462
0.09	36.1	2026.5425962847632
0.09	36.2	2027.1608434229518
0.09	36.300000000000004	2027.7783530192269
0.09	36.4	2028.3951309953734
0.09	36.5	2029.011183228477
0.09	36.6	2029.626515551898
0.09	36.7	2030.241133755327
0.09	36.800000000000004	2030.8550435853476
0.09	36.9	2031.4682507453783
0.09	37.	2032.0807608963448
0.09	37.1	2032.6925796571202
0.09	37.2	2033.3037126045508
0.09	37.300000000000004	2033.914165273819
0.09	37.4	2034.5239431589798
0.09	37.5	2035.1330517131223
0.09	37.6	2035.7414963489102
0.09	37.7	2036.3492824384828
0.09	37.800000000000004	2036.9564153143197
0.09	37.9	2037.5629002688586
0.09	38.	2038.1687425557277
0.09	38.1	2038.7739473892561
0.09	38.2	2039.3785199449574
0.09	38.300000000000004	2039.9824653601888
0.09	38.400000000000006	2040.5857887341288
0.09	38.5	2041.1884951282188
0.09	38.6	2041.7905895662896
0.09	38.7	2042.3920770349414
0.09	38.800000000000004	2042.9929624840497
0.09	38.900000000000006	2043.5932508266944
0.09	39.	2044.19294693974
0.09	39.1	2044.792055664025
0.09	39.2	2045.390581804402
0.09	39.300000000000004	2045.988530130613
0.09	39.400000000000006	2046.585905376714
0.09	39.5	2047.1827122422326
0.09	39.6	2047.778955391939
0.09	39.7	2048.3746394560226
0.09	39.800000000000004	2048.969769030833
0.09	39.900000000000006	2049.564348678695
0.09	40.	2050.1583829284086
0.0925	0.	1639.2989406838058
0.0925	0.1	1641.3980612376267
0.0925	0.2	1643.4835516150108
0.0925	0.30000000000000004	1645.5555291569683
0.0925	0.4	1647.614110137217
0.0925	0.5	1649.6594097730438
0.0925	0.6000000000000001	1651.6915422368545
0.0925	0.7000000000000001	1653.7106206672308
0.0925	0.8	1655.716757179926
0.0925	0.9	1657.710062878576
0.0925	1.	1659.6906478648577
0.0925	1.1	1661.6586212498037
0.0925	1.2000000000000002	1663.6140911626576
0.0925	1.3	1665.5571647624777
0.0925	1.4000000000000001	1667.4879482466313
0.0925	1.5	1669.4065468616193
0.0925	1.6	1671.3130649121385
0.0925	1.7000000000000002	1673.2076057709724
0.0925	1.8	1675.0902718877378
0.0925	1.9000000000000001	1676.9611647986308
0.0925	2.	1678.8203851356234
0.0925	2.1	1680.6680326344933
0.0925	2.2	1682.5042061450206
0.0925	2.3000000000000003	1684.329003638599
0.0925	2.4000000000000004	1686.1425222170128
0.0925	2.5	1687.944858121511
0.0925	2.6	1689.7361067406052
0.0925	2.7	1691.5163626185047
0.0925	2.8000000000000003	1693.2857194630226
0.0925	2.9000000000000004	1695.0442701543877
0.0925	3.	1696.7921067519105
0.0925	3.1	1698.5293205030334
0.0925	3.2	1700.2560018509844
0.0925	3.3000000000000003	1701.9722404409001
0.0925	3.4000000000000004	1703.6781251295147
0.0925	3.5	1705.3737439911604
0.0925	3.6	1707.0591843256311
0.0925	3.7	1708.7345326658124
0.0925	3.8000000000000003	1710.399874783868
0.0925	3.9000000000000004	1712.0552956992547
0.0925	4.	1713.7008796857103
0.0925	4.1000000000000005	1715.3367102777324
0.0925	4.2	1716.9628702775428
0.0925	4.3	1718.5794417622299
0.0925	4.4	1720.1865060903929
0.0925	4.5	1721.7841439080319
0.0925	4.6000000000000005	1723.3724351567266
0.0925	4.7	1724.9514590779368
0.0925	4.800000000000001	1726.5212942213075
0.0925	4.9	1728.0820184504603
0.0925	5.	1729.6337089486474
0.0925	5.1000000000000005	1731.176442225918
0.0925	5.2	1732.7102941241437
0.0925	5.300000000000001	1734.2353398246316
0.0925	5.4	1735.7516538523812
0.0925	5.5	1737.2593100838624
0.0925	5.6000000000000005	1738.7583817512425
0.0925	5.7	1740.248941449258
0.0925	5.800000000000001	1741.7310611407072
0.0925	5.9	1743.2048121623764
0.0925	6.	1744.670265229798
0.0925	6.1000000000000005	1746.1274904445895
0.0925	6.2	1747.5765572977248
0.0925	6.300000000000001	1749.0175346774017
0.0925	6.4	1750.4504908723618
0.0925	6.5	1751.875493578984
0.0925	6.6000000000000005	1753.2926099053136
0.0925	6.7	1754.7019063772934
0.0925	6.800000000000001	1756.1034489432932
0.0925	6.9	1757.4973029795015
0.0925	7.	1758.8835332953272
0.0925	7.1000000000000005	1760.2622041385105
0.0925	7.2	1761.633379199205
0.0925	7.300000000000001	1762.9971216161734
0.0925	7.4	1764.3534939811736
0.0925	7.5	1765.7025583436193
0.0925	7.6000000000000005	1767.0443762157574
0.0925	7.7	1768.3790085774438
0.0925	7.800000000000001	1769.7065158809098
0.0925	7.9	1771.0269580547865
0.0925	8.	1772.340394509949
0.0925	8.1	1773.6468841434978
0.0925	8.200000000000001	1774.94648534282
0.0925	8.3	1776.239255990856
0.0925	8.4	1777.5252534709703
0.0925	8.5	1778.8045346699646
0.0925	8.6	1780.0771559834523
0.0925	8.700000000000001	1781.3431733206837
0.0925	8.8	1782.6026421078789
0.0925	8.9	1783.8556172924505
0.0925	9.	1785.1021533483229
0.0925	9.1	1786.342304279423
0.0925	9.200000000000001	1787.5761236238716
0.0925	9.3	1788.8036644577883
0.0925	9.4	1790.024979400483
0.0925	9.5	1791.2401206170052
0.0925	9.600000000000001	1792.4491398238167
0.0925	9.700000000000001	1793.6520882912048
0.0925	9.8	1794.849016848369
0.0925	9.9	1796.0399758864025
0.0925	10.	1797.2250153634538
0.0925	10.100000000000001	1798.4041848067463
0.0925	10.200000000000001	1799.5775333182933
0.0925	10.3	1800.7451095775668
0.0925	10.4	1801.9069618450612
0.0925	10.5	1803.0631379667393
0.0925	10.600000000000001	1804.2136853772981
0.0925	10.700000000000001	1805.3586511038611
0.0925	10.8	1806.4980817696664
0.0925	10.9	1807.6320235973678
0.0925	11.	1808.7605224128017
0.0925	11.100000000000001	1809.8836236485224
0.0925	11.200000000000001	1811.0013723472887
0.0925	11.3	1812.1138131653656
0.0925	11.4	1813.2209903760988
0.0925	11.5	1814.3229478730088
0.0925	11.600000000000001	1815.41972917368
0.0925	11.700000000000001	1816.511377422131
0.0925	11.8	1817.5979353937828
0.0925	11.9	1818.679445496683
0.0925	12.	1819.7559497763395
0.0925	12.100000000000001	1820.8274899182304
0.0925	12.200000000000001	1821.8941072508571
0.0925	12.3	1822.9558427493175
0.0925	12.4	1824.0127370386085
0.0925	12.5	1825.0648303954779
0.0925	12.600000000000001	1826.1121627534167
0.0925	12.700000000000001	1827.15477370364
0.0925	12.8	1828.1927025000766
0.0925	12.9	1829.2259880607992
0.0925	13.	1830.2546689717747
0.0925	13.100000000000001	1831.2787834896956
0.0925	13.200000000000001	1832.2983695446696
0.0925	13.3	1833.313464743426
0.0925	13.4	1834.3241063718287
0.0925	13.5	1835.3303313980819
0.0925	13.600000000000001	1836.3321764750708
0.0925	13.700000000000001	1837.3296779435848
0.0925	13.8	1838.3228718349894
0.0925	13.9	1839.3117938736007
0.0925	14.	1840.2964794800052
0.0925	14.100000000000001	1841.2769637730878
0.0925	14.200000000000001	1842.2532815732789
0.0925	14.3	1843.225467404774
0.0925	14.4	1844.1935554981924
0.0925	14.5	1845.1575797936637
0.0925	14.600000000000001	1846.1175739426646
0.0925	14.700000000000001	1847.0735713110457
0.0925	14.8	1848.025604981476
0.0925	14.9	1848.9737077556492
0.0925	15.	1849.9179121572924
0.0925	15.100000000000001	1850.8582504341764
0.0925	15.200000000000001	1851.7947545608195
0.0925	15.3	1852.7274562405776
0.0925	15.4	1853.6563869084775
0.0925	15.5	1854.5815777332548
0.0925	15.600000000000001	1855.5030596198176
0.0925	15.700000000000001	1856.4208632115535
0.0925	15.8	1857.3350188925763
0.0925	15.9	1858.2455567901993
0.0925	16.	1859.1525067770458
0.0925	16.1	1860.0558984732045
0.0925	16.2	1860.955761248952
0.0925	16.3	1861.8521242261595
0.0925	16.400000000000002	1862.745016281119
0.0925	16.5	1863.6344660465052
0.0925	16.6	1864.5205019136101
0.0925	16.7	1865.4031520341005
0.0925	16.8	1866.2824443226684
0.0925	16.900000000000002	1867.15840645869
0.0925	17.	1868.031065888682
0.0925	17.1	1868.900449828068
0.0925	17.2	1869.7665852630896
0.0925	17.3	1870.6294989533194
0.0925	17.400000000000002	1871.4892174331576
0.0925	17.5	1872.3457670141172
0.0925	17.6	1873.1991737866358
0.0925	17.7	1874.0494636222788
0.0925	17.8	1874.8966621750437
0.0925	17.900000000000002	1875.7407948841176
0.0925	18.	1876.5818869751856
0.0925	18.1	1877.4199634625038
0.0925	18.2	1878.2550491504783
0.0925	18.3	1879.0871686361481
0.0925	18.400000000000002	1879.916346310357
0.0925	18.5	1880.7426063599016
0.0925	18.6	1881.5659727692669
0.0925	18.7	1882.3864693223725
0.0925	18.8	1883.2041196043838
0.0925	18.900000000000002	1884.0189470033363
0.0925	19.	1884.8309747120788
0.0925	19.1	1885.6402257297186
0.0925	19.200000000000003	1886.4467228635672
0.0925	19.3	1887.250488730728
0.0925	19.400000000000002	1888.051545759666
0.0925	19.5	1888.8499161920952
0.0925	19.6	1889.645622084402
0.0925	19.700000000000003	1890.4386853093972
0.0925	19.8	1891.2291275577195
0.0925	19.900000000000002	1892.0169703398228
0.0925	20.	1892.8022349870967
0.0925	20.1	1893.5849426538189
0.0925	20.200000000000003	1894.365114318477
0.0925	20.3	1895.142770785468
0.0925	20.400000000000002	1895.9179326864553
0.0925	20.5	1896.6906204819586
0.0925	20.6	1897.4608544629004
0.0925	20.700000000000003	1898.2286547518258
0.0925	20.8	1898.9940413050754
0.0925	20.900000000000002	1899.7570339131046
0.0925	21.	1900.5176522031932
0.0925	21.1	1901.2759156398477
0.0925	21.200000000000003	1902.031843526868
0.0925	21.3	1902.7854550082777
0.0925	21.400000000000002	1903.5367690703488
0.0925	21.5	1904.2858045421108
0.0925	21.6	1905.0325800975527
0.0925	21.700000000000003	1905.7771142565007
0.0925	21.8	1906.5194253861225
0.0925	21.900000000000002	1907.2595317022265
0.0925	22.	1907.9974512704298
0.0925	22.1	1908.7332020077097
0.0925	22.200000000000003	1909.4668016837013
0.0925	22.3	1910.1982679218147
0.0925	22.400000000000002	1910.927618200589
0.0925	22.5	1911.6548698546758
0.0925	22.6	1912.380040076785
0.0925	22.700000000000003	1913.1031459181686
0.0925	22.8	1913.824204290414
0.0925	22.900000000000002	1914.5432319660194
0.0925	23.	1915.260245580437
0.0925	23.1	1915.9752616325645
0.0925	23.200000000000003	1916.6882964861807
0.0925	23.3	1917.3993663711115
0.0925	23.400000000000002	1918.1084873847233
0.0925	23.5	1918.8156754922245
0.0925	23.6	1919.5209465287057
0.0925	23.700000000000003	1920.2243161998406
0.0925	23.8	1920.9258000828315
0.0925	23.900000000000002	1921.6254136281232
0.0925	24.	1922.3231721598427
0.0925	24.1	1923.0190908772483
0.0925	24.200000000000003	1923.7131848558347
0.0925	24.3	1924.405469048107
0.0925	24.400000000000002	1925.0959582851401
0.0925	24.5	1925.7846672769767
0.0925	24.6	1926.471610614247
0.0925	24.700000000000003	1927.1568027689577
0.0925	24.8	1927.8402580955412
0.0925	24.900000000000002	1928.5219908318563
0.0925	25.	1929.2020150999977
0.0925	25.1	1929.8803449078384
0.0925	25.200000000000003	1930.5569941494325
0.0925	25.3	1931.2319766063401
0.0925	25.400000000000002	1931.9053059484486
0.0925	25.5	1932.576995734948
0.0925	25.6	1933.2470594153042
0.0925	25.700000000000003	1933.9155103301978
0.0925	25.8	1934.5823617125843
0.0925	25.900000000000002	1935.2476266883298
0.0925	26.	1935.911318277486
0.0925	26.1	1936.5734493947841
0.0925	26.200000000000003	1937.2340328509267
0.0925	26.3	1937.8930813532802
0.0925	26.400000000000002	1938.5506075067353
0.0925	26.5	1939.2066238147938
0.0925	26.6	1939.8611426801735
0.0925	26.700000000000003	1940.5141764058167
0.0925	26.8	1941.1657371954946
0.0925	26.900000000000002	1941.8158371554327
0.0925	27.	1942.4644882939099
0.0925	27.1	1943.1117025233682
0.0925	27.200000000000003	1943.7574916600572
0.0925	27.3	1944.4018674259466
0.0925	27.400000000000002	1945.0448414486518
0.0925	27.5	1945.6864252628698
0.0925	27.6	1946.326630310657
0.0925	27.700000000000003	1946.9654679425444
0.0925	27.8	1947.6029494183385
0.0925	27.900000000000002	1948.2390859077334
0.0925	28.	1948.8738884908596
0.0925	28.1	1949.5073681597949
0.0925	28.200000000000003	1950.139535818462
0.0925	28.3	1950.7704022839318
0.0925	28.400000000000002	1951.399978286864
0.0925	28.5	1952.028274472542
0.0925	28.6	1952.6553014010196
0.0925	28.700000000000003	1953.2810695486348
0.0925	28.8	1953.9055893081984
0.0925	28.900000000000002	1954.5288709897188
0.0925	29.	1955.1509248212697
0.0925	29.1	1955.7717609494732
0.0925	29.200000000000003	1956.391389440705
0.0925	29.3	1957.0098202809122
0.0925	29.400000000000002	1957.6270633770848
0.0925	29.5	1958.243128557548
0.0925	29.6	1958.8580255726702
0.0925	29.700000000000003	1959.4717640954975
0.0925	29.8	1960.0843537225464
0.0925	29.900000000000002	1960.6958039742608
0.0925	30.	1961.3061242957663
0.0925	30.1	1961.9153240574476
0.0925	30.200000000000003	1962.5234125557993
0.0925	30.3	1963.1303990135564
0.0925	30.400000000000002	1963.7362925807681
0.0925	30.5	1964.3411023353342
0.0925	30.6	1964.9448372832946
0.0925	30.700000000000003	1965.5475063597714
0.0925	30.8	1966.1491184297115
0.0925	30.900000000000002	1966.7496822877117
0.0925	31.	1967.3492066595527
0.0925	31.1	1967.9477002021222
0.0925	31.200000000000003	1968.54517150429
0.0925	31.3	1969.1416290873283
0.0925	31.400000000000002	1969.7370814054927
0.0925	31.5	1970.3315368468975
0.0925	31.6	1970.925003733512
0.0925	31.700000000000003	1971.5174903219981
0.0925	31.8	1972.1090048044289
0.0925	31.900000000000002	1972.699555308666
0.0925	32.	1973.2891498986994
0.0925	32.1	1973.8777965753657
0.0925	32.2	1974.4655032770297
0.0925	32.300000000000004	1975.0522778799505
0.0925	32.4	1975.6381281986087
0.0925	32.5	1976.2230619864442
0.0925	32.6	1976.8070869364617
0.0925	32.7	1977.3902106813564
0.0925	32.800000000000004	1977.9724407945455
0.0925	32.9	1978.5537847901574
0.0925	33.	1979.1342501235467
0.0925	33.1	1979.7138441924203
0.0925	33.2	1980.2925743365404
0.0925	33.300000000000004	1980.870447838419
0.0925	33.4	1981.4474719242207
0.0925	33.5	1982.023653763546
0.0925	33.6	1982.5990004705068
0.0925	33.7	1983.1735191038536
0.0925	33.800000000000004	1983.7472166673804
0.0925	33.9	1984.3201001105544
0.0925	34.	1984.89217632897
0.0925	34.1	1985.4634521647242
0.0925	34.2	1986.0339344068498
0.0925	34.300000000000004	1986.6036297915514
0.0925	34.4	1987.1725450032502
0.0925	34.5	1987.7406866741592
0.0925	34.6	1988.30806138556
0.0925	34.7	1988.8746756676287
0.0925	34.800000000000004	1989.4405360000358
0.0925	34.9	1990.0056488123155
0.0925	35.	1990.5700204844582
0.0925	35.1	1991.1336573472122
0.0925	35.2	1991.696565682267
0.0925	35.300000000000004	1992.2587517229806
0.0925	35.4	1992.8202216546715
0.0925	35.5	1993.3809816149483
0.0925	35.6	1993.9410376940773
0.0925	35.7	1994.500395935409
0.0925	35.800000000000004	1995.0590623358494
0.0925	35.9	1995.6170428462335
0.0925	36.	1996.1743433713486
0.0925	36.1	1996.7309697708813
0.0925	36.2	1997.286927859439
0.0925	36.300000000000004	1997.842223406697
0.0925	36.4	1998.3968621384743
0.0925	36.5	1998.9508497362153
0.0925	36.6	1999.5041918380666
0.0925	36.7	2000.0568940388455
0.0925	36.800000000000004	2000.6089618904994
0.0925	36.9	2001.1604009024195
0.0925	37.	2001.7112165419044
0.0925	37.1	2002.261414234217
0.0925	37.2	2002.810999363275
0.0925	37.300000000000004	2003.359977271768
0.0925	37.4	2003.9083532614948
0.0925	37.5	2004.4561325938216
0.0925	37.6	2005.003320489835
0.0925	37.7	2005.5499221308462
0.0925	37.800000000000004	2006.0959426586185
0.0925	37.9	2006.6413871755701
0.0925	38.	2007.1862607454188
0.0925	38.1	2007.7305683930022
0.0925	38.2	2008.274315105033
0.0925	38.300000000000004	2008.8175058303839
0.0925	38.400000000000006	2009.3601454799389
0.0925	38.5	2009.9022389273737
0.0925	38.6	2010.443791009347
0.0925	38.7	2010.984806525729
0.0925	38.800000000000004	2011.5252902396853
0.0925	38.900000000000006	2012.0652468784272
0.0925	39.	2012.6046811332142
0.0925	39.1	2013.1435976596138
0.0925	39.2	2013.6820010779038
0.0925	39.300000000000004	2014.2198959732975
0.0925	39.400000000000006	2014.757286896244
0.0925	39.5	2015.2941783627623
0.0925	39.6	2015.8305748545636
0.0925	39.7	2016.3664808193412
0.0925	39.800000000000004	2016.9019006713372
0.0925	39.900000000000006	2017.4368387911427
0.0925	40.	2017.971299526321
0.095	0.	1637.9304084269163
0.095	0.1	1639.9376344311681
0.095	0.2	1641.9311430853477
0.095	0.30000000000000004	1643.9110552191505
0.095	0.4	1645.8774905460773
0.095	0.5	1647.8305676762536
0.095	0.6000000000000001	1649.7704041271625
0.095	0.7000000000000001	1651.6971163365279
0.095	0.8	1653.6108196729645
0.095	0.9	1655.5116284470512
0.095	1.	1657.399655923036
0.095	1.1	1659.2750143292114
0.095	1.2000000000000002	1661.1378148694062
0.095	1.3	1662.9881677321011
0.095	1.4000000000000001	1664.8261821024732
0.095	1.5	1666.6519661713455
0.095	1.6	1668.4656271463089
0.095	1.7000000000000002	1670.267271260929
0.095	1.8	1672.0570037847442
0.095	1.9000000000000001	1673.8349290332058
0.095	2.	1675.6011503771877
0.095	2.1	1677.3557702519633
0.095	2.2	1679.0988901669587
0.095	2.3000000000000003	1680.8306107146377
0.095	2.4000000000000004	1682.5510315794456
0.095	2.5	1684.2602515473643
0.095	2.6	1685.9583685137723
0.095	2.7	1687.6454794926108
0.095	2.8000000000000003	1689.321680625333
0.095	2.9000000000000004	1690.9870671887372
0.095	3.	1692.6417336030304
0.095	3.1	1694.2857734415063
0.095	3.2	1695.919279436774
0.095	3.3000000000000003	1697.5423434907984
0.095	3.4000000000000004	1699.1550566811675
0.095	3.5	1700.7575092697184
0.095	3.6	1702.3497907103028
0.095	3.7	1703.9319896567083
0.095	3.8000000000000003	1705.5041939690248
0.095	3.9000000000000004	1707.066490722929
0.095	4.	1708.6189662154225
0.095	4.1000000000000005	1710.161705973395
0.095	4.2	1711.6947947599124
0.095	4.3	1713.2183165821557
0.095	4.4	1714.7323546980308
0.095	4.5	1716.2369916233054
0.095	4.6000000000000005	1717.7323091384444
0.095	4.7	1719.2183882954196
0.095	4.800000000000001	1720.6953094248274
0.095	4.9	1722.1631521419374
0.095	5.	1723.6219953539505
0.095	5.1000000000000005	1725.0719172666725
0.095	5.2	1726.512995389886
0.095	5.300000000000001	1727.9453065450336
0.095	5.4	1729.3689268709227
0.095	5.5	1730.783931830235
0.095	5.6000000000000005	1732.1903962150398
0.095	5.7	1733.58839415466
0.095	5.800000000000001	1734.9779991196017
0.095	5.9	1736.359283929082
0.095	6.	1737.732320756776
0.095	6.1000000000000005	1739.0971811359384
0.095	6.2	1740.453935966677
0.095	6.300000000000001	1741.802655519733
0.095	6.4	1743.1434094442566
0.095	6.5	1744.4762667723626
0.095	6.6000000000000005	1745.8012959249806
0.095	6.7	1747.1185647170196
0.095	6.800000000000001	1748.4281403640684
0.095	6.9	1749.730089486552
0.095	7.	1751.024478115409
0.095	7.1000000000000005	1752.3113716982227
0.095	7.2	1753.590835103855
0.095	7.300000000000001	1754.8629326275093
0.095	7.4	1756.127727996664
0.095	7.5	1757.3852843753673
0.095	7.6000000000000005	1758.635664370355
0.095	7.7	1759.8789300348874
0.095	7.800000000000001	1761.1151428747723
0.095	7.9	1762.3443638530332
0.095	8.	1763.5666533944602
0.095	8.1	1764.7820713909944
0.095	8.200000000000001	1765.9906772057793
0.095	8.3	1767.1925296790564
0.095	8.4	1768.3876871322177
0.095	8.5	1769.5762073719893
0.095	8.6	1770.7581476965804
0.095	8.700000000000001	1771.9335648987092
0.095	8.8	1773.1025152708835
0.095	8.9	1774.265054609951
0.095	9.	1775.421238221328
0.095	9.1	1776.5711209240174
0.095	9.200000000000001	1777.714757053658
0.095	9.3	1778.8522004688991
0.095	9.4	1779.9835045536615
0.095	9.5	1781.1087222227357
0.095	9.600000000000001	1782.227905925528
0.095	9.700000000000001	1783.3411076502937
0.095	9.8	1784.448378928538
0.095	9.9	1785.549770838594
0.095	10.	1786.6453340104254
0.095	10.100000000000001	1787.735118629203
0.095	10.200000000000001	1788.8191744387416
0.095	10.3	1789.8975507472749
0.095	10.4	1790.9702964292806
0.095	10.5	1792.0374599310035
0.095	10.600000000000001	1793.0990892729883
0.095	10.700000000000001	1794.1552320549592
0.095	10.8	1795.2059354595297
0.095	10.9	1796.2512462550599
0.095	11.	1797.29121080045
0.095	11.100000000000001	1798.3258750481064
0.095	11.200000000000001	1799.3552845477625
0.095	11.3	1800.3794844505294
0.095	11.4	1801.3985195121613
0.095	11.5	1802.412434096297
0.095	11.600000000000001	1803.4212721785982
0.095	11.700000000000001	1804.4250773496806
0.095	11.8	1805.4238928191485
0.095	11.9	1806.4177614187909
0.095	12.	1807.4067256052888
0.095	12.100000000000001	1808.3908274650732
0.095	12.200000000000001	1809.37010871642
0.095	12.3	1810.3446107130164
0.095	12.4	1811.3143744476374
0.095	12.5	1812.2794405552843
0.095	12.600000000000001	1813.2398493160058
0.095	12.700000000000001	1814.1956406581824
0.095	12.8	1815.1468541624774
0.095	12.9	1816.0935290638802
0.095	13.	1817.0357042553098
0.095	13.100000000000001	1817.9734182910856
0.095	13.200000000000001	1818.9067093892108
0.095	13.3	1819.835615435003
0.095	13.4	1820.7601739835316
0.095	13.5	1821.6804222633887
0.095	13.600000000000001	1822.5963971787633
0.095	13.700000000000001	1823.5081353128721
0.095	13.8	1824.4156729308854
0.095	13.9	1825.3190459825958
0.095	14.	1826.2182901050282
0.095	14.100000000000001	1827.1134406259955
0.095	14.200000000000001	1828.0045325659953
0.095	14.3	1828.891600641653
0.095	14.4	1829.7746792682458
0.095	14.5	1830.6538025619927
0.095	14.600000000000001	1831.529004343678
0.095	14.700000000000001	1832.4003181403473
0.095	14.8	1833.2677771886397
0.095	14.9	1834.1314144368268
0.095	15.	1834.9912625481054
0.095	15.100000000000001	1835.8473539024192
0.095	15.200000000000001	1836.6997205994824
0.095	15.3	1837.5483944612868
0.095	15.4	1838.393407034356
0.095	15.5	1839.234789592287
0.095	15.600000000000001	1840.0725731385783
0.095	15.700000000000001	1840.9067884085557
0.095	15.8	1841.7374658718666
0.095	15.9	1842.5646357353298
0.095	16.	1843.3883279446507
0.095	16.1	1844.2085721872054
0.095	16.2	1845.0253978942305
0.095	16.3	1845.8388342432186
0.095	16.400000000000002	1846.6489101599561
0.095	16.5	1847.4556543211577
0.095	16.6	1848.259095156319
0.095	16.7	1849.059260850067
0.095	16.8	1849.8561793446465
0.095	16.900000000000002	1850.6498783416205
0.095	17.	1851.4403853044093
0.095	17.1	1852.2277274602075
0.095	17.2	1853.011931802452
0.095	17.3	1853.7930250921354
0.095	17.400000000000002	1854.5710338610204
0.095	17.5	1855.3459844125298
0.095	17.6	1856.117902824976
0.095	17.7	1856.8868149522798
0.095	17.8	1857.6527464273775
0.095	17.900000000000002	1858.4157226628606
0.095	18.	1859.1757688539751
0.095	18.1	1859.9329099800532
0.095	18.2	1860.6871708066728
0.095	18.3	1861.4385758874166
0.095	18.400000000000002	1862.1871495658968
0.095	18.5	1862.9329159774431
0.095	18.6	1863.6758990513056
0.095	18.7	1864.4161225121104
0.095	18.8	1865.1536098819424
0.095	18.900000000000002	1865.888384482187
0.095	19.	1866.6204694352955
0.095	19.1	1867.349887666207
0.095	19.200000000000003	1868.0766619046658
0.095	19.3	1868.8008146867169
0.095	19.400000000000002	1869.5223683564316
0.095	19.5	1870.2413450676788
0.095	19.6	1870.95776678547
0.095	19.700000000000003	1871.6716552884373
0.095	19.8	1872.3830321696355
0.095	19.900000000000002	1873.0919188388432
0.095	20.	1873.798336523913
0.095	20.1	1874.5023062721973
0.095	20.200000000000003	1875.2038489527076
0.095	20.3	1875.9029852573349
0.095	20.400000000000002	1876.5997357022088
0.095	20.5	1877.294120629798
0.095	20.6	1877.9861602101817
0.095	20.700000000000003	1878.6758744426272
0.095	20.8	1879.3632831570042
0.095	20.900000000000002	1880.0484060152662
0.095	21.	1880.731262513545
0.095	21.1	1881.4118719824978
0.095	21.200000000000003	1882.0902535900052
0.095	21.3	1882.7664263418033
0.095	21.400000000000002	1883.4404090830126
0.095	21.5	1884.1122204999103
0.095	21.6	1884.781879121244
0.095	21.700000000000003	1885.449403319338
0.095	21.8	1886.1148113117808
0.095	21.900000000000002	1886.7781211627002
0.095	22.	1887.4393507841946
0.095	22.1	1888.0985179376066
0.095	22.200000000000003	1888.7556402347152
0.095	22.3	1889.4107351394673
0.095	22.400000000000002	1890.0638199689106
0.095	22.5	1890.7149118945945
0.095	22.6	1891.3640279439564
0.095	22.700000000000003	1892.0111850016162
0.095	22.8	1892.6563998103977
0.095	22.900000000000002	1893.2996889728843
0.095	23.	1893.9410689524336
0.095	23.1	1894.5805560746605
0.095	23.200000000000003	1895.2181665282972
0.095	23.3	1895.8539163667613
0.095	23.400000000000002	1896.487821509088
0.095	23.5	1897.1198977412964
0.095	23.6	1897.7501607173356
0.095	23.700000000000003	1898.3786259605663
0.095	23.8	1899.0053088648847
0.095	23.900000000000002	1899.6302246953237
0.095	24.	1900.2533885900718
0.095	24.1	1900.8748155606513
0.095	24.200000000000003	1901.494520493791
0.095	24.3	1902.1125181522784
0.095	24.400000000000002	1902.7288231757495
0.095	24.5	1903.3434500822707
0.095	24.6	1903.9564132691335
0.095	24.700000000000003	1904.5677270137642
0.095	24.8	1905.177405475105
0.095	24.900000000000002	1905.7854626944568
0.095	25.	1906.3919125967916
0.095	25.1	1906.9967689911975
0.095	25.200000000000003	1907.6000455724563
0.095	25.3	1908.2017559217254
0.095	25.400000000000002	1908.8019135078646
0.095	25.5	1909.40053168799
0.095	25.6	1909.9976237086132
0.095	25.700000000000003	1910.5932027069302
0.095	25.8	1911.1872817113135
0.095	25.900000000000002	1911.779873642388
0.095	26.	1912.3709913142611
0.095	26.1	1912.9606474350742
0.095	26.200000000000003	1913.54885460816
0.095	26.3	1914.1356253329027
0.095	26.400000000000002	1914.7209720055046
0.095	26.5	1915.3049069200777
0.095	26.6	1915.8874422696254
0.095	26.700000000000003	1916.4685901465846
0.095	26.8	1917.048362543834
0.095	26.900000000000002	1917.6267713557418
0.095	27.	1918.2038283788195
0.095	27.1	1918.779545312826
0.095	27.200000000000003	1919.3539337610696
0.095	27.3	1919.9270052319318
0.095	27.400000000000002	1920.498771139204
0.095	27.5	1921.069242803038
0.095	27.6	1921.6384314509683
0.095	27.700000000000003	1922.2063482183032
0.095	27.8	1922.7730041494297
0.095	27.900000000000002	1923.338410197965
0.095	28.	1923.902577228209
0.095	28.1	1924.465516015495
0.095	28.200000000000003	1925.0272372470608
0.095	28.3	1925.5877515229108
0.095	28.400000000000002	1926.147069356478
0.095	28.5	1926.705201175225
0.095	28.6	1927.2621573216793
0.095	28.700000000000003	1927.817948054102
0.095	28.8	1928.3725835468285
0.095	28.900000000000002	1928.9260738917844
0.095	29.	1929.4784290982002
0.095	29.1	1930.0296590941994
0.095	29.200000000000003	1930.5797737270154
0.095	29.3	1931.1287827638068
0.095	29.400000000000002	1931.6766958923827
0.095	29.5	1932.2235227218512
0.095	29.6	1932.7692727830527
0.095	29.700000000000003	1933.3139555298555
0.095	29.8	1933.8575803392473
0.095	29.900000000000002	1934.4001565121707
0.095	30.	1934.9416932741258
0.095	30.1	1935.482199775943
0.095	30.200000000000003	1936.0216850944537
0.095	30.3	1936.5601582329411
0.095	30.400000000000002	1937.0976281217388
0.095	30.5	1937.6341036191006
0.095	30.6	1938.1695935116288
0.095	30.700000000000003	1938.70410651492
0.095	30.8	1939.2376512742867
0.095	30.900000000000002	1939.770236365329
0.095	31.	1940.301870294068
0.095	31.1	1940.8325614983753
0.095	31.200000000000003	1941.3623183477819
0.095	31.3	1941.891149144661
0.095	31.400000000000002	1942.4190621244497
0.095	31.5	1942.9460654560498
0.095	31.6	1943.4721672429268
0.095	31.700000000000003	1943.997375523245
0.095	31.8	1944.521698270666
0.095	31.900000000000002	1945.0451433945873
0.095	32.	1945.567718741048
0.095	32.1	1946.0894320931166
0.095	32.2	1946.6102911711394
0.095	32.300000000000004	1947.1303036338973
0.095	32.4	1947.6494770785216
0.095	32.5	1948.1678190413022
0.095	32.6	1948.685336998347
0.095	32.7	1949.2020383655572
0.095	32.800000000000004	1949.7179304998278
0.095	32.9	1950.2330206989625
0.095	33.	1950.7473162026308
0.095	33.1	1951.2608241923379
0.095	33.2	1951.7735517924511
0.095	33.300000000000004	1952.2855060702902
0.095	33.4	1952.7966940369156
0.095	33.5	1953.3071226473392
0.095	33.6	1953.8167988011164
0.095	33.7	1954.3257293428537
0.095	33.800000000000004	1954.8339210624513
0.095	33.9	1955.3413806958604
0.095	34.	1955.8481149253541
0.095	34.1	1956.3541303800685
0.095	34.2	1956.8594336362673
0.095	34.300000000000004	1957.3640312181033
0.095	34.4	1957.867929597727
0.095	34.5	1958.3711351959164
0.095	34.6	1958.873654382398
0.095	34.7	1959.375493476363
0.095	34.800000000000004	1959.8766587468408
0.095	34.9	1960.3771564131716
0.095	35.	1960.8769926452412
0.095	35.1	1961.3761735642504
0.095	35.2	1961.8747052426738
0.095	35.300000000000004	1962.3725937049983
0.095	35.4	1962.869844928043
0.095	35.5	1963.3664648411554
0.095	35.6	1963.862459327009
0.095	35.7	1964.3578342216483
0.095	35.800000000000004	1964.8525953148778
0.095	35.9	1965.3467483508743
0.095	36.	1965.840299028415
0.095	36.1	1966.3332530013072
0.095	36.2	1966.825615878671
0.095	36.300000000000004	1967.3173932253899
0.095	36.4	1967.8085905625046
0.095	36.5	1968.2992133674206
0.095	36.6	1968.7892670744602
0.095	36.7	1969.2787570751289
0.095	36.800000000000004	1969.7676887184625
0.095	36.9	1970.2560673113942
0.095	37.	1970.7438981189646
0.095	37.1	1971.2311863650425
0.095	37.2	1971.7179372322012
0.095	37.300000000000004	1972.2041558622761
0.095	37.4	1972.6898473569465
0.095	37.5	1973.175016777437
0.095	37.6	1973.6596691455695
0.095	37.7	1974.1438094435573
0.095	37.800000000000004	1974.6274426145296
0.095	37.9	1975.1105735629076
0.095	38.	1975.59320715457
0.095	38.1	1976.075348217242
0.095	38.2	1976.5570015409567
0.095	38.300000000000004	1977.0381718780466
0.095	38.400000000000006	1977.5188639437263
0.095	38.5	1977.9990824163217
0.095	38.6	1978.478831937375
0.095	38.7	1978.9581171122495
0.095	38.800000000000004	1979.4369425104169
0.095	38.900000000000006	1979.9153126652902
0.095	39.	1980.3932320751692
0.095	39.1	1980.8707052030204
0.095	39.2	1981.3477364768805
0.095	39.300000000000004	1981.8243302904552
0.095	39.400000000000006	1982.300491002979
0.095	39.5	1982.7762229396737
0.095	39.6	1983.2515303920602
0.095	39.7	1983.7264176181518
0.095	39.800000000000004	1984.2008888428606
0.095	39.900000000000006	1984.6749482579546
0.095	40.	1985.1486000227105
0.0975	0.	1636.6570019393612
0.0975	0.1	1638.569824805201
0.0975	0.2	1640.4688408785655
0.0975	0.30000000000000004	1642.3541746617022
0.0975	0.4	1644.2259494894815
0.0975	0.5	1646.0842875416372
0.0975	0.6000000000000001	1647.9293098558908
0.0975	0.7000000000000001	1649.7611363396538
0.0975	0.8	1651.5798857821387
0.0975	0.9	1653.3856758664049
0.0975	1.	1655.178623180217
0.0975	1.1	1656.958843228636
0.0975	1.2000000000000002	1658.7264504440316
0.0975	1.3	1660.4815581981588
0.0975	1.4000000000000001	1662.2242788127407
0.0975	1.5	1663.9547235701502
0.0975	1.6	1665.6730027241654
0.0975	1.7000000000000002	1667.3792255101528
0.0975	1.8	1669.0735001559892
0.0975	1.9000000000000001	1670.7559338915935
0.0975	2.	1672.426632959223
0.0975	2.1	1674.0857026234712
0.0975	2.2	1675.7332471808832
0.0975	2.3000000000000003	1677.3693699696696
0.0975	2.4000000000000004	1678.994173379258
0.0975	2.5	1680.607758859305
0.0975	2.6	1682.210226929465
0.0975	2.7	1683.8016771884566
0.0975	2.8000000000000003	1685.3822083225225
0.0975	2.9000000000000004	1686.9519181149517
0.0975	3.	1688.5109034550298
0.0975	3.1	1690.0592603457028
0.0975	3.2	1691.5970839133815
0.0975	3.3000000000000003	1693.1244684157007
0.0975	3.4000000000000004	1694.6415072498958
0.0975	3.5	1696.148292961647
0.0975	3.6	1697.644917252515
0.0975	3.7	1699.1314709884948
0.0975	3.8000000000000003	1700.6080442081247
0.0975	3.9000000000000004	1702.0747261296344
0.0975	4.	1703.5316051599552
0.0975	4.1000000000000005	1704.9787689010448
0.0975	4.2	1706.416304158984
0.0975	4.3	1707.8442969501555
0.0975	4.4	1709.262832509624
0.0975	4.5	1710.6719952980377
0.0975	4.6000000000000005	1712.071869009702
0.0975	4.7	1713.4625365783784
0.0975	4.800000000000001	1714.8440801858462
0.0975	4.9	1716.2165812683709
0.0975	5.	1717.5801205232651
0.0975	5.1000000000000005	1718.9347779169445
0.0975	5.2	1720.280632690335
0.0975	5.300000000000001	1721.6177633673435
0.0975	5.4	1722.946247759663
0.0975	5.5	1724.2661629748318
0.0975	5.6000000000000005	1725.577585422686
0.0975	5.7	1726.880590820784
0.0975	5.800000000000001	1728.175254202051
0.0975	5.9	1729.4616499207061
0.0975	6.	1730.7398516579842
0.0975	6.1000000000000005	1732.0099324296268
0.0975	6.2	1733.2719645909647
0.0975	6.300000000000001	1734.5260198434114
0.0975	6.4	1735.7721692403525
0.0975	6.5	1737.0104831940346
0.0975	6.6000000000000005	1738.2410314799188
0.0975	6.7	1739.4638832438977
0.0975	6.800000000000001	1740.679107007786
0.0975	6.9	1741.8867706741216
0.0975	7.	1743.0869415338598
0.0975	7.1000000000000005	1744.2796862700077
0.0975	7.2	1745.4650709643438
0.0975	7.300000000000001	1746.643161102659
0.0975	7.4	1747.8140215802473
0.0975	7.5	1748.977716707505
0.0975	7.6000000000000005	1750.1343102153203
0.0975	7.7	1751.283865259941
0.0975	7.800000000000001	1752.4264444286189
0.0975	7.9	1753.5621097449143
0.0975	8.	1754.6909226742232
0.0975	8.1	1755.812944127687
0.0975	8.200000000000001	1756.9282344687401
0.0975	8.3	1758.036853517056
0.0975	8.4	1759.1388605543818
0.0975	8.5	1760.234314328532
0.0975	8.6	1761.323273059304
0.0975	8.700000000000001	1762.4057944427884
0.0975	8.8	1763.481935656112
0.0975	8.9	1764.5517533623981
0.0975	9.	1765.6153037154602
0.0975	9.1	1766.6726423642554
0.0975	9.200000000000001	1767.7238244582077
0.0975	9.3	1768.7689046504465
0.0975	9.4	1769.8079371042766
0.0975	9.5	1770.840975495808
0.0975	9.600000000000001	1771.8680730195717
0.0975	9.700000000000001	1772.8892823923195
0.0975	9.8	1773.9046558582318
0.0975	9.9	1774.9142451923278
0.0975	10.	1775.918101704727
0.0975	10.100000000000001	1776.916276246473
0.0975	10.200000000000001	1777.90881921163
0.0975	10.3	1778.8957805427517
0.0975	10.4	1779.877209734902
0.0975	10.5	1780.8531558394816
0.0975	10.600000000000001	1781.823667468144
0.0975	10.700000000000001	1782.7887927977179
0.0975	10.8	1783.7485795730547
0.0975	10.9	1784.7030751118084
0.0975	11.	1785.6523263079564
0.0975	11.100000000000001	1786.5963796354126
0.0975	11.200000000000001	1787.5352811531152
0.0975	11.3	1788.469076507409
0.0975	11.4	1789.3978109361194
0.0975	11.5	1790.3215292735676
0.0975	11.600000000000001	1791.2402759524628
0.0975	11.700000000000001	1792.15409500843
0.0975	11.8	1793.0630300842456
0.0975	11.9	1793.9671244324302
0.0975	12.	1794.8664209194158
0.0975	12.100000000000001	1795.760962028627
0.0975	12.200000000000001	1796.650789864524
0.0975	12.3	1797.5359461560533
0.0975	12.4	1798.416472259286
0.0975	12.5	1799.2924091621503
0.0975	12.600000000000001	1800.1637974865546
0.0975	12.700000000000001	1801.0306774926885
0.0975	12.8	1801.8930890816907
0.0975	12.9	1802.7510717994833
0.0975	13.	1803.604664839356
0.0975	13.100000000000001	1804.4539070460276
0.0975	13.200000000000001	1805.2988369181858
0.0975	13.3	1806.1394926118764
0.0975	13.4	1806.9759119439295
0.0975	13.5	1807.8081323945867
0.0975	13.600000000000001	1808.6361911109948
0.0975	13.700000000000001	1809.4601249098814
0.0975	13.8	1810.2799702810282
0.0975	13.9	1811.0957633898806
0.0975	14.	1811.9075400808454
0.0975	14.100000000000001	1812.715335880065
0.0975	14.200000000000001	1813.519185998219
0.0975	14.3	1814.3191253337468
0.0975	14.4	1815.115188475376
0.0975	14.5	1815.9074097052949
0.0975	14.600000000000001	1816.6958230016699
0.0975	14.700000000000001	1817.4804620414386
0.0975	14.8	1818.2613602036706
0.0975	14.9	1819.0385505712275
0.0975	15.	1819.8120659343522
0.0975	15.100000000000001	1820.5819387933532
0.0975	15.200000000000001	1821.3482013605028
0.0975	15.3	1822.1108855635723
0.0975	15.4	1822.8700230478503
0.0975	15.5	1823.625645178787
0.0975	15.600000000000001	1824.3777830452216
0.0975	15.700000000000001	1825.1264674607664
0.0975	15.8	1825.8717289674596
0.0975	15.9	1826.6135978375864
0.0975	16.	1827.3521040762093
0.0975	16.1	1828.0872774238974
0.0975	16.2	1828.8191473591503
0.0975	16.3	1829.5477431002246
0.0975	16.400000000000002	1830.273093608373
0.0975	16.5	1830.995227589496
0.0975	16.6	1831.7141734968984
0.0975	16.7	1832.4299595334396
0.0975	16.8	1833.142613653793
0.0975	16.900000000000002	1833.8521635668321
0.0975	17.	1834.5586367379008
0.0975	17.1	1835.2620603909418
0.0975	17.2	1835.9624615105733
0.0975	17.3	1836.6598668446002
0.0975	17.400000000000002	1837.354302906194
0.0975	17.5	1838.045795975533
0.0975	17.6	1838.7343721026282
0.0975	17.7	1839.4200571087556
0.0975	17.8	1840.1028765892177
0.0975	17.900000000000002	1840.782855914868
0.0975	18.	1841.4600202342885
0.0975	18.1	1842.1343944760913
0.0975	18.2	1842.8060033507586
0.0975	18.3	1843.4748713524268
0.0975	18.400000000000002	1844.1410227611748
0.0975	18.5	1844.8044816449487
0.0975	18.6	1845.4652718612842
0.0975	18.7	1846.123417059385
0.0975	18.8	1846.7789406820827
0.0975	18.900000000000002	1847.431865967557
0.0975	19.	1848.0822159513118
0.0975	19.1	1848.7300134680438
0.0975	19.200000000000003	1849.3752811533805
0.0975	19.3	1850.0180414457525
0.0975	19.400000000000002	1850.658316588215
0.0975	19.5	1851.2961286301627
0.0975	19.6	1851.9314994293452
0.0975	19.700000000000003	1852.5644506530361
0.0975	19.8	1853.19500378054
0.0975	19.900000000000002	1853.8231801041313
0.0975	20.	1854.449000731316
0.0975	20.1	1855.0724865864547
0.0975	20.200000000000003	1855.6936584120363
0.0975	20.3	1856.312536770757
0.0975	20.400000000000002	1856.9291420469997
0.0975	20.5	1857.5434944485967
0.0975	20.6	1858.155614007877
0.0975	20.700000000000003	1858.7655205839974
0.0975	20.8	1859.3732338643204
0.0975	20.900000000000002	1859.9787733655235
0.0975	21.	1860.5821584357057
0.0975	21.1	1861.1834082555174
0.0975	21.200000000000003	1861.7825418401112
0.0975	21.3	1862.379578040201
0.0975	21.400000000000002	1862.974535543669
0.0975	21.5	1863.5674328774
0.0975	21.6	1864.1582884080897
0.0975	21.700000000000003	1864.7471203444431
0.0975	21.8	1865.333946737901
0.0975	21.900000000000002	1865.9187854846912
0.0975	22.	1866.5016543266836
0.0975	22.1	1867.0825708530922
0.0975	22.200000000000003	1867.6615525017494
0.0975	22.3	1868.2386165608373
0.0975	22.400000000000002	1868.813780169569
0.0975	22.5	1869.3870603199189
0.0975	22.6	1869.9584738582325
0.0975	22.700000000000003	1870.5280374859638
0.0975	22.8	1871.0957677613621
0.0975	22.900000000000002	1871.6616811005997
0.0975	23.	1872.2257937791185
0.0975	23.1	1872.7881219329865
0.0975	23.200000000000003	1873.3486815599704
0.0975	23.3	1873.9074885209347
0.0975	23.400000000000002	1874.4645585409016
0.0975	23.5	1875.01990721066
0.0975	23.6	1875.5735499873126
0.0975	23.700000000000003	1876.1255021961608
0.0975	23.8	1876.675779031502
0.0975	23.900000000000002	1877.2243955579256
0.0975	24.	1877.7713667113917
0.0975	24.1	1878.3167073006025
0.0975	24.200000000000003	1878.8604320077134
0.0975	24.3	1879.4025553900547
0.0975	24.400000000000002	1879.9430918806283
0.0975	24.5	1880.482055789874
0.0975	24.6	1881.0194613063206
0.0975	24.700000000000003	1881.5553224976472
0.0975	24.8	1882.0896533120028
0.0975	24.900000000000002	1882.6224675790165
0.0975	25.	1883.1537790108055
0.0975	25.1	1883.6836012030944
0.0975	25.200000000000003	1884.2119476360858
0.0975	25.3	1884.738831675624
0.0975	25.400000000000002	1885.2642665743688
0.0975	25.5	1885.7882654724222
0.0975	25.6	1886.3108413988116
0.0975	25.700000000000003	1886.832007272028
0.0975	25.8	1887.3517759011304
0.0975	25.900000000000002	1887.8701599871222
0.0975	26.	1888.3871721232201
0.0975	26.1	1888.9028247965382
0.0975	26.200000000000003	1889.4171303883293
0.0975	26.3	1889.9301011755954
0.0975	26.400000000000002	1890.4417493313606
0.0975	26.5	1890.9520869262901
0.0975	26.6	1891.4611259289936
0.0975	26.700000000000003	1891.968878207207
0.0975	26.8	1892.475355528769
0.0975	26.900000000000002	1892.9805695622395
0.0975	27.	1893.4845318780738
0.0975	27.1	1893.9872539492696
0.0975	27.200000000000003	1894.488747152312
0.0975	27.3	1894.9890227680496
0.0975	27.400000000000002	1895.4880919826323
0.0975	27.5	1895.9859658880932
0.0975	27.6	1896.4826554833205
0.0975	27.700000000000003	1896.9781716750551
0.0975	27.8	1897.4725252783012
0.0975	27.900000000000002	1897.9657270174487
0.0975	28.	1898.4577875271827
0.0975	28.1	1898.948717352922
0.0975	28.200000000000003	1899.438526951652
0.0975	28.3	1899.9272266930786
0.0975	28.400000000000002	1900.4148268599524
0.0975	28.5	1900.9013376490768
0.0975	28.6	1901.3867691721
0.0975	28.700000000000003	1901.871131455971
0.0975	28.8	1902.3544344441532
0.0975	28.900000000000002	1902.8366879968287
0.0975	29.	1903.3179018919807
0.0975	29.1	1903.7980858261478
0.0975	29.200000000000003	1904.277249414803
0.0975	29.3	1904.7554021935562
0.0975	29.400000000000002	1905.2325536182211
0.0975	29.5	1905.7087130661384
0.0975	29.6	1906.1838898364158
0.0975	29.700000000000003	1906.6580931510455
0.0975	29.8	1907.1313321549242
0.0975	29.900000000000002	1907.6036159173696
0.0975	30.	1908.0749534318834
0.0975	30.1	1908.5453536176426
0.0975	30.200000000000003	1909.014825319511
0.0975	30.3	1909.4833773091323
0.0975	30.400000000000002	1909.9510182851507
0.0975	30.5	1910.41775687437
0.0975	30.6	1910.883601631778
0.0975	30.700000000000003	1911.3485610416933
0.0975	30.8	1911.8126435181077
0.0975	30.900000000000002	1912.275857405267
0.0975	31.	1912.7382109785594
0.0975	31.1	1913.1997124445998
0.0975	31.200000000000003	1913.6603699424097
0.0975	31.3	1914.120191543688
0.0975	31.400000000000002	1914.5791852533443
0.0975	31.5	1915.0373590103943
0.0975	31.6	1915.4947206878949
0.0975	31.700000000000003	1915.9512780944856
0.0975	31.8	1916.4070389738079
0.0975	31.900000000000002	1916.862011006171
0.0975	32.	1917.3162018081975
0.0975	32.1	1917.7696189339372
0.0975	32.2	1918.2222698752416
0.0975	32.300000000000004	1918.6741620621456
0.0975	32.4	1919.125302863625
0.0975	32.5	1919.5756995880517
0.0975	32.6	1920.0253594836452
0.0975	32.7	1920.4742897390588
0.0975	32.800000000000004	1920.9224974839412
0.0975	32.9	1921.369989789172
0.0975	33.	1921.8167736677865
0.0975	33.1	1922.2628560752257
0.0975	33.2	1922.7082439097644
0.0975	33.300000000000004	1923.152944013045
0.0975	33.4	1923.5969631708895
0.0975	33.5	1924.040308113274
0.0975	33.6	1924.4829855150706
0.0975	33.7	1924.9250019964845
0.0975	33.800000000000004	1925.3663641234912
0.0975	33.9	1925.8070784085044
0.0975	34.	1926.2471513104501
0.0975	34.1	1926.6865892355756
0.0975	34.2	1927.1253985375483
0.0975	34.300000000000004	1927.5635855183598
0.0975	34.4	1928.0011564283843
0.0975	34.5	1928.4381174669832
0.0975	34.6	1928.874474782828
0.0975	34.7	1929.3102344745464
0.0975	34.800000000000004	1929.7454025909067
0.0975	34.9	1930.1799851313622
0.0975	35.	1930.6139880464857
0.0975	35.1	1931.047417238297
0.0975	35.2	1931.4802785607067
0.0975	35.300000000000004	1931.9125778200964
0.0975	35.4	1932.3443207753476
0.0975	35.5	1932.7755131386755
0.0975	35.6	1933.2061605757547
0.0975	35.7	1933.6362687060182
0.0975	35.800000000000004	1934.065843103422
0.0975	35.9	1934.494889296412
0.0975	36.	1934.923412768719
0.0975	36.1	1935.351418959285
0.0975	36.2	1935.7789132630037
0.0975	36.300000000000004	1936.205901031045
0.0975	36.4	1936.6323875710602
0.0975	36.5	1937.0583781474427
0.0975	36.6	1937.4838779822783
0.0975	36.7	1937.908892254984
0.0975	36.800000000000004	1938.3334261030502
0.0975	36.9	1938.7574846223845
0.0975	37.	1939.1810728676182
0.0975	37.1	1939.6041958523497
0.0975	37.2	1940.0268585497342
0.0975	37.300000000000004	1940.4490658923837
0.0975	37.4	1940.870822773207
0.0975	37.5	1941.2921340455407
0.0975	37.6	1941.7130045233173
0.0975	37.7	1942.1334389816852
0.0975	37.800000000000004	1942.5534421570712
0.0975	37.9	1942.9730187476164
0.0975	38.	1943.392173413563
0.0975	38.1	1943.810910777487
0.0975	38.2	1944.2292354246283
0.0975	38.300000000000004	1944.6471519031427
0.0975	38.400000000000006	1945.0646647245323
0.0975	38.5	1945.4817783638775
0.0975	38.6	1945.8984972602093
0.0975	38.7	1946.3148258165982
0.0975	38.800000000000004	1946.7307684006462
0.0975	38.900000000000006	1947.1463293448992
0.0975	39.	1947.5615129467362
0.0975	39.1	1947.9763234691882
0.0975	39.2	1948.3907651406005
0.0975	39.300000000000004	1948.8048421554004
0.0975	39.400000000000006	1949.2185586744367
0.0975	39.5	1949.6319188247924
0.0975	39.6	1950.0449267003078
0.0975	39.7	1950.4575863620166
0.0975	39.800000000000004	1950.8699018382667
0.0975	39.900000000000006	1951.2818771248192
0.0975	40.	1951.6935161856165
0.1	0.	1635.473076676898
0.1	0.1	1637.288973232716
0.1	0.2	1639.0909715474986
0.1	0.30000000000000004	1640.8791999865903
0.1	0.4	1642.653785692823
0.1	0.5	1644.4148545994904
0.1	0.6000000000000001	1646.1625314437936
0.1	0.7000000000000001	1647.8969397798023
0.1	0.8	1649.618201990439
0.1	0.9	1651.3264393000852
0.1	1.	1653.021771786971
0.1	1.1	1654.7043183954277
0.1	1.2000000000000002	1656.3741969470204
0.1	1.3	1658.0315241529563
0.1	1.4000000000000001	1659.6764156251302
0.1	1.5	1661.3089858873948
0.1	1.6	1662.929348387599
0.1	1.7000000000000002	1664.5376155072213
0.1	1.8	1666.1338985733144
0.1	1.9000000000000001	1667.718307868922
0.1	2.	1669.2909526435512
0.1	2.1	1670.8519411234963
0.1	2.2	1672.4013805225445
0.1	2.3000000000000003	1673.9393770515296
0.1	2.4000000000000004	1675.4660359290053
0.1	2.5	1676.981461390547
0.1	2.6	1678.4857566989963
0.1	2.7	1679.9790241536193
0.1	2.8000000000000003	1681.4613651000561
0.1	2.9000000000000004	1682.9328799397097
0.1	3.	1684.3936681384687
0.1	3.1	1685.8438282366308
0.1	3.2	1687.2834578572326
0.1	3.3000000000000003	1688.7126537156769
0.1	3.4000000000000004	1690.1315116280591
0.1	3.5	1691.5401265203784
0.1	3.6	1692.9385924369697
0.1	3.7	1694.3270025483669
0.1	3.8000000000000003	1695.7054491610136
0.1	3.9000000000000004	1697.0740237245927
0.1	4.	1698.432816840775
0.1	4.1000000000000005	1699.781918271139
0.1	4.2	1701.1214169454756
0.1	4.3	1702.4514009696047
0.1	4.4	1703.7719576330496
0.1	4.5	1705.0831734175035
0.1	4.6000000000000005	1706.3851340033912
0.1	4.7	1707.6779242791645
0.1	4.800000000000001	1708.961628347068
0.1	4.9	1710.236329531975
0.1	5.	1711.50211038819
0.1	5.1000000000000005	1712.759052706303
0.1	5.2	1714.0072375218065
0.1	5.300000000000001	1715.2467451204814
0.1	5.4	1716.4776550474867
0.1	5.5	1717.700046112385
0.1	5.6000000000000005	1718.9139963971036
0.1	5.7	1720.1195832635012
0.1	5.800000000000001	1721.3168833582165
0.1	5.9	1722.5059726215072
0.1	6.	1723.686926292303
0.1	6.1000000000000005	1724.8598189160562
0.1	6.2	1726.024724350157
0.1	6.300000000000001	1727.1817157711212
0.1	6.4	1728.330865680978
0.1	6.5	1729.472245913297
0.1	6.6000000000000005	1730.6059276393537
0.1	6.7	1731.731981374839
0.1	6.800000000000001	1732.8504769861183
0.1	6.9	1733.9614836951248
0.1	7.	1735.0650700871267
0.1	7.1000000000000005	1736.161304115154
0.1	7.2	1737.2502531067973
0.1	7.300000000000001	1738.331983770347
0.1	7.4	1739.4065621993416
0.1	7.5	1740.4740538795652
0.1	7.6000000000000005	1741.5345236940657
0.1	7.7	1742.588035929082
0.1	7.800000000000001	1743.6346542793694
0.1	7.9	1744.674441854592
0.1	8.	1745.7074611829619
0.1	8.1	1746.7337742190116
0.1	8.200000000000001	1747.7534423467512
0.1	8.3	1748.7665263866627
0.1	8.4	1749.7730866003612
0.1	8.5	1750.7731826954473
0.1	8.6	1751.7668738313382
0.1	8.700000000000001	1752.7542186237508
0.1	8.8	1753.7352751504443
0.1	8.9	1754.7101009558032
0.1	9.	1755.6787530563506
0.1	9.1	1756.6412879440845
0.1	9.200000000000001	1757.5977615942688
0.1	9.3	1758.5482294672454
0.1	9.4	1759.4927465151686
0.1	9.5	1760.431367185917
0.1	9.600000000000001	1761.3641454282906
0.1	9.700000000000001	1762.291134696404
0.1	9.8	1763.2123879542446
0.1	9.9	1764.1279576802822
0.1	10.	1765.0378958722508
0.1	10.100000000000001	1765.942254051614
0.1	10.200000000000001	1766.8410832672232
0.1	10.3	1767.7344341014134
0.1	10.4	1768.6223566722376
0.1	10.5	1769.504900639905
0.1	10.600000000000001	1770.3821152093908
0.1	10.700000000000001	1771.2540491357363
0.1	10.8	1772.1207507275637
0.1	10.9	1772.982267852163
0.1	11.	1773.8386479384692
0.1	11.100000000000001	1774.6899379821596
0.1	11.200000000000001	1775.5361845487123
0.1	11.3	1776.3774337786106
0.1	11.4	1777.213731390387
0.1	11.5	1778.0451226848986
0.1	11.600000000000001	1778.8716525496916
0.1	11.700000000000001	1779.693365461466
0.1	11.8	1780.5103054918836
0.1	11.9	1781.3225163096868
0.1	12.	1782.130041185297
0.1	12.100000000000001	1782.9329229944121
0.1	12.200000000000001	1783.731204221706
0.1	12.3	1784.5249269642445
0.1	12.4	1785.3141329355158
0.1	12.5	1786.0988634686253
0.1	12.600000000000001	1786.8791595201794
0.1	12.700000000000001	1787.6550616736583
0.1	12.8	1788.4266101429996
0.1	12.9	1789.1938447758107
0.1	13.	1789.9568050569812
0.1	13.100000000000001	1790.7155301123228
0.1	13.200000000000001	1791.4700587114492
0.1	13.3	1792.220429271499
0.1	13.4	1792.9666798599874
0.1	13.5	1793.708848198808
0.1	13.600000000000001	1794.4469716668057
0.1	13.700000000000001	1795.1810873030545
0.1	13.8	1795.9112318105774
0.1	13.9	1796.6374415587834
0.1	14.	1797.359752587127
0.1	14.100000000000001	1798.0782006081272
0.1	14.200000000000001	1798.7928210099158
0.1	14.3	1799.5036488598948
0.1	14.4	1800.2107189076964
0.1	14.5	1800.914065587511
0.1	14.600000000000001	1801.6137230219479
0.1	14.700000000000001	1802.3097250242695
0.1	14.8	1803.002105101621
0.1	14.9	1803.6908964577606
0.1	15.	1804.3761319959326
0.1	15.100000000000001	1805.057844321644
0.1	15.200000000000001	1805.7360657455938
0.1	15.3	1806.4108282862687
0.1	15.4	1807.082163672901
0.1	15.5	1807.7501033478707
0.1	15.600000000000001	1808.414678469515
0.1	15.700000000000001	1809.0759199149234
0.1	15.8	1809.7338582824054
0.1	15.9	1810.3885238942355
0.1	16.	1811.0399467989173
0.1	16.1	1811.6881567742232
0.1	16.2	1812.3331833295395
0.1	16.3	1812.9750557081234
0.1	16.400000000000002	1813.6138028899188
0.1	16.5	1814.2494535937242
0.1	16.6	1814.882036280043
0.1	16.7	1815.5115791531755
0.1	16.8	1816.1381101636973
0.1	16.900000000000002	1816.7616570106586
0.1	17.	1817.3822471444596
0.1	17.1	1817.9999077685752
0.1	17.2	1818.6146658420685
0.1	17.3	1819.226548082128
0.1	17.400000000000002	1819.8355809660661
0.1	17.5	1820.4417907335085
0.1	17.6	1821.0452033887552
0.1	17.7	1821.645844702879
0.1	17.8	1822.243740216192
0.1	17.900000000000002	1822.838915240021
0.1	18.	1823.4313948587985
0.1	18.1	1824.0212039327566
0.1	18.2	1824.6083670994358
0.1	18.3	1825.1929087758526
0.1	18.400000000000002	1825.7748531608436
0.1	18.5	1826.3542242370004
0.1	18.6	1826.9310457722906
0.1	18.7	1827.505341322727
0.1	18.8	1828.077134233857
0.1	18.900000000000002	1828.646447642633
0.1	19.	1829.2133044799523
0.1	19.1	1829.7777274719026
0.1	19.200000000000003	1830.3397391422225
0.1	19.3	1830.8993618137054
0.1	19.400000000000002	1831.4566176105427
0.1	19.5	1832.0115284596725
0.1	19.6	1832.5641160928806
0.1	19.700000000000003	1833.1144020489521
0.1	19.8	1833.6624076745913
0.1	19.900000000000002	1834.2081541270745
0.1	20.	1834.751662375523
0.1	20.1	1835.2929532030935
0.1	20.200000000000003	1835.832047207779
0.1	20.3	1836.3689648054647
0.1	20.400000000000002	1836.903726230387
0.1	20.5	1837.4363515374964
0.1	20.6	1837.9668606040436
0.1	20.700000000000003	1838.495273131044
0.1	20.8	1839.0216086451235
0.1	20.900000000000002	1839.5458864998814
0.1	21.	1840.0681258776274
0.1	21.1	1840.5883457911455
0.1	21.200000000000003	1841.1065650850521
0.1	21.3	1841.6228024370885
0.1	21.400000000000002	1842.13707636041
0.1	21.5	1842.649405204333
0.1	21.6	1843.159807156455
0.1	21.700000000000003	1843.6683002436052
0.1	21.8	1844.174902333792
0.1	21.900000000000002	1844.6796311374073
0.1	22.	1845.182504208703
0.1	22.1	1845.6835389474088
0.1	22.200000000000003	1846.182752599997
0.1	22.3	1846.6801622610303
0.1	22.400000000000002	1847.1757848747282
0.1	22.5	1847.6696372363601
0.1	22.6	1848.1617359933773
0.1	22.700000000000003	1848.6520976471877
0.1	22.8	1849.1407385539676
0.1	22.900000000000002	1849.6276749264662
0.1	23.	1850.1129228350912
0.1	23.1	1850.596498209307
0.1	23.200000000000003	1851.0784168388084
0.1	23.3	1851.5586943750502
0.1	23.400000000000002	1852.0373463322253
0.1	23.5	1852.5143880884905
0.1	23.6	1852.9898348879099
0.1	23.700000000000003	1853.4637018405215
0.1	23.8	1853.936003924639
0.1	23.900000000000002	1854.406755987428
0.1	24.	1854.8759727464308
0.1	24.1	1855.3436687904266
0.1	24.200000000000003	1855.8098585809703
0.1	24.3	1856.2745564534102
0.1	24.400000000000002	1856.7377766177644
0.1	24.5	1857.199533160598
0.1	24.6	1857.6598400451014
0.1	24.700000000000003	1858.1187111132472
0.1	24.8	1858.5761600863964
0.1	24.900000000000002	1859.0322005661574
0.1	25.	1859.4868460360062
0.1	25.1	1859.940109862141
0.1	25.200000000000003	1860.3920052943588
0.1	25.3	1860.842545467611
0.1	25.400000000000002	1861.2917434022988
0.1	25.5	1861.7396120061635
0.1	25.6	1862.1861640745383
0.1	25.700000000000003	1862.6314122920858
0.1	25.8	1863.0753692331764
0.1	25.900000000000002	1863.5180473632813
0.1	26.	1863.9594590398976
0.1	26.1	1864.399616513174
0.1	26.200000000000003	1864.8385319276279
0.1	26.3	1865.276217322242
0.1	26.400000000000002	1865.712684632101
0.1	26.5	1866.1479456891052
0.1	26.6	1866.582012222599
0.1	26.700000000000003	1867.0148958608065
0.1	26.8	1867.4466081314108
0.1	26.900000000000002	1867.8771604626413
0.1	27.	1868.3065641840474
0.1	27.1	1868.7348305272587
0.1	27.200000000000003	1869.1619706273489
0.1	27.3	1869.5879955232658
0.1	27.400000000000002	1870.0129161586876
0.1	27.5	1870.4367433834057
0.1	27.6	1870.8594879534185
0.1	27.700000000000003	1871.2811605323488
0.1	27.8	1871.7017716920948
0.1	27.900000000000002	1872.1213319134567
0.1	28.	1872.5398515873212
0.1	28.1	1872.9573410151766
0.1	28.200000000000003	1873.3738104102192
0.1	28.3	1873.7892698976334
0.1	28.400000000000002	1874.203729516056
0.1	28.5	1874.6171992176787
0.1	28.6	1875.0296888696007
0.1	28.700000000000003	1875.4412082542076
0.1	28.8	1875.851767069982
0.1	28.900000000000002	1876.2613749324885
0.1	29.	1876.670041374945
0.1	29.1	1877.0777758487786
0.1	29.200000000000003	1877.484587724775
0.1	29.3	1877.8904862934492
0.1	29.400000000000002	1878.295480765885
0.1	29.5	1878.6995802744666
0.1	29.6	1879.1027938736315
0.1	29.700000000000003	1879.5051305403326
0.1	29.8	1879.906599174982
0.1	29.900000000000002	1880.3072086019945
0.1	30.	1880.706967570652
0.1	30.1	1881.105884755362
0.1	30.200000000000003	1881.503968756896
0.1	30.3	1881.9012281023831
0.1	30.400000000000002	1882.2976712466564
0.1	30.5	1882.6933065723506
0.1	30.6	1883.0881423907986
0.1	30.700000000000003	1883.482186942596
0.1	30.8	1883.8754483981452
0.1	30.900000000000002	1884.267934858675
0.1	31.	1884.6596543562778
0.1	31.1	1885.0506148547797
0.1	31.200000000000003	1885.4408242506224
0.1	31.3	1885.8302903728984
0.1	31.400000000000002	1886.2190209844207
0.1	31.5	1886.6070237820272
0.1	31.6	1886.9943063973392
0.1	31.700000000000003	1887.3808763973161
0.1	31.8	1887.7667412845456
0.1	31.900000000000002	1888.151908498299
0.1	32.	1888.5363854146226
0.1	32.1	1888.9201793472337
0.1	32.2	1889.3032975479537
0.1	32.300000000000004	1889.6857472070071
0.1	32.4	1890.0675354539733
0.1	32.5	1890.4486693582141
0.1	32.6	1890.8291559289714
0.1	32.7	1891.2090021166214
0.1	32.800000000000004	1891.588214812655
0.1	32.9	1891.966800850317
0.1	33.	1892.3447670051305
0.1	33.1	1892.722119995458
0.1	33.2	1893.0988664830631
0.1	33.300000000000004	1893.4750130732875
0.1	33.4	1893.8505663158844
0.1	33.5	1894.22553270548
0.1	33.6	1894.5999186817414
0.1	33.7	1894.9737306302086
0.1	33.800000000000004	1895.346974882596
0.1	33.9	1895.7196577172083
0.1	34.	1896.0917853596268
0.1	34.1	1896.4633639829378
0.1	34.2	1896.8343997082638
0.1	34.300000000000004	1897.2048986052114
0.1	34.4	1897.5748666925615
0.1	34.5	1897.9443099380867
0.1	34.6	1898.3132342597717
0.1	34.7	1898.6816455256785
0.1	34.800000000000004	1899.0495495544756
0.1	34.9	1899.41695211626
0.1	35.	1899.7838589323808
0.1	35.1	1900.1502756762743
0.1	35.2	1900.5162079736854
0.1	35.300000000000004	1900.8816614032378
0.1	35.4	1901.2466414968098
0.1	35.5	1901.6111537396093
0.1	35.6	1901.9752035711551
0.1	35.7	1902.3387963852444
0.1	35.800000000000004	1902.7019375304155
0.1	35.9	1903.0646323104038
0.1	36.	1903.426885984579
0.1	36.1	1903.7887037681921
0.1	36.2	1904.1500908329292
0.1	36.300000000000004	1904.5110523068988
0.1	36.4	1904.8715932756195
0.1	36.5	1905.2317187819028
0.1	36.6	1905.591433826279
0.1	36.7	1905.9507433676501
0.1	36.800000000000004	1906.3096523232086
0.1	36.9	1906.6681655692194
0.1	37.	1907.0262879411196
0.1	37.1	1907.3840242338222
0.1	37.2	1907.7413792022824
0.1	37.300000000000004	1908.098357561813
0.1	37.4	1908.454963988059
0.1	37.5	1908.8112031177825
0.1	37.6	1909.1670795490209
0.1	37.7	1909.522597841513
0.1	37.800000000000004	1909.877762516621
0.1	37.9	1910.2325780582462
0.1	38.	1910.5870489128622
0.1	38.1	1910.9411794895495
0.1	38.2	1911.294974160951
0.1	38.300000000000004	1911.6484372629236
0.1	38.400000000000006	1912.0015730954644
0.1	38.5	1912.3543859225304
0.1	38.6	1912.706879972496
0.1	38.7	1913.0590594384814
0.1	38.800000000000004	1913.4109284788076
0.1	38.900000000000006	1913.7624912169713
0.1	39.	1914.113751741992
0.1	39.1	1914.464714109196
0.1	39.2	1914.8153823397222
0.1	39.300000000000004	1915.1657604213583
0.1	39.400000000000006	1915.5158523087769
0.1	39.5	1915.8656619235935
0.1	39.6	1916.2151931546018
0.1	39.7	1916.5644498585564
0.1	39.800000000000004	1916.9134358597842
0.1	39.900000000000006	1917.262154950919
0.1	40.	1917.6106108929441
0.10250000000000001	0.	1634.3728170031507
0.10250000000000001	0.1	1636.0892544485632
0.10250000000000001	0.2	1637.7917004826018
0.10250000000000001	0.30000000000000004	1639.4802875298424
0.10250000000000001	0.4	1641.1551467339564
0.10250000000000001	0.5	1642.816407970909
0.10250000000000001	0.6000000000000001	1644.4641998625148
0.10250000000000001	0.7000000000000001	1646.0986497904332
0.10250000000000001	0.8	1647.719883909355
0.10250000000000001	0.9	1649.3280271596425
0.10250000000000001	1.	1650.9232032803925
0.10250000000000001	1.1	1652.5055348226833
0.10250000000000001	1.2000000000000002	1654.0751431612096
0.10250000000000001	1.3	1655.6321485065132
0.10250000000000001	1.4000000000000001	1657.176669918376
0.10250000000000001	1.5	1658.7088253160084
0.10250000000000001	1.6	1660.2287314915477
0.10250000000000001	1.7000000000000002	1661.7365041201977
0.10250000000000001	1.8	1663.232257772779
0.10250000000000001	1.9000000000000001	1664.7161059263135
0.10250000000000001	2.	1666.18816097547
0.10250000000000001	2.1	1667.648534243848
0.10250000000000001	2.2	1669.0973359941445
0.10250000000000001	2.3000000000000003	1670.5346754393568
0.10250000000000001	2.4000000000000004	1671.9606607533647
0.10250000000000001	2.5	1673.375399081322
0.10250000000000001	2.6	1674.7789965495795
0.10250000000000001	2.7	1676.171558276157
0.10250000000000001	2.8000000000000003	1677.5531883813997
0.10250000000000001	2.9000000000000004	1678.923989996786
0.10250000000000001	3.	1680.284065275397
0.10250000000000001	3.1	1681.6335154016756
0.10250000000000001	3.2	1682.9724406006583
0.10250000000000001	3.3000000000000003	1684.3009401472832
0.10250000000000001	3.4000000000000004	1685.6191123764333
0.10250000000000001	3.5	1686.927054691911
0.10250000000000001	3.6	1688.2248635747665
0.10250000000000001	3.7	1689.5126345938565
0.10250000000000001	3.8000000000000003	1690.7904624131936
0.10250000000000001	3.9000000000000004	1692.0584408018808
0.10250000000000001	4.	1693.316662642482
0.10250000000000001	4.1000000000000005	1694.5652199392364
0.10250000000000001	4.2	1695.8042038272192
0.10250000000000001	4.3	1697.0337045805343
0.10250000000000001	4.4	1698.2538116205528
0.10250000000000001	4.5	1699.4646135242983
0.10250000000000001	4.6000000000000005	1700.6661980324084
0.10250000000000001	4.7	1701.8586520579374
0.10250000000000001	4.800000000000001	1703.0420616933516
0.10250000000000001	4.9	1704.2165122185313
0.10250000000000001	5.	1705.3820881097843
0.10250000000000001	5.1000000000000005	1706.538873045946
0.10250000000000001	5.2	1707.6869499175214
0.10250000000000001	5.300000000000001	1708.8264008329843
0.10250000000000001	5.4	1709.9573071273942
0.10250000000000001	5.5	1711.0797493687865
0.10250000000000001	5.6000000000000005	1712.193807366648
0.10250000000000001	5.7	1713.2995601780249
0.10250000000000001	5.800000000000001	1714.3970861156333
0.10250000000000001	5.9	1715.4864627544168
0.10250000000000001	6.	1716.5677669391164
0.10250000000000001	6.1000000000000005	1717.6410747905616
0.10250000000000001	6.2	1718.7064617134747
0.10250000000000001	6.300000000000001	1719.7640024026653
0.10250000000000001	6.4	1720.8137708496602
0.10250000000000001	6.5	1721.8558403498475
0.10250000000000001	6.6000000000000005	1722.8902835095685
0.10250000000000001	6.7	1723.9171722515143
0.10250000000000001	6.800000000000001	1724.9365778221597
0.10250000000000001	6.9	1725.9485707975812
0.10250000000000001	7.	1726.953221090508
0.10250000000000001	7.1000000000000005	1727.95059795633
0.10250000000000001	7.2	1728.9407699993437
0.10250000000000001	7.300000000000001	1729.9238051788197
0.10250000000000001	7.4	1730.8997708151549
0.10250000000000001	7.5	1731.8687335966222
0.10250000000000001	7.6000000000000005	1732.830759584571
0.10250000000000001	7.7	1733.7859142194218
0.10250000000000001	7.800000000000001	1734.734262327393
0.10250000000000001	7.9	1735.6758681254482
0.10250000000000001	8.	1736.6107952275252
0.10250000000000001	8.1	1737.539106650302
0.10250000000000001	8.200000000000001	1738.4608648186859
0.10250000000000001	8.3	1739.3761315715992
0.10250000000000001	8.4	1740.284968167435
0.10250000000000001	8.5	1741.1874352898099
0.10250000000000001	8.6	1742.0835930529772
0.10250000000000001	8.700000000000001	1742.9735010070474
0.10250000000000001	8.8	1743.857218142975
0.10250000000000001	8.9	1744.7348028993476
0.10250000000000001	9.	1745.6063131657695
0.10250000000000001	9.1	1746.4718062897173
0.10250000000000001	9.200000000000001	1747.331339080463
0.10250000000000001	9.3	1748.1849678149038
0.10250000000000001	9.4	1749.0327482424507
0.10250000000000001	9.5	1749.874735590213
0.10250000000000001	9.600000000000001	1750.7109845674352
0.10250000000000001	9.700000000000001	1751.541549370935
0.10250000000000001	9.8	1752.3664836902162
0.10250000000000001	9.9	1753.1858407113978
0.10250000000000001	10.	1753.9996731230683
0.10250000000000001	10.100000000000001	1754.8080331199742
0.10250000000000001	10.200000000000001	1755.6109724085543
0.10250000000000001	10.3	1756.4085422113753
0.10250000000000001	10.4	1757.2007932717163
0.10250000000000001	10.5	1757.9877758573816
0.10250000000000001	10.600000000000001	1758.7695397672067
0.10250000000000001	10.700000000000001	1759.5461343330533
0.10250000000000001	10.8	1760.3176084261631
0.10250000000000001	10.9	1761.0840104606352
0.10250000000000001	11.	1761.8453883980542
0.10250000000000001	11.100000000000001	1762.6017897518107
0.10250000000000001	11.200000000000001	1763.3532615912409
0.10250000000000001	11.3	1764.0998505458872
0.10250000000000001	11.4	1764.841602810219
0.10250000000000001	11.5	1765.5785641464995
0.10250000000000001	11.600000000000001	1766.3107798905082
0.10250000000000001	11.700000000000001	1767.0382949544635
0.10250000000000001	11.8	1767.7611538315593
0.10250000000000001	11.9	1768.4794005997146
0.10250000000000001	12.	1769.193078925783
0.10250000000000001	12.100000000000001	1769.9022320692254
0.10250000000000001	12.200000000000001	1770.6069028865343
0.10250000000000001	12.3	1771.3071338341342
0.10250000000000001	12.4	1772.0029669729897
0.10250000000000001	12.5	1772.6944439723702
0.10250000000000001	12.600000000000001	1773.3816061129169
0.10250000000000001	12.700000000000001	1774.0644942912143
0.10250000000000001	12.8	1774.743149022688
0.10250000000000001	12.9	1775.4176104460655
0.10250000000000001	13.	1776.0879183259349
0.10250000000000001	13.100000000000001	1776.7541120573865
0.10250000000000001	13.200000000000001	1777.41623066885
0.10250000000000001	13.3	1778.0743128257388
0.10250000000000001	13.4	1778.728396833976
0.10250000000000001	13.5	1779.3785206437358
0.10250000000000001	13.600000000000001	1780.024721852159
0.10250000000000001	13.700000000000001	1780.6670377072624
0.10250000000000001	13.8	1781.305505111185
0.10250000000000001	13.9	1781.9401606233762
0.10250000000000001	14.	1782.571040463855
0.10250000000000001	14.100000000000001	1783.198180516579
0.10250000000000001	14.200000000000001	1783.8216163326779
0.10250000000000001	14.3	1784.4413831332379
0.10250000000000001	14.4	1785.0575158132951
0.10250000000000001	14.5	1785.6700489439504
0.10250000000000001	14.600000000000001	1786.2790167762068
0.10250000000000001	14.700000000000001	1786.8844532435512
0.10250000000000001	14.8	1787.4863919654667
0.10250000000000001	14.9	1788.0848662499834
0.10250000000000001	15.	1788.6799090968905
0.10250000000000001	15.100000000000001	1789.2715532005382
0.10250000000000001	15.200000000000001	1789.8598309530319
0.10250000000000001	15.3	1790.444774446612
0.10250000000000001	15.4	1791.026415477368
0.10250000000000001	15.5	1791.6047855469703
0.10250000000000001	15.600000000000001	1792.1799158663719
0.10250000000000001	15.700000000000001	1792.7518373581545
0.10250000000000001	15.8	1793.3205806595486
0.10250000000000001	15.9	1793.8861761246617
0.10250000000000001	16.	1794.4486538278832
0.10250000000000001	16.1	1795.0080435658706
0.10250000000000001	16.2	1795.5643748609064
0.10250000000000001	16.3	1796.117676962811
0.10250000000000001	16.400000000000002	1796.6679788519336
0.10250000000000001	16.5	1797.2153092417686
0.10250000000000001	16.6	1797.7596965812106
0.10250000000000001	16.7	1798.3011690574783
0.10250000000000001	16.8	1798.8397545982148
0.10250000000000001	16.900000000000002	1799.3754808741123
0.10250000000000001	17.	1799.9083753014818
0.10250000000000001	17.1	1800.4384650446377
0.10250000000000001	17.2	1800.965777018203
0.10250000000000001	17.3	1801.4903378894899
0.10250000000000001	17.400000000000002	1802.0121740807947
0.10250000000000001	17.5	1802.531311772231
0.10250000000000001	17.6	1803.0477769030385
0.10250000000000001	17.7	1803.5615951751515
0.10250000000000001	17.8	1804.072792054353
0.10250000000000001	17.900000000000002	1804.581392773018
0.10250000000000001	18.	1805.087422332506
0.10250000000000001	18.1	1805.590905504869
0.10250000000000001	18.2	1806.0918668354384
0.10250000000000001	18.3	1806.5903306447544
0.10250000000000001	18.400000000000002	1807.0863210310085
0.10250000000000001	18.5	1807.5798618716806
0.10250000000000001	18.6	1808.0709768261656
0.10250000000000001	18.7	1808.5596893372956
0.10250000000000001	18.8	1809.0460226338816
0.10250000000000001	18.900000000000002	1809.5299997325394
0.10250000000000001	19.	1810.0116434396564
0.10250000000000001	19.1	1810.4909763534372
0.10250000000000001	19.200000000000003	1810.9680208661055
0.10250000000000001	19.3	1811.4427991652883
0.10250000000000001	19.400000000000002	1811.9153332367084
0.10250000000000001	19.5	1812.3856448655
0.10250000000000001	19.6	1812.8537556381166
0.10250000000000001	19.700000000000003	1813.3196869449746
0.10250000000000001	19.8	1813.7834599812275
0.10250000000000001	19.900000000000002	1814.2450957494552
0.10250000000000001	20.	1814.7046150610001
0.10250000000000001	20.1	1815.162038538135
0.10250000000000001	20.200000000000003	1815.6173866156116
0.10250000000000001	20.3	1816.0706795424755
0.10250000000000001	20.400000000000002	1816.521937383769
0.10250000000000001	20.5	1816.971180022609
0.10250000000000001	20.6	1817.4184271615345
0.10250000000000001	20.700000000000003	1817.8636983240795
0.10250000000000001	20.8	1818.3070128571787
0.10250000000000001	20.900000000000002	1818.7483899321182
0.10250000000000001	21.	1819.187848546435
0.10250000000000001	21.1	1819.625407525606
0.10250000000000001	21.200000000000003	1820.061085524893
0.10250000000000001	21.3	1820.4949010302444
0.10250000000000001	21.400000000000002	1820.9268723607647
0.10250000000000001	21.5	1821.3570176696041
0.10250000000000001	21.6	1821.7853549460108
0.10250000000000001	21.700000000000003	1822.211902016496
0.10250000000000001	21.8	1822.6366765465843
0.10250000000000001	21.900000000000002	1823.0596960423472
0.10250000000000001	22.	1823.4809778517247
0.10250000000000001	22.1	1823.900539166225
0.10250000000000001	22.200000000000003	1824.31839702215
0.10250000000000001	22.3	1824.734568302413
0.10250000000000001	22.400000000000002	1825.149069737518
0.10250000000000001	22.5	1825.561917907485
0.10250000000000001	22.6	1825.9731292429758
0.10250000000000001	22.700000000000003	1826.3827200265348
0.10250000000000001	22.8	1826.7907063944588
0.10250000000000001	22.900000000000002	1827.197104337609
0.10250000000000001	23.	1827.601929703494
0.10250000000000001	23.1	1828.005198196696
0.10250000000000001	23.200000000000003	1828.406925380987
0.10250000000000001	23.3	1828.8071266804432
0.10250000000000001	23.400000000000002	1829.2058173802716
0.10250000000000001	23.5	1829.6030126290882
0.10250000000000001	23.6	1829.9987274389696
0.10250000000000001	23.700000000000003	1830.3929766880074
0.10250000000000001	23.8	1830.7857751204087
0.10250000000000001	23.900000000000002	1831.1771373486333
0.10250000000000001	24.	1831.5670778541628
0.10250000000000001	24.1	1831.9556109886512
0.10250000000000001	24.200000000000003	1832.3427509754504
0.10250000000000001	24.3	1832.7285119108096
0.10250000000000001	24.400000000000002	1833.1129077646556
0.10250000000000001	24.5	1833.4959523821535
0.10250000000000001	24.6	1833.8776594847764
0.10250000000000001	24.700000000000003	1834.2580426713168
0.10250000000000001	24.8	1834.6371154193457
0.10250000000000001	24.900000000000002	1835.0148910859386
0.10250000000000001	25.	1835.3913829090322
0.10250000000000001	25.1	1835.7666040086644
0.10250000000000001	25.200000000000003	1836.1405673875872
0.10250000000000001	25.3	1836.5132859329296
0.10250000000000001	25.400000000000002	1836.8847724170264
0.10250000000000001	25.5	1837.2550394981788
0.10250000000000001	25.6	1837.6240997222806
0.10250000000000001	25.700000000000003	1837.9919655234778
0.10250000000000001	25.8	1838.3586492253894
0.10250000000000001	25.900000000000002	1838.724163041808
0.10250000000000001	26.	1839.0885190782901
0.10250000000000001	26.1	1839.4517293326487
0.10250000000000001	26.200000000000003	1839.8138056961277
0.10250000000000001	26.3	1840.1747599543212
0.10250000000000001	26.400000000000002	1840.534603788407
0.10250000000000001	26.5	1840.8933487758047
0.10250000000000001	26.6	1841.251006391202
0.10250000000000001	26.700000000000003	1841.6075880075612
0.10250000000000001	26.8	1841.9631048971405
0.10250000000000001	26.900000000000002	1842.317568232255
0.10250000000000001	27.	1842.6709890863522
0.10250000000000001	27.1	1843.023378434736
0.10250000000000001	27.200000000000003	1843.3747471555484
0.10250000000000001	27.3	1843.7251060308615
0.10250000000000001	27.400000000000002	1844.0744657471987
0.10250000000000001	27.5	1844.4228368966883
0.10250000000000001	27.6	1844.7702299778512
0.10250000000000001	27.700000000000003	1845.116655396502
0.10250000000000001	27.8	1845.4621234664478
0.10250000000000001	27.900000000000002	1845.8066444104645
0.10250000000000001	28.	1846.1502283612608
0.10250000000000001	28.1	1846.492885361752
0.10250000000000001	28.200000000000003	1846.8346253667933
0.10250000000000001	28.3	1847.1754582431502
0.10250000000000001	28.400000000000002	1847.5153937705777
0.10250000000000001	28.5	1847.8544416428524
0.10250000000000001	28.6	1848.1926114682199
0.10250000000000001	28.700000000000003	1848.5299127704836
0.10250000000000001	28.8	1848.8663549894611
0.10250000000000001	28.900000000000002	1849.2019474820768
0.10250000000000001	29.	1849.5366995226238
0.10250000000000001	29.1	1849.8706203042736
0.10250000000000001	29.200000000000003	1850.2037189389732
0.10250000000000001	29.3	1850.5360044589072
0.10250000000000001	29.400000000000002	1850.867485816728
0.10250000000000001	29.5	1851.1981718866068
0.10250000000000001	29.6	1851.5280714646135
0.10250000000000001	29.700000000000003	1851.8571932697164
0.10250000000000001	29.8	1852.185545944398
0.10250000000000001	29.900000000000002	1852.5131380552502
0.10250000000000001	30.	1852.839978093976
0.10250000000000001	30.1	1853.166074477464
0.10250000000000001	30.200000000000003	1853.4914355491778
0.10250000000000001	30.3	1853.8160695792112
0.10250000000000001	30.400000000000002	1854.1399847655068
0.10250000000000001	30.5	1854.4631892339312
0.10250000000000001	30.6	1854.7856910394812
0.10250000000000001	30.700000000000003	1855.1074981664542
0.10250000000000001	30.8	1855.428618529383
0.10250000000000001	30.900000000000002	1855.7490599736655
0.10250000000000001	31.	1856.0688302759374
0.10250000000000001	31.1	1856.3879371450105
0.10250000000000001	31.200000000000003	1856.7063882222685
0.10250000000000001	31.3	1857.024191082195
0.10250000000000001	31.400000000000002	1857.341353233322
0.10250000000000001	31.5	1857.6578821185205
0.10250000000000001	31.6	1857.9737851158488
0.10250000000000001	31.700000000000003	1858.2890695386548
0.10250000000000001	31.8	1858.6037426366759
0.10250000000000001	31.900000000000002	1858.9178115965756
0.10250000000000001	32.	1859.2312835419314
0.10250000000000001	32.1	1859.5441655346106
0.10250000000000001	32.2	1859.85646457463
0.10250000000000001	32.300000000000004	1860.168187601265
0.10250000000000001	32.4	1860.479341493167
0.10250000000000001	32.5	1860.7899330690811
0.10250000000000001	32.6	1861.0999690884335
0.10250000000000001	32.7	1861.4094562518226
0.10250000000000001	32.800000000000004	1861.7184012014459
0.10250000000000001	32.9	1862.0268105217176
0.10250000000000001	33.	1862.3346907397847
0.10250000000000001	33.1	1862.6420483260963
0.10250000000000001	33.2	1862.9488896947068
0.10250000000000001	33.300000000000004	1863.2552212039634
0.10250000000000001	33.4	1863.5610491568261
0.10250000000000001	33.5	1863.866379801797
0.10250000000000001	33.6	1864.1712193327287
0.10250000000000001	33.7	1864.4755738898589
0.10250000000000001	33.800000000000004	1864.779449559989
0.10250000000000001	33.9	1865.082852377203
0.10250000000000001	34.	1865.3857883230523
0.10250000000000001	34.1	1865.6882633271912
0.10250000000000001	34.2	1865.9902832679622
0.10250000000000001	34.300000000000004	1866.2918539724037
0.10250000000000001	34.4	1866.5929812173351
0.10250000000000001	34.5	1866.8936707292469
0.10250000000000001	34.6	1867.1939281849689
0.10250000000000001	34.7	1867.4937592122549
0.10250000000000001	34.800000000000004	1867.7931693898934
0.10250000000000001	34.9	1868.092164248302
0.10250000000000001	35.	1868.390749270163
0.10250000000000001	35.1	1868.6889298905107
0.10250000000000001	35.2	1868.9867114972324
0.10250000000000001	35.300000000000004	1869.284099431602
0.10250000000000001	35.4	1869.5810989886927
0.10250000000000001	35.5	1869.87771541767
0.10250000000000001	35.6	1870.1739539221605
0.10250000000000001	35.7	1870.4698196607535
0.10250000000000001	35.800000000000004	1870.7653177474062
0.10250000000000001	35.9	1871.0604532518753
0.10250000000000001	36.	1871.3552311999806
0.10250000000000001	36.1	1871.6496565739114
0.10250000000000001	36.2	1871.9437343130776
0.10250000000000001	36.300000000000004	1872.2374693136696
0.10250000000000001	36.4	1872.530866429947
0.10250000000000001	36.5	1872.8239304738888
0.10250000000000001	36.6	1873.1166662160783
0.10250000000000001	36.7	1873.4090783855877
0.10250000000000001	36.800000000000004	1873.7011716708464
0.10250000000000001	36.9	1873.9929507194483
0.10250000000000001	37.	1874.2844201391224
0.10250000000000001	37.1	1874.5755844974585
0.10250000000000001	37.2	1874.8664483227237
0.10250000000000001	37.300000000000004	1875.1570161039037
0.10250000000000001	37.4	1875.4472922913262
0.10250000000000001	37.5	1875.7372812967894
0.10250000000000001	37.6	1876.0269874938222
0.10250000000000001	37.7	1876.316415218435
0.10250000000000001	37.800000000000004	1876.60556876879
0.10250000000000001	37.9	1876.8944524062076
0.10250000000000001	38.	1877.1830703550443
0.10250000000000001	38.1	1877.4714268031137
0.10250000000000001	38.2	1877.7595259020281
0.10250000000000001	38.300000000000004	1878.0473717677087
0.10250000000000001	38.400000000000006	1878.334968480173
0.10250000000000001	38.5	1878.6223200845905
0.10250000000000001	38.6	1878.909430590693
0.10250000000000001	38.7	1879.1963039739503
0.10250000000000001	38.800000000000004	1879.4829441752802
0.10250000000000001	38.900000000000006	1879.7693551016312
0.10250000000000001	39.	1880.0555406260862
0.10250000000000001	39.1	1880.3415045882623
0.10250000000000001	39.2	1880.6272507947454
0.10250000000000001	39.300000000000004	1880.912783018892
0.10250000000000001	39.400000000000006	1881.1981050018785
0.10250000000000001	39.5	1881.4832204521604
0.10250000000000001	39.6	1881.7681330463465
0.10250000000000001	39.7	1882.0528464290685
0.10250000000000001	39.800000000000004	1882.3373642138022
0.10250000000000001	39.900000000000006	1882.6216899823323
0.10250000000000001	40.	1882.905827285705
0.105	0.	1633.3502282719016
0.105	0.1	1634.964669536037
0.105	0.2	1636.565024803669
0.105	0.30000000000000004	1638.1514307610662
0.105	0.4	1639.7240227504951
0.105	0.5	1641.2829347842062
0.105	0.6000000000000001	1642.8282995592592
0.105	0.7000000000000001	1644.3602484712903
0.105	0.8	1645.8789116287946
0.105	0.9	1647.3844178667198
0.105	1.	1648.8768947601727
0.105	1.1	1650.3564686377574
0.105	1.2000000000000002	1651.8232645946348
0.105	1.3	1653.2774065055614
0.105	1.4000000000000001	1654.7190170376884
0.105	1.5	1656.1482176631164
0.105	1.6	1657.565128671513
0.105	1.7000000000000002	1658.9698691820627
0.105	1.8	1660.3625571559805
0.105	1.9000000000000001	1661.743309408
0.105	2.	1663.112241618395
0.105	2.1	1664.4694683446883
0.105	2.2	1665.8151030330505
0.105	2.3000000000000003	1667.149258029132
0.105	2.4000000000000004	1668.472044590365
0.105	2.5	1669.7835728958598
0.105	2.6	1671.0839520578008
0.105	2.7	1672.373290132158
0.105	2.8000000000000003	1673.6516941295577
0.105	2.9000000000000004	1674.9192700254807
0.105	3.	1676.1761227703114
0.105	3.1	1677.4223563007367
0.105	3.2	1678.6580735484229
0.105	3.3000000000000003	1679.8833764512692
0.105	3.4000000000000004	1681.098365962606
0.105	3.5	1682.3031420607067
0.105	3.6	1683.4978037593617
0.105	3.7	1684.6824491173136
0.105	3.8000000000000003	1685.8571752463736
0.105	3.9000000000000004	1687.0220783222956
0.105	4.	1688.1772535939588
0.105	4.1000000000000005	1689.3227953909889
0.105	4.2	1690.4587971345231
0.105	4.3	1691.585351345425
0.105	4.4	1692.702549652777
0.105	4.5	1693.8104828030955
0.105	4.6000000000000005	1694.9092406694142
0.105	4.7	1695.9989122586662
0.105	4.800000000000001	1697.0795857207593
0.105	4.9	1698.1513483577205
0.105	5.	1699.2142866306676
0.105	5.1000000000000005	1700.2684861685273
0.105	5.2	1701.3140317765549
0.105	5.300000000000001	1702.351007444238
0.105	5.4	1703.3794963522382
0.105	5.5	1704.3995808822028
0.105	5.6000000000000005	1705.4113426223012
0.105	5.7	1706.4148623770684
0.105	5.800000000000001	1707.4102201730675
0.105	5.9	1708.397495268501
0.105	6.	1709.3767661585377
0.105	6.1000000000000005	1710.348110584754
0.105	6.2	1711.3116055404948
0.105	6.300000000000001	1712.2673272797952
0.105	6.4	1713.2153513239734
0.105	6.5	1714.1557524681575
0.105	6.6000000000000005	1715.0886047894242
0.105	6.7	1716.0139816523485
0.105	6.800000000000001	1716.9319557176698
0.105	6.9	1717.8425989474558
0.105	7.	1718.7459826134152
0.105	7.1000000000000005	1719.6421773018537
0.105	7.2	1720.5312529217101
0.105	7.300000000000001	1721.4132787110289
0.105	7.4	1722.288323242312
0.105	7.5	1723.1564544304827
0.105	7.6000000000000005	1724.0177395382689
0.105	7.7	1724.8722451826623
0.105	7.800000000000001	1725.7200373414955
0.105	7.9	1726.5611813594103
0.105	8.	1727.395741954119
0.105	8.1	1728.2237832221294
0.105	8.200000000000001	1729.045368645538
0.105	8.3	1729.8605610970035
0.105	8.4	1730.669422846364
0.105	8.5	1731.4720155662885
0.105	8.6	1732.2684003380061
0.105	8.700000000000001	1733.0586376570975
0.105	8.8	1733.8427874392555
0.105	8.9	1734.6209090256405
0.105	9.	1735.3930611886146
0.105	9.1	1736.1593021372582
0.105	9.200000000000001	1736.919689523486
0.105	9.3	1737.6742804459125
0.105	9.4	1738.4231314564913
0.105	9.5	1739.1662985658086
0.105	9.600000000000001	1739.9038372472671
0.105	9.700000000000001	1740.6358024439285
0.105	9.8	1741.3622485717726
0.105	9.9	1742.083229526821
0.105	10.	1742.7987986884461
0.105	10.100000000000001	1743.5090089252649
0.105	10.200000000000001	1744.2139126001084
0.105	10.3	1744.9135615749797
0.105	10.4	1745.608007215247
0.105	10.5	1746.2973003951308
0.105	10.600000000000001	1746.9814915025784
0.105	10.700000000000001	1747.6606304432805
0.105	10.8	1748.3347666463233
0.105	10.9	1749.0039490676236
0.105	11.	1749.6682261958324
0.105	11.100000000000001	1750.3276460558207
0.105	11.200000000000001	1750.9822562140228
0.105	11.3	1751.632103782263
0.105	11.4	1752.2772354222475
0.105	11.5	1752.9176973503875
0.105	11.600000000000001	1753.5535353416783
0.105	11.700000000000001	1754.1847947345723
0.105	11.8	1754.8115204343935
0.105	11.9	1755.4337569179932
0.105	12.	1756.051548238366
0.105	12.100000000000001	1756.664938027966
0.105	12.200000000000001	1757.2739695033329
0.105	12.3	1757.8786854688267
0.105	12.4	1758.4791283211127
0.105	12.5	1759.075340052532
0.105	12.600000000000001	1759.6673622554383
0.105	12.700000000000001	1760.2552361261999
0.105	12.8	1760.8390024684543
0.105	12.9	1761.4187016976616
0.105	13.	1761.9943738444022
0.105	13.100000000000001	1762.5660585585438
0.105	13.200000000000001	1763.133795112358
0.105	13.3	1763.6976224047348
0.105	13.4	1764.2575789645841
0.105	13.5	1764.8137029545987
0.105	13.600000000000001	1765.36603217453
0.105	13.700000000000001	1765.9146040650598
0.105	13.8	1766.4594557111434
0.105	13.9	1767.0006238454694
0.105	14.	1767.5381448519543
0.105	14.100000000000001	1768.0720547690162
0.105	14.200000000000001	1768.6023892930411
0.105	14.3	1769.1291837819742
0.105	14.4	1769.6524732579244
0.105	14.5	1770.172292411257
0.105	14.600000000000001	1770.6886756032452
0.105	14.700000000000001	1771.2016568694694
0.105	14.8	1771.711269923296
0.105	14.9	1772.2175481582622
0.105	15.	1772.7205246520132
0.105	15.100000000000001	1773.2202321688967
0.105	15.200000000000001	1773.7167031632775
0.105	15.3	1774.209969782159
0.105	15.4	1774.7000638687466
0.105	15.5	1775.1870169649571
0.105	15.600000000000001	1775.6708603146417
0.105	15.700000000000001	1776.1516248661069
0.105	15.8	1776.6293412756315
0.105	15.9	1777.1040399096623
0.105	16.	1777.5757508478423
0.105	16.1	1778.0445038862465
0.105	16.2	1778.5103285393636
0.105	16.3	1778.9732540435143
0.105	16.400000000000002	1779.4333093591324
0.105	16.5	1779.8905231737695
0.105	16.6	1780.344923904423
0.105	16.7	1780.7965397005185
0.105	16.8	1781.245398446204
0.105	16.900000000000002	1781.6915277630321
0.105	17.	1782.1349550128434
0.105	17.1	1782.5757072996794
0.105	17.2	1783.013811472704
0.105	17.3	1783.4492941287062
0.105	17.400000000000002	1783.8821816143309
0.105	17.5	1784.3125000285763
0.105	17.6	1784.7402752254563
0.105	17.7	1785.1655328160373
0.105	17.8	1785.5882981709492
0.105	17.900000000000002	1786.0085964226148
0.105	18.	1786.4264524677878
0.105	18.1	1786.8418909698194
0.105	18.2	1787.254936360493
0.105	18.3	1787.6656128430113
0.105	18.400000000000002	1788.073944393473
0.105	18.5	1788.4799547634354
0.105	18.6	1788.8836674822928
0.105	18.7	1789.285105859048
0.105	18.8	1789.6842929846894
0.105	18.900000000000002	1790.081251734118
0.105	19.	1790.4760047683058
0.105	19.1	1790.868574536692
0.105	19.200000000000003	1791.258983278602
0.105	19.3	1791.6472530259532
0.105	19.400000000000002	1792.0334056046624
0.105	19.5	1792.4174626371773
0.105	19.6	1792.7994455440944
0.105	19.700000000000003	1793.1793755461158
0.105	19.8	1793.5572736661136
0.105	19.900000000000002	1793.9331607311956
0.105	20.	1794.307057374177
0.105	20.1	1794.6789840357326
0.105	20.200000000000003	1795.0489609663707
0.105	20.3	1795.4170082279165
0.105	20.400000000000002	1795.7831456957308
0.105	20.5	1796.1473930600753
0.105	20.6	1796.5097698283757
0.105	20.700000000000003	1796.8702953265306
0.105	20.8	1797.228988700986
0.105	20.900000000000002	1797.5858689205158
0.105	21.	1797.9409547773737
0.105	21.1	1798.2942648897904
0.105	21.200000000000003	1798.6458177030304
0.105	21.3	1798.9956314913245
0.105	21.400000000000002	1799.343724359569
0.105	21.5	1799.690114244757
0.105	21.6	1800.0348189176984
0.105	21.700000000000003	1800.377855984711
0.105	21.8	1800.7192428889791
0.105	21.900000000000002	1801.0589969124346
0.105	22.	1801.3971351769264
0.105	22.1	1801.7336746460355
0.105	22.200000000000003	1802.0686321265043
0.105	22.3	1802.4020242697604
0.105	22.400000000000002	1802.7338675734534
0.105	22.5	1803.0641783826404
0.105	22.6	1803.392972891895
0.105	22.700000000000003	1803.720267145905
0.105	22.8	1804.0460770414822
0.105	22.900000000000002	1804.3704183290026
0.105	23.	1804.6933066135036
0.105	23.1	1805.014757356132
0.105	23.200000000000003	1805.334785875638
0.105	23.3	1805.6534073497407
0.105	23.400000000000002	1805.9706368164886
0.105	23.5	1806.2864891754996
0.105	23.6	1806.6009791890772
0.105	23.700000000000003	1806.914121484096
0.105	23.8	1807.2259305527707
0.105	23.900000000000002	1807.5364207542434
0.105	24.	1807.8456063155766
0.105	24.1	1808.1535013333098
0.105	24.200000000000003	1808.4601197745233
0.105	24.3	1808.7654754779921
0.105	24.400000000000002	1809.069582155866
0.105	24.5	1809.372453393994
0.105	24.6	1809.6741026542359
0.105	24.700000000000003	1809.974543274615
0.105	24.8	1810.2737884711707
0.105	24.900000000000002	1810.5718513389027
0.105	25.	1810.8687448528015
0.105	25.1	1811.1644818690877
0.105	25.200000000000003	1811.4590751264686
0.105	25.3	1811.7525372471418
0.105	25.400000000000002	1812.0448807375697
0.105	25.5	1812.336117990312
0.105	25.6	1812.6262612843927
0.105	25.700000000000003	1812.9153227867166
0.105	25.8	1813.2033145531434
0.105	25.900000000000002	1813.4902485295113
0.105	26.	1813.7761365524266
0.105	26.1	1814.0609903506686
0.105	26.200000000000003	1814.3448215460405
0.105	26.3	1814.6276416542796
0.105	26.400000000000002	1814.909462086085
0.105	26.5	1815.1902941484955
0.105	26.6	1815.4701490452635
0.105	26.700000000000003	1815.749037878091
0.105	26.8	1816.0269716478022
0.105	26.900000000000002	1816.3039612549223
0.105	27.	1816.5800175009033
0.105	27.1	1816.8551510888963
0.105	27.200000000000003	1817.129372624712
0.105	27.3	1817.4026926178774
0.105	27.400000000000002	1817.6751214822007
0.105	27.5	1817.9466695369151
0.105	27.6	1818.2173470077375
0.105	27.700000000000003	1818.4871640272247
0.105	27.8	1818.7561306362843
0.105	27.900000000000002	1819.0242567843557
0.105	28.	1819.291552330825
0.105	28.1	1819.5580270455825
0.105	28.200000000000003	1819.8236906099817
0.105	28.3	1820.0885526176148
0.105	28.400000000000002	1820.3526225750093
0.105	28.5	1820.615909902648
0.105	28.6	1820.8784239356714
0.105	28.700000000000003	1821.1401739246658
0.105	28.8	1821.4011690366056
0.105	28.900000000000002	1821.6614183552115
0.105	29.	1821.9209308822674
0.105	29.1	1822.1797155379834
0.105	29.200000000000003	1822.4377811619447
0.105	29.3	1822.695136513821
0.105	29.400000000000002	1822.9517902740304
0.105	29.5	1823.2077510445667
0.105	29.6	1823.4630273496991
0.105	29.700000000000003	1823.717627636787
0.105	29.8	1823.9715602767362
0.105	29.900000000000002	1824.2248335649817
0.105	30.	1824.477455722038
0.105	30.1	1824.729434894227
0.105	30.200000000000003	1824.9807791543583
0.105	30.3	1825.2314965023181
0.105	30.400000000000002	1825.4815948661148
0.105	30.5	1825.7310821019057
0.105	30.6	1825.979965995316
0.105	30.700000000000003	1826.2282542616695
0.105	30.8	1826.4759545466516
0.105	30.900000000000002	1826.7230744273104
0.105	31.	1826.9696214121723
0.105	31.1	1827.2156029423147
0.105	31.200000000000003	1827.4610263916977
0.105	31.3	1827.7058990679836
0.105	31.400000000000002	1827.9502282130209
0.105	31.5	1828.1940210033672
0.105	31.6	1828.4372845512012
0.105	31.700000000000003	1828.6800259045249
0.105	31.8	1828.9222520480266
0.105	31.900000000000002	1829.1639699035413
0.105	32.	1829.4051863307789
0.105	32.1	1829.645908127539
0.105	32.2	1829.8861420306507
0.105	32.300000000000004	1830.1258947164483
0.105	32.4	1830.365172801092
0.105	32.5	1830.6039828414516
0.105	32.6	1830.8423313353198
0.105	32.7	1831.0802247223537
0.105	32.800000000000004	1831.317669384026
0.105	32.9	1831.5546716447882
0.105	33.	1831.7912377721764
0.105	33.1	1832.0273739774245
0.105	33.2	1832.2630864160237
0.105	33.300000000000004	1832.498381188256
0.105	33.4	1832.7332643396423
0.105	33.5	1832.967741861265
0.105	33.6	1833.2018196906165
0.105	33.7	1833.435503711968
0.105	33.800000000000004	1833.6687997565125
0.105	33.9	1833.901713603382
0.105	34.	1834.1342509797357
0.105	34.1	1834.3664175614551
0.105	34.2	1834.5982189733875
0.105	34.300000000000004	1834.829660789922
0.105	34.4	1835.0607485356543
0.105	34.5	1835.2914876852808
0.105	34.6	1835.5218836647166
0.105	34.7	1835.751941851065
0.105	34.800000000000004	1835.9816675731818
0.105	34.9	1836.211066112412
0.105	35.	1836.4401427022476
0.105	35.1	1836.6689025297594
0.105	35.2	1836.8973507351586
0.105	35.300000000000004	1837.1254924127684
0.105	35.4	1837.3533326111085
0.105	35.5	1837.5808763335585
0.105	35.6	1837.8081285384037
0.105	35.7	1838.0350941398076
0.105	35.800000000000004	1838.2617780076243
0.105	35.9	1838.4881849681412
0.105	36.	1838.7143198043864
0.105	36.1	1838.9401872562978
0.105	36.2	1839.1657920216885
0.105	36.300000000000004	1839.3911387560115
0.105	36.4	1839.6162320728852
0.105	36.5	1839.8410765446756
0.105	36.6	1840.065676702827
0.105	36.7	1840.2900370380946
0.105	36.800000000000004	1840.5141620007087
0.105	36.9	1840.7380560014071
0.105	37.	1840.961723411075
0.105	37.1	1841.185168561375
0.105	37.2	1841.408395745217
0.105	37.300000000000004	1841.6314092171226
0.105	37.4	1841.854213193073
0.105	37.5	1842.076811851506
0.105	37.6	1842.2992093332755
0.105	37.7	1842.5214097420637
0.105	37.800000000000004	1842.7434171446828
0.105	37.9	1842.965235571562
0.105	38.	1843.1868690168494
0.105	38.1	1843.4083214387051
0.105	38.2	1843.629596759809
0.105	38.300000000000004	1843.8506988678998
0.105	38.400000000000006	1844.0716316153662
0.105	38.5	1844.2923988201599
0.105	38.6	1844.5130042659403
0.105	38.7	1844.7334517023776
0.105	38.800000000000004	1844.9537448453727
0.105	38.900000000000006	1845.1738873773693
0.105	39.	1845.3938829477186
0.105	39.1	1845.6137351731181
0.105	39.2	1845.8334476374803
0.105	39.300000000000004	1846.05302389259
0.105	39.400000000000006	1846.2724674584404
0.105	39.5	1846.4917818228105
0.105	39.6	1846.7109704425886
0.105	39.7	1846.9300367434555
0.105	39.800000000000004	1847.148984119942
0.105	39.900000000000006	1847.3678159363023
0.105	40.	1847.5865355261292
0.1075	0.	1632.399129989061
0.1075	0.1	1633.9090395031822
0.1075	0.2	1635.4047673515593
0.1075	0.30000000000000004	1636.8864546899254
0.1075	0.4	1638.354241262649
0.1075	0.5	1639.8082654168911
0.1075	0.6000000000000001	1641.2486641195571
0.1075	0.7000000000000001	1642.6755729710037
0.1075	0.8	1644.0891262197492
0.1075	0.9	1645.4894567779745
0.1075	1.	1646.8766962351813
0.1075	1.1	1648.2509748722734
0.1075	1.2000000000000002	1649.6124216756527
0.1075	1.3	1650.9611643510661
0.1075	1.4000000000000001	1652.2973293364496
0.1075	1.5	1653.6210418162782
0.1075	1.6	1654.9324257339201
0.1075	1.7000000000000002	1656.2316038048832
0.1075	1.8	1657.518697529513
0.1075	1.9000000000000001	1658.7938272058614
0.1075	2.	1660.0571119416834
0.1075	2.1	1661.308669667265
0.1075	2.2	1662.5486171474784
0.1075	2.3000000000000003	1663.7770699930481
0.1075	2.4000000000000004	1664.9941426733224
0.1075	2.5	1666.1999485274991
0.1075	2.6	1667.3945997764863
0.1075	2.7	1668.5782075334075
0.1075	2.8000000000000003	1669.7508818160973
0.1075	2.9000000000000004	1670.9127315572882
0.1075	3.	1672.0638646160767
0.1075	3.1	1673.2043877888768
0.1075	3.2	1674.3344068194083
0.1075	3.3000000000000003	1675.4540264103823
0.1075	3.4000000000000004	1676.5633502327846
0.1075	3.5	1677.6624809378263
0.1075	3.6	1678.7515201651383
0.1075	3.7	1679.8305685549958
0.1075	3.8000000000000003	1680.8997257567985
0.1075	3.9000000000000004	1681.9590904397778
0.1075	4.	1683.0087603022778
0.1075	4.1000000000000005	1684.0488320820314
0.1075	4.2	1685.0794015654449
0.1075	4.3	1686.1005635968675
0.1075	4.4	1687.112412088189
0.1075	4.5	1688.1150400283298
0.1075	4.6000000000000005	1689.1085394922022
0.1075	4.7	1690.09300164915
0.1075	4.800000000000001	1691.0685167733525
0.1075	4.9	1692.035174251588
0.1075	5.	1692.9930625921531
0.1075	5.1000000000000005	1693.9422694343368
0.1075	5.2	1694.8828815559589
0.1075	5.300000000000001	1695.814984882452
0.1075	5.4	1696.7386644956287
0.1075	5.5	1697.6540046413772
0.1075	5.6000000000000005	1698.5610887379764
0.1075	5.7	1699.459999385115
0.1075	5.800000000000001	1700.3508183708802
0.1075	5.9	1701.233626680644
0.1075	6.	1702.1085045041498
0.1075	6.1000000000000005	1702.9755312441612
0.1075	6.2	1703.8347855241143
0.1075	6.300000000000001	1704.686345195114
0.1075	6.4	1705.5302873443213
0.1075	6.5	1706.3666883023386
0.1075	6.6000000000000005	1707.1956236504684
0.1075	6.7	1708.0171682282964
0.1075	6.800000000000001	1708.8313961407703
0.1075	6.9	1709.638380765454
0.1075	7.	1710.438194760565
0.1075	7.1000000000000005	1711.2309100705402
0.1075	7.2	1712.016597934287
0.1075	7.300000000000001	1712.7953288919334
0.1075	7.4	1713.567172791265
0.1075	7.5	1714.3321987952718
0.1075	7.6000000000000005	1715.0904753878
0.1075	7.7	1715.8420703814238
0.1075	7.800000000000001	1716.5870509237538
0.1075	7.9	1717.3254835034074
0.1075	8.	1718.0574339572104
0.1075	8.1	1718.782967476637
0.1075	8.200000000000001	1719.502148613195
0.1075	8.3	1720.2150412860683
0.1075	8.4	1720.9217087878806
0.1075	8.5	1721.6222137902964
0.1075	8.6	1722.3166183508874
0.1075	8.700000000000001	1723.0049839192652
0.1075	8.8	1723.6873713419877
0.1075	8.9	1724.3638408702939
0.1075	9.	1725.0344521642232
0.1075	9.1	1725.6992642999512
0.1075	9.200000000000001	1726.3583357741873
0.1075	9.3	1727.0117245110698
0.1075	9.4	1727.6594878673272
0.1075	9.5	1728.301682637761
0.1075	9.600000000000001	1728.9383650607858
0.1075	9.700000000000001	1729.5695908248092
0.1075	9.8	1730.1954150723948
0.1075	9.9	1730.8158924063218
0.1075	10.	1731.4310768953362
0.1075	10.100000000000001	1732.0410220783492
0.1075	10.200000000000001	1732.6457809709216
0.1075	10.3	1733.2454060693517
0.1075	10.4	1733.8399493568875
0.1075	10.5	1734.4294623075882
0.1075	10.600000000000001	1735.013995892874
0.1075	10.700000000000001	1735.593600584878
0.1075	10.8	1736.1683263626674
0.1075	10.9	1736.7382227165376
0.1075	11.	1737.3033386530924
0.1075	11.100000000000001	1737.8637226997037
0.1075	11.200000000000001	1738.4194229101702
0.1075	11.3	1738.9704868677968
0.1075	11.4	1739.5169616919654
0.1075	11.5	1740.0588940412308
0.1075	11.600000000000001	1740.5963301186762
0.1075	11.700000000000001	1741.1293156760896
0.1075	11.8	1741.6578960192114
0.1075	11.9	1742.1821160106272
0.1075	12.	1742.7020200759964
0.1075	12.100000000000001	1743.217652206743
0.1075	12.200000000000001	1743.7290559658525
0.1075	12.3	1744.2362744907985
0.1075	12.4	1744.7393504988738
0.1075	12.5	1745.2383262905796
0.1075	12.600000000000001	1745.73324375422
0.1075	12.700000000000001	1746.2241443698697
0.1075	12.8	1746.7110692132635
0.1075	12.9	1747.1940589601722
0.1075	13.	1747.6731538902648
0.1075	13.100000000000001	1748.148393890688
0.1075	13.200000000000001	1748.6198184604307
0.1075	13.3	1749.0874667140192
0.1075	13.4	1749.5513773853365
0.1075	13.5	1750.01158883151
0.1075	13.600000000000001	1750.4681390363612
0.1075	13.700000000000001	1750.9210656145606
0.1075	13.8	1751.370405814837
0.1075	13.9	1751.816196524057
0.1075	14.	1752.258474270487
0.1075	14.100000000000001	1752.6972752276708
0.1075	14.200000000000001	1753.1326352175163
0.1075	14.3	1753.5645897143281
0.1075	14.4	1753.993173847919
0.1075	14.5	1754.4184224070973
0.1075	14.600000000000001	1754.8403698430884
0.1075	14.700000000000001	1755.2590502731011
0.1075	14.8	1755.6744974831988
0.1075	14.9	1756.08674493196
0.1075	15.	1756.4958257535113
0.1075	15.100000000000001	1756.90177276121
0.1075	15.200000000000001	1757.3046184500722
0.1075	15.3	1757.7043950006082
0.1075	15.4	1758.1011342818558
0.1075	15.5	1758.4948678539065
0.1075	15.600000000000001	1758.885626971857
0.1075	15.700000000000001	1759.2734425880874
0.1075	15.8	1759.658345355807
0.1075	15.9	1760.0403656317455
0.1075	16.	1760.4195334789304
0.1075	16.1	1760.7958786703134
0.1075	16.2	1761.169430690694
0.1075	16.3	1761.5402187403195
0.1075	16.400000000000002	1761.9082717376311
0.1075	16.5	1762.2736183214977
0.1075	16.6	1762.6362868548404
0.1075	16.7	1762.996305426482
0.1075	16.8	1763.3537018548711
0.1075	16.900000000000002	1763.7085036896617
0.1075	17.	1764.0607382153687
0.1075	17.1	1764.4104324533223
0.1075	17.2	1764.7576131647122
0.1075	17.3	1765.102306853013
0.1075	17.400000000000002	1765.4445397661666
0.1075	17.5	1765.7843379000599
0.1075	17.6	1766.121726999883
0.1075	17.7	1766.456732563604
0.1075	17.8	1766.789379843754
0.1075	17.900000000000002	1767.119693850384
0.1075	18.	1767.4476993527094
0.1075	18.1	1767.7734208824088
0.1075	18.2	1768.0968827354636
0.1075	18.3	1768.4181089744616
0.1075	18.400000000000002	1768.7371234311709
0.1075	18.5	1769.0539497084737
0.1075	18.6	1769.3686111831835
0.1075	18.7	1769.6811310075998
0.1075	18.8	1769.9915321122457
0.1075	18.900000000000002	1770.2998372079305
0.1075	19.	1770.606068787906
0.1075	19.1	1770.9102491297135
0.1075	19.200000000000003	1771.212400298073
0.1075	19.3	1771.5125441460543
0.1075	19.400000000000002	1771.810702317948
0.1075	19.5	1772.1068962509366
0.1075	19.6	1772.4011471771764
0.1075	19.700000000000003	1772.6934761258433
0.1075	19.8	1772.9839039251533
0.1075	19.900000000000002	1773.272451204479
0.1075	20.	1773.5591383961566
0.1075	20.1	1773.8439857372637
0.1075	20.200000000000003	1774.127013271927
0.1075	20.3	1774.4082408530905
0.1075	20.400000000000002	1774.687688144057
0.1075	20.5	1774.965374620929
0.1075	20.6	1775.2413195740303
0.1075	20.700000000000003	1775.5155421098711
0.1075	20.8	1775.788061153135
0.1075	20.900000000000002	1776.0588954480866
0.1075	21.	1776.3280635605688
0.1075	21.1	1776.5955838799096
0.1075	21.200000000000003	1776.8614746202268
0.1075	21.3	1777.1257538226985
0.1075	21.400000000000002	1777.3884393566984
0.1075	21.5	1777.6495489220517
0.1075	21.6	1777.9091000500393
0.1075	21.700000000000003	1778.1671101059117
0.1075	21.8	1778.4235962895366
0.1075	21.900000000000002	1778.678575637836
0.1075	22.	1778.9320650257791
0.1075	22.1	1779.184081168651
0.1075	22.200000000000003	1779.434640622719
0.1075	22.3	1779.683759787744
0.1075	22.400000000000002	1779.931454907726
0.1075	22.5	1780.1777420728945
0.1075	22.6	1780.4226372211174
0.1075	22.700000000000003	1780.6661561391397
0.1075	22.8	1780.9083144644594
0.1075	22.900000000000002	1781.1491276865886
0.1075	23.	1781.3886111483555
0.1075	23.1	1781.6267800476076
0.1075	23.200000000000003	1781.8636494384969
0.1075	23.3	1782.0992342327497
0.1075	23.400000000000002	1782.3335492013912
0.1075	23.5	1782.5666089756985
0.1075	23.6	1782.7984280490325
0.1075	23.700000000000003	1783.0290207776422
0.1075	23.8	1783.2584013824066
0.1075	23.900000000000002	1783.4865839501447
0.1075	24.	1783.7135824346356
0.1075	24.1	1783.9394106581988
0.1075	24.200000000000003	1784.1640823126331
0.1075	24.3	1784.387610961033
0.1075	24.400000000000002	1784.6100100383328
0.1075	24.5	1784.831292853333
0.1075	24.6	1785.0514725891537
0.1075	24.700000000000003	1785.2705623049385
0.1075	24.8	1785.4885749370583
0.1075	24.900000000000002	1785.7055232998237
0.1075	25.	1785.9214200874897
0.1075	25.1	1786.1362778746395
0.1075	25.200000000000003	1786.350109117549
0.1075	25.3	1786.5629261556435
0.1075	25.400000000000002	1786.7747412123845
0.1075	25.5	1786.9855663963867
0.1075	25.6	1787.1954137023722
0.1075	25.700000000000003	1787.4042950127705
0.1075	25.8	1787.612222098175
0.1075	25.900000000000002	1787.819206618964
0.1075	26.	1788.0252601259506
0.1075	26.1	1788.2303940616994
0.1075	26.200000000000003	1788.4346197614989
0.1075	26.3	1788.6379484543208
0.1075	26.400000000000002	1788.8403912638842
0.1075	26.5	1789.0419592097198
0.1075	26.6	1789.2426632081306
0.1075	26.700000000000003	1789.442514073201
0.1075	26.8	1789.6415225177027
0.1075	26.900000000000002	1789.8396991541424
0.1075	27.	1790.0370544956565
0.1075	27.1	1790.2335989571873
0.1075	27.200000000000003	1790.4293428559874
0.1075	27.3	1790.6242964130136
0.1075	27.400000000000002	1790.8184697536374
0.1075	27.5	1791.011872908424
0.1075	27.6	1791.2045158142803
0.1075	27.700000000000003	1791.3964083152985
0.1075	27.8	1791.5875601635003
0.1075	27.900000000000002	1791.7779810198201
0.1075	28.	1791.9676804551639
0.1075	28.1	1792.1566679507232
0.1075	28.200000000000003	1792.3449528994809
0.1075	28.3	1792.5325446065613
0.1075	28.400000000000002	1792.719452290424
0.1075	28.5	1792.9056850832785
0.1075	28.6	1793.0912520323761
0.1075	28.700000000000003	1793.2761621004206
0.1075	28.8	1793.460424166624
0.1075	28.900000000000002	1793.6440470274015
0.1075	29.	1793.8270393970868
0.1075	29.1	1794.0094099089163
0.1075	29.200000000000003	1794.1911671155415
0.1075	29.3	1794.3723194900438
0.1075	29.400000000000002	1794.5528754264335
0.1075	29.5	1794.732843240655
0.1075	29.6	1794.9122311710817
0.1075	29.700000000000003	1795.0910473795009
0.1075	29.8	1795.2692999516362
0.1075	29.900000000000002	1795.4469968978103
0.1075	30.	1795.6241461540578
0.1075	30.1	1795.8007555823579
0.1075	30.200000000000003	1795.9768329714987
0.1075	30.3	1796.1523860378168
0.1075	30.400000000000002	1796.3274224260124
0.1075	30.5	1796.5019497094409
0.1075	30.6	1796.6759753912372
0.1075	30.700000000000003	1796.8495069044736
0.1075	30.8	1797.0225516133205
0.1075	30.900000000000002	1797.195116813367
0.1075	31.	1797.36720973243
0.1075	31.1	1797.5388375310051
0.1075	31.200000000000003	1797.7100073030829
0.1075	31.3	1797.8807260767883
0.1075	31.400000000000002	1798.051000814733
0.1075	31.5	1798.2208384150001
0.1075	31.6	1798.3902457115157
0.1075	31.700000000000003	1798.5592294744913
0.1075	31.8	1798.7277964115572
0.1075	31.900000000000002	1798.8959531677485
0.1075	32.	1799.0637063264383
0.1075	32.1	1799.2310624098188
0.1075	32.2	1799.3980278794904
0.1075	32.300000000000004	1799.5646091370927
0.1075	32.4	1799.730812524572
0.1075	32.5	1799.8966443251322
0.1075	32.6	1800.0621107635998
0.1075	32.7	1800.2272180069492
0.1075	32.800000000000004	1800.3919721647012
0.1075	32.9	1800.556379289888
0.1075	33.	1800.7204453791264
0.1075	33.1	1800.8841763732732
0.1075	33.2	1801.0475781582904
0.1075	33.300000000000004	1801.2106565649417
0.1075	33.4	1801.373417370299
0.1075	33.5	1801.5358662975254
0.1075	33.6	1801.6980090167115
0.1075	33.7	1801.8598511451505
0.1075	33.800000000000004	1802.0213982479193
0.1075	33.9	1802.182655838523
0.1075	34.	1802.3436293791635
0.1075	34.1	1802.5043242812226
0.1075	34.2	1802.6647459058222
0.1075	34.300000000000004	1802.8248995642543
0.1075	34.4	1802.9847905184279
0.1075	34.5	1803.1444239813866
0.1075	34.6	1803.3038051175818
0.1075	34.7	1803.4629390435375
0.1075	34.800000000000004	1803.621830828154
0.1075	34.9	1803.7804854932606
0.1075	35.	1803.9389080139586
0.1075	35.1	1804.0971033188594
0.1075	35.2	1804.2550762910826
0.1075	35.300000000000004	1804.4128317679917
0.1075	35.4	1804.5703745421565
0.1075	35.5	1804.7277093613193
0.1075	35.6	1804.8848409291852
0.1075	35.7	1805.0417739056732
0.1075	35.800000000000004	1805.1985129072834
0.1075	35.9	1805.3550625073383
0.1075	36.	1805.5114272369156
0.1075	36.1	1805.667611584505
0.1075	36.2	1805.82361999703
0.1075	36.300000000000004	1805.9794568798484
0.1075	36.4	1806.1351265972908
0.1075	36.5	1806.2906334729435
0.1075	36.6	1806.4459817901356
0.1075	36.7	1806.601175792306
0.1075	36.800000000000004	1806.7562196830029
0.1075	36.9	1806.9111176268502
0.1075	37.	1807.0658737494095
0.1075	37.1	1807.2204921378889
0.1075	37.2	1807.374976841237
0.1075	37.300000000000004	1807.52933187053
0.1075	37.4	1807.683561199305
0.1075	37.5	1807.8376687642067
0.1075	37.6	1807.991658464798
0.1075	37.7	1808.1455341642993
0.1075	37.800000000000004	1808.2992996898452
0.1075	37.9	1808.45295883265
0.1075	38.	1808.6065153484483
0.1075	38.1	1808.759972957739
0.1075	38.2	1808.9133353464342
0.1075	38.300000000000004	1809.0666061655616
0.1075	38.400000000000006	1809.2197890322595
0.1075	38.5	1809.3728875293841
0.1075	38.6	1809.5259052063868
0.1075	38.7	1809.678845579563
0.1075	38.800000000000004	1809.831712131804
0.1075	38.900000000000006	1809.9845083137157
0.1075	39.	1810.1372375430747
0.1075	39.1	1810.2899032059174
0.1075	39.2	1810.44250865617
0.1075	39.300000000000004	1810.595057216383
0.1075	39.400000000000006	1810.74755217763
0.1075	39.5	1810.8999968001915
0.1075	39.6	1811.0523943135684
0.1075	39.7	1811.2047479168186
0.1075	39.800000000000004	1811.3570607788602
0.1075	39.900000000000006	1811.509336038751
0.1075	40.	1811.6615768057911
0.11	0.	1631.513150180615
0.11	0.1	1632.916000069972
0.11	0.2	1634.3045718973142
0.11	0.30000000000000004	1635.6790115001809
0.11	0.4	1637.039463232123
0.11	0.5	1638.386069979111
0.11	0.6000000000000001	1639.7189731763335
0.11	0.7000000000000001	1641.0383128226965
0.11	0.8	1642.344227498004
0.11	0.9	1643.6368543767844
0.11	1.	1644.916329244714
0.11	1.1	1646.1827865124192
0.11	1.2000000000000002	1647.4363592311877
0.11	1.3	1648.6771791071633
0.11	1.4000000000000001	1649.9053765147612
0.11	1.5	1651.121080512388
0.11	1.6	1652.3244188548767
0.11	1.7000000000000002	1653.5155180083177
0.11	1.8	1654.6945031626685
0.11	1.9000000000000001	1655.8614982458973
0.11	2.	1657.0166259366408
0.11	2.1	1658.160007677602
0.11	2.2	1659.2917636882612
0.11	2.3000000000000003	1660.4120129774656
0.11	2.4000000000000004	1661.520873356169
0.11	2.5	1662.618461449497
0.11	2.6	1663.7048927098297
0.11	2.7	1664.7802814270756
0.11	2.8000000000000003	1665.8447407431916
0.11	2.9000000000000004	1666.898382661437
0.11	3.	1667.9413180602191
0.11	3.1	1668.973656702603
0.11	3.2	1669.9955072490227
0.11	3.3000000000000003	1671.0069772689449
0.11	3.4000000000000004	1672.0081732498013
0.11	3.5	1672.999200610622
0.11	3.6	1673.9801637113774
0.11	3.7	1674.9511658638248
0.11	3.8000000000000003	1675.9123093426208
0.11	3.9000000000000004	1676.8636953955279
0.11	4.	1677.8054242540823
0.11	4.1000000000000005	1678.7375951434542
0.11	4.2	1679.6603062932095
0.11	4.3	1680.573654946769
0.11	4.4	1681.477737371579
0.11	4.5	1682.3726488693185
0.11	4.6000000000000005	1683.2584837848517
0.11	4.7	1684.1353355169351
0.11	4.800000000000001	1685.00329652698
0.11	4.9	1685.86245834847
0.11	5.	1686.7129115969572
0.11	5.1000000000000005	1687.5547459783354
0.11	5.2	1688.3880502992042
0.11	5.300000000000001	1689.2129124747116
0.11	5.4	1690.0294195381177
0.11	5.5	1690.8376576498592
0.11	5.6000000000000005	1691.6377121060216
0.11	5.7	1692.429667346708
0.11	5.800000000000001	1693.2136069655862
0.11	5.9	1693.9896137171436
0.11	6.	1694.7577695266023
0.11	6.1000000000000005	1695.5181554965473
0.11	6.2	1696.270851916725
0.11	6.300000000000001	1697.0159382711902
0.11	6.4	1697.7534932471247
0.11	6.5	1698.4835947419863
0.11	6.6000000000000005	1699.206319872463
0.11	6.7	1699.9217449816313
0.11	6.800000000000001	1700.6299456466577
0.11	6.9	1701.330996686949
0.11	7.	1702.024972171605
0.11	7.1000000000000005	1702.7119454267333
0.11	7.2	1703.3919890430564
0.11	7.300000000000001	1704.0651748837295
0.11	7.4	1704.7315740906597
0.11	7.5	1705.3912570930306
0.11	7.6000000000000005	1706.0442936130044
0.11	7.7	1706.6907526743507
0.11	7.800000000000001	1707.330702608454
0.11	7.9	1707.9642110615355
0.11	8.	1708.591345001509
0.11	8.1	1709.2121707252481
0.11	8.200000000000001	1709.8267538646787
0.11	8.3	1710.4351593937533
0.11	8.4	1711.0374516354075
0.11	8.5	1711.633694267299
0.11	8.6	1712.223950329298
0.11	8.700000000000001	1712.8082822292386
0.11	8.8	1713.3867517497779
0.11	8.9	1713.959420053702
0.11	9.	1714.5263476918533
0.11	9.1	1715.0875946073222
0.11	9.200000000000001	1715.6432201436303
0.11	9.3	1716.1932830490023
0.11	9.4	1716.737841483395
0.11	9.5	1717.276953023988
0.11	9.600000000000001	1717.8106746716048
0.11	9.700000000000001	1718.3390628558793
0.11	9.8	1718.8621734416051
0.11	9.9	1719.3800617334514
0.11	10.	1719.8927824833781
0.11	10.100000000000001	1720.400389894609
0.11	10.200000000000001	1720.9029376274257
0.11	10.3	1721.4004788056945
0.11	10.4	1721.8930660213334
0.11	10.5	1722.3807513394397
0.11	10.600000000000001	1722.8635863050654
0.11	10.700000000000001	1723.341621946663
0.11	10.8	1723.8149087830045
0.11	10.9	1724.2834968266584
0.11	11.	1724.7474355906315
0.11	11.100000000000001	1725.206774092824
0.11	11.200000000000001	1725.6615608607203
0.11	11.3	1726.1118439367194
0.11	11.4	1726.5576708830843
0.11	11.5	1726.9990887866074
0.11	11.600000000000001	1727.4361442637583
0.11	11.700000000000001	1727.8688834650104
0.11	11.8	1728.2973520797143
0.11	11.9	1728.7215953411976
0.11	12.	1729.1416580309735
0.11	12.100000000000001	1729.5575844831342
0.11	12.200000000000001	1729.9694185893097
0.11	12.3	1730.3772038031902
0.11	12.4	1730.7809831444781
0.11	12.5	1731.1807992037775
0.11	12.600000000000001	1731.576694146889
0.11	12.700000000000001	1731.9687097188769
0.11	12.8	1732.3568872484257
0.11	12.9	1732.7412676523181
0.11	13.	1733.1218914391259
0.11	13.100000000000001	1733.4987987139978
0.11	13.200000000000001	1733.8720291822833
0.11	13.3	1734.2416221536698
0.11	13.4	1734.6076165463373
0.11	13.5	1734.970050890753
0.11	13.600000000000001	1735.3289633339396
0.11	13.700000000000001	1735.6843916429186
0.11	13.8	1736.036373208892
0.11	13.9	1736.384945051159
0.11	14.	1736.7301438204163
0.11	14.100000000000001	1737.0720058030042
0.11	14.200000000000001	1737.4105669242904
0.11	14.3	1737.7458627525498
0.11	14.4	1738.0779285024134
0.11	14.5	1738.4067990387025
0.11	14.600000000000001	1738.7325088796356
0.11	14.700000000000001	1739.0550922007449
0.11	14.8	1739.374582838008
0.11	14.9	1739.6910142914019
0.11	15.	1740.0044197287311
0.11	15.100000000000001	1740.3148319881955
0.11	15.200000000000001	1740.6222835824624
0.11	15.3	1740.9268067016262
0.11	15.4	1741.2284332164356
0.11	15.5	1741.5271946820098
0.11	15.600000000000001	1741.8231223401783
0.11	15.700000000000001	1742.1162471236696
0.11	15.8	1742.4065996585732
0.11	15.9	1742.6942102675341
0.11	16.	1742.979108973016
0.11	16.1	1743.2613255004762
0.11	16.2	1743.5408892808302
0.11	16.3	1743.8178294541117
0.11	16.400000000000002	1744.0921748719256
0.11	16.5	1744.3639541005964
0.11	16.6	1744.633195424042
0.11	16.7	1744.8999268467276
0.11	16.8	1745.1641760962118
0.11	16.900000000000002	1745.4259706262173
0.11	17.	1745.6853376193512
0.11	17.1	1745.942303989926
0.11	17.2	1746.1968963863803
0.11	17.3	1746.4491411943468
0.11	17.400000000000002	1746.6990645390542
0.11	17.5	1746.9466922881477
0.11	17.6	1747.1920500541742
0.11	17.7	1747.43516319727
0.11	17.8	1747.676056827697
0.11	17.900000000000002	1747.9147558079578
0.11	18.	1748.1512847563072
0.11	18.1	1748.3856680479607
0.11	18.2	1748.6179298187474
0.11	18.3	1748.8480939664553
0.11	18.400000000000002	1749.0761841542974
0.11	18.5	1749.3022238122633
0.11	18.6	1749.526236140155
0.11	18.7	1749.748244109949
0.11	18.8	1749.9682704674117
0.11	18.900000000000002	1750.1863377352072
0.11	19.	1750.402468214567
0.11	19.1	1750.6166839879336
0.11	19.200000000000003	1750.8290069207999
0.11	19.3	1751.0394586642633
0.11	19.400000000000002	1751.2480606567688
0.11	19.5	1751.4548341267173
0.11	19.6	1751.6598000941567
0.11	19.700000000000003	1751.8629793733262
0.11	19.8	1752.0643925742074
0.11	19.900000000000002	1752.264060105017
0.11	20.	1752.4620021741657
0.11	20.1	1752.6582387919764
0.11	20.200000000000003	1752.8527897731092
0.11	20.3	1753.0456747381108
0.11	20.400000000000002	1753.2369131156192
0.11	20.5	1753.4265241443768
0.11	20.6	1753.6145268747791
0.11	20.700000000000003	1753.8009401712875
0.11	20.8	1753.9857827137325
0.11	20.900000000000002	1754.1690729994507
0.11	21.	1754.3508293453572
0.11	21.1	1754.5310698892433
0.11	21.200000000000003	1754.7098125919072
0.11	21.3	1754.8870752389726
0.11	21.400000000000002	1755.0628754422398
0.11	21.5	1755.237230642098
0.11	21.6	1755.4101581085613
0.11	21.700000000000003	1755.581674943372
0.11	21.8	1755.7517980816024
0.11	21.900000000000002	1755.9205442933867
0.11	22.	1756.0879301852447
0.11	22.1	1756.2539722021706
0.11	22.200000000000003	1756.4186866289774
0.11	22.3	1756.5820895920992
0.11	22.400000000000002	1756.7441970607322
0.11	22.5	1756.905024848868
0.11	22.6	1757.0645886168852
0.11	22.700000000000003	1757.2229038725425
0.11	22.8	1757.3799859730013
0.11	22.900000000000002	1757.5358501261373
0.11	23.	1757.690511392095
0.11	23.1	1757.8439846846027
0.11	23.200000000000003	1757.9962847727481
0.11	23.3	1758.1474262819147
0.11	23.400000000000002	1758.2974236958396
0.11	23.5	1758.4462913574391
0.11	23.6	1758.5940434705835
0.11	23.700000000000003	1758.7406941012496
0.11	23.8	1758.8862571791851
0.11	23.900000000000002	1759.0307464988693
0.11	24.	1759.1741757212449
0.11	24.1	1759.3165583745888
0.11	24.200000000000003	1759.4579078564207
0.11	24.3	1759.5982374343132
0.11	24.400000000000002	1759.7375602472516
0.11	24.5	1759.8758893070853
0.11	24.6	1760.01323749969
0.11	24.700000000000003	1760.1496175863158
0.11	24.8	1760.2850422044821
0.11	24.900000000000002	1760.4195238696086
0.11	25.	1760.5530749760298
0.11	25.1	1760.6857077981604
0.11	25.200000000000003	1760.817434491784
0.11	25.3	1760.9482670951797
0.11	25.400000000000002	1761.078217530191
0.11	25.5	1761.2072976035327
0.11	25.6	1761.3355190077432
0.11	25.700000000000003	1761.4628933224978
0.11	25.8	1761.5894320156685
0.11	25.900000000000002	1761.7151464442834
0.11	26.	1761.8400478557098
0.11	26.1	1761.964147388802
0.11	26.200000000000003	1762.0874560748987
0.11	26.3	1762.2099848388846
0.11	26.400000000000002	1762.3317445002917
0.11	26.5	1762.4527457740705
0.11	26.6	1762.5729992719562
0.11	26.700000000000003	1762.6925155035244
0.11	26.8	1762.8113048766472
0.11	26.900000000000002	1762.929377699123
0.11	27.	1763.046744179242
0.11	27.1	1763.1634144270306
0.11	27.200000000000003	1763.279398454952
0.11	27.3	1763.3947061791519
0.11	27.400000000000002	1763.5093474199184
0.11	27.5	1763.6233319033206
0.11	27.6	1763.7366692615408
0.11	27.700000000000003	1763.849369033978
0.11	27.8	1763.9614406682308
0.11	27.900000000000002	1764.0728935209156
0.11	28.	1764.1837368585332
0.11	28.1	1764.2939798584446
0.11	28.200000000000003	1764.4036316095714
0.11	28.3	1764.5127011133554
0.11	28.400000000000002	1764.6211972847248
0.11	28.5	1764.7291289527357
0.11	28.6	1764.8365048613837
0.11	28.700000000000003	1764.9433336707368
0.11	28.8	1765.0496239573363
0.11	28.900000000000002	1765.155384215386
0.11	29.	1765.2606228573356
0.11	29.1	1765.3653482145535
0.11	29.200000000000003	1765.4695685384847
0.11	29.3	1765.573292000965
0.11	29.400000000000002	1765.6765266955329
0.11	29.5	1765.7792806376942
0.11	29.6	1765.8815617658581
0.11	29.700000000000003	1765.983377942132
0.11	29.8	1766.084736953019
0.11	29.900000000000002	1766.1856465101428
0.11	30.	1766.2861142510606
0.11	30.1	1766.3861477395678
0.11	30.200000000000003	1766.4857544671784
0.11	30.3	1766.5849418529667
0.11	30.400000000000002	1766.6837172448893
0.11	30.5	1766.7820879202386
0.11	30.6	1766.8800610861792
0.11	30.700000000000003	1766.9776438806598
0.11	30.8	1767.0748433729682
0.11	30.900000000000002	1767.1716665644776
0.11	31.	1767.2681203892014
0.11	31.1	1767.3642117143206
0.11	31.200000000000003	1767.4599473410742
0.11	31.3	1767.5553340052618
0.11	31.400000000000002	1767.6503783780304
0.11	31.5	1767.7450870661303
0.11	31.6	1767.839466612933
0.11	31.700000000000003	1767.933523498653
0.11	31.8	1768.027264141205
0.11	31.900000000000002	1768.1206948970091
0.11	32.	1768.2138220609802
0.11	32.1	1768.3066518676303
0.11	32.2	1768.3991904913657
0.11	32.300000000000004	1768.4914440471728
0.11	32.4	1768.5834185911992
0.11	32.5	1768.675120121295
0.11	32.6	1768.7665545774623
0.11	32.7	1768.857727842631
0.11	32.800000000000004	1768.9486457429105
0.11	32.9	1769.039314048297
0.11	33.	1769.1297384733773
0.11	33.1	1769.2199246774042
0.11	33.2	1769.3098782652385
0.11	33.300000000000004	1769.399604787702
0.11	33.4	1769.489109741984
0.11	33.5	1769.5783985724029
0.11	33.6	1769.66747667066
0.11	33.7	1769.7563493765736
0.11	33.800000000000004	1769.8450219782085
0.11	33.9	1769.933499712722
0.11	34.	1770.0217877667872
0.11	34.1	1770.1098912769341
0.11	34.2	1770.1978153299303
0.11	34.300000000000004	1770.285564963596
0.11	34.4	1770.373145166968
0.11	34.5	1770.460560880973
0.11	34.6	1770.5478169987134
0.11	34.7	1770.6349183657644
0.11	34.800000000000004	1770.7218697811961
0.11	34.9	1770.8086759974362
0.11	35.	1770.8953417209377
0.11	35.1	1770.9818716124894
0.11	35.2	1771.0682702879085
0.11	35.300000000000004	1771.1545423181244
0.11	35.4	1771.2406922300345
0.11	35.5	1771.3267245063157
0.11	35.6	1771.4126435864348
0.11	35.7	1771.498453866733
0.11	35.800000000000004	1771.5841597006884
0.11	35.9	1771.6697653998262
0.11	36.	1771.7552752334968
0.11	36.1	1771.8406934298052
0.11	36.2	1771.926024175717
0.11	36.300000000000004	1772.0112716174206
0.11	36.4	1772.09643986069
0.11	36.5	1772.1815329716362
0.11	36.6	1772.2665549764577
0.11	36.7	1772.3515098624123
0.11	36.800000000000004	1772.4364015775961
0.11	36.9	1772.5212340320143
0.11	37.	1772.6060110971741
0.11	37.1	1772.6907366070743
0.11	37.2	1772.7754143580653
0.11	37.300000000000004	1772.8600481095186
0.11	37.4	1772.9446415842326
0.11	37.5	1773.029198468247
0.11	37.6	1773.113722411981
0.11	37.7	1773.1982170297013
0.11	37.800000000000004	1773.2826859005643
0.11	37.9	1773.367132568623
0.11	38.	1773.45156054308
0.11	38.1	1773.5359732987724
0.11	38.2	1773.6203742764774
0.11	38.300000000000004	1773.7047668831667
0.11	38.400000000000006	1773.7891544922663
0.11	38.5	1773.873540444159
0.11	38.6	1773.9579280462451
0.11	38.7	1774.042320573514
0.11	38.800000000000004	1774.126721268509
0.11	38.900000000000006	1774.2111333419264
0.11	39.	1774.2955599727777
0.11	39.1	1774.380004308753
0.11	39.2	1774.4644694662984
0.11	39.300000000000004	1774.5489585312998
0.11	39.400000000000006	1774.63347455885
0.11	39.5	1774.7180205740042
0.11	39.6	1774.8025995717906
0.11	39.7	1774.8872145176279
0.11	39.800000000000004	1774.971868347272
0.11	39.900000000000006	1775.056563967674
0.11	40.	1775.1413042567222
0.1125	0.	1630.685721097668
0.1125	0.1	1631.9789977999947
0.1125	0.2	1633.2578997002383
0.1125	0.30000000000000004	1634.522577533755
0.1125	0.4	1635.7731804751447
0.1125	0.5	1637.0098561563052
0.1125	0.6000000000000001	1638.2327506821664
0.1125	0.7000000000000001	1639.4420086490252
0.1125	0.8	1640.6377731596033
0.1125	0.9	1641.8201858403254
0.1125	1.	1642.9893868566894
0.1125	1.1	1644.1455149296492
0.1125	1.2000000000000002	1645.2887073502977
0.1125	1.3	1646.419099996511
0.1125	1.4000000000000001	1647.536827346815
0.1125	1.5	1648.642022496328
0.1125	1.6	1649.734817170891
0.1125	1.7000000000000002	1650.8153417419812
0.1125	1.8	1651.8837252406354
0.1125	1.9000000000000001	1652.9400953723089
0.1125	2.	1653.9845785302402
0.1125	2.1	1655.0172998093642
0.1125	2.2	1656.0383830207286
0.1125	2.3000000000000003	1657.0479507033717
0.1125	2.4000000000000004	1658.0461241394817
0.1125	2.5	1659.0330233663444
0.1125	2.6	1660.0087671894335
0.1125	2.7	1660.9734731957901
0.1125	2.8000000000000003	1661.9272577661848
0.1125	2.9000000000000004	1662.8702360877696
0.1125	3.	1663.8025221666405
0.1125	3.1	1664.72422883989
0.1125	3.2	1665.6354677878676
0.1125	3.3000000000000003	1666.5363495458625
0.1125	3.4000000000000004	1667.4269835163375
0.1125	3.5	1668.3074779800374
0.1125	3.6	1669.177940108519
0.1125	3.7	1670.038475973959
0.1125	3.8000000000000003	1670.8891905621801
0.1125	3.9000000000000004	1671.7301877831867
0.1125	4.	1672.5615704817867
0.1125	4.1000000000000005	1673.38344044879
0.1125	4.2	1674.1958984321855
0.1125	4.3	1674.999044147286
0.1125	4.4	1675.7929762879899
0.1125	4.5	1676.5777925362966
0.1125	4.6000000000000005	1677.3535895737002
0.1125	4.7	1678.120463090954
0.1125	4.800000000000001	1678.8785077976333
0.1125	4.9	1679.6278174335703
0.1125	5.	1680.368484777066
0.1125	5.1000000000000005	1681.100601656556
0.1125	5.2	1681.8242589587787
0.1125	5.300000000000001	1682.5395466393734
0.1125	5.4	1683.2465537313708
0.1125	5.5	1683.945368356404
0.1125	5.6000000000000005	1684.6360777318014
0.1125	5.7	1685.3187681816692
0.1125	5.800000000000001	1685.99352514539
0.1125	5.9	1686.6604331857407
0.1125	6.	1687.3195759997882
0.1125	6.1000000000000005	1687.971036425681
0.1125	6.2	1688.614896452977
0.1125	6.300000000000001	1689.2512372308515
0.1125	6.4	1689.8801390761164
0.1125	6.5	1690.5016814823337
0.1125	6.6000000000000005	1691.1159431285034
0.1125	6.7	1691.7230018862365
0.1125	6.800000000000001	1692.3229348297311
0.1125	6.9	1692.9158182420292
0.1125	7.	1693.5017276248236
0.1125	7.1000000000000005	1694.0807377051083
0.1125	7.2	1694.652922444333
0.1125	7.300000000000001	1695.2183550448426
0.1125	7.4	1695.7771079592305
0.1125	7.5	1696.3292528964005
0.1125	7.6000000000000005	1696.874860830973
0.1125	7.7	1697.4140020088976
0.1125	7.800000000000001	1697.9467459563807
0.1125	7.9	1698.4731614866255
0.1125	8.	1698.9933167074114
0.1125	8.1	1699.5072790279828
0.1125	8.200000000000001	1700.0151151668028
0.1125	8.3	1700.516891157643
0.1125	8.4	1701.0126723580179
0.1125	8.5	1701.5025234548832
0.1125	8.6	1701.986508472103
0.1125	8.700000000000001	1702.4646907773472
0.1125	8.8	1702.937133088442
0.1125	8.9	1703.4038974804978
0.1125	9.	1703.8650453918485
0.1125	9.1	1704.3206376318913
0.1125	9.200000000000001	1704.7707343862048
0.1125	9.3	1705.215395223089
0.1125	9.4	1705.654679101251
0.1125	9.5	1706.0886443746174
0.1125	9.600000000000001	1706.517348799161
0.1125	9.700000000000001	1706.9408495389814
0.1125	9.8	1707.3592031727194
0.1125	9.9	1707.7724656991713
0.1125	10.	1708.1806925433243
0.1125	10.100000000000001	1708.5839385623467
0.1125	10.200000000000001	1708.982258051662
0.1125	10.3	1709.3757047506292
0.1125	10.4	1709.764331848034
0.1125	10.5	1710.1481919878756
0.1125	10.600000000000001	1710.5273372751833
0.1125	10.700000000000001	1710.9018192816939
0.1125	10.8	1711.271689051004
0.1125	10.9	1711.636997104078
0.1125	11.	1711.9977934448953
0.1125	11.100000000000001	1712.3541275654898
0.1125	11.200000000000001	1712.7060484516176
0.1125	11.3	1713.0536045876534
0.1125	11.4	1713.3968439620407
0.1125	11.5	1713.7358140719593
0.1125	11.600000000000001	1714.070561929513
0.1125	11.700000000000001	1714.4011340651764
0.1125	11.8	1714.7275765340216
0.1125	11.9	1715.04993492017
0.1125	12.	1715.3682543415825
0.1125	12.100000000000001	1715.6825794551764
0.1125	12.200000000000001	1715.9929544615072
0.1125	12.3	1716.2994231091998
0.1125	12.4	1716.6020287002325
0.1125	12.5	1716.9008140938772
0.1125	12.600000000000001	1717.1958217119407
0.1125	12.700000000000001	1717.4870935427189
0.1125	12.8	1717.774671145829
0.1125	12.9	1718.0585956567859
0.1125	13.	1718.3389077910283
0.1125	13.100000000000001	1718.6156478484384
0.1125	13.200000000000001	1718.8888557177036
0.1125	13.3	1719.1585708806224
0.1125	13.4	1719.4248324162227
0.1125	13.5	1719.6876790049444
0.1125	13.600000000000001	1719.9471489326984
0.1125	13.700000000000001	1720.2032800952709
0.1125	13.8	1720.4561100020096
0.1125	13.9	1720.705675780168
0.1125	14.	1720.9520141784458
0.1125	14.100000000000001	1721.195161571464
0.1125	14.200000000000001	1721.4351539629843
0.1125	14.3	1721.6720269904274
0.1125	14.4	1721.9058159283438
0.1125	14.5	1722.136555692039
0.1125	14.600000000000001	1722.3642808416341
0.1125	14.700000000000001	1722.5890255855436
0.1125	14.8	1722.8108237841027
0.1125	14.9	1723.029708953349
0.1125	15.	1723.245714268479
0.1125	15.100000000000001	1723.4588725673448
0.1125	15.200000000000001	1723.6692163540586
0.1125	15.3	1723.8767778024448
0.1125	15.4	1724.0815887592626
0.1125	15.5	1724.283680748088
0.1125	15.600000000000001	1724.4830849720374
0.1125	15.700000000000001	1724.6798323176185
0.1125	15.8	1724.8739533575806
0.1125	15.9	1725.0654783546806
0.1125	16.	1725.2544372642867
0.1125	16.1	1725.4408597380059
0.1125	16.2	1725.6247751269855
0.1125	16.3	1725.8062124842156
0.1125	16.400000000000002	1725.9852005686455
0.1125	16.5	1726.1617678474934
0.1125	16.6	1726.3359424995922
0.1125	16.7	1726.507752418254
0.1125	16.8	1726.6772252143328
0.1125	16.900000000000002	1726.8443882191339
0.1125	17.	1727.0092684871188
0.1125	17.1	1727.1718927990669
0.1125	17.2	1727.332287664752
0.1125	17.3	1727.49047932576
0.1125	17.400000000000002	1727.6464937582205
0.1125	17.5	1727.8003566755258
0.1125	17.6	1727.9520935314163
0.1125	17.7	1728.1017295220352
0.1125	17.8	1728.2492895891826
0.1125	17.900000000000002	1728.3947984224255
0.1125	18.	1728.5382804624096
0.1125	18.1	1728.6797599024128
0.1125	18.2	1728.8192606920618
0.1125	18.3	1728.9568065388698
0.1125	18.400000000000002	1729.0924209114232
0.1125	18.5	1729.226127041171
0.1125	18.6	1729.3579479257294
0.1125	18.7	1729.4879063305336
0.1125	18.8	1729.616024791576
0.1125	18.900000000000002	1729.7423256178763
0.1125	19.	1729.866830893458
0.1125	19.1	1729.9895624801013
0.1125	19.200000000000003	1730.1105420191614
0.1125	19.3	1730.2297909343856
0.1125	19.400000000000002	1730.3473304335719
0.1125	19.5	1730.4631815113164
0.1125	19.6	1730.577364950908
0.1125	19.700000000000003	1730.6899013264454
0.1125	19.8	1730.8008110052779
0.1125	19.900000000000002	1730.9101141499475
0.1125	20.	1731.0178307203162
0.1125	20.1	1731.123980475455
0.1125	20.200000000000003	1731.22858297616
0.1125	20.3	1731.3316575867311
0.1125	20.400000000000002	1731.4332234766625
0.1125	20.5	1731.5332996233744
0.1125	20.6	1731.6319048135074
0.1125	20.700000000000003	1731.7290576453454
0.1125	20.8	1731.8247765303292
0.1125	20.900000000000002	1731.9190796954597
0.1125	21.	1732.0119851846198
0.1125	21.1	1732.103510861051
0.1125	21.200000000000003	1732.1936744087388
0.1125	21.3	1732.2824933344143
0.1125	21.400000000000002	1732.369984969482
0.1125	21.5	1732.4561664715395
0.1125	21.6	1732.5410548264936
0.1125	21.700000000000003	1732.6246668499628
0.1125	21.8	1732.7070191893017
0.1125	21.900000000000002	1732.7881283252866
0.1125	22.	1732.8680105735543
0.1125	22.1	1732.946682086522
0.1125	22.200000000000003	1733.0241588550684
0.1125	22.3	1733.10045671018
0.1125	22.400000000000002	1733.17559132439
0.1125	22.5	1733.249578213488
0.1125	22.6	1733.3224327383318
0.1125	22.700000000000003	1733.3941701059937
0.1125	22.8	1733.4648053718997
0.1125	22.900000000000002	1733.5343534406618
0.1125	23.	1733.6028290683616
0.1125	23.1	1733.6702468634808
0.1125	23.200000000000003	1733.7366212886395
0.1125	23.3	1733.8019666620455
0.1125	23.400000000000002	1733.866297159165
0.1125	23.5	1733.9296268136115
0.1125	23.6	1733.9919695193466
0.1125	23.700000000000003	1734.053339031335
0.1125	23.8	1734.1137489675698
0.1125	23.900000000000002	1734.1732128100664
0.1125	24.	1734.2317439065082
0.1125	24.1	1734.2893554713655
0.1125	24.200000000000003	1734.3460605874423
0.1125	24.3	1734.4018722069577
0.1125	24.400000000000002	1734.4568031532394
0.1125	24.5	1734.510866121673
0.1125	24.6	1734.5640736812052
0.1125	24.700000000000003	1734.6164382755153
0.1125	24.8	1734.6679722243164
0.1125	24.900000000000002	1734.718687724531
0.1125	25.	1734.7685968518779
0.1125	25.1	1734.817711561473
0.1125	25.200000000000003	1734.8660436895298
0.1125	25.3	1734.9136049545505
0.1125	25.400000000000002	1734.9604069580955
0.1125	25.5	1735.0064611865225
0.1125	25.6	1735.0517790116414
0.1125	25.700000000000003	1735.0963716921956
0.1125	25.8	1735.1402503749134
0.1125	25.900000000000002	1735.1834260954415
0.1125	26.	1735.2259097798567
0.1125	26.1	1735.267712245316
0.1125	26.200000000000003	1735.3088442014896
0.1125	26.3	1735.349316251526
0.1125	26.400000000000002	1735.3891388930215
0.1125	26.5	1735.4283225191948
0.1125	26.6	1735.4668774198728
0.1125	26.700000000000003	1735.5048137826718
0.1125	26.8	1735.5421416936979
0.1125	26.900000000000002	1735.5788711389275
0.1125	27.	1735.6150120049056
0.1125	27.1	1735.6505740799573
0.1125	27.200000000000003	1735.6855670550092
0.1125	27.3	1735.720000524826
0.1125	27.400000000000002	1735.7538839885428
0.1125	27.5	1735.7872268508745
0.1125	27.6	1735.82003842313
0.1125	27.700000000000003	1735.8523279240521
0.1125	27.8	1735.8841044806522
0.1125	27.900000000000002	1735.9153771291797
0.1125	28.	1735.9461548161491
0.1125	28.1	1735.9764463990357
0.1125	28.200000000000003	1736.006260647228
0.1125	28.3	1736.035606243046
0.1125	28.400000000000002	1736.0644917823743
0.1125	28.5	1736.0929257756272
0.1125	28.6	1736.120916648697
0.1125	28.700000000000003	1736.1484727435202
0.1125	28.8	1736.175602319192
0.1125	28.900000000000002	1736.2023135526108
0.1125	29.	1736.228614539384
0.1125	29.1	1736.2545132946473
0.1125	29.200000000000003	1736.2800177536633
0.1125	29.3	1736.3051357728584
0.1125	29.400000000000002	1736.3298751304894
0.1125	29.5	1736.354243527446
0.1125	29.6	1736.3782485878462
0.1125	29.700000000000003	1736.4018978601055
0.1125	29.8	1736.4251988174788
0.1125	29.900000000000002	1736.448158858749
0.1125	30.	1736.47078530902
0.1125	30.1	1736.4930854205872
0.1125	30.200000000000003	1736.515066373573
0.1125	30.3	1736.5367352763308
0.1125	30.400000000000002	1736.5580991666861
0.1125	30.5	1736.5791650121937
0.1125	30.6	1736.5999397111227
0.1125	30.700000000000003	1736.6204300928189
0.1125	30.8	1736.6406429185802
0.1125	30.900000000000002	1736.6605848825245
0.1125	31.	1736.6802626118356
0.1125	31.1	1736.6996826676625
0.1125	31.200000000000003	1736.7188515456469
0.1125	31.3	1736.7377756767676
0.1125	31.400000000000002	1736.7564614276193
0.1125	31.5	1736.7749151013916
0.1125	31.6	1736.7931429383789
0.1125	31.700000000000003	1736.8111511164907
0.1125	31.8	1736.828945751953
0.1125	31.900000000000002	1736.8465328999223
0.1125	32.	1736.8639185550248
0.1125	32.1	1736.8811086518767
0.1125	32.2	1736.898109065987
0.1125	32.300000000000004	1736.9149256137716
0.1125	32.4	1736.9315640537222
0.1125	32.5	1736.948030086714
0.1125	32.6	1736.9643293562542
0.1125	32.7	1736.9804674498027
0.1125	32.800000000000004	1736.9964498984614
0.1125	32.9	1737.0122821781245
0.1125	33.	1737.0279697097467
0.1125	33.1	1737.0435178597943
0.1125	33.2	1737.0589319411818
0.1125	33.300000000000004	1737.074217213257
0.1125	33.4	1737.0893788827848
0.1125	33.5	1737.104422104122
0.1125	33.6	1737.1193519799458
0.1125	33.7	1737.1341735614433
0.1125	33.800000000000004	1737.148891849392
0.1125	33.9	1737.1635117938297
0.1125	34.	1737.1780382954028
0.1125	34.1	1737.1924762051447
0.1125	34.2	1737.2068303253266
0.1125	34.300000000000004	1737.2211054099992
0.1125	34.4	1737.2353061650385
0.1125	34.5	1737.249437248984
0.1125	34.6	1737.2635032734315
0.1125	34.7	1737.2775088032733
0.1125	34.800000000000004	1737.291458357563
0.1125	34.9	1737.3053564094266
0.1125	35.	1737.319207386895
0.1125	35.1	1737.3330156731774
0.1125	35.2	1737.3467856071272
0.1125	35.300000000000004	1737.360521483834
0.1125	35.4	1737.3742275545505
0.1125	35.5	1737.387908027637
0.1125	35.6	1737.4015670688495
0.1125	35.7	1737.4152088015126
0.1125	35.800000000000004	1737.4288373071008
0.1125	35.9	1737.4424566257276
0.1125	36.	1737.45607075635
0.1125	36.1	1737.4696836571854
0.1125	36.2	1737.4832992461772
0.1125	36.300000000000004	1737.4969214015418
0.1125	36.4	1737.5105539617348
0.1125	36.5	1737.524200726167
0.1125	36.6	1737.5378654554393
0.1125	36.7	1737.5515518718164
0.1125	36.800000000000004	1737.5652636593488
0.1125	36.9	1737.5790044645878
0.1125	37.	1737.5927778966109
0.1125	37.1	1737.6065875277159
0.1125	37.2	1737.6204368934166
0.1125	37.300000000000004	1737.6343294928718
0.1125	37.4	1737.6482687894904
0.1125	37.5	1737.6622582110967
0.1125	37.6	1737.6763011501757
0.1125	37.7	1737.690400964359
0.1125	37.800000000000004	1737.7045609765219
0.1125	37.9	1737.7187844755788
0.1125	38.	1737.7330747162187
0.1125	38.1	1737.7474349197475
0.1125	38.2	1737.761868273978
0.1125	38.300000000000004	1737.7763779338986
0.1125	38.400000000000006	1737.790967021747
0.1125	38.5	1737.8056386274345
0.1125	38.6	1737.8203958087659
0.1125	38.7	1737.8352415918932
0.1125	38.800000000000004	1737.8501789713846
0.1125	38.900000000000006	1737.8652109107036
0.1125	39.	1737.8803403425873
0.1125	39.1	1737.8955701689074
0.1125	39.2	1737.9109032615388
0.1125	39.300000000000004	1737.9263424621163
0.1125	39.400000000000006	1737.941890582795
0.1125	39.5	1737.9575504060822
0.1125	39.6	1737.9733246855203
0.1125	39.7	1737.9892161454868
0.1125	39.800000000000004	1738.0052274820987
0.1125	39.900000000000006	1738.021361362814
0.1125	40.	1738.0376204271465
0.115	0.	1629.9100763973559
0.115	0.1	1631.0912877081364
0.115	0.2	1632.2580275430541
0.115	0.30000000000000004	1633.4104517552137
0.115	0.4	1634.5487145557554
0.115	0.5	1635.6729685316927
0.115	0.6000000000000001	1636.7833646636545
0.115	0.7000000000000001	1637.88005234444
0.115	0.8	1638.9631793957342
0.115	0.9	1640.0328920860366
0.115	1.	1641.08933514708
0.115	1.1	1642.132651790707
0.115	1.2000000000000002	1643.1629837258872
0.115	1.3	1644.1804711737786
0.115	1.4000000000000001	1645.185252885688
0.115	1.5	1646.177466157395
0.115	1.6	1647.1572468449606
0.115	1.7000000000000002	1648.124729381148
0.115	1.8	1649.0800467895435
0.115	1.9000000000000001	1650.0233307005228
0.115	2.	1650.954711365235
0.115	2.1	1651.8743176710332
0.115	2.2	1652.7822771556453
0.115	2.3000000000000003	1653.678716021512
0.115	2.4000000000000004	1654.5637591497562
0.115	2.5	1655.4375301146538
0.115	2.6	1656.3001511968116
0.115	2.7	1657.1517433971871
0.115	2.8000000000000003	1657.992426450291
0.115	2.9000000000000004	1658.8223188382328
0.115	3.	1659.6415378029678
0.115	3.1	1660.4501993596612
0.115	3.2	1661.2484183094978
0.115	3.3000000000000003	1662.036308253106
0.115	3.4000000000000004	1662.8139816015068
0.115	3.5	1663.5815495904183
0.115	3.6	1664.3391222913317
0.115	3.7	1665.086808623854
0.115	3.8000000000000003	1665.824716368336
0.115	3.9000000000000004	1666.552952176921
0.115	4.	1667.2716215858925
0.115	4.1000000000000005	1667.9808290270814
0.115	4.2	1668.680677839442
0.115	4.3	1669.3712702802502
0.115	4.4	1670.052707536992
0.115	4.5	1670.7250897374238
0.115	4.6000000000000005	1671.388515961743
0.115	4.7	1672.043084252443
0.115	4.800000000000001	1672.6888916259227
0.115	4.9	1673.326034083198
0.115	5.	1673.954606619365
0.115	5.1000000000000005	1674.5747032355143
0.115	5.2	1675.1864169480239
0.115	5.300000000000001	1675.7898397993974
0.115	5.4	1676.3850628677308
0.115	5.5	1676.9721762776965
0.115	5.6000000000000005	1677.551269209454
0.115	5.7	1678.1224299094242
0.115	5.800000000000001	1678.6857456992257
0.115	5.9	1679.2413029857714
0.115	6.	1679.7891872705036
0.115	6.1000000000000005	1680.3294831591247
0.115	6.2	1680.8622743703315
0.115	6.300000000000001	1681.3876437459112
0.115	6.4	1681.905673259348
0.115	6.5	1682.4164440248749
0.115	6.6000000000000005	1682.9200363063246
0.115	6.7	1683.4165295265589
0.115	6.800000000000001	1683.9060022754334
0.115	6.9	1684.3885323190507
0.115	7.	1684.864196608692
0.115	7.1000000000000005	1685.3330712877537
0.115	7.2	1685.795231702189
0.115	7.300000000000001	1686.250752407732
0.115	7.4	1686.6997071780008
0.115	7.5	1687.142169013087
0.115	7.6000000000000005	1687.5782101476534
0.115	7.7	1688.0079020590167
0.115	7.800000000000001	1688.431315474304
0.115	7.9	1688.8485203794555
0.115	8.	1689.2595860259821
0.115	8.1	1689.66458093923
0.115	8.200000000000001	1690.0635729256876
0.115	8.3	1690.4566290809305
0.115	8.4	1690.8438157967412
0.115	8.5	1691.2251987679924
0.115	8.6	1691.6008430011395
0.115	8.700000000000001	1691.970812820603
0.115	8.8	1692.3351718758888
0.115	8.9	1692.6939831490615
0.115	9.	1693.0473089615584
0.115	9.1	1693.3952109814602
0.115	9.200000000000001	1693.7377502294933
0.115	9.3	1694.0749870867237
0.115	9.4	1694.4069813009214
0.115	9.5	1694.7337919931747
0.115	9.600000000000001	1695.05547766472
0.115	9.700000000000001	1695.3720962028406
0.115	9.8	1695.6837048885386
0.115	9.9	1695.9903604014455
0.115	10.	1696.2921188272132
0.115	10.100000000000001	1696.5890356633033
0.115	10.200000000000001	1696.8811658254538
0.115	10.3	1697.168563653738
0.115	10.4	1697.4512829182636
0.115	10.5	1697.7293768257334
0.115	10.600000000000001	1698.0028980248032
0.115	10.700000000000001	1698.271898613024
0.115	10.8	1698.536430141081
0.115	10.9	1698.7965436199754
0.115	11.	1699.0522895260526
0.115	11.100000000000001	1699.3037178067896
0.115	11.200000000000001	1699.5508778861922
0.115	11.3	1699.7938186704282
0.115	11.4	1700.0325885539535
0.115	11.5	1700.2672354235876
0.115	11.600000000000001	1700.4978066653305
0.115	11.700000000000001	1700.7243491683694
0.115	11.8	1700.9469093311407
0.115	11.9	1701.1655330663464
0.115	12.	1701.3802658060736
0.115	12.100000000000001	1701.591152506802
0.115	12.200000000000001	1701.798237654454
0.115	12.3	1702.0015652694158
0.115	12.4	1702.201178911549
0.115	12.5	1702.3971216849254
0.115	12.600000000000001	1702.5894362426507
0.115	12.700000000000001	1702.778164791762
0.115	12.8	1702.9633490978824
0.115	12.9	1703.1450304898638
0.115	13.	1703.323249864616
0.115	13.100000000000001	1703.4980476911758
0.115	13.200000000000001	1703.6694640160295
0.115	13.3	1703.837538466781
0.115	13.4	1704.0023102571452
0.115	13.5	1704.1638181911264
0.115	13.600000000000001	1704.3221006671918
0.115	13.700000000000001	1704.4771956829982
0.115	13.8	1704.6291408393574
0.115	13.9	1704.7779733444165
0.115	14.	1704.9237300178354
0.115	14.100000000000001	1705.0664472951528
0.115	14.200000000000001	1705.2061612314847
0.115	14.3	1705.3429075058136
0.115	14.4	1705.4767214249123
0.115	14.5	1705.6076379271833
0.115	14.600000000000001	1705.7356915867279
0.115	14.700000000000001	1705.860916617232
0.115	14.8	1705.9833468754384
0.115	14.9	1706.1030158654514
0.115	15.	1706.2199567420678
0.115	15.100000000000001	1706.3342023146365
0.115	15.200000000000001	1706.4457850506294
0.115	15.3	1706.554737079564
0.115	15.4	1706.661090196164
0.115	15.5	1706.7648758640603
0.115	15.600000000000001	1706.8661252193829
0.115	15.700000000000001	1706.964869074387
0.115	15.8	1707.0611379204283
0.115	15.9	1707.1549619316997
0.115	16.	1707.2463709684994
0.115	16.1	1707.3353945805488
0.115	16.2	1707.4220620104848
0.115	16.3	1707.5064021965527
0.115	16.400000000000002	1707.5884437765512
0.115	16.5	1707.6682150904385
0.115	16.6	1707.7457441837707
0.115	16.7	1707.8210588108432
0.115	16.8	1707.8941864375095
0.115	16.900000000000002	1707.9651542444876
0.115	17.	1708.0339891303202
0.115	17.1	1708.1007177142687
0.115	17.2	1708.1653663393577
0.115	17.3	1708.2279610752819
0.115	17.400000000000002	1708.2885277211933
0.115	17.5	1708.3470918087821
0.115	17.6	1708.403678604923
0.115	17.7	1708.458313114361
0.115	17.8	1708.5110200827353
0.115	17.900000000000002	1708.5618239992139
0.115	18.	1708.6107490993334
0.115	18.1	1708.6578193672328
0.115	18.2	1708.7030585389437
0.115	18.3	1708.7464901043832
0.115	18.400000000000002	1708.7881373104015
0.115	18.5	1708.8280231632575
0.115	18.6	1708.8661704308436
0.115	18.7	1708.9026016456842
0.115	18.8	1708.9373391069569
0.115	18.900000000000002	1708.9704048833064
0.115	19.	1709.001820815063
0.115	19.1	1709.031608516699
0.115	19.200000000000003	1709.0597893793365
0.115	19.3	1709.086384572743
0.115	19.400000000000002	1709.111415048088
0.115	19.5	1709.134901540005
0.115	19.6	1709.1568645688499
0.115	19.700000000000003	1709.1773244430412
0.115	19.8	1709.196301261258
0.115	19.900000000000002	1709.2138149146128
0.115	20.	1709.229885088871
0.115	20.1	1709.2445312666296
0.115	20.200000000000003	1709.2577727293558
0.115	20.3	1709.2696285596758
0.115	20.400000000000002	1709.2801176430492
0.115	20.5	1709.2892586704688
0.115	20.6	1709.297070139887
0.115	20.700000000000003	1709.3035703586381
0.115	20.8	1709.308777445251
0.115	20.900000000000002	1709.3127093314704
0.115	21.	1709.3153837642558
0.115	21.1	1709.3168183076111
0.115	21.200000000000003	1709.3170303445513
0.115	21.3	1709.3160370791195
0.115	21.400000000000002	1709.3138555379514
0.115	21.5	1709.3105025723323
0.115	21.6	1709.3059948602518
0.115	21.700000000000003	1709.3003489076875
0.115	21.8	1709.2935810508407
0.115	21.900000000000002	1709.2857074575445
0.115	22.	1709.2767441295753
0.115	22.1	1709.2667069037243
0.115	22.200000000000003	1709.25561145385
0.115	22.3	1709.2434732926954
0.115	22.400000000000002	1709.230307773346
0.115	22.5	1709.2161300908292
0.115	22.6	1709.2009552840611
0.115	22.700000000000003	1709.1847982372365
0.115	22.8	1709.1676736813977
0.115	22.900000000000002	1709.1495961964
0.115	23.	1709.1305802117852
0.115	23.1	1709.1106400091128
0.115	23.200000000000003	1709.089789723
0.115	23.3	1709.0680433428365
0.115	23.400000000000002	1709.0454147140424
0.115	23.5	1709.0219175401396
0.115	23.6	1708.9975653834472
0.115	23.700000000000003	1708.972371667238
0.115	23.8	1708.9463496766093
0.115	23.900000000000002	1708.9195125604067
0.115	24.	1708.8918733322782
0.115	24.1	1708.8634448721548
0.115	24.200000000000003	1708.8342399277785
0.115	24.3	1708.8042711159198
0.115	24.400000000000002	1708.7735509237843
0.115	24.5	1708.742091710301
0.115	24.6	1708.7099057075118
0.115	24.700000000000003	1708.677005021707
0.115	24.8	1708.643401635103
0.115	24.900000000000002	1708.6091074066753
0.115	25.	1708.5741340737795
0.115	25.1	1708.5384932530978
0.115	25.200000000000003	1708.502196442115
0.115	25.3	1708.4652550202445
0.115	25.400000000000002	1708.4276802501251
0.115	25.5	1708.3894832785136
0.115	25.6	1708.3506751380226
0.115	25.700000000000003	1708.3112667478613
0.115	25.8	1708.2712689150044
0.115	25.900000000000002	1708.2306923356061
0.115	26.	1708.1895475958127
0.115	26.1	1708.1478451732703
0.115	26.200000000000003	1708.1055954379565
0.115	26.3	1708.0628086532436
0.115	26.400000000000002	1708.0194949771653
0.115	26.5	1707.9756644634713
0.115	26.6	1707.931327062584
0.115	26.700000000000003	1707.8864926227468
0.115	26.8	1707.8411708908984
0.115	26.900000000000002	1707.795371514137
0.115	27.	1707.7491040401437
0.115	27.1	1707.7023779186884
0.115	27.200000000000003	1707.6552025022759
0.115	27.3	1707.6075870473846
0.115	27.400000000000002	1707.5595407153698
0.115	27.5	1707.5110725733753
0.115	27.6	1707.4621915953683
0.115	27.700000000000003	1707.412906662907
0.115	27.8	1707.363226566405
0.115	27.900000000000002	1707.3131600058387
0.115	28.	1707.2627155915625
0.115	28.1	1707.2119018454327
0.115	28.200000000000003	1707.160727201576
0.115	28.3	1707.1092000075416
0.115	28.400000000000002	1707.057328524649
0.115	28.5	1707.005120929377
0.115	28.6	1706.9525853138787
0.115	28.700000000000003	1706.8997296870696
0.115	28.8	1706.84656197545
0.115	28.900000000000002	1706.7930900236242
0.115	29.	1706.7393215956213
0.115	29.1	1706.6852643752286
0.115	29.200000000000003	1706.6309259670606
0.115	29.3	1706.5763138975512
0.115	29.400000000000002	1706.5214356152194
0.115	29.5	1706.4662984918643
0.115	29.6	1706.4109098232534
0.115	29.700000000000003	1706.3552768296936
0.115	29.8	1706.2994066571794
0.115	29.900000000000002	1706.2433063777105
0.115	30.	1706.1869829904265
0.115	30.1	1706.1304434218148
0.115	30.200000000000003	1706.073694527136
0.115	30.3	1706.0167430904378
0.115	30.400000000000002	1705.9595958260134
0.115	30.5	1705.902259378265
0.115	30.6	1705.8447403230466
0.115	30.700000000000003	1705.7870451682043
0.115	30.8	1705.7291803538876
0.115	30.900000000000002	1705.6711522538906
0.115	31.	1705.612967175631
0.115	31.1	1705.5546313612958
0.115	31.200000000000003	1705.496150988394
0.115	31.3	1705.4375321702346
0.115	31.400000000000002	1705.3787809565015
0.115	31.5	1705.3199033344065
0.115	31.6	1705.2609052287514
0.115	31.700000000000003	1705.2017925026482
0.115	31.8	1705.1425709585703
0.115	31.900000000000002	1705.0832463384136
0.115	32.	1705.0238243241993
0.115	32.1	1704.9643105390533
0.115	32.2	1704.9047105473444
0.115	32.300000000000004	1704.8450298555733
0.115	32.4	1704.785273912641
0.115	32.5	1704.7254481108396
0.115	32.6	1704.6655577859656
0.115	32.7	1704.6056082181683
0.115	32.800000000000004	1704.5456046324095
0.115	32.9	1704.4855521991053
0.115	33.	1704.4254560344682
0.115	33.1	1704.3653212011732
0.115	33.2	1704.3051527089597
0.115	33.300000000000004	1704.2449555150197
0.115	33.4	1704.1847345244546
0.115	33.5	1704.124494591052
0.115	33.6	1704.0642405178362
0.115	33.7	1704.0039770568274
0.115	33.800000000000004	1703.9437089105184
0.115	33.9	1703.8834407317258
0.115	34.	1703.8231771245241
0.115	34.1	1703.7629226443826
0.115	34.2	1703.7026817985534
0.115	34.300000000000004	1703.6424590469821
0.115	34.4	1703.582258802511
0.115	34.5	1703.5220854313516
0.115	34.6	1703.4619432534728
0.115	34.7	1703.4018365431514
0.115	34.800000000000004	1703.3417695296605
0.115	34.9	1703.2817463971437
0.115	35.	1703.221771285422
0.115	35.1	1703.1618482907463
0.115	35.2	1703.1019814652668
0.115	35.300000000000004	1703.0421748185784
0.115	35.4	1702.9824323173018
0.115	35.5	1702.922757886057
0.115	35.6	1702.8631554074059
0.115	35.7	1702.8036287226153
0.115	35.800000000000004	1702.7441816320438
0.115	35.9	1702.684817895189
0.115	36.	1702.6255412315504
0.115	36.1	1702.5663553208026
0.115	36.2	1702.5072638030072
0.115	36.300000000000004	1702.4482702793407
0.115	36.4	1702.3893783123128
0.115	36.5	1702.3305914261243
0.115	36.6	1702.2719131068816
0.115	36.7	1702.2133468034574
0.115	36.800000000000004	1702.1548959273628
0.115	36.9	1702.0965638532646
0.115	37.	1702.038353919458
0.115	37.1	1701.9802694280381
0.115	37.2	1701.922313645574
0.115	37.300000000000004	1701.8644898028806
0.115	37.4	1701.8068010959917
0.115	37.5	1701.7492506860538
0.115	37.6	1701.691841699873
0.115	37.7	1701.6345772302384
0.115	37.800000000000004	1701.5774603362863
0.115	37.9	1701.5204940435324
0.115	38.	1701.46368134469
0.115	38.1	1701.4070251994328
0.115	38.2	1701.350528535316
0.115	38.300000000000004	1701.2941942475384
0.115	38.400000000000006	1701.238025199562
0.115	38.5	1701.1820242233362
0.115	38.6	1701.126194119687
0.115	38.7	1701.070537658476
0.115	38.800000000000004	1701.015057578959
0.115	38.900000000000006	1700.9597565901486
0.115	39.	1700.904637370891
0.115	39.1	1700.849702570526
0.115	39.2	1700.7949548089348
0.115	39.300000000000004	1700.7403966767329
0.115	39.400000000000006	1700.6860307356778
0.115	39.5	1700.631859519057
0.115	39.6	1700.5778855316814
0.115	39.7	1700.524111250428
0.115	39.800000000000004	1700.4705391244822
0.115	39.900000000000006	1700.417171575352
0.115	40.	1700.364010997328
0.11750000000000001	0.	1629.1792499397327
0.11750000000000001	0.1	1630.2459324796932
0.11750000000000001	0.2	1631.2980473756588
0.11750000000000001	0.30000000000000004	1632.3357558216237
0.11750000000000001	0.4	1633.35921728173
0.11750000000000001	0.5	1634.3685895104898
0.11750000000000001	0.6000000000000001	1635.3640285712097
0.11750000000000001	0.7000000000000001	1636.3456888549465
0.11750000000000001	0.8	1637.3137230992668
0.11750000000000001	0.9	1638.2682824060073
0.11750000000000001	1.	1639.2095162602348
0.11750000000000001	1.1	1640.1375725472394
0.11750000000000001	1.2000000000000002	1641.0525975703624
0.11750000000000001	1.3	1641.9547360682982
0.11750000000000001	1.4000000000000001	1642.8441312321015
0.11750000000000001	1.5	1643.7209247222181
0.11750000000000001	1.6	1644.5852566850103
0.11750000000000001	1.7000000000000002	1645.4372657689166
0.11750000000000001	1.8	1646.2770891411978
0.11750000000000001	1.9000000000000001	1647.1048625034286
0.11750000000000001	2.	1647.920720107738
0.11750000000000001	2.1	1648.7247947721578
0.11750000000000001	2.2	1649.517217895631
0.11750000000000001	2.3000000000000003	1650.2981194743252
0.11750000000000001	2.4000000000000004	1651.0676281157043
0.11750000000000001	2.5	1651.8258710537282
0.11750000000000001	2.6	1652.5729741635798
0.11750000000000001	2.7	1653.3090619759237
0.11750000000000001	2.8000000000000003	1654.034257691769
0.11750000000000001	2.9000000000000004	1654.748683196202
0.11750000000000001	3.	1655.4524590723229
0.11750000000000001	3.1	1656.145704615775
0.11750000000000001	3.2	1656.8285378471583
0.11750000000000001	3.3000000000000003	1657.5010755272444
0.11750000000000001	3.4000000000000004	1658.163433168772
0.11750000000000001	3.5	1658.8157250511113
0.11750000000000001	3.6	1659.4580642317003
0.11750000000000001	3.7	1660.0905625612295
0.11750000000000001	3.8000000000000003	1660.7133306938845
0.11750000000000001	3.9000000000000004	1661.3264781018008
0.11750000000000001	4.	1661.9301130873023
0.11750000000000001	4.1000000000000005	1662.5243427944104
0.11750000000000001	4.2	1663.1092732225147
0.11750000000000001	4.3	1663.6850092371326
0.11750000000000001	4.4	1664.251654582714
0.11750000000000001	4.5	1664.8093118942022
0.11750000000000001	4.6000000000000005	1665.3580827090411
0.11750000000000001	4.7	1665.8980674782952
0.11750000000000001	4.800000000000001	1666.4293655785282
0.11750000000000001	4.9	1666.9520753234967
0.11750000000000001	5.	1667.4662939744103
0.11750000000000001	5.1000000000000005	1667.9721177517727
0.11750000000000001	5.2	1668.4696418468002
0.11750000000000001	5.300000000000001	1668.9589604309522
0.11750000000000001	5.4	1669.4401666683875
0.11750000000000001	5.5	1669.9133527252789
0.11750000000000001	5.6000000000000005	1670.37860978076
0.11750000000000001	5.7	1670.8360280383022
0.11750000000000001	5.800000000000001	1671.2856967345
0.11750000000000001	5.9	1671.7277041502746
0.11750000000000001	6.	1672.162137621342
0.11750000000000001	6.1000000000000005	1672.5890835468695
0.11750000000000001	6.2	1673.0086274010616
0.11750000000000001	6.300000000000001	1673.4208537416832
0.11750000000000001	6.4	1673.8258462204683
0.11750000000000001	6.5	1674.2236875924573
0.11750000000000001	6.6000000000000005	1674.6144597255288
0.11750000000000001	6.7	1674.9982436101059
0.11750000000000001	6.800000000000001	1675.3751193681771
0.11750000000000001	6.9	1675.7451662624471
0.11750000000000001	7.	1676.1084627062003
0.11750000000000001	7.1000000000000005	1676.4650862713447
0.11750000000000001	7.2	1676.815113697768
0.11750000000000001	7.300000000000001	1677.1586209025916
0.11750000000000001	7.4	1677.4956829880844
0.11750000000000001	7.5	1677.8263742513718
0.11750000000000001	7.6000000000000005	1678.150768192308
0.11750000000000001	7.7	1678.4689375219002
0.11750000000000001	7.800000000000001	1678.7809541714523
0.11750000000000001	7.9	1679.0868893000213
0.11750000000000001	8.	1679.386813303364
0.11750000000000001	8.1	1679.6807958213324
0.11750000000000001	8.200000000000001	1679.9689057470825
0.11750000000000001	8.3	1680.2512112338086
0.11750000000000001	8.4	1680.5277797034187
0.11750000000000001	8.5	1680.7986778541717
0.11750000000000001	8.6	1681.063971668434
0.11750000000000001	8.700000000000001	1681.3237264201816
0.11750000000000001	8.8	1681.5780066829134
0.11750000000000001	8.9	1681.826876336804
0.11750000000000001	9.	1682.070398576194
0.11750000000000001	9.1	1682.3086359174067
0.11750000000000001	9.200000000000001	1682.541650205414
0.11750000000000001	9.3	1682.769502621211
0.11750000000000001	9.4	1682.9922536890592
0.11750000000000001	9.5	1683.20996328356
0.11750000000000001	9.600000000000001	1683.422690636716
0.11750000000000001	9.700000000000001	1683.630494344182
0.11750000000000001	9.8	1683.833432372978
0.11750000000000001	9.9	1684.031562067983
0.11750000000000001	10.	1684.2249401580364
0.11750000000000001	10.100000000000001	1684.4136227634299
0.11750000000000001	10.200000000000001	1684.597665401802
0.11750000000000001	10.3	1684.777122995275
0.11750000000000001	10.4	1684.9520498758425
0.11750000000000001	10.5	1685.1224997930838
0.11750000000000001	10.600000000000001	1685.2885259193768
0.11750000000000001	10.700000000000001	1685.4501808559442
0.11750000000000001	10.8	1685.6075166406167
0.11750000000000001	10.9	1685.760584751647
0.11750000000000001	11.	1685.9094361158561
0.11750000000000001	11.100000000000001	1686.0541211130867
0.11750000000000001	11.200000000000001	1686.194689582783
0.11750000000000001	11.3	1686.3311908294713
0.11750000000000001	11.4	1686.4636736293987
0.11750000000000001	11.5	1686.5921862347716
0.11750000000000001	11.600000000000001	1686.7167763808125
0.11750000000000001	11.700000000000001	1686.8374912904692
0.11750000000000001	11.8	1686.9543776803093
0.11750000000000001	11.9	1687.067481766115
0.11750000000000001	12.	1687.176849267724
0.11750000000000001	12.100000000000001	1687.2825254151567
0.11750000000000001	12.200000000000001	1687.3845549531536
0.11750000000000001	12.3	1687.4829821471399
0.11750000000000001	12.4	1687.5778507878629
0.11750000000000001	12.5	1687.6692041966091
0.11750000000000001	12.600000000000001	1687.7570852307392
0.11750000000000001	12.700000000000001	1687.8415362881526
0.11750000000000001	12.8	1687.9225993123912
0.11750000000000001	12.9	1688.0003157977812
0.11750000000000001	13.	1688.074726794028
0.11750000000000001	13.100000000000001	1688.145872911313
0.11750000000000001	13.200000000000001	1688.2137943247849
0.11750000000000001	13.3	1688.2785307793035
0.11750000000000001	13.4	1688.3401215942047
0.11750000000000001	13.5	1688.3986056679285
0.11750000000000001	13.600000000000001	1688.4540214825172
0.11750000000000001	13.700000000000001	1688.5064071079707
0.11750000000000001	13.8	1688.5558002070823
0.11750000000000001	13.9	1688.6022380393083
0.11750000000000001	14.	1688.6457574658261
0.11750000000000001	14.100000000000001	1688.686394953137
0.11750000000000001	14.200000000000001	1688.7241865778064
0.11750000000000001	14.3	1688.759168030618
0.11750000000000001	14.4	1688.7913746206502
0.11750000000000001	14.5	1688.8208412792276
0.11750000000000001	14.600000000000001	1688.847602564669
0.11750000000000001	14.700000000000001	1688.871692665323
0.11750000000000001	14.8	1688.893145404669
0.11750000000000001	14.9	1688.9119942444706
0.11750000000000001	15.	1688.928272288789
0.11750000000000001	15.100000000000001	1688.942012288442
0.11750000000000001	15.200000000000001	1688.9532466439816
0.11750000000000001	15.3	1688.9620074101729
0.11750000000000001	15.4	1688.9683262994222
0.11750000000000001	15.5	1688.9722346855488
0.11750000000000001	15.600000000000001	1688.9737636073407
0.11750000000000001	15.700000000000001	1688.9729437722447
0.11750000000000001	15.8	1688.9698055602234
0.11750000000000001	15.9	1688.9643790268528
0.11750000000000001	16.	1688.9566939069225
0.11750000000000001	16.1	1688.9467796183399
0.11750000000000001	16.2	1688.934665265005
0.11750000000000001	16.3	1688.9203796404583
0.11750000000000001	16.400000000000002	1688.9039512312413
0.11750000000000001	16.5	1688.8854082202104
0.11750000000000001	16.6	1688.864778489712
0.11750000000000001	16.7	1688.8420896250054
0.11750000000000001	16.8	1688.8173689173493
0.11750000000000001	16.900000000000002	1688.7906433671865
0.11750000000000001	17.	1688.7619396872976
0.11750000000000001	17.1	1688.7312843060095
0.11750000000000001	17.2	1688.6987033700025
0.11750000000000001	17.3	1688.66422274764
0.11750000000000001	17.400000000000002	1688.6278680318294
0.11750000000000001	17.5	1688.5896645430066
0.11750000000000001	17.6	1688.5496373321528
0.11750000000000001	17.7	1688.5078111836358
0.11750000000000001	17.8	1688.4642106179829
0.11750000000000001	17.900000000000002	1688.418859894812
0.11750000000000001	18.	1688.371783015779
0.11750000000000001	18.1	1688.3230037272158
0.11750000000000001	18.2	1688.2725455228517
0.11750000000000001	18.3	1688.220431646598
0.11750000000000001	18.400000000000002	1688.166685095341
0.11750000000000001	18.5	1688.1113286213015
0.11750000000000001	18.6	1688.0543847348977
0.11750000000000001	18.7	1687.995875707408
0.11750000000000001	18.8	1687.9358235733828
0.11750000000000001	18.900000000000002	1687.8742501332338
0.11750000000000001	19.	1687.8111769558316
0.11750000000000001	19.1	1687.7466253806717
0.11750000000000001	19.200000000000003	1687.6806165209491
0.11750000000000001	19.3	1687.613171265491
0.11750000000000001	19.400000000000002	1687.5443102811969
0.11750000000000001	19.5	1687.4740540156454
0.11750000000000001	19.6	1687.402422699377
0.11750000000000001	19.700000000000003	1687.3294363480043
0.11750000000000001	19.8	1687.2551147649028
0.11750000000000001	19.900000000000002	1687.1794775432738
0.11750000000000001	20.	1687.102544068106
0.11750000000000001	20.1	1687.0243335191128
0.11750000000000001	20.200000000000003	1686.9448648721573
0.11750000000000001	20.3	1686.864156902018
0.11750000000000001	20.400000000000002	1686.7822281843546
0.11750000000000001	20.5	1686.6990970976688
0.11750000000000001	20.6	1686.6147818255556
0.11750000000000001	20.700000000000003	1686.5293003588376
0.11750000000000001	20.8	1686.4426704975403
0.11750000000000001	20.900000000000002	1686.3549098530993
0.11750000000000001	21.	1686.2660358500082
0.11750000000000001	21.1	1686.176065728213
0.11750000000000001	21.200000000000003	1686.0850165447923
0.11750000000000001	21.3	1685.9929051761187
0.11750000000000001	21.400000000000002	1685.8997483196933
0.11750000000000001	21.5	1685.8055624960743
0.11750000000000001	21.6	1685.7103640505804
0.11750000000000001	21.700000000000003	1685.6141691555974
0.11750000000000001	21.8	1685.5169938118133
0.11750000000000001	21.900000000000002	1685.4188538506828
0.11750000000000001	22.	1685.3197649358358
0.11750000000000001	22.1	1685.2197425647553
0.11750000000000001	22.200000000000003	1685.1188020710642
0.11750000000000001	22.3	1685.0169586256886
0.11750000000000001	22.400000000000002	1684.9142272389013
0.11750000000000001	22.5	1684.810622762115
0.11750000000000001	22.6	1684.7061598891487
0.11750000000000001	22.700000000000003	1684.6008531584005
0.11750000000000001	22.8	1684.494716954179
0.11750000000000001	22.900000000000002	1684.3877655084032
0.11750000000000001	23.	1684.2800129023174
0.11750000000000001	23.1	1684.17147306796
0.11750000000000001	23.200000000000003	1684.0621597897948
0.11750000000000001	23.3	1683.9520867063136
0.11750000000000001	23.400000000000002	1683.841267311415
0.11750000000000001	23.5	1683.7297149562203
0.11750000000000001	23.6	1683.6174428503875
0.11750000000000001	23.700000000000003	1683.5044640635178
0.11750000000000001	23.8	1683.3907915269133
0.11750000000000001	23.900000000000002	1683.2764380348144
0.11750000000000001	24.	1683.1614162458534
0.11750000000000001	24.1	1683.0457386846833
0.11750000000000001	24.200000000000003	1682.9294177431022
0.11750000000000001	24.3	1682.8124656816549
0.11750000000000001	24.400000000000002	1682.69489463108
0.11750000000000001	24.5	1682.5767165934637
0.11750000000000001	24.6	1682.4579434436673
0.11750000000000001	24.700000000000003	1682.3385869306526
0.11750000000000001	24.8	1682.2186586790638
0.11750000000000001	24.900000000000002	1682.0981701900366
0.11750000000000001	25.	1681.9771328429395
0.11750000000000001	25.1	1681.8555578964642
0.11750000000000001	25.200000000000003	1681.7334564898933
0.11750000000000001	25.3	1681.610839644395
0.11750000000000001	25.400000000000002	1681.4877182641947
0.11750000000000001	25.5	1681.3641031379125
0.11750000000000001	25.6	1681.2400049397068
0.11750000000000001	25.700000000000003	1681.1154342304667
0.11750000000000001	25.8	1680.9904014588858
0.11750000000000001	25.900000000000002	1680.8649169629505
0.11750000000000001	26.	1680.7389909708663
0.11750000000000001	26.1	1680.6126336021057
0.11750000000000001	26.200000000000003	1680.4858548688912
0.11750000000000001	26.3	1680.3586646769065
0.11750000000000001	26.400000000000002	1680.2310728267428
0.11750000000000001	26.5	1680.1030890148973
0.11750000000000001	26.6	1679.9747228346218
0.11750000000000001	26.700000000000003	1679.845983777416
0.11750000000000001	26.8	1679.7168812337775
0.11750000000000001	26.900000000000002	1679.5874244944325
0.11750000000000001	27.	1679.4576227510756
0.11750000000000001	27.1	1679.327485097953
0.11750000000000001	27.200000000000003	1679.1970205321638
0.11750000000000001	27.3	1679.0662379554087
0.11750000000000001	27.400000000000002	1678.9351461744052
0.11750000000000001	27.5	1678.8037539020524
0.11750000000000001	27.6	1678.672069758703
0.11750000000000001	27.700000000000003	1678.5401022724818
0.11750000000000001	27.8	1678.4078598809274
0.11750000000000001	27.900000000000002	1678.2753509315721
0.11750000000000001	28.	1678.142583682763
0.11750000000000001	28.1	1678.0095663048648
0.11750000000000001	28.200000000000003	1677.8763068811681
0.11750000000000001	28.3	1677.742813408573
0.11750000000000001	28.400000000000002	1677.6090937984068
0.11750000000000001	28.5	1677.475155877931
0.11750000000000001	28.6	1677.341007390266
0.11750000000000001	28.700000000000003	1677.206655996158
0.11750000000000001	28.8	1677.0721092742206
0.11750000000000001	28.900000000000002	1676.937374722164
0.11750000000000001	29.	1676.8024597571894
0.11750000000000001	29.1	1676.6673717174262
0.11750000000000001	29.200000000000003	1676.5321178621518
0.11750000000000001	29.3	1676.3967053729818
0.11750000000000001	29.400000000000002	1676.2611413545014
0.11750000000000001	29.5	1676.125432835157
0.11750000000000001	29.6	1675.9895867680552
0.11750000000000001	29.700000000000003	1675.8536100315446
0.11750000000000001	29.8	1675.7175094300924
0.11750000000000001	29.900000000000002	1675.5812916951822
0.11750000000000001	30.	1675.4449634858254
0.11750000000000001	30.1	1675.308531389624
0.11750000000000001	30.200000000000003	1675.172001923034
0.11750000000000001	30.3	1675.035381532569
0.11750000000000001	30.400000000000002	1674.8986765952234
0.11750000000000001	30.5	1674.7618934193222
0.11750000000000001	30.6	1674.6250382450887
0.11750000000000001	30.700000000000003	1674.488117245479
0.11750000000000001	30.8	1674.3511365268043
0.11750000000000001	30.900000000000002	1674.21410212941
0.11750000000000001	31.	1674.0770200285058
0.11750000000000001	31.1	1673.9398961344777
0.11750000000000001	31.200000000000003	1673.8027362938424
0.11750000000000001	31.3	1673.6655462899041
0.11750000000000001	31.400000000000002	1673.52833184322
0.11750000000000001	31.5	1673.3910986123283
0.11750000000000001	31.6	1673.2538521944382
0.11750000000000001	31.700000000000003	1673.116598125971
0.11750000000000001	31.8	1672.9793418832855
0.11750000000000001	31.900000000000002	1672.8420888830824
0.11750000000000001	32.	1672.704844483142
0.11750000000000001	32.1	1672.5676139830239
0.11750000000000001	32.2	1672.43040262467
0.11750000000000001	32.300000000000004	1672.2932155925807
0.11750000000000001	32.4	1672.156058014872
0.11750000000000001	32.5	1672.0189349636441
0.11750000000000001	32.6	1671.8818514556283
0.11750000000000001	32.7	1671.7448124525904
0.11750000000000001	32.800000000000004	1671.6078228621034
0.11750000000000001	32.9	1671.470887537881
0.11750000000000001	33.	1671.3340112805513
0.11750000000000001	33.1	1671.197198837904
0.11750000000000001	33.2	1671.060454905768
0.11750000000000001	33.300000000000004	1670.9237841283284
0.11750000000000001	33.4	1670.7871910985814
0.11750000000000001	33.5	1670.6506803590078
0.11750000000000001	33.6	1670.5142564021075
0.11750000000000001	33.7	1670.3779236706807
0.11750000000000001	33.800000000000004	1670.2416865586567
0.11750000000000001	33.9	1670.1055494111433
0.11750000000000001	34.	1669.969516525471
0.11750000000000001	34.1	1669.8335921512287
0.11750000000000001	34.2	1669.6977804907822
0.11750000000000001	34.300000000000004	1669.5620857001254
0.11750000000000001	34.4	1669.42651188901
0.11750000000000001	34.5	1669.2910631213422
0.11750000000000001	34.6	1669.1557434158829
0.11750000000000001	34.7	1669.0205567467056
0.11750000000000001	34.800000000000004	1668.885507043452
0.11750000000000001	34.9	1668.7505981919319
0.11750000000000001	35.	1668.6158340342956
0.11750000000000001	35.1	1668.4812183700808
0.11750000000000001	35.2	1668.346754955882
0.11750000000000001	35.300000000000004	1668.2124475062753
0.11750000000000001	35.4	1668.0782996941919
0.11750000000000001	35.5	1667.9443151511307
0.11750000000000001	35.6	1667.8104974677688
0.11750000000000001	35.7	1667.6768501942681
0.11750000000000001	35.800000000000004	1667.5433768406735
0.11750000000000001	35.9	1667.410080877431
0.11750000000000001	36.	1667.2769657355998
0.11750000000000001	36.1	1667.144034807442
0.11750000000000001	36.2	1667.0112914466995
0.11750000000000001	36.300000000000004	1666.8787389689214
0.11750000000000001	36.4	1666.7463806519927
0.11750000000000001	36.5	1666.6142197365068
0.11750000000000001	36.6	1666.482259425869
0.11750000000000001	36.7	1666.3505028870823
0.11750000000000001	36.800000000000004	1666.2189532506752
0.11750000000000001	36.9	1666.0876136115794
0.11750000000000001	37.	1665.9564870289282
0.11750000000000001	37.1	1665.8255765267995
0.11750000000000001	37.2	1665.6948850944161
0.11750000000000001	37.300000000000004	1665.5644156865037
0.11750000000000001	37.4	1665.434171223724
0.11750000000000001	37.5	1665.3041545928263
0.11750000000000001	37.6	1665.174368647185
0.11750000000000001	37.7	1665.04481620701
0.11750000000000001	37.800000000000004	1664.915500059704
0.11750000000000001	37.9	1664.786422960202
0.11750000000000001	38.	1664.657587631326
0.11750000000000001	38.1	1664.5289967640747
0.11750000000000001	38.2	1664.4006530177758
0.11750000000000001	38.300000000000004	1664.2725590208486
0.11750000000000001	38.400000000000006	1664.1447173704098
0.11750000000000001	38.5	1664.017130633424
0.11750000000000001	38.6	1663.889801346253
0.11750000000000001	38.7	1663.7627320155102
0.11750000000000001	38.800000000000004	1663.6359251178062
0.11750000000000001	38.900000000000006	1663.5093831006945
0.11750000000000001	39.	1663.3831083825698
0.11750000000000001	39.1	1663.2571033527033
0.11750000000000001	39.2	1663.1313703722863
0.11750000000000001	39.300000000000004	1663.0059117739333
0.11750000000000001	39.400000000000006	1662.8807298625202
0.11750000000000001	39.5	1662.7558269149483
0.11750000000000001	39.6	1662.6312051809637
0.11750000000000001	39.7	1662.5068668831939
0.11750000000000001	39.800000000000004	1662.3828142171164
0.11750000000000001	39.900000000000006	1662.2590493518526
0.11750000000000001	40.	1662.1355744300065
0.12	0.	1628.48607633653
0.12	0.1	1629.435803438998
0.12	0.2	1630.370867703107
0.12	0.30000000000000004	1631.2914358878513
0.12	0.4	1632.1976729300088
0.12	0.5	1633.089741964325
0.12	0.6000000000000001	1633.9678043443982
0.12	0.7000000000000001	1634.8320196622049
0.12	0.8	1635.6825457679208
0.12	0.9	1636.519538789568
0.12	1.	1637.3431531518845
0.12	1.1	1638.1535415956348
0.12	1.2000000000000002	1638.9508551955334
0.12	1.3	1639.7352433796814
0.12	1.4000000000000001	1640.5068539465944
0.12	1.5	1641.265833084129
0.12	1.6	1642.0123253866777
0.12	1.7000000000000002	1642.7464738726392
0.12	1.8	1643.4684200016122
0.12	1.9000000000000001	1644.1783036917554
0.12	2.	1644.8762633361687
0.12	2.1	1645.5624358200787
0.12	2.2	1646.236956536688
0.12	2.3000000000000003	1646.899959403284
0.12	2.4000000000000004	1647.551576878438
0.12	2.5	1648.191939975915
0.12	2.6	1648.8211782823123
0.12	2.7	1649.4394199710164
0.12	2.8000000000000003	1650.0467918179788
0.12	2.9000000000000004	1650.643419217602
0.12	3.	1651.22942619587
0.12	3.1	1651.8049354270506
0.12	3.2	1652.3700682472643
0.12	3.3000000000000003	1652.9249446685635
0.12	3.4000000000000004	1653.4696833945331
0.12	3.5	1654.0044018328063
0.12	3.6	1654.5292161100613
0.12	3.7	1655.0442410856476
0.12	3.8000000000000003	1655.5495903650856
0.12	3.9000000000000004	1656.0453763132907
0.12	4.	1656.5317100688235
0.12	4.1000000000000005	1657.008701555871
0.12	4.2	1657.4764594982855
0.12	4.3	1657.9350914321244
0.12	4.4	1658.3847037184717
0.12	4.5	1658.825401555642
0.12	4.6000000000000005	1659.2572889928285
0.12	4.7	1659.6804689412
0.12	4.800000000000001	1660.0950431870467
0.12	4.9	1660.5011124034686
0.12	5.	1660.8987761623275
0.12	5.1000000000000005	1661.2881329464974
0.12	5.2	1661.6692801610682
0.12	5.300000000000001	1662.0423141452595
0.12	5.4	1662.4073301843887
0.12	5.5	1662.764422519791
0.12	5.6000000000000005	1663.1136843620254
0.12	5.7	1663.4552079002133
0.12	5.800000000000001	1663.7890843143025
0.12	5.9	1664.1154037853207
0.12	6.	1664.4342555064347
0.12	6.1000000000000005	1664.745727693147
0.12	6.2	1665.0499075949162
0.12	6.300000000000001	1665.3468815046344
0.12	6.4	1665.6367347690975
0.12	6.5	1665.919551799514
0.12	6.6000000000000005	1666.1954160819191
0.12	6.7	1666.4644101864383
0.12	6.800000000000001	1666.7266157776792
0.12	6.9	1666.9821136242742
0.12	7.	1667.2309836095453
0.12	7.1000000000000005	1667.473304739554
0.12	7.2	1667.7091551536244
0.12	7.300000000000001	1667.9386121337732
0.12	7.4	1668.1617521138212
0.12	7.5	1668.3786506884971
0.12	7.6000000000000005	1668.5893826227382
0.12	7.7	1668.7940218604347
0.12	7.800000000000001	1668.9926415338034
0.12	7.9	1669.1853139720029
0.12	8.	1669.3721107100664
0.12	8.1	1669.5531024970344
0.12	8.200000000000001	1669.7283593048098
0.12	8.3	1669.8979503373253
0.12	8.4	1670.0619440376588
0.12	8.5	1670.2204080974739
0.12	8.6	1670.3734094640204
0.12	8.700000000000001	1670.5210143499382
0.12	8.8	1670.6632882393765
0.12	8.9	1670.800295897858
0.12	9.	1670.9321013785116
0.12	9.1	1671.0587680308552
0.12	9.200000000000001	1671.1803585080427
0.12	9.3	1671.2969347748485
0.12	9.4	1671.4085581149457
0.12	9.5	1671.515289138365
0.12	9.600000000000001	1671.6171877890747
0.12	9.700000000000001	1671.7143133521076
0.12	9.8	1671.8067244608897
0.12	9.9	1671.894479104275
0.12	10.	1671.9776346338979
0.12	10.100000000000001	1672.0562477708277
0.12	10.200000000000001	1672.1303746128804
0.12	10.3	1672.2000706410215
0.12	10.4	1672.2653907262304
0.12	10.5	1672.3263891369181
0.12	10.600000000000001	1672.3831195444407
0.12	10.700000000000001	1672.4356350303012
0.12	10.8	1672.4839880931174
0.12	10.9	1672.5282306537304
0.12	11.	1672.5684140628573
0.12	11.100000000000001	1672.6045891065332
0.12	11.200000000000001	1672.6368060128527
0.12	11.3	1672.6651144579328
0.12	11.4	1672.6895635717592
0.12	11.5	1672.7102019445058
0.12	11.600000000000001	1672.7270776326002
0.12	11.700000000000001	1672.7402381642225
0.12	11.8	1672.7497305453974
0.12	11.9	1672.7556012657265
0.12	12.	1672.7578963040548
0.12	12.100000000000001	1672.7566611340048
0.12	12.200000000000001	1672.7519407298926
0.12	12.3	1672.7437795718172
0.12	12.4	1672.7322216512866
0.12	12.5	1672.7173104769452
0.12	12.600000000000001	1672.699089079356
0.12	12.700000000000001	1672.6776000164916
0.12	12.8	1672.6528853792317
0.12	12.9	1672.6249867960664
0.12	13.	1672.593945438687
0.12	13.100000000000001	1672.5598020265845
0.12	13.200000000000001	1672.5225968323052
0.12	13.3	1672.482369686447
0.12	13.4	1672.439159982306
0.12	13.5	1672.3930066809846
0.12	13.600000000000001	1672.343948315901
0.12	13.700000000000001	1672.2920229976748
0.12	13.8	1672.2372684188433
0.12	13.9	1672.179721858481
0.12	14.	1672.1194201865285
0.12	14.100000000000001	1672.0563998687467
0.12	14.200000000000001	1671.9906969706547
0.12	14.3	1671.9223471625187
0.12	14.4	1671.8513857233518
0.12	14.5	1671.7778475453385
0.12	14.600000000000001	1671.7017671381209
0.12	14.700000000000001	1671.6231786330018
0.12	14.8	1671.5421157871017
0.12	14.9	1671.458611987831
0.12	15.	1671.372700256342
0.12	15.100000000000001	1671.2844132520747
0.12	15.200000000000001	1671.1937832767467
0.12	15.3	1671.100842278074
0.12	15.4	1671.005621853621
0.12	15.5	1670.9081532551754
0.12	15.600000000000001	1670.8084673918738
0.12	15.700000000000001	1670.7065948347006
0.12	15.8	1670.6025658195742
0.12	15.9	1670.4964102516085
0.12	16.	1670.3881577082495
0.12	16.1	1670.2778374434042
0.12	16.2	1670.165478390577
0.12	16.3	1670.0511091666679
0.12	16.400000000000002	1669.934758075437
0.12	16.5	1669.8164531107325
0.12	16.6	1669.6962219604145
0.12	16.7	1669.5740920091496
0.12	16.8	1669.45009034223
0.12	16.900000000000002	1669.3242437484055
0.12	17.	1669.1965787236177
0.12	17.1	1669.0671214740871
0.12	17.2	1668.9358979193432
0.12	17.3	1668.8029336954257
0.12	17.400000000000002	1668.6682541583127
0.12	17.5	1668.5318843864354
0.12	17.6	1668.3938491844929
0.12	17.7	1668.2541730856854
0.12	17.8	1668.1128803552454
0.12	17.900000000000002	1667.969994993223
0.12	18.	1667.8255407373185
0.12	18.1	1667.6795410657974
0.12	18.2	1667.5320192005884
0.12	18.3	1667.3829981097958
0.12	18.400000000000002	1667.2325005104676
0.12	18.5	1667.0805488717526
0.12	18.6	1666.9271654171673
0.12	18.7	1666.7723721276077
0.12	18.8	1666.6161907437706
0.12	18.900000000000002	1666.4586427690533
0.12	19.	1666.2997494718518
0.12	19.1	1666.1395318885313
0.12	19.200000000000003	1665.9780108256666
0.12	19.3	1665.8152068625295
0.12	19.400000000000002	1665.6511403538905
0.12	19.5	1665.4858314321773
0.12	19.6	1665.3193000099961
0.12	19.700000000000003	1665.1515657826715
0.12	19.8	1664.9826482304095
0.12	19.900000000000002	1664.8125666209573
0.12	20.	1664.6413400115703
0.12	20.1	1664.4689872514489
0.12	20.200000000000003	1664.2955269841677
0.12	20.3	1664.1209776497583
0.12	20.400000000000002	1663.9453574871325
0.12	20.5	1663.7686845357757
0.12	20.6	1663.5909766386276
0.12	20.700000000000003	1663.412251443657
0.12	20.8	1663.2325264064139
0.12	20.900000000000002	1663.051818791663
0.12	21.	1662.870145675975
0.12	21.1	1662.6875239494848
0.12	21.200000000000003	1662.5039703177522
0.12	21.3	1662.3195013043446
0.12	21.400000000000002	1662.1341332521267
0.12	21.5	1661.9478823258385
0.12	21.6	1661.7607645136661
0.12	21.700000000000003	1661.5727956291596
0.12	21.8	1661.3839913134198
0.12	21.900000000000002	1661.1943670365958
0.12	22.	1661.0039381000752
0.12	22.1	1660.8127196380906
0.12	22.200000000000003	1660.6207266197703
0.12	22.3	1660.4279738505543
0.12	22.400000000000002	1660.2344759743487
0.12	22.5	1660.0402474750756
0.12	22.6	1659.845302678484
0.12	22.700000000000003	1659.6496557537748
0.12	22.8	1659.4533207153738
0.12	22.900000000000002	1659.2563114247184
0.12	23.	1659.058641591664
0.12	23.1	1658.8603247762637
0.12	23.200000000000003	1658.6613743902703
0.12	23.3	1658.4618036991264
0.12	23.400000000000002	1658.2616258229275
0.12	23.5	1658.0608537385906
0.12	23.6	1657.859500281009
0.12	23.700000000000003	1657.6575781446356
0.12	23.8	1657.4550998852562
0.12	23.900000000000002	1657.2520779211754
0.12	24.	1657.048524534831
0.12	24.1	1656.8444518742965
0.12	24.200000000000003	1656.6398719546664
0.12	24.3	1656.434796659389
0.12	24.400000000000002	1656.229237742062
0.12	24.5	1656.0232068273147
0.12	24.6	1655.81671541251
0.12	24.700000000000003	1655.6097748691113
0.12	24.8	1655.4023964439193
0.12	24.900000000000002	1655.194591260457
0.12	25.	1654.9863703202843
0.12	25.1	1654.7777445043603
0.12	25.200000000000003	1654.5687245742383
0.12	25.3	1654.3593211734797
0.12	25.400000000000002	1654.149544828817
0.12	25.5	1653.9394059513231
0.12	25.6	1653.7289148378352
0.12	25.700000000000003	1653.5180816721465
0.12	25.8	1653.3069165261124
0.12	25.900000000000002	1653.0954293608258
0.12	26.	1652.8836300279359
0.12	26.1	1652.6715282708349
0.12	26.200000000000003	1652.459133725625
0.12	26.3	1652.24645592238
0.12	26.400000000000002	1652.0335042863162
0.12	26.5	1651.8202881387842
0.12	26.6	1651.6068166984371
0.12	26.700000000000003	1651.3930990825702
0.12	26.8	1651.17914430758
0.12	26.900000000000002	1650.9649612908547
0.12	27.	1650.750558851052
0.12	27.1	1650.5359457096595
0.12	27.200000000000003	1650.3211304917477
0.12	27.3	1650.1061217273723
0.12	27.400000000000002	1649.8909278520036
0.12	27.5	1649.6755572080415
0.12	27.6	1649.4600180454447
0.12	27.700000000000003	1649.2443185231052
0.12	27.8	1649.0284667093995
0.12	27.900000000000002	1648.8124705833934
0.12	28.	1648.5963380356993
0.12	28.1	1648.380076869462
0.12	28.200000000000003	1648.1636948012751
0.12	28.3	1647.9471994619291
0.12	28.400000000000002	1647.7305983978308
0.12	28.5	1647.5138990710086
0.12	28.6	1647.2971088610473
0.12	28.700000000000003	1647.0802350651145
0.12	28.8	1646.8632848992245
0.12	28.900000000000002	1646.646265499141
0.12	29.	1646.429183920859
0.12	29.1	1646.2120471419914
0.12	29.200000000000003	1645.9948620620203
0.12	29.3	1645.7776355036153
0.12	29.400000000000002	1645.5603742130738
0.12	29.5	1645.3430848613261
0.12	29.6	1645.1257740447095
0.12	29.700000000000003	1644.9084482857206
0.12	29.8	1644.6911140335797
0.12	29.900000000000002	1644.4737776655024
0.12	30.	1644.256445486998
0.12	30.1	1644.0391237327462
0.12	30.200000000000003	1643.8218185674853
0.12	30.3	1643.604536086585
0.12	30.400000000000002	1643.387282316915
0.12	30.5	1643.1700632172212
0.12	30.6	1642.9528846793155
0.12	30.700000000000003	1642.735752528489
0.12	30.8	1642.518672524245
0.12	30.900000000000002	1642.3016503610875
0.12	31.	1642.0846916690195
0.12	31.1	1641.867802014392
0.12	31.200000000000003	1641.6509869004785
0.12	31.3	1641.4342517680327
0.12	31.400000000000002	1641.217601996228
0.12	31.5	1641.0010429031374
0.12	31.6	1640.784579746162
0.12	31.700000000000003	1640.5682177231145
0.12	31.8	1640.3519619725157
0.12	31.900000000000002	1640.1358175739954
0.12	32.	1639.9197895496475
0.12	32.1	1639.7038828638997
0.12	32.2	1639.4881024245947
0.12	32.300000000000004	1639.2724530830917
0.12	32.4	1639.056939635262
0.12	32.5	1638.841566822095
0.12	32.6	1638.6263393299323
0.12	32.7	1638.4112617911253
0.12	32.800000000000004	1638.1963387850258
0.12	32.9	1637.9815748378153
0.12	33.	1637.7669744237419
0.12	33.1	1637.5525419650596
0.12	33.2	1637.3382818330833
0.12	33.300000000000004	1637.1241983484947
0.12	33.4	1636.91029578165
0.12	33.5	1636.6965783535045
0.12	33.6	1636.4830502359014
0.12	33.7	1636.2697155519597
0.12	33.800000000000004	1636.0565783770023
0.12	33.9	1635.8436427385598
0.12	34.	1635.6309126170909
0.12	34.1	1635.418391946546
0.12	34.2	1635.2060846147294
0.12	34.300000000000004	1634.9939944637672
0.12	34.4	1634.7821252906617
0.12	34.5	1634.570480847583
0.12	34.6	1634.359064842745
0.12	34.7	1634.1478809402272
0.12	34.800000000000004	1633.936932760966
0.12	34.9	1633.726223882947
0.12	35.	1633.5157578417795
0.12	35.1	1633.3055381309862
0.12	35.2	1633.0955682024824
0.12	35.300000000000004	1632.8858514671604
0.12	35.4	1632.6763912949452
0.12	35.5	1632.4671910156808
0.12	35.6	1632.2582539191774
0.12	35.7	1632.0495832558474
0.12	35.800000000000004	1631.8411822369403
0.12	35.9	1631.6330540350211
0.12	36.	1631.4252017844133
0.12	36.1	1631.2176285815615
0.12	36.2	1631.0103374853181
0.12	36.300000000000004	1630.8033315175785
0.12	36.4	1630.5966136630948
0.12	36.5	1630.390186870832
0.12	36.6	1630.1840540533576
0.12	36.7	1629.9782180876846
0.12	36.800000000000004	1629.7726818157194
0.12	36.9	1629.56744804416
0.12	37.	1629.3625195455734
0.12	37.1	1629.1578990579574
0.12	37.2	1628.953589285658
0.12	37.300000000000004	1628.749592899559
0.12	37.4	1628.545912537275
0.12	37.5	1628.3425508036453
0.12	37.6	1628.1395102711022
0.12	37.7	1627.9367934798038
0.12	37.800000000000004	1627.7344029382225
0.12	37.9	1627.5323411231545
0.12	38.	1627.330610480437
0.12	38.1	1627.1292134249145
0.12	38.2	1626.9281523409668
0.12	38.300000000000004	1626.7274295825584
0.12	38.400000000000006	1626.5270474740405
0.12	38.5	1626.327008309891
0.12	38.6	1626.127314355377
0.12	38.7	1625.9279678466662
0.12	38.800000000000004	1625.72897099144
0.12	38.900000000000006	1625.5303259686332
0.12	39.	1625.3320349290934
0.12	39.1	1625.1340999961242
0.12	39.2	1624.9365232650912
0.12	39.300000000000004	1624.7393068042552
0.12	39.400000000000006	1624.542452654906
0.12	39.5	1624.3459628313503
0.12	39.6	1624.1498393217282
0.12	39.7	1623.9540840877623
0.12	39.800000000000004	1623.7586990653758
0.12	39.900000000000006	1623.5636861647504
0.12	40.	1623.3690472706148